#        weight    minuslogpost     theta_s_100         omega_b       omega_cdm        tau_reio            logA             n_s     shmr_log_Mc          shmr_N       shmr_beta        A_planck         Omega_m    Omega_Lambda          sigma8         Omega_b       Omega_cdm              S8             age         rs_drag              H0             A_s          z_reio       chi2__BAO       chi2__CMB        chi2__H0        chi2__SN   minuslogprior minuslogprior__0            chi2 chi2__jwst_likelihood_uvlf.UVLFLikelihood chi2__H0.riess2020 chi2__sn.pantheonplus chi2__bao.desi_dr2 chi2__planck_2018_lowl.TT_clik chi2__planck_2018_lowl.EE_clik chi2__planck_2018_highl_plik.TTTEEE_lite chi2__planck_2018_lensing.native
              1       1282.7284       1.0418639     0.022463158      0.11877306     0.057737654       3.0667679      0.96612047            11.5          0.0297            1.35       1.0038618      0.30789162       0.6920298      0.81578554     0.048746835      0.25774696      0.82644567       13.781313       147.31929       67.883182   2.1472389e-09       7.9845123       18.383535       1070.6548       16.726952       1404.6522      -19.614707       -19.614707       2604.6863                                 94.268729          16.726952             1404.6522          18.383535                      24.231287                      396.83698                                639.36919                        10.217361
              7       1276.4421       1.0418202     0.022457574      0.11841959        0.059495       3.0686346      0.96355233            11.5          0.0297            1.35       1.0038865      0.30614878      0.69377289      0.81451711     0.048581797      0.25617354      0.82282192       13.781598       147.41971       67.989936    2.151251e-09       8.1536713       16.319009        1061.798        16.06199        1404.923      -19.603861       -19.603861       2592.0919                                 92.989844           16.06199              1404.923          16.319009                      24.870309                      397.43839                                629.81796                        9.6713959
              3       1262.6198       1.0418559     0.022503915      0.11767874     0.055362572       3.0557264      0.96647951            11.5          0.0297            1.35       1.0040638      0.30179855      0.69812385      0.80745347     0.048226964      0.25219117      0.80987026       13.772122       147.56565       68.309967   2.1236607e-09       7.7198944        12.45947       1038.1812       14.149363       1405.6884       -19.44687        -19.44687       2564.1333                                 93.654861          14.149363             1405.6884           12.45947                       23.70498                       396.1953                                609.91466                        8.3662795
              6       1263.5919       1.0418842     0.022449632      0.11771119     0.054719848       3.0520484      0.96386903            11.5          0.0297            1.35       1.0029126      0.30220147      0.69772081      0.80553529     0.048182337      0.25263666      0.80848549       13.777234        147.6173        68.25912   2.1158642e-09       7.6679535       12.596374       1038.9623       14.445145       1405.6121      -20.139634       -20.139634       2567.4631                                 95.847151          14.445145             1405.6121          12.596374                      24.264305                      396.11244                                610.25951                         8.326058
              3       1260.3991       1.0418842     0.022449632      0.11771119     0.054719848       3.0520484      0.96386903        11.46894     0.031115812       1.3417132       1.0034122      0.30220147      0.69772081      0.80553529     0.048182337      0.25263666      0.80848549       13.777234        147.6173        68.25912   2.1158642e-09       7.6679535       12.596374       1033.3673       14.445145       1405.6121      -19.850566       -19.850566       2560.4993                                 94.478287          14.445145             1405.6121          12.596374                      24.180941                      396.10606                                604.73031                        8.3500157
             20       1258.9032       1.0418842     0.022449632      0.11771119     0.054719848       3.0520484      0.96386903       11.405795     0.029031614       1.3044948       1.0038683      0.30220147      0.69772081      0.80553529     0.048182337      0.25263666      0.80848549       13.777234        147.6173        68.25912   2.1158642e-09       7.6679535       12.596374       1029.0002       14.445145       1405.6121      -19.489675       -19.489675       2556.7858                                 95.131922          14.445145             1405.6121          12.596374                      24.105592                      396.09124                                600.41905                        8.3843458
              4       1254.6079        1.041962     0.022508166      0.11794481     0.050971195       3.0401207       0.9650408       11.405795     0.029031614       1.3044948       1.0037188      0.30287882      0.69704344      0.80173517     0.048315991      0.25318013      0.80557275       13.769754       147.48944        68.25345   2.0907768e-09       7.2762909         13.1548       1016.5949       14.478319       1405.4864      -19.525284       -19.525284       2548.2664                                 98.551953          14.478319             1405.4864            13.1548                       23.36891                      395.67541                                588.15844                        9.3921681
              2       1252.8378       1.0419241     0.022627892      0.11752707      0.05082046       3.0346037      0.96874226       11.405795     0.029031614       1.3044948        1.001337      0.30007664      0.69984619      0.79868372     0.048225463      0.25047837      0.79878573       13.756128       147.46813       68.498938   2.0792737e-09       7.2299652       11.594369        1018.699       13.076911       1406.0271      -20.297959       -20.297959       2546.2714                                 96.874039          13.076911             1406.0271          11.594369                       22.65945                      395.67383                                590.16676                        10.198935
              5       1250.6222       1.0419241     0.022627892      0.11752707      0.05082046       3.0346037      0.96874226       11.412309     0.026443436       1.2789229       1.0013002      0.30007664      0.69984619      0.79868372     0.048225463      0.25047837      0.79878573       13.756128       147.46813       68.498938   2.0792737e-09       7.2299652       11.594369       1018.7507       13.076911       1406.0271      -20.178272       -20.178272       2541.6009                                 92.151717          13.076911             1406.0271          11.594369                      22.664447                      395.67383                                590.23041                        10.182047
             11       1252.7224       1.0419442      0.02259266      0.11778038     0.052286693       3.0360172      0.96841888       11.412309     0.026443436       1.2789229       1.0022447      0.30156544      0.69835712      0.80018907     0.048314437      0.25187352       0.8022741       13.760488       147.43967       68.382539   2.0822148e-09       7.3914032       12.403646       1020.6046       13.732506       1405.7331      -19.977405       -19.977405       2545.3996                                 92.925767          13.732506             1405.7331          12.403646                      22.500139                      395.72444                                591.65311                        10.726859
              2       1250.0235       1.0419442      0.02259266      0.11778038     0.052286693       3.0360172      0.96841888       11.497929     0.031734086         1.28778       1.0011054      0.30156544      0.69835712      0.80018907     0.048314437      0.25187352       0.8022741       13.760488       147.43967       68.382539   2.0822148e-09       7.3914032       12.403646       1017.0241       13.732506       1405.7331      -20.464084       -20.464084       2540.9751                                   92.0818          13.732506             1405.7331          12.403646                      22.652359                      395.71341                                588.48067                         10.17761
              1       1250.0408       1.0419475     0.022583651      0.11791857     0.051616789       3.0347913      0.96803477       11.497929     0.031734086         1.28778       1.0013311      0.30234359      0.69757884      0.80009841     0.048375476      0.25258834      0.80321751       13.761998       147.41272       68.325756   2.0796636e-09        7.326828       12.935777       1017.3912       14.058138       1405.5855      -20.435765       -20.435765       2540.9531                                 90.982527          14.058138             1405.5855          12.935777                      22.663437                      395.69043                                588.73917                        10.298134
              1       1249.3195        1.041983     0.022556379      0.11789184     0.051891582       3.0348399      0.96801497       11.497929     0.031734086         1.28778       1.0006323      0.30225375      0.69766867      0.80016317     0.048321188      0.25255267      0.80316316       13.763729       147.45013       68.322836   2.0797647e-09       7.3605194       12.770102       1016.3736       14.074985       1405.6024      -20.589351       -20.589351       2539.8177                                  90.99665          14.074985             1405.6024          12.770102                       22.73474                      395.69768                                587.83177                        10.109381
              9       1249.9142       1.0420544     0.022596449      0.11769728     0.049440713       3.0299913      0.96756038       11.497929     0.031734086         1.28778       1.0005413      0.30077565      0.69914707      0.79731604     0.048223106      0.25117789       0.7983461       13.756409       147.45743       68.453003   2.0697052e-09       7.0966034       11.822098       1019.0092       13.333714       1405.8872       -20.53162        -20.53162       2540.8917                                 90.839395          13.333714             1405.8872          11.822098                      22.810355                      395.67807                                589.82362                         10.69721
             14       1250.9748       1.0420544     0.022596449      0.11769728     0.049440713       3.0299913      0.96756038       11.592707     0.036353112       1.1111519      0.99979629      0.30077565      0.69914707      0.79731604     0.048223106      0.25117789       0.7983461       13.756409       147.45743       68.453003   2.0697052e-09       7.0966034       11.822098       1019.9177       13.333714       1405.8872       -19.57617        -19.57617       2541.1019                                 90.141207          13.333714             1405.8872          11.822098                       22.91416                      395.68267                                590.99302                        10.327825
              2       1251.6162       1.0420544     0.022596449      0.11769728     0.049440713       3.0299913      0.96756038       11.664482     0.037697821       1.1057807       1.0003532      0.30077565      0.69914707      0.79731604     0.048223106      0.25117789       0.7983461       13.756409       147.45743       68.453003   2.0697052e-09       7.0966034       11.822098        1019.058       13.333714       1405.8872      -19.086423       -19.086423       2541.4052                                 91.304231          13.333714             1405.8872          11.822098                      22.836412                      395.67656                                589.94402                           10.601
              4       1252.0087       1.0420485     0.022607355      0.11773581     0.049381554       3.0300492       0.9676173       11.664482     0.037697821       1.1057807       1.0006122      0.30093477      0.69898794      0.79743931      0.04825498      0.25130489       0.7986807       13.755602       147.43504       68.446904    2.069825e-09       7.0888824        11.93976       1018.9611          13.368       1405.8558      -19.046354       -19.046354       2542.1102                                 91.985507             13.368             1405.8558           11.93976                      22.797577                      395.69442                                589.80212                        10.666981
             19       1251.4625       1.0420485     0.022607355      0.11773581     0.049381554       3.0300492       0.9676173       11.639806     0.039528392       1.0971315       1.0002094      0.30093477      0.69898794      0.79743931      0.04825498      0.25130489       0.7986807       13.755602       147.43504       68.446904    2.069825e-09       7.0888824        11.93976       1019.1462          13.368       1405.8558      -18.748702       -18.748702       2540.4223                                 90.112545             13.368             1405.8558           11.93976                      22.853362                      395.69442                                590.13339                        10.465017
              2       1251.3708       1.0420485     0.022607355      0.11773581     0.049381554       3.0300492       0.9676173       11.662241     0.039490231       1.1309473       1.0003791      0.30093477      0.69898794      0.79743931      0.04825498      0.25130489       0.7986807       13.755602       147.43504       68.446904    2.069825e-09       7.0888824        11.93976       1019.0011          13.368       1405.8558      -18.782907       -18.782907       2540.3075                                 90.142782             13.368             1405.8558           11.93976                      22.829806                      395.69442                                 589.9279                        10.548999
              4       1253.7684       1.0421647     0.022556751      0.11689981     0.049137078       3.0349077      0.96853359       11.662241     0.039490231       1.1309473       1.0046199      0.29646452      0.70345885      0.79705852     0.047731928      0.24736955      0.79234796       13.753549       147.71515       68.743839   2.0799059e-09       7.0615082       10.334261       1021.7664       11.749921       1406.8042      -17.172734       -17.172734       2541.8822                                 91.227391          11.749921             1406.8042          10.334261                      22.527057                      395.72286                                592.10478                        11.411737
              1        1253.801       1.0421546     0.022562557       0.1168834     0.049180907       3.0351337      0.96849436       11.662241     0.039490231       1.1309473       1.0046816      0.29637494      0.70354845      0.79704592       0.0477334       0.2472788      0.79221572       13.753151       147.71309       68.751626   2.0803759e-09       7.0650177       10.331695       1021.8105       11.708894       1406.8246      -17.117896       -17.117896       2541.8378                                 91.162126          11.708894             1406.8246          10.331695                      22.539244                      395.72022                                592.16083                        11.390192
              5       1253.9158       1.0422422     0.022595391      0.11668898     0.051262654       3.0375615      0.96667276       11.662241     0.039490231       1.1309473       1.0030538       0.2949174      0.70500628      0.79670888     0.047622704       0.2459371      0.78993113       13.746097       147.72896       68.881548   2.0854327e-09       7.2699738       10.363642       1025.4672       11.034925       1407.1649       -18.07034        -18.07034       2543.9722                                 89.941529          11.034925             1407.1649          10.363642                      23.120328                      395.68591                                595.75875                        10.902223
              1       1253.7809       1.0422422     0.022595391      0.11668898     0.051262654       3.0375615      0.96667276       11.664417     0.039014672       1.1464222       1.0030538       0.2949174      0.70500628      0.79670888     0.047622704       0.2459371      0.78993113       13.746097       147.72896       68.881548   2.0854327e-09       7.2699738       10.363642       1025.4672       11.034925       1407.1649      -18.217348       -18.217348       2543.9964                                 89.965709          11.034925             1407.1649          10.363642                      23.120328                      395.68591                                595.75875                        10.902223
              1       1252.6509       1.0422508     0.022585459      0.11708882     0.051974038       3.0401791      0.96569545       11.664417     0.039014672       1.1464222       1.0031475      0.29704655      0.70287679      0.79890985     0.047812205      0.24787075      0.79496756       13.748837       147.63271         68.7298   2.0908987e-09       7.3506927        10.38754       1023.4481       11.824078       1406.6729      -18.188302       -18.188302       2541.6783                                 89.345763          11.824078             1406.6729           10.38754                       23.37039                      395.71287                                594.22604                        10.138766
              2       1254.2135       1.0422508     0.022585459      0.11708882     0.051974038       3.0401791      0.96569545       11.772074      0.03853347       1.0886945       1.0026585      0.29704655      0.70287679      0.79890985     0.047812205      0.24787075      0.79496756       13.748837       147.63271         68.7298   2.0908987e-09       7.3506927        10.38754       1024.6073       11.824078       1406.6729      -17.732883       -17.732883       2543.8928                                 90.401045          11.824078             1406.6729           10.38754                       23.44439                      395.73453                                595.51021                        9.9182004
              8       1251.1593        1.042113     0.022463671      0.11735762     0.051897477       3.0393514      0.96731667       11.772074      0.03853347       1.0886945       1.0035161      0.29956151      0.70036126      0.80040441     0.047906816      0.25028099      0.79981924       13.767231       147.69616       68.476525   2.0891689e-09       7.3724518       10.995704       1018.5371       13.201901       1406.1324      -17.464516       -17.464516       2537.2476                                 88.380583          13.201901             1406.1324          10.995704                      22.832261                       395.7132                                589.75833                        10.233272
              5       1251.3997       1.0420844     0.022486927      0.11735262     0.051682093       3.0420752      0.96763738       11.772074      0.03853347       1.0886945       1.0048629      0.29948637      0.70043644      0.80145387      0.04793815      0.25017503      0.80076748       13.765575       147.67158       68.489567   2.0948672e-09       7.3457794       11.010906       1017.5365       13.129102       1406.1479      -16.540443       -16.540443       2535.8803                                 88.055993          13.129102             1406.1479          11.010906                      22.800099                      395.70315                                 589.1452                        9.8880009
              6       1253.1101       1.0420844     0.022486927      0.11735262     0.051682093       3.0420752      0.96763738       11.635633     0.035336644       1.3229404       1.0042369      0.29948637      0.70043644      0.80145387      0.04793815      0.25017503      0.80076748       13.765575       147.67158       68.489567   2.0948672e-09       7.3457794       11.010906       1018.5914       13.129102       1406.1479      -18.738583       -18.738583       2543.6974                                 94.818184          13.129102             1406.1479          11.010906                      22.887082                      395.69228                                590.37449                        9.6375156
              3       1253.9188       1.0423488     0.022385295      0.11776963     0.059175938       3.0588805      0.97023903       11.635633     0.035336644       1.3229404       1.0051603       0.3015057      0.69841676      0.81113648     0.047935648       0.2521907      0.81316947       13.770534       147.67378       68.336403   2.1303695e-09       8.1291046       11.637954       1017.5022       13.996792       1405.7446      -18.108309       -18.108309       2544.0542                                 95.172674          13.996792             1405.7446          11.637954                      22.543073                      397.08286                                589.09603                        8.7802053
              4       1253.9589       1.0423308     0.022365125      0.11797939     0.056378267       3.0528491      0.97079338       11.635633     0.035336644       1.3229404       1.0052811      0.30279514      0.69712708       0.8096637     0.048032599      0.25337916      0.81342683       13.774209       147.63986       68.236637    2.117559e-09       7.8588715       12.404805        1016.169       14.576904       1405.5017      -18.011132       -18.011132       2543.9401                                 95.287635          14.576904             1405.5017          12.404805                      22.276617                      396.33571                                588.47808                        9.0786384
              5       1254.2572       1.0423187     0.022341663      0.11820072     0.057135059       3.0546296      0.97032881       11.635633     0.035336644       1.3229404       1.0044204      0.30415303      0.69576896      0.81109373      0.04812984      0.25463555       0.8166886       13.778109       147.60689       68.131906   2.1213326e-09       7.9438019       13.377834       1017.7977       15.198563       1405.2582      -18.679722       -18.679722       2545.8738                                 94.241476          15.198563             1405.2582          13.377834                      22.478523                      396.56313                                589.93938                        8.8166817
              4       1254.5583       1.0423187     0.022341663      0.11820072     0.057135059       3.0546296      0.97032881        11.58256     0.035856999       1.3625961       1.0048342      0.30415303      0.69576896      0.81109373      0.04812984      0.25463555       0.8166886       13.778109       147.60689       68.131906   2.1213326e-09       7.9438019       13.377834       1016.5751       15.198563       1405.2582      -18.449693       -18.449693       2546.0159                                 95.606201          15.198563             1405.2582          13.377834                      22.424499                      396.55787                                588.71875                        8.8739814
              1       1254.2707       1.0423187     0.022341663      0.11820072     0.057135059       3.0546296      0.97032881       11.482482      0.02421314       1.3056954       1.0051884      0.30415303      0.69576896      0.81109373      0.04812984      0.25463555       0.8166886       13.778109       147.60689       68.131906   2.1213326e-09       7.9438019       13.377834       1015.9865       15.198563       1405.2582      -18.326059       -18.326059       2545.1936                                  95.37242          15.198563             1405.2582          13.377834                      22.378674                      396.55218                                588.12499                        8.9306694
              3       1250.4677       1.0425157     0.022578092      0.11794767     0.060353658       3.0539382       0.9754677       11.482482      0.02421314       1.3056954       1.0017551      0.30084583        0.699077      0.81071933     0.048115959      0.25135716      0.81186142       13.745814       147.41189       68.501337   2.1198665e-09       8.2028046       11.473421       1021.1648        13.06357       1405.8734      -20.043462       -20.043462       2541.0223                                 89.447138           13.06357             1405.8734          11.473421                      21.674463                      397.22829                                593.02089                         9.241114
              1       1250.5807       1.0425241     0.022562577      0.11806814     0.061899013       3.0564737      0.97502125       11.482482      0.02421314       1.3056954       1.0014923       0.3015492      0.69837351      0.81210035     0.048159505      0.25201479      0.81419449       13.747779        147.3971        68.44683   2.1252481e-09       8.3586273       11.823204       1020.8983       13.368416       1405.7363      -20.136709       -20.136709       2541.4347                                 89.608479          13.368416             1405.7363          11.823204                      21.768248                      397.80965                                592.21297                        9.1074622
              2        1250.441       1.0425186     0.022584523      0.11793767     0.063030398       3.0591995      0.97514704       11.482482      0.02421314       1.3056954       1.0019094      0.30074729      0.69917556      0.81269374     0.048115114      0.25125988      0.81370531       13.744996       147.40767       68.511693   2.1310491e-09       8.4604034       11.430293       1020.8847       13.006048       1405.8929      -19.987355       -19.987355       2540.8568                                 89.642899          13.006048             1405.8929          11.430293                      21.779526                      398.20258                                 591.8592                        9.0433652
              9        1250.256       1.0424903     0.022600637      0.11793902     0.061910402       3.0572301      0.97511758       11.482482      0.02421314       1.3056954       1.0017036      0.30074487      0.69917799       0.8117978     0.048143101      0.25122966      0.81280499       13.744122       147.38934       68.516207   2.1268564e-09       8.3488007       11.473815       1020.6842       12.981018       1405.8933      -20.018291       -20.018291       2540.5486                                 89.516294          12.981018             1405.8933          11.473815                      21.793334                      397.76394                                592.08226                        9.0446203
              4        1250.439       1.0424903     0.022600637      0.11793902     0.061910402       3.0572301      0.97511758       11.485367     0.027858363       1.3152447       1.0017036      0.30074487      0.69917799       0.8117978     0.048143101      0.25122966      0.81280499       13.744122       147.38934       68.516207   2.1268564e-09       8.3488007       11.473815       1020.6842       12.981018       1405.8933      -20.341176       -20.341176       2541.5604                                 90.528105          12.981018             1405.8933          11.473815                      21.793334                      397.76394                                592.08226                        9.0446203
              2       1252.4118       1.0426865     0.022446727      0.11810599     0.052747808       3.0416758      0.97330418       11.485367     0.027858363       1.3152447       1.0029395      0.30193954      0.69798302      0.80634383     0.048000748      0.25256135      0.80894619       13.755489       147.51481       68.383686   2.0940306e-09       7.4763336       11.729798       1022.9168       13.725963       1405.6617      -20.077392       -20.077392       2544.9785                                  90.94419          13.725963             1405.6617          11.729798                      21.819354                      395.79142                                595.42772                        9.8783405
              1       1253.1489       1.0426583     0.022414869      0.11867099     0.052009867       3.0418518      0.97071846       11.485367     0.027858363       1.3152447         1.00263      0.30522607      0.69469594       0.8076648     0.048272085      0.25556679      0.81466929       13.762331       147.39953       68.142815   2.0943992e-09       7.4159698        14.09638       1021.1118       15.133209       1405.0747      -20.234055       -20.234055        2546.766                                 91.349828          15.133209             1405.0747           14.09638                      22.297875                      395.74092                                593.75164                        9.3213968
              4       1253.9853       1.0424985     0.022540315      0.11753589     0.044337618       3.0223432      0.97339434       11.485367     0.027858363       1.3152447       1.0027968      0.29893528       0.7009878      0.79610998      0.04788288      0.24968405      0.79469599       13.748419       147.56251       68.610385   2.0539363e-09       6.5666656       10.677286       1025.4961       12.464242       1406.2629      -20.044736       -20.044736       2548.0601                                 93.159515          12.464242             1406.2629          10.677286                      21.570937                      396.42329                                594.77993                        12.721954
              2       1251.2065       1.0423359     0.022707573        0.116921     0.055948604       3.0421766      0.97663437       11.485367     0.027858363       1.3152447       1.0007172      0.29523336      0.70469043      0.80203596     0.047792854      0.24608478      0.79563875       13.732484       147.54237       68.929301   2.0950795e-09        7.722702       10.333952       1024.3764       10.792231         1407.09      -20.294663       -20.294663       2543.0023                                  90.40969          10.792231               1407.09          10.333952                      21.470386                       396.0603                                596.28405                        10.561698
              1       1251.4158       1.0423172     0.022698185      0.11697315     0.056004757       3.0416074      0.97587978       11.485367     0.027858363       1.3152447      0.99990414      0.29561276      0.70431095      0.80178205     0.047819911       0.2464358      0.79589778       13.734292       147.53881       68.895552   2.0938873e-09       7.7311249       10.323344       1024.6682       10.963474       1407.0008      -20.359278       -20.359278       2543.5501                                   90.5943          10.963474             1407.0008          10.323344                      21.628416                      396.07694                                596.62651                        10.336358
              5        1253.475       1.0423233     0.022758811      0.11668553     0.056648659       3.0466988      0.97417825       11.485367     0.027858363       1.3152447       1.0011813      0.29375581      0.70616826      0.80202841     0.047723648      0.24468145      0.79363781       13.726263       147.54873       69.057042   2.1045753e-09       7.7767487       10.508895        1027.576       10.156273        1407.447      -20.080759       -20.080759       2547.1114                                 91.423356          10.156273              1407.447          10.508895                      22.044659                      396.18942                                599.57664                         9.765256
              1       1253.1238         1.04245     0.022700245      0.11734823     0.054621176       3.0464018      0.97112911       11.485367     0.027858363       1.3152447       1.0019422       0.2971802      0.70274332      0.80366969     0.047948953      0.24787066      0.79988378       13.731918       147.43602       68.805905   2.1039505e-09        7.598465       10.418033       1026.5516       11.424896       1406.6431      -20.053003       -20.053003       2546.3536                                 91.315898          11.424896             1406.6431          10.418033                      22.595935                      395.92115                                598.85433                        9.1802172
              1       1255.7536       1.0425457     0.022705574      0.11719116     0.053136391       3.0400995      0.97090519       11.485367     0.027858363       1.3152447       1.0001618      0.29604948      0.70387424      0.80058186     0.047829313      0.24686329       0.7952932        13.72776         147.472       68.899992   2.0907324e-09       7.4461517       10.310555       1030.9735       10.940871       1406.8994      -20.338927       -20.338927       2552.1851                                 93.060758          10.940871             1406.8994          10.310555                      22.637521                      395.76582                                602.88289                        9.6872933
              3       1253.3932       1.0428206     0.022672898      0.11669099     0.065835971         3.06331      0.97603568       11.485367     0.027858363       1.3152447       1.0020254      0.29283506       0.7070892      0.81010667     0.047421705       0.2440661      0.80037427       13.720664       147.64349       69.145661   2.1398268e-09        8.683609       11.017684       1027.3984       9.7264272       1407.6773      -20.093815       -20.093815        2546.974                                 91.154268          9.7264272             1407.6773          11.017684                      21.796667                      399.20356                                596.95433                        9.4438292
              1       1254.8112       1.0428206     0.022672898      0.11669099     0.065835971         3.06331      0.97603568       11.686932     0.029158208       1.1914549       1.0011036      0.29283506       0.7070892      0.81010667     0.047421705       0.2440661      0.80037427       13.720664       147.64349       69.145661   2.1398268e-09        8.683609       11.017684       1029.7165       9.7264272       1407.6773      -19.750127       -19.750127       2549.1226                                  90.98473          9.7264272             1407.6773          11.017684                       21.90446                      399.24354                                 599.4112                        9.1572685
              3       1252.7101       1.0427547     0.022622378      0.11702775     0.065420493       3.0666624       0.9751683       11.686932     0.029158208       1.1914549       1.0028565      0.29505792      0.70486593      0.81256107     0.047577938      0.24612527      0.80584037       13.729626       147.60924       68.955088   2.1470124e-09       8.6632538       10.401009       1026.7007       10.662293       1407.1315      -19.304614       -19.304614       2544.0294                                 89.133852          10.662293             1407.1315          10.401009                      22.025694                      399.13356                                596.72728                        8.8141329
              2       1256.4969        1.042669     0.022530514      0.11586296     0.069491417       3.0711167      0.97951924       11.686932     0.029158208       1.1914549       1.0030122      0.28975753      0.71016701      0.81184193       0.0469541      0.24146103       0.7978628        13.73622       148.02575       69.270575   2.1565973e-09       9.0457916       12.995934       1032.5125       9.1363218       1408.4908      -19.383453       -19.383453       2551.7606                                 88.625045          9.1363218             1408.4908          12.995934                      21.327328                      400.81801                                601.04717                        9.3199869
              3       1255.7943        1.042669     0.022530514      0.11586296     0.069491417       3.0711167      0.97951924       11.603041     0.029940082       1.2848245       1.0039585      0.28975753      0.71016701      0.81184193       0.0469541      0.24146103       0.7978628        13.73622       148.02575       69.270575   2.1565973e-09       9.0457916       12.995934       1029.8885       9.1363218       1408.4908      -19.317157       -19.317157       2550.2228                                 89.711257          9.1363218             1408.4908          12.995934                      21.231928                      400.79972                                598.21199                        9.6448641
             15        1255.793        1.042669     0.022530514      0.11586296     0.069491417       3.0711167      0.97951924       11.566172     0.031318767        1.191819       1.0051574      0.28975753      0.71016701      0.81184193       0.0469541      0.24146103       0.7978628        13.73622       148.02575       69.270575   2.1565973e-09       9.0457916       12.995934       1030.9171       9.1363218       1408.4908      -18.336828       -18.336828       2548.2596                                 86.719368          9.1363218             1408.4908          12.995934                       21.11509                        400.795                                598.87877                        10.128269
              1       1258.0989        1.042669     0.022530514      0.11586296     0.069491417       3.0711167      0.97951924        11.53419     0.031208183       1.3409617       1.0052127      0.28975753      0.71016701      0.81184193       0.0469541      0.24146103       0.7978628        13.73622       148.02575       69.270575   2.1565973e-09       9.0457916       12.995934         1031.07       9.1363218       1408.4908      -18.519605       -18.519605       2553.2371                                 91.544017          9.1363218             1408.4908          12.995934                      21.109804                      400.78395                                599.02371                        10.152502
              1       1257.7563        1.042669     0.022530514      0.11586296     0.069491417       3.0711167      0.97951924       11.529516     0.029134839       1.3362471       1.0028392      0.28975753      0.71016701      0.81184193       0.0469541      0.24146103       0.7978628        13.73622       148.02575       69.270575   2.1565973e-09       9.0457916       12.995934       1033.3253       9.1363218       1408.4908      -20.074576       -20.074576       2555.6618                                 91.713406          9.1363218             1408.4908          12.995934                      21.345077                      400.82563                                601.88862                        9.2660166
              5       1255.3448       1.0423641     0.022631221      0.11611888     0.066761525       3.0599112      0.97833899       11.529516     0.029134839       1.3362471       0.9990384      0.29139863      0.70852567      0.80717261     0.047309754      0.24274234      0.79551715       13.735845       147.84394       69.163769   2.1325663e-09       8.7699432        11.49286       1030.4902       9.6397416       1408.0485      -20.475655       -20.475655       2551.6409                                 91.969554          9.6397416             1408.0485           11.49286                      21.518506                       399.5713                                599.91163                         9.488785
              1       1257.3053         1.04227     0.022665854      0.11607675     0.068554955       3.0616845       0.9759652       11.529516     0.029134839       1.3362471      0.99753332      0.29125821      0.70866613      0.80676617     0.047361863      0.24255038      0.79492497       13.734746       147.81687       69.178581   2.1363513e-09       8.9271698       11.466896       1031.9408       9.5691168       1408.0856      -19.987347       -19.987347       2554.5853                                 93.522868          9.5691168             1408.0856          11.466896                        22.0433                      400.49345                                600.29516                         9.108874
              8       1253.3504        1.042225     0.022583798      0.11647922      0.06608044        3.058154      0.97439469       11.529516     0.029134839       1.3362471      0.99847176      0.29393418      0.70598963      0.80661645     0.047514749      0.24506422      0.79842016       13.746816       147.79964       68.942063   2.1288223e-09       8.7236176       10.528372       1025.3018       10.727827       1407.4029      -20.451991       -20.451991       2547.6047                                 93.643742          10.727827             1407.4029          10.528372                       22.13349                      399.44661                                594.50786                        9.2138713
              3       1252.0016       1.0418637     0.022667222      0.11773816     0.062171716       3.0531673      0.97232834       11.529516     0.029134839       1.3362471      0.99847888      0.30114862      0.69877407      0.80775042      0.04839579      0.25137756      0.80929527       13.754721       147.36914       68.437693   2.1182328e-09       8.3530121       12.350875       1020.6763       13.419863       1405.8139      -20.285837       -20.285837       2544.5749                                  92.31397          13.419863             1405.8139          12.350875                      22.413487                      397.94785                                 591.5675                         8.747459
              5       1251.0667        1.041823     0.022629245      0.11770792     0.061493959        3.053583      0.97379616       11.529516     0.029134839       1.3362471      0.99982423      0.30132772      0.69859488      0.80838861     0.048366833      0.25158414      0.81017549       13.759848       147.41925       68.400804   2.1191137e-09       8.2961578       12.431146       1019.8972       13.628568       1405.7791      -20.551202       -20.551202       2543.2358                                 91.499909          13.628568             1405.7791          12.431146                      22.058704                      397.64379                                591.35347                        8.8411999
              2       1250.5443       1.0418416     0.022628718      0.11795901     0.060021517       3.0509747      0.97280246       11.529516     0.029134839       1.3362471       1.0009155      0.30261259      0.69730982      0.80792155     0.048485764      0.25274666      0.81143187       13.760526       147.35271       68.316067   2.1135937e-09       8.1578827        13.36567       1017.2926       14.114084       1405.5355      -20.487698       -20.487698       2542.0639                                 91.756134          14.114084             1405.5355           13.36567                      22.045805                      397.18051                                 588.9522                        9.1140676
              3       1250.4821       1.0418416     0.022628718      0.11795901     0.060021517       3.0509747      0.97280246       11.495652     0.028842849       1.3167258       1.0002203      0.30261259      0.69730982      0.80792155     0.048485764      0.25274666      0.81143187       13.760526       147.35271       68.316067   2.1135937e-09       8.1578827        13.36567       1017.5564       14.114084       1405.5355      -20.549814       -20.549814       2542.0638                                 91.492106          14.114084             1405.5355           13.36567                      22.130601                      397.19514                                589.27835                        8.9523513
              1       1250.2282       1.0419183     0.022478048      0.11816859      0.05439099        3.041999      0.97270092       11.495652     0.028842849       1.3167258       1.0015395      0.30438362      0.69553837      0.80568684     0.048424603      0.25457135      0.81155186       13.775323       147.46345       68.131235   2.0947074e-09       7.6356659       14.422624       1015.6736        15.20259       1405.2181      -20.587943       -20.587943       2541.6322                                 91.115309           15.20259             1405.2181          14.422624                      21.910939                      395.94021                                588.38828                        9.4341481
              5        1252.232       1.0417123     0.022473116      0.11820771     0.052732859       3.0458758      0.96863227       11.495652     0.028842849       1.3167258       1.0038596      0.30524159      0.69468019      0.80597219     0.048538698      0.25531166      0.81298267       13.782178       147.45835       68.043647   2.1028441e-09       7.4686127       15.550923       1016.3371        15.73253       1405.0721      -19.590343       -19.590343       2543.6447                                 90.952015           15.73253             1405.0721          15.550923                      22.750231                      395.79589                                589.02528                        8.7657144
              1       1251.4083       1.0418184     0.022432285      0.11835344     0.053737255        3.047949      0.96679037       11.495652     0.028842849       1.3167258       1.0044894      0.30594684      0.69397482      0.80700646     0.048526433      0.25602699      0.81496578       13.784053       147.46492       67.990396   2.1072081e-09       7.5823212       16.016895       1013.1091       16.059153       1404.9557      -19.200333       -19.200333       2541.2172                                 91.076365          16.059153             1404.9557          16.016895                      23.046877                      395.94938                                585.34215                        8.7707056
              4       1251.3588       1.0418919     0.022453339       0.1184167     0.052752826       3.0463114      0.96738991       11.495652     0.028842849       1.3167258        1.004169      0.30594165      0.69398006      0.80672572     0.048542215      0.25600687      0.81467535       13.779897       147.42459       68.011237   2.1037603e-09       7.4784393       15.970094       1013.6452       15.930924       1404.9566      -19.407942       -19.407942       2541.5335                                 91.030736          15.930924             1404.9566          15.970094                      22.963031                      395.81639                                586.08424                        8.7814911
              1       1251.4339       1.0419201      0.02241995      0.11821248     0.052920924       3.0474442       0.9678904       11.495652     0.028842849       1.3167258       1.0049097       0.3049539      0.69496793      0.80679871     0.048394802      0.25516869      0.81343277       13.781682       147.51619       68.064077   2.1061448e-09       7.4994965       14.799409        1014.116       15.608107       1405.1205      -18.891145       -18.891145         2540.65                                 91.005995          15.608107             1405.1205          14.799409                      22.838115                       395.8172                                586.63058                        8.8301007
              2        1251.199       1.0418636     0.022495472      0.11759572     0.061348356       3.0621235      0.97204147       11.495652     0.028842849       1.3167258       1.0053678      0.30138192      0.69854053      0.81150644     0.048173606      0.25182891      0.81337336       13.772404        147.5978       68.334964   2.1372895e-09       8.3115997       12.157472       1014.6084       14.005072       1405.7685      -18.455045       -18.455045        2539.308                                 92.768562          14.005072             1405.7685          12.157472                      22.198273                      397.69248                                586.01132                        8.7063164
              2       1251.7941       1.0418636     0.022495472      0.11759572     0.061348356       3.0621235      0.97204147       11.501148      0.02957411       1.3455852       1.0060607      0.30138192      0.69854053      0.81150644     0.048173606      0.25182891      0.81337336       13.772404        147.5978       68.334964   2.1372895e-09       8.3115997       12.157472       1014.7076       14.005072       1405.7685      -17.838306       -17.838306       2539.2648                                 92.626138          14.005072             1405.7685          12.157472                      22.112548                      397.67431                                586.10079                        8.8199261
              4       1251.6396       1.0417506     0.022472181      0.11760061     0.060204933       3.0599538       0.9721878       11.501148      0.02957411       1.3455852       1.0053439      0.30187749      0.69804482      0.81068645     0.048209166      0.25228647      0.81321925       13.778286       147.62229       68.274386   2.1326572e-09       8.2056122       12.546271       1015.2477       14.356017       1405.6734      -18.515118       -18.515118       2540.3094                                 92.486051          14.356017             1405.6734          12.546271                      22.132075                      397.30318                                587.07656                        8.7358784
              2       1252.8299       1.0418029     0.022505409      0.11771163     0.073611875       3.0757739      0.96922817       11.501148      0.02957411       1.3455852       1.0007162       0.3021228      0.69779953      0.81649073     0.048270201      0.25247104      0.81937438       13.773697       147.55694       68.281633   2.1666644e-09       9.4676361       12.731215       1020.3736       14.313806       1405.6269      -20.724952       -20.724952       2547.1098                                 94.064248          14.313806             1405.6269          12.731215                      23.078476                      403.96645                                584.86078                        8.4678585
              1       1252.4508       1.0418746     0.022566204      0.11779597     0.073102191       3.0753982      0.96923351       11.501148      0.02957411       1.3455852      0.99908673      0.30200802      0.69791442      0.81644415     0.048332408        0.252296      0.81917198        13.76546       147.46681       68.329783   2.1658505e-09       9.4065704       12.710513       1019.7706       14.034921       1405.6487      -20.616745       -20.616745       2546.1351                                  93.97035          14.034921             1405.6487          12.710513                      23.363958                      403.68928                                584.19383                         8.523566
              1       1252.3643       1.0416772     0.022650934      0.11762069     0.067162432        3.060361      0.96816134       11.501148      0.02957411       1.3455852       0.9977919      0.30117037      0.69875224      0.80886046     0.048410411      0.25138329      0.81043669       13.761462       147.41902       68.402767   2.1335258e-09       8.8296051       12.509781       1020.4512       13.617425       1405.8097      -20.133382       -20.133382       2544.9954                                 92.607348          13.617425             1405.8097          12.509781                      23.346598                      400.34936                                588.26719                        8.4880445
              1       1251.9193       1.0416772     0.022650934      0.11762069     0.067162432        3.060361      0.96816134       11.510072      0.03153903       1.3224285      0.99819395      0.30117037      0.69875224      0.80886046     0.048410411      0.25138329      0.81043669       13.761462       147.41902       68.402767   2.1335258e-09       8.8296051       12.509781       1020.1567       13.617425       1405.8097      -20.215926       -20.215926       2544.2704                                 92.176856          13.617425             1405.8097          12.509781                       23.28602                      400.34139                                587.98589                        8.5433626
              3       1250.8834       1.0416772     0.022650934      0.11762069     0.067162432        3.060361      0.96816134       11.760566     0.027943628       1.0514995       0.9987333      0.30117037      0.69875224      0.80886046     0.048410411      0.25138329      0.81043669       13.761462       147.41902       68.402767   2.1335258e-09       8.8296051       12.509781       1020.6248       13.617425       1405.8097      -18.851189       -18.851189       2539.4692                                 86.907495          13.617425             1405.8097          12.509781                      23.205336                      400.33051                                588.45691                        8.6320417
              1       1250.7861       1.0416903     0.022622347      0.11778281     0.066110109       3.0550379       0.9706312       11.760566     0.027943628       1.0514995      0.99633701       0.3021604      0.69776202      0.80816791     0.048462329      0.25231818      0.81107263       13.764892       147.40734       68.322962   2.1221989e-09       8.7404633       13.157545       1019.1466       14.074259       1405.6199      -17.966008       -17.966008       2537.5042                                  85.50581          14.074259             1405.6199          13.157545                        22.7322                      399.73798                                587.94307                        8.7333987
              4       1250.9767       1.0417092     0.022591785      0.11779962     0.062559463       3.0471328      0.97126947       11.760566     0.027943628       1.0514995      0.99716911      0.30237119      0.69755117      0.80538007     0.048435343      0.25255486      0.80855666       13.767676       147.43641       68.295813    2.105489e-09       8.4091644       13.230304       1019.0667       14.231388       1405.5803       -18.45568        -18.45568       2538.8647                                 86.755894          14.231388             1405.5803          13.230304                        22.3112                       398.1578                                589.11707                        9.4806579
              3       1250.1834       1.0416151     0.022548867      0.11727085     0.065159213       3.0521992      0.97354271       11.760566     0.027943628       1.0514995      0.99762371      0.30007988      0.69984275      0.80637127     0.048172261      0.25053152      0.80647862       13.772555       147.62577       68.416972   2.1161832e-09       8.6590424       11.696877       1020.9883         13.5369       1406.0264      -18.714125       -18.714125        2537.795                                 85.546516            13.5369             1406.0264          11.696877                       21.95864                      399.13076                                590.46594                        9.4329677
              5       1249.9027       1.0416151     0.022548867      0.11727085     0.065159213       3.0521992      0.97354271       11.651324     0.030000316       1.1308638      0.99870055      0.30007988      0.69984275      0.80637127     0.048172261      0.25053152      0.80647862       13.772555       147.62577       68.416972   2.1161832e-09       8.6590424       11.696877       1024.0129         13.5369       1406.0264      -19.932526       -19.932526       2539.6705                                 84.397392            13.5369             1406.0264          11.696877                      21.830796                      399.13046                                593.22599                         9.825672
              8       1248.8002        1.041556     0.022561366      0.11714865      0.06136934       3.0468649      0.97439273       11.651324     0.030000316       1.1308638       0.9990087      0.29953331      0.70038941      0.80395571     0.048148776      0.25000987      0.80333014       13.772397       147.64428       68.452619    2.104925e-09       8.2898407       11.480079       1022.0597       13.335872       1406.1382      -19.970272       -19.970272        2537.541                                 84.527221          13.335872             1406.1382          11.480079                       21.69068                      397.56873                                592.83441                        9.9658689
              4        1251.485        1.041556     0.022561366      0.11714865      0.06136934       3.0468649      0.97439273       11.746224     0.030606719       1.0488594       1.0002533      0.29953331      0.70038941      0.80395571     0.048148776      0.25000987      0.80333014       13.772397       147.64428       68.452619    2.104925e-09       8.2898407       11.480079        1026.151       13.335872       1406.1382      -19.247931       -19.247931       2541.4659                                 84.360777          13.335872             1406.1382          11.480079                      21.552913                      397.55384                                596.51621                         10.52802
              4       1248.9867        1.041658     0.022548811      0.11743389     0.057456039       3.0400234      0.97307496       11.746224     0.030606719       1.0488594      0.99814037      0.30082127      0.69910127      0.80194426     0.048235186      0.25120818      0.80304119       13.772063       147.58144       68.372246   2.0905733e-09       7.9143219       12.096682       1019.8447        13.79125       1405.8781      -18.995215       -18.995215       2535.9638                                  84.35305           13.79125             1405.8781          12.096682                      21.932787                      396.46165                                591.54877                         9.901497
              3       1248.7034       1.0420164     0.022469457      0.11849536     0.055962678       3.0408813      0.97109723       11.746224     0.030606719       1.0488594      0.99970613      0.30589473      0.69402704      0.80598554     0.048537103      0.25596621      0.81386547       13.774824       147.38603       68.039226   2.0923676e-09       7.8013153       15.781829       1014.8315       15.759523       1404.9642      -19.357206       -19.357206       2536.1211                                 84.783998          15.759523             1404.9642          15.781829                      22.156283                      396.25307                                586.88456                        9.5376254
              3       1248.7687       1.0422354     0.022457016      0.11687762      0.06136494       3.0458092      0.97591235       11.746224     0.030606719       1.0488594      0.99916136      0.29670315       0.7032201      0.80407943     0.047600556      0.24773726        0.799649       13.761979       147.83338       68.686283   2.1027039e-09       8.3108978       10.310407       1022.8514       12.055411         1406.75       -19.31814        -19.31814       2536.1736                                 84.206422          12.055411               1406.75          10.310407                      21.421926                      397.52806                                592.93676                        10.964648
              5        1249.797       1.0422206     0.022422279      0.11704198      0.06116406       3.0434657      0.97628823       11.746224     0.030606719       1.0488594      0.99833082       0.2978095      0.70211353      0.80396457     0.047660013      0.24878033      0.80102405       13.766924       147.82795       68.590315    2.097782e-09        8.302475       10.421643        1024.106       12.573486       1406.5042      -19.174259       -19.174259       2537.9426                                 84.337227          12.573486             1406.5042          10.421643                      21.320993                       397.4761                                594.14124                        11.167693
              1       1248.9475       1.0421617     0.022444712      0.11737384     0.056321925       3.0409746      0.97661856       11.746224     0.030606719       1.0488594       1.0006251       0.2996124      0.70031036       0.8040835     0.047875449      0.25036299      0.80356389       13.767881       147.71333       68.470041   2.0925628e-09       7.8251801       10.964233       1021.6087       13.238173       1406.1219      -19.352208       -19.352208       2536.5994                                 84.666407          13.238173             1406.1219          10.964233                      21.267675                      396.21253                                593.55757                        10.570976
              2       1248.5759       1.0421959     0.022434772      0.11714177     0.057331186       3.0441208      0.97628046       11.746224     0.030606719       1.0488594       1.0013754      0.29833889      0.70158406      0.80450419     0.047733083      0.24923532      0.80227382       13.766809       147.78682       68.556887   2.0991567e-09       7.9241486       10.544865        1021.431       12.756508       1406.3896       -19.23864        -19.23864       2535.6291                                 84.507162          12.756508             1406.3896          10.544865                      21.339076                      396.42064                                 593.1948                        10.476492
              1       1249.4373       1.0422125      0.02247321      0.11720814     0.057173219       3.0442049      0.97531124       11.746224     0.030606719       1.0488594      0.99998409      0.29842339       0.7014996      0.80432561     0.047792683      0.24926086      0.80220931       13.762531        147.7261       68.572795   2.0993332e-09       7.9009857       10.589898       1023.6673       12.669246       1406.3715      -19.360768       -19.360768       2537.5962                                 84.298273          12.669246             1406.3715          10.589898                      21.654965                      396.38498                                595.83677                        9.7905373
             10       1248.0613       1.0421568     0.022439319      0.11738074     0.056125738       3.0424036      0.97404376       11.746224     0.030606719       1.0488594       1.0004488      0.29969412      0.70022862      0.80390756     0.047876486      0.25044331      0.80349763       13.768634       147.71748       68.461074   2.0955552e-09       7.8069305       10.992171       1020.2497       13.288413       1406.1051      -19.370984       -19.370984       2534.8646                                 84.229256          13.288413             1406.1051          10.992171                      21.765099                      396.19823                                592.36527                        9.9210817
              7       1248.8516       1.0421568     0.022439319      0.11738074     0.056125738       3.0424036      0.97404376       11.807733     0.025734637       1.0745302       1.0015467      0.29969412      0.70022862      0.80390756     0.047876486      0.25044331      0.80349763       13.768634       147.71748       68.461074   2.0955552e-09       7.8069305       10.992171       1018.5766       13.288413       1406.1051      -18.702926       -18.702926        2535.109                                  86.14675          13.288413             1406.1051          10.992171                      21.641892                      396.20998                                590.33511                        10.389632
              2       1249.3918       1.0421568     0.022439319      0.11738074     0.056125738       3.0424036      0.97404376       11.637931     0.024872807       1.1367078       1.0015467      0.29969412      0.70022862      0.80390756     0.047876486      0.25044331      0.80349763       13.768634       147.71748       68.461074   2.0955552e-09       7.8069305       10.992171       1018.5766       13.288413       1406.1051      -19.783957       -19.783957       2538.3515                                 89.389168          13.288413             1406.1051          10.992171                      21.641892                      396.20998                                590.33511                        10.389632
              1       1249.3393        1.042191      0.02247685      0.11685194     0.058170489       3.0493708      0.97567131       11.637931     0.024872807       1.1367078       1.0034812      0.29658546      0.70333781      0.80522719     0.047625689      0.24759493      0.80063161        13.76106       147.81785       68.698474   2.1102063e-09       7.9929352       10.314401       1019.9341       11.990376       1406.7767      -18.976193       -18.976193        2536.631                                 87.615439          11.990376             1406.7767          10.314401                      21.455156                      396.59474                                591.60744                        10.276761
              2       1250.2437       1.0421202     0.022512946      0.11699334     0.056624174       3.0524853      0.97612378       11.637931     0.024872807       1.1367078       1.0064216      0.29733361      0.70258957        0.806909     0.047761935      0.24820512       0.8033151       13.760003       147.73944       68.655479   2.1167888e-09       7.8336029       10.421837       1018.4684       12.220514       1406.6089      -16.608516       -16.608516       2533.7045                                 85.984822          12.220514             1406.6089          10.421837                       21.36239                       396.2837                                590.96143                        9.8608998
              9       1250.2336       1.0421209     0.022513433      0.11698747     0.056587929       3.0524002      0.97614981       11.637931     0.024872807       1.1367078       1.0063779      0.29729781      0.70262537      0.80686059     0.047759053      0.24817232      0.80321856       13.759901       147.74047       68.658294   2.1166087e-09       7.8300934       10.416326       1018.5239       12.205379       1406.6168      -16.652718       -16.652718       2533.7725                                 86.010085          12.205379             1406.6168          10.416326                      21.362027                      396.25961                                591.04517                        9.8571151
              1       1251.3093       1.0420711     0.022462786      0.11705757     0.053741036        3.046796      0.97637317       11.637931     0.024872807       1.1367078       1.0058319      0.29809977      0.70182322      0.80508901     0.047773521      0.24895631       0.8025352       13.767131       147.77787       68.570636   2.1047799e-09       7.5563507       10.554807       1020.7199       12.681069       1406.4411      -17.237127       -17.237127       2537.0928                                  86.69586          12.681069             1406.4411          10.554807                      21.306266                      395.83197                                593.58746                        9.9942432
              3       1251.4731       1.0421413      0.02247953       0.1175568     0.050070936       3.0392368      0.97575512       11.637931     0.024872807       1.1367078       1.0050069      0.30044512      0.69947755      0.80359686     0.048008548      0.25106092       0.8041928       13.765645       147.62497       68.428076   2.0889295e-09       7.1836395       11.389343       1020.7594       13.474116       1405.9529      -17.937645       -17.937645       2538.8214                                 87.245647          13.474116             1405.9529          11.389343                       21.35576                      395.71907                                593.49582                        10.188727
              4       1252.3603       1.0421539     0.022443387      0.11806546     0.050219876       3.0444329      0.97511384       11.637931     0.024872807       1.1367078       1.0067585      0.30332824      0.69659395      0.80741334     0.048229326      0.25371471      0.81187976       13.771521       147.52914       68.216369    2.099812e-09       7.2145233       13.145584       1019.5522       14.696197       1405.4047      -16.318464       -16.318464       2537.3575                                 84.558868          14.696197             1405.4047          13.145584                      21.469236                      395.72468                                592.93646                        9.4218321
              2       1250.9005       1.0421924     0.022479812      0.11786121     0.052997709       3.0499454      0.97474548       11.637931     0.024872807       1.1367078       1.0070361      0.30191192      0.69801053      0.80870165     0.048139274      0.25239327      0.81127451       13.765528       147.54345       68.335531   2.1114191e-09       7.4896698       12.176019       1017.4162       14.001811       1405.6669      -15.982402       -15.982402       2533.7659                                 84.504934          14.001811             1405.6669          12.176019                      21.585323                      395.82055                                590.75991                        9.2504398
              2        1250.683       1.0421924     0.022479812      0.11786121     0.052997709       3.0499454      0.97474548       11.677749      0.02448202       1.1075315       1.0065781      0.30191192      0.69801053      0.80870165     0.048139274      0.25239327      0.81127451       13.765528       147.54345       68.335531   2.1114191e-09       7.4896698       12.176019       1018.8885       14.001811       1405.6669      -16.179318       -16.179318       2533.7246                                 82.991392          14.001811             1405.6669          12.176019                       21.63479                      395.80173                                592.31221                        9.1397951
              2       1252.6754       1.0422407     0.022385189      0.11801427     0.054135661       3.0534818      0.97421725       11.677749      0.02448202       1.1075315       1.0072017      0.30313409      0.69678808      0.81093684     0.048110754      0.25363895      0.81516175       13.774917       147.60797       68.211766   2.1188991e-09       7.6286469       12.773457       1019.0749       14.723358       1405.4398      -15.548846       -15.548846       2536.4484                                 84.436929          14.723358             1405.4398          12.773457                      21.706855                      395.88901                                592.48627                         8.992741
              2       1252.6106       1.0422285      0.02238435      0.11788298     0.054680905        3.053895      0.97468659       11.677749      0.02448202       1.1075315       1.0070697      0.30247303      0.69744924      0.81078637     0.048049052      0.25304131      0.81412134       13.774752       147.64408       68.254271   2.1197749e-09       7.6819916       12.321245       1019.8053       14.473512       1405.5613      -15.699746       -15.699746       2536.6207                                 84.459289          14.473512             1405.5613          12.321245                      21.632792                      395.99781                                593.15063                        9.0240606
              5       1253.6554       1.0422285      0.02238435      0.11788298     0.054680905        3.053895      0.97468659       11.653628     0.023144761        1.070435       1.0061934      0.30247303      0.69744924      0.81078637     0.048049052      0.25304131      0.81412134       13.774752       147.64408       68.254271   2.1197749e-09       7.6819916       12.321245       1024.7122       14.473512       1405.5613      -16.399925       -16.399925       2540.1106                                  83.04239          14.473512             1405.5613          12.321245                      21.729612                      395.98751                                598.10941                         8.885625
              4       1253.4062       1.0422626     0.022387366       0.1179337     0.055141599       3.0553685       0.9757084       11.653628     0.023144761        1.070435       1.0072029      0.30262532      0.69729694      0.81189513     0.048061391      0.25318109      0.81543986       13.773653       147.62718       68.250107   2.1229007e-09       7.7290192       12.398042       1021.7789       14.497896       1405.5331       -15.31721        -15.31721       2537.4469                                 83.239011          14.497896             1405.5331          12.398042                      21.500886                      396.04525                                595.23996                         8.992798
              1       1252.0291       1.0423831     0.022535429      0.11699191     0.072053263       3.0769376      0.97969905       11.653628     0.023144761        1.070435       1.0029194      0.29643418      0.70348923       0.8180806     0.047657853      0.24741412      0.81320419       13.749768       147.71625        68.76472   2.1691872e-09       9.3026886       10.301456       1026.4755       11.640062       1406.8111      -18.665472       -18.665472       2541.3892                                 86.161057          11.640062             1406.8111          10.301456                      21.274594                      402.29319                                594.13427                        8.7734766
             20       1251.5612       1.0423831     0.022535429      0.11699191     0.072053263       3.0769376      0.97969905       11.648917     0.023414717       1.0842426       1.0032949      0.29643418      0.70348923       0.8180806     0.047657853      0.24741412      0.81320419       13.749768       147.71625        68.76472   2.1691872e-09       9.3026886       10.301456       1025.9764       11.640062       1406.8111      -18.593362       -18.593362        2540.309                                 85.579979          11.640062             1406.8111          10.301456                      21.236874                      402.28537                                593.63764                        8.8165447
              3       1249.3505       1.0420254     0.022683802      0.11653305     0.077299772       3.0799736      0.97325168       11.648917     0.023414717       1.0842426       1.0003065       0.2942344      0.70568942      0.81468854     0.047721347      0.24515794      0.80682194       13.742362       147.67496        68.94481   2.1757828e-09       9.7287445       10.413934       1025.2449       10.713988       1407.3296      -19.172967       -19.172967        2537.047                                 83.344581          10.713988             1407.3296          10.413934                       22.48547                      405.72705                                588.47082                        8.5615551
              3       1250.0993       1.0420416      0.02269612      0.11627803      0.07725218       3.0786225      0.97399555       11.648917     0.023414717       1.0842426       1.0000204      0.29278963      0.70713443      0.81340825     0.047595404      0.24384342      0.80357384       13.739316       147.72985       69.054709   2.1728451e-09       9.7154083       10.718214       1026.2127       10.167713       1407.6887      -19.149862       -19.149862       2538.4983                                 83.710928          10.167713             1407.6887          10.718214                       22.33616                      405.55827                                589.57973                        8.7385776
              3       1249.8465       1.0422043     0.022621769      0.11652382     0.076621918       3.0765751      0.97255269       11.648917     0.023414717       1.0842426      0.99948623      0.29401589      0.70590795      0.81347577     0.047579747      0.24508135      0.80532169       13.743603        147.7464       68.952849   2.1684009e-09       9.6852264       10.491526       1025.8424       10.673543       1407.3829      -19.296568       -19.296568       2538.2861                                 83.895752          10.673543             1407.3829          10.491526                      22.562255                      405.37607                                589.12449                        8.7795784
              1        1248.804       1.0421161     0.022539895      0.11666779     0.074945404       3.0734736      0.97159889       11.648917     0.023414717       1.0842426      0.99918362      0.29548056      0.70444293      0.81271154     0.047622553      0.24649707      0.80656663       13.755663        147.7987       68.797017   2.1616861e-09       9.5588837       10.321545       1023.3486       11.471157       1407.0316      -19.402417       -19.402417       2536.4128                                 84.239887          11.471157             1407.0316          10.321545                      22.690041                      404.45936                                587.46195                        8.7372308
             14       1248.9298       1.0421633     0.022540986      0.11697416     0.064954884       3.0560103      0.97190014       11.648917     0.023414717       1.0842426       1.0005252      0.29694855      0.70297473      0.80687036     0.047756473      0.24782738      0.80275633       13.755632       147.71412        68.70215   2.1242636e-09       8.6365814       10.371657        1020.794       11.970803       1406.6948      -19.432149       -19.432149       2536.7238                                 86.892573          11.970803             1406.6948          10.371657                      22.216382                      399.06157                                589.68931                        9.8267539
              1          1248.1       1.0421525     0.022534121      0.11697531     0.065142297        3.056153      0.97180917       11.648917     0.023414717       1.0842426      0.99899191      0.29702466       0.7028986      0.80692331     0.047756114      0.24790344      0.80291189        13.75669       147.72148       68.691946   2.1245668e-09       8.6562347       10.379966        1018.995       12.025177       1406.6777      -19.382324       -19.382324       2534.9647                                  86.88687          12.025177             1406.6777          10.379966                      22.419689                      399.16938                                588.11505                         9.290844
              1       1246.1088       1.0421525     0.022534121      0.11697531     0.065142297        3.056153      0.97180917       11.651955     0.027293484       1.0860118      0.99971457      0.29702466       0.7028986      0.80692331     0.047756114      0.24790344      0.80291189        13.75669       147.72148       68.691946   2.1245668e-09       8.6562347       10.379966       1019.0344       12.025177       1406.6777      -19.851586       -19.851586       2531.9207                                 83.803431          12.025177             1406.6777          10.379966                      22.325358                      399.14566                                588.02579                        9.5376121
              1       1246.7587       1.0422072     0.022489548      0.11799878      0.06311256       3.0530851      0.96845286       11.651955     0.027293484       1.0860118      0.99816708      0.30254489      0.69737748      0.80847148      0.04821072      0.25295334      0.81189335        13.76469       147.49679       68.299662   2.1180589e-09       8.4919891       12.602099       1016.2934       14.209062        1405.548      -19.642027       -19.642027       2532.8014                                 84.148877          14.209062              1405.548          12.602099                      23.058379                      398.54308                                  585.826                        8.8659174
              8       1248.3751       1.0422751     0.022451974      0.11790036     0.058841307       3.0403881      0.96941031       11.651955     0.027293484       1.0860118      0.99597128      0.30203579      0.69788664      0.80352743     0.048095527      0.25256042      0.80624917       13.766219       147.56445       68.324258   2.0913359e-09       8.0827789       12.125875       1018.2754       14.066781       1405.6434      -18.645495       -18.645495       2534.0411                                 83.929661          14.066781             1405.6434          12.125875                      22.733007                      396.93292                                588.99474                        9.6147662
              2       1247.6681       1.0422928     0.022440228      0.11806897     0.057742363       3.0389269      0.96966272       11.651955     0.027293484       1.0860118      0.99679284      0.30295092      0.69697136      0.80366376     0.048162432        0.253406      0.80760666       13.767735       147.53237       68.258923   2.0882822e-09        7.979599       12.706053       1017.1221       14.446298       1405.4732      -19.129317       -19.129317       2533.5948                                 83.847132          14.446298             1405.4732          12.706053                      22.561987                      396.66244                                588.04553                        9.8521857
             13       1247.3828       1.0424022     0.022527352      0.11823291     0.058322867       3.0434248      0.96800827       11.651955     0.027293484       1.0860118      0.99824972       0.3029926      0.69692981      0.80526622     0.048270217      0.25334217      0.80927265       13.755932       147.39192       68.314901   2.0976963e-09       8.0196075        12.81677       1017.7388       14.120821       1405.4656      -19.621961       -19.621961       2534.0095                                 83.867552          14.120821             1405.4656           12.81677                      22.949108                      396.85062                                588.46592                        9.4731219
              5       1247.6721       1.0423498     0.022538801      0.11795532     0.053128784       3.0356859      0.96798328       11.651955     0.027293484       1.0860118       1.0000692      0.30160418      0.69831843      0.80110393     0.048164096      0.25206361      0.80324293       13.754977        147.4528       68.407496   2.0815251e-09       7.4917755       11.959931       1018.6885        13.59059       1405.7257      -19.851347       -19.851347       2535.0469                                 85.082147           13.59059             1405.7257          11.959931                      22.755874                      395.81399                                589.74851                        10.370165
              2       1248.3784       1.0423498     0.022538801      0.11795532     0.053128784       3.0356859      0.96798328       11.727575     0.027346421      0.98460185       0.9998439      0.30160418      0.69831843      0.80110393     0.048164096      0.25206361      0.80324293       13.754977        147.4528       68.407496   2.0815251e-09       7.4917755       11.959931       1018.3224        13.59059       1405.7257      -19.021929       -19.021929       2534.8007                                 85.202052           13.59059             1405.7257          11.959931                         22.787                      395.80662                                589.46254                        10.266275
              1       1248.5037       1.0423556     0.022567236      0.11786578     0.053198143        3.035587      0.96775899       11.727575     0.027346421      0.98460185      0.99973719      0.30094743      0.69897532      0.80057409     0.048140693      0.25143266      0.80183724       13.751351       147.44515       68.467271   2.0813192e-09       7.4917755       11.629336       1019.1168       13.253684       1405.8533      -18.976184       -18.976184       2534.9597                                 85.106492          13.253684             1405.8533          11.629336                        22.8539                      395.82593                                590.09146                         10.34553
              2       1250.0052       1.0423467     0.022570673      0.11811734      0.05096178       3.0322635       0.9672077       11.727575     0.027346421      0.98460185       1.0007014      0.30229037      0.69763217      0.79992181     0.048275621      0.25263703      0.80296954       13.752423       147.37405       68.376729   2.0744133e-09       7.2657623       12.467683       1020.9346       13.765646       1405.5955      -18.936855       -18.936855       2537.8841                                 85.120618          13.765646             1405.5955          12.467683                      22.801829                      395.69532                                591.70484                        10.732639
              5       1248.8953       1.0423467     0.022570673      0.11811734      0.05096178       3.0322635       0.9672077       11.687751     0.028499829       1.0884591      0.99945754      0.30229037      0.69763217      0.79992181     0.048275621      0.25263703      0.80296954       13.752423       147.37405       68.376729   2.0744133e-09       7.2657623       12.467683       1018.8731       13.765646       1405.5955      -19.689526       -19.689526       2537.1696                                 86.467595          13.765646             1405.5955          12.467683                      22.976276                      395.71495                                590.04008                        10.141813
              1       1248.9261       1.0423244     0.022485631      0.11823643     0.049701159       3.0306203      0.96852035       11.687751     0.028499829       1.0884591      0.99979963      0.30348694      0.69643532      0.80040371     0.048272467      0.25383163      0.80504187       13.762722       147.43655       68.250021   2.0710075e-09       7.1548615       13.186201       1017.9855       14.498398       1405.3762      -19.820523       -19.820523       2537.4933                                 86.447069          14.498398             1405.3762          13.186201                      22.646665                      395.67671                                 589.5169                        10.145202
             13        1250.345       1.0420129      0.02256905      0.11852786     0.053568812       3.0411446       0.9695552       11.687751     0.028499829       1.0884591      0.99945044      0.30549201      0.69442994      0.80532018     0.048642683      0.25546103      0.81265813       13.764427       147.26679       68.115803   2.0929185e-09       7.5388031       15.679764        1020.196       15.295299       1405.0304      -19.691511       -19.691511       2540.0729                                 83.871412          15.295299             1405.0304          15.679764                      22.756182                      395.84443                                592.76498                        8.8304409
              3       1247.4791       1.0420062     0.022562594      0.11856505     0.054012778        3.041805       0.9690512       11.687751     0.028499829       1.0884591       1.0008979      0.30574984      0.69417207      0.80557892     0.048659258      0.25570141      0.81326219       13.765486       147.26409       68.094459   2.0943011e-09       7.5858307       15.946972        1014.026       15.423993       1404.9879      -19.661348       -19.661348       2534.2809                                 83.895969          15.423993             1404.9879          15.946972                      22.647673                      395.93073                                  586.345                        9.1026228
              3       1247.0108       1.0420319     0.022534312      0.11801822     0.056788051        3.039189      0.97176837       11.686421     0.029098375       1.0880892      0.99822274      0.30291038      0.69701194      0.80362116     0.048343045      0.25318546      0.80750982       13.765218       147.44131        68.27397   2.0888295e-09       7.8616791        13.16145       1016.1843       14.358447       1405.4806      -19.531706       -19.531706       2533.0849                                  83.90015          14.358447             1405.4806           13.16145                      22.117316                      396.35136                                587.81171                        9.9038999
              1       1247.8918       1.0420319     0.022534312      0.11801822     0.056788051        3.039189      0.97176837       11.724844     0.025171993       1.0341778      0.99835047      0.30291038      0.69701194      0.80362116     0.048343045      0.25318546      0.80750982       13.765218       147.44131        68.27397   2.0888295e-09       7.8616791        13.16145       1016.3005       14.358447       1405.4806      -18.900474       -18.900474       2533.5845                                 84.283451          14.358447             1405.4806           13.16145                       22.10167                      396.35136                                587.89314                        9.9543614
              1       1248.7768       1.0419446     0.022590318      0.11746565     0.059284485       3.0449071      0.97170968       11.723253     0.024703479       1.0215835      0.99970993      0.29990605      0.70001676      0.80367439     0.048151868      0.25038119      0.80354854       13.759239         147.527       68.494326    2.100808e-09       8.0862885       11.428065       1018.1859       13.102584       1406.0618      -18.920647       -18.920647       2535.3948                                 86.616492          13.102584             1406.0618          11.428065                       22.13555                      396.94274                                589.03772                        10.069907
              2       1251.1823       1.0417745     0.022654394      0.11765766     0.054719694       3.0378734      0.97214249        11.73243     0.025144752       1.0212309       1.0005343      0.30105907      0.69886359      0.80124071     0.048386032      0.25129727      0.80265374        13.75837       147.40418       68.425223   2.0860833e-09       7.6223297       12.354889       1020.4021       13.490234       1405.8314       -18.77296        -18.77296       2539.9105                                 87.831834          13.490234             1405.8314          12.354889                      21.947742                      395.95302                                592.03792                        10.463423
              1       1250.6776       1.0418413     0.022676702      0.11776028     0.054334231       3.0366231      0.97175243       11.729854     0.025127682       1.0207502      0.99921727      0.30127757       0.6986451      0.80094293     0.048425911      0.25147611      0.80264654       13.754478       147.35204       68.430711   2.0834767e-09       7.5802155       12.483929       1019.1479       13.459243       1405.7888      -18.706068       -18.706068       2538.7674                                 87.887525          13.459243             1405.7888          12.483929                      22.132735                      395.87741                                591.03973                        10.098049
              1        1249.406       1.0418413     0.022676702      0.11776028     0.054334231       3.0366231      0.97175243       11.658746     0.024120678       1.0569455      0.99921995      0.30127757       0.6986451      0.80094293     0.048425911      0.25147611      0.80264654       13.754478       147.35204       68.430711   2.0834767e-09       7.5802155       12.483929       1019.1485       13.459243       1405.7888      -19.097428       -19.097428       2537.0069                                 86.126389          13.459243             1405.7888          12.483929                      22.132406                      395.87741                                591.03948                        10.099212
              1       1250.4121       1.0419029     0.022592548      0.11836629     0.048982668       3.0306655      0.97048519       11.662324     0.024252722       1.0646341       1.0010726      0.30481816      0.69510389      0.80065446     0.048633292      0.25479828      0.80705831       13.764453       147.28337       68.157833   2.0711011e-09       7.0587006       15.214659       1017.1994       15.043459       1405.1436      -19.264794       -19.264794       2539.3538                                 86.752643          15.043459             1405.1436          15.214659                       22.17838                      395.72794                                589.17172                        10.121407
              4       1250.2773       1.0419579     0.022615754      0.11814014     0.048987115       3.0330333      0.97059539       11.661233     0.023928735       1.0611904       1.0016395      0.30330778      0.69661455      0.80081658     0.048511547      0.25341453      0.80521934        13.75929       147.31787       68.278343   2.0760109e-09       7.0516815       13.784323       1017.8277       14.332962       1405.4084      -19.045489       -19.045489       2538.6456                                  87.29229          14.332962             1405.4084          13.784323                      22.276067                      395.76528                                589.97247                        9.8138401
              4        1251.809       1.0419909     0.022626674       0.1181779     0.048661005       3.0324039      0.97073878       11.660981     0.023956571        1.062482       1.0007367       0.3033469      0.69657544      0.80072266     0.048524524      0.25344098      0.80517684       13.757314       147.29569       68.285693   2.0747047e-09       7.0158844       13.806984       1021.2244       14.290188       1405.4013      -19.205796       -19.205796       2542.0296                                 87.306697          14.290188             1405.4013          13.806984                      22.355863                      395.75155                                593.57451                        9.5425246
              3       1252.9263       1.0419909     0.022626674       0.1181779     0.048661005       3.0324039      0.97073878       11.664108     0.023809936        1.065359         1.00088       0.3033469      0.69657544      0.80072266     0.048524524      0.25344098      0.80517684       13.757314       147.29569       68.285693   2.0747047e-09       7.0158844       13.806984       1020.5536       14.290188       1405.4013      -19.166539       -19.166539       2544.1857                                 90.133568          14.290188             1405.4013          13.806984                      22.337579                      395.76441                                592.85956                        9.5920973
              2       1251.3359       1.0420032     0.022611258      0.11825611      0.04756873       3.0311547      0.97043704       11.664509     0.023812882       1.0654854       1.0021175      0.30381813      0.69610412      0.80047277      0.04854524      0.25388996      0.80555051       13.758958       147.29186       68.247859   2.0721145e-09       6.9056854       14.169162       1017.7379       14.511063       1405.3172      -18.899385       -18.899385       2540.4707                                 88.735342          14.511063             1405.3172          14.169162                      22.251415                      395.82935                                589.71097                         9.946171
              1       1251.3696       1.0419992      0.02261293      0.11826496     0.047640951       3.0313619      0.97042934       11.664612     0.023806679       1.0657245       1.0026788      0.30386749      0.69605476      0.80057321     0.048553108      0.25393133      0.80571703       13.758939       147.28766       68.244852   2.0725438e-09       6.9127045       14.223858       1017.3345       14.528693       1405.3085      -18.680535       -18.680535       2540.1003                                 88.704783          14.528693             1405.3085          14.223858                      22.187911                      395.82628                                589.17815                        10.142181
              1       1250.3941       1.0419992      0.02261293      0.11826496     0.047640951       3.0313619      0.97042934       11.673208     0.024786438       1.0538628       1.0030889      0.30386749      0.69605476      0.80057321     0.048553108      0.25393133      0.80571703       13.758939       147.28766       68.244852   2.0725438e-09       6.9127045       14.223858        1017.706       14.528693       1405.3085      -18.529374       -18.529374        2537.847                                 86.079975          14.528693             1405.3085          14.223858                        22.1375                      395.82935                                589.41693                        10.322255
              3       1249.5963        1.042063     0.022630195      0.11738621     0.055957467       3.0529098      0.96964516       11.664023      0.02317942       1.0421456       1.0061654      0.29890929      0.70101376      0.80592045     0.048090071       0.2494504      0.80445407       13.751075       147.50367       68.598788   2.1176875e-09       7.7472687       10.974575       1015.5515       12.527308       1406.2684      -15.986335       -15.986335       2531.1653                                 85.843552          12.527308             1406.2684          10.974575                      22.564079                      396.20325                                587.56864                        9.2155217
              7       1247.0784       1.0420616     0.022558458      0.11735086     0.065037195       3.0630875      0.96809064       11.651824     0.022873792       1.0404861       1.0016759      0.29913565      0.70078728      0.80972128     0.048010482      0.24975428      0.80855397       13.758606       147.59366       68.546719   2.1393507e-09         8.64711       10.970655       1017.8112       12.812442       1406.2208      -18.922997       -18.922997       2532.0028                                 84.187727          12.812442             1406.2208          10.970655                      23.251206                      399.36379                                586.63025                        8.5659466
              2       1246.6418       1.0420676     0.022528687      0.11804969     0.063764359       3.0547136      0.97158718       11.661574     0.024273311        1.071787      0.99863792       0.3030049      0.69691741        0.809987     0.048337211      0.25328564      0.81403344       13.764904       147.43979       68.269567   2.1215108e-09       8.5460358        13.17836       1015.7252       14.384124       1405.4633      -19.342168       -19.342168       2531.9679                                 83.216872          14.384124             1405.4633           13.17836                      22.408641                      398.71191                                585.70892                        8.8957599
              1        1246.722       1.0420676     0.022528687      0.11804969     0.063764359       3.0547136      0.97158718       11.634622     0.025399485       1.1073311      0.99875141       0.3030049      0.69691741        0.809987     0.048337211      0.25328564      0.81403344       13.764904       147.43979       68.269567   2.1215108e-09       8.5460358        13.17836        1015.693       14.384124       1405.4633      -19.732238       -19.732238       2532.9086                                 84.189762          14.384124             1405.4633           13.17836                      22.393818                      398.71191                                585.67004                        8.9172234
              2       1246.7285       1.0420153      0.02253043      0.11755686      0.06198311       3.0491803      0.97413246       11.640346     0.025917967       1.1046634      0.99928607      0.30052499      0.69939768      0.80676911     0.048112616      0.25103686      0.80747472        13.76396       147.56937       68.431373   2.1098044e-09       8.3649445        11.59564       1018.6521       13.455507        1405.937      -19.834185       -19.834185       2533.1254                                 83.485136          13.455507              1405.937           11.59564                      21.759352                      397.83654                                589.25945                        9.7967893
              3       1248.0824       1.0419595     0.022394136      0.11719285     0.066932512        3.058349      0.97604357       11.643576     0.025855023       1.1151157       0.9994018      0.29953438      0.70038827      0.81030879     0.047833988      0.25032452      0.80967972       13.778444        147.8194       68.422487   2.1292375e-09       8.8647003       10.980348       1021.9667       13.505696       1406.1379      -19.978102       -19.978102        2536.121                                 83.530373          13.505696             1406.1379          10.980348                      21.532538                      399.91606                                591.13148                         9.386573
              2       1247.6367       1.0424401      0.02240029      0.11804342     0.063986879       3.0567555      0.97244747       11.628974     0.025176431       1.1199777      0.99964679       0.3026077      0.69731463      0.81192751     0.048044537      0.25318161      0.81544865       13.767494       147.58425       68.281777   2.1258471e-09       8.5993805       12.247056       1019.4774       14.312969       1405.5364      -19.993887       -19.993887       2535.2611                                 83.687409          14.312969             1405.5364          12.247056                      22.213944                      398.79855                                589.45774                         9.007123
              1       1248.6757       1.0424401      0.02240029      0.11804342     0.063986879       3.0567555      0.97244747       11.524864     0.020398166       1.1532524       1.0002319       0.3026077      0.69731463      0.81192751     0.048044537      0.25318161      0.81544865       13.767494       147.58425       68.281777   2.1258471e-09       8.5993805       12.247056       1019.5944       14.312969       1405.5364      -19.523008       -19.523008       2536.3974                                 84.706614          14.312969             1405.5364          12.247056                      22.140667                      398.79262                                589.53425                        9.1268226
              6       1249.6085       1.0423353     0.022496132      0.11840238     0.060382116       3.0529075      0.97252914       11.532031     0.020604576       1.1569936       1.0020926      0.30428018      0.69564198       0.8111447      0.04836088      0.25453457      0.81691061       13.762042        147.3816       68.203526   2.1176826e-09       8.2322845       13.852137       1018.8777       14.772045       1405.2361      -19.158866       -19.158866       2537.5347                                 84.796719          14.772045             1405.2361          13.852137                      21.971637                      397.35738                                590.26241                        9.2862763
              1       1248.9196       1.0423353     0.022496132      0.11840238     0.060382116       3.0529075      0.97252914       11.619695     0.021071239       1.0553648       1.0000881      0.30428018      0.69564198       0.8111447      0.04836088      0.25453457      0.81691061       13.762042        147.3816       68.203526   2.1176826e-09       8.2322845       13.852137       1017.8481       14.772045       1405.2361      -19.073625       -19.073625       2535.9864                                 84.277986          14.772045             1405.2361          13.852137                      22.216897                       397.4346                                589.29893                        8.8977016
              4       1248.1586       1.0423353     0.022496132      0.11840238     0.060382116       3.0529075      0.97252914       11.662273     0.025097525       1.0954483       1.0001803      0.30428018      0.69564198       0.8111447      0.04836088      0.25453457      0.81691061       13.762042        147.3816       68.203526   2.1176826e-09       8.2322845       13.852137       1017.5883       14.772045       1405.2361      -19.714842       -19.714842       2535.7468                                 84.298158          14.772045             1405.2361          13.852137                      22.205301                      397.42275                                589.04971                        8.9105833
              3       1246.9762       1.0422931     0.022502211      0.11741334     0.062999559        3.050923      0.97535486       11.661384     0.025495687       1.0836519      0.99872549      0.29910766      0.70081529      0.80771153     0.047884168      0.24985278      0.80650937       13.758017        147.6393       68.551447   2.1134843e-09       8.4674225       10.779827       1020.1441        12.78642       1406.2267      -19.580514       -19.580514       2533.1135                                 83.176387           12.78642             1406.2267          10.779827                      21.660356                      398.18061                                 590.5675                        9.7356836
              2       1246.6353       1.0420551      0.02259616      0.11720022     0.065737194       3.0576192      0.97553529       11.665583     0.025241545       1.0791908      0.99933099      0.29814413        0.701779      0.80911777     0.047969863      0.24880681      0.80661119       13.754056       147.59218       68.633016   2.1276841e-09       8.7011566       10.684903       1019.6665       12.341626       1406.4316      -19.477026       -19.477026       2532.2246                                 83.099967          12.341626             1406.4316          10.684903                      21.743562                      399.29763                                589.37041                        9.2549105
              2       1246.3638        1.042006     0.022520002      0.11779077     0.063213421       3.0614147        0.971703       11.665977     0.024511871       1.0780959       1.0022129      0.30185745        0.698065      0.81181952     0.048226986      0.25225104      0.81432883       13.766457       147.51852       68.334364    2.135775e-09       8.4898834       12.384891        1015.812       14.008531       1405.6772      -19.147515       -19.147515       2531.0226                                  83.13999          14.008531             1405.6772          12.384891                      22.437321                      398.46027                                 586.2745                        8.6398801
              2       1247.8316        1.042006     0.022520002      0.11779077     0.063213421       3.0614147        0.971703        11.69552     0.021685572       1.0286788       1.0029707      0.30185745        0.698065      0.81181952     0.048226986      0.25225104      0.81432883       13.766457       147.51852       68.334364    2.135775e-09       8.4898834       12.384891       1014.6182       14.008531       1405.6772      -18.041343       -18.041343       2531.7458                                 85.056969          14.008531             1405.6772          12.384891                      22.338875                       398.4463                                585.10068                        8.7323464
              4       1247.9843       1.0421366     0.022561856      0.11811126      0.06733962        3.068781      0.97159575       11.690294     0.021405647       1.0406525       1.0021206      0.30293462      0.69698776      0.81584307     0.048364705      0.25318911      0.81982367        13.75959       147.38693       68.300383   2.1515658e-09       8.8787384       13.123949       1015.9641       14.204883       1405.4762       -18.35625        -18.35625        2532.681                                 83.911899          14.204883             1405.4762          13.123949                      22.533389                      400.33464                                584.47377                        8.6223199
              3       1247.4363       1.0421366     0.022561856      0.11811126      0.06733962        3.068781      0.97159575       11.640334     0.022096405       1.0583101       1.0021656      0.30293462      0.69698776      0.81584307     0.048364705      0.25318911      0.81982367        13.75959       147.38693       68.300383   2.1515658e-09       8.8787384       13.123949       1015.9746       14.204883       1405.4762      -18.755764       -18.755764       2532.3841                                 83.604479          14.204883             1405.4762          13.123949                      22.527391                      400.33464                                584.48915                         8.623394
              1       1247.6873       1.0421916     0.022603487      0.11794073     0.069076281       3.0731848      0.97073619       11.635189     0.021607655       1.0516267       1.0020589      0.30162162      0.69830102      0.81664838     0.048287979      0.25195757      0.81885256       13.752713       147.38641       68.417658    2.161062e-09       9.0275421       12.221821       1017.4559       13.533014       1405.7224      -18.618812       -18.618812       2532.6122                                 83.679046          13.533014             1405.7224          12.221821                      22.882802                       401.2795                                584.74304                        8.5505995
              2        1246.934       1.0421916     0.022603487      0.11794073     0.069076281       3.0731848      0.97073619       11.607837     0.023749549       1.1329253       1.0023788      0.30162162      0.69830102      0.81664838     0.048287979      0.25195757      0.81885256       13.752713       147.38641       68.417658    2.161062e-09       9.0275421       12.221821       1017.1156       13.533014       1405.7224      -19.254229       -19.254229       2532.3764                                 83.783582          13.533014             1405.7224          12.221821                      22.837729                      401.26813                                584.46742                         8.542303
              1       1246.9429       1.0421916     0.022603487      0.11794073     0.069076281       3.0731848      0.97073619       11.636027     0.024656735       1.1179047       1.0025984      0.30162162      0.69830102      0.81664838     0.048287979      0.25195757      0.81885256       13.752713       147.38641       68.417658    2.161062e-09       9.0275421       12.221821       1017.0723       13.533014       1405.7224      -19.149003       -19.149003       2532.1837                                 83.634273          13.533014             1405.7224          12.221821                      22.806932                      401.25057                                584.47479                        8.5399822
              3       1248.0633       1.0421916     0.022603487      0.11794073     0.069076281       3.0731848      0.97073619       11.735605     0.024055655       1.0366356       1.0029306      0.30162162      0.69830102      0.81664838     0.048287979      0.25195757      0.81885256       13.752713       147.38641       68.417658    2.161062e-09       9.0275421       12.221821       1017.3274       13.533014       1405.7224      -18.135599       -18.135599       2532.3978                                 83.593154          13.533014             1405.7224          12.221821                      22.760577                      401.23597                                584.78921                        8.5416759
              1       1250.4269        1.041846     0.022503552      0.11832693     0.065556889       3.0694679      0.96973455       11.748046     0.024437788       1.0386365       1.0049209      0.30530129      0.69462056      0.81627721     0.048562517      0.25534874      0.82345784       13.775483       147.39395       68.073007   2.1530444e-09        8.727829       15.502604       1015.1596       15.553877       1405.0621      -17.017368       -17.017368       2534.8885                                  83.61035          15.553877             1405.0621          15.502604                      22.677391                      399.59949                                584.27058                        8.6121078
              4        1252.122       1.0419859     0.022425835      0.11853018     0.064235769       3.0679084      0.96901364       11.745309     0.024378272       1.0421911       1.0057981      0.30643176      0.69348988      0.81657191     0.048530937      0.25650687      0.82527881       13.780557       147.42594       67.977466   2.1496893e-09        8.624649       16.266065       1016.0803        16.13897       1404.8777      -16.355917       -16.355917       2536.9559                                 83.592877           16.13897             1404.8777          16.266065                      22.684666                      399.05449                                585.66133                        8.6797921
              2       1250.5193       1.0419145     0.022400298      0.11829392     0.069286475       3.0710991      0.96485948         11.7295     0.023858216       1.0151454       1.0004333      0.30552471      0.69439701      0.81580711     0.048421708       0.2557106      0.82328467       13.784331       147.51785       68.015336   2.1565593e-09       9.1061554       15.306447       1018.9106       15.905763        1405.025      -18.938693       -18.938693        2538.916                                 83.768252          15.905763              1405.025          15.306447                      24.120528                      401.86747                                584.34463                        8.5779224
              1       1249.0541       1.0421089     0.022402633        0.118338     0.067241605       3.0660418      0.96717738       11.731124     0.024311445       1.0270554       1.0012833      0.30516284        0.694759      0.81478261      0.04835352      0.25541903      0.82176369       13.778484       147.50329       68.066824   2.1456804e-09       8.9145355       14.686474       1017.0293       15.591419       1405.0853      -18.929926       -18.929926       2535.9681                                  83.57563          15.591419             1405.0853          14.686474                      23.293235                      400.65646                                584.48433                        8.5953149
              2       1248.9975       1.0421448     0.022392909      0.11839712     0.070166793       3.0744371      0.96846301       11.733723     0.024074177       1.0417546       1.0019925      0.30543017      0.69449163       0.8188863     0.048357977      0.25568117      0.82626422       13.778729       147.49864       68.048913   2.1637698e-09       9.1931915       14.868475       1016.9575       15.700413       1405.0406      -18.770048       -18.770048       2535.5351                                 82.968098          15.700413             1405.0406          14.868475                      23.208488                      402.15056                                582.86442                        8.7340397
              2        1250.623       1.0420847     0.022261691      0.11830705     0.070444776       3.0725463      0.96980375       11.738145     0.024550706       1.0484555       1.0015691      0.30589734      0.69402421      0.81871094     0.048223591      0.25627842      0.82671881       13.794141       147.66896       67.943718   2.1596824e-09       9.2521515       15.022748       1019.9922       16.348228       1404.9638      -18.933829       -18.933829       2539.1137                                 82.786756          16.348228             1404.9638          15.022748                      22.780427                      402.30403                                586.15801                        8.7497058
              1       1250.3005       1.0419432     0.022324966      0.11718734     0.075879945       3.0812235      0.97436571        11.74449     0.024575566       1.0478322       1.0020309      0.29994684      0.69997566      0.81935743     0.047777348      0.25079099      0.81928484       13.786293       147.89913       68.357219   2.1785039e-09       9.7133026       11.064717       1024.5919       13.877236       1406.0534      -18.788987       -18.788987        2538.179                                 82.591746          13.877236             1406.0534          11.064717                      22.062766                      405.07068                                588.84642                        8.6120217
              2       1251.7578       1.0419432     0.022324966      0.11718734     0.075879945       3.0812235      0.97436571       11.823878     0.024908512       1.0079002       1.0019347      0.29994684      0.69997566      0.81935743     0.047777348      0.25079099      0.81928484       13.786293       147.89913       68.357219   2.1785039e-09       9.7133026       11.064717       1024.5501       13.877236       1406.0534      -18.104264       -18.104264       2539.7242                                 84.178726          13.877236             1406.0534          11.064717                      22.074675                      405.07068                                588.79486                        8.6099326
              2        1251.864       1.0420251     0.022382801        0.117272     0.078102891       3.0834208      0.97689247       11.825857     0.025217589       1.0240215       1.0011195      0.29982705      0.70009556      0.82117777      0.04783336      0.25061714      0.82094103       13.778082       147.81196       68.405619   2.1832962e-09       9.9003601       11.040893       1026.4428       13.601236       1406.0778      -18.399322       -18.399322       2540.5266                                 83.363838          13.601236             1406.0778          11.040893                      21.686231                      406.30272                                589.74952                        8.7043545
              1       1251.3817       1.0420222     0.022392849      0.11729879     0.077976397       3.0831944      0.97660612        11.82529     0.025188627       1.0226867        1.000472      0.29992052      0.70000209      0.82104494     0.047857185      0.25068671      0.82093617       13.777221       147.79352       68.403938   2.1828019e-09        9.886322       11.093925       1025.5342       13.610774       1406.0588      -18.474077       -18.474077       2539.7115                                 83.413835          13.610774             1406.0588          11.093925                      21.806441                      406.25046                                588.77919                        8.6980672
              4       1253.2979       1.0423606       0.0225044      0.11639534     0.082694329       3.0966831      0.97770153       11.814219     0.023926805       1.0149935       1.0025021      0.29354625      0.70637757      0.82349792     0.047340538       0.2448507      0.81459202        13.75083       147.91257       68.947279   2.2124445e-09       10.255524        10.72557       1029.7179       10.701562       1407.4987      -17.807937       -17.807937       2542.2117                                 83.567856          10.701562             1407.4987           10.72557                      21.956576                      409.16104                                 590.0496                        8.5507307
              1       1252.2454       1.0423606       0.0225044      0.11639534     0.082694329       3.0966831      0.97770153        11.75879     0.025771833       1.1010225        1.003969      0.29354625      0.70637757      0.82349792     0.047340538       0.2448507      0.81459202        13.75083       147.91257       68.947279   2.2124445e-09       10.255524        10.72557       1029.1124       10.701562       1407.4987      -18.028975       -18.028975       2540.5487                                 82.510469          10.701562             1407.4987           10.72557                      21.781917                      409.15094                                589.66522                         8.514333
              3       1253.1859       1.0424621     0.022489499      0.11654333     0.084004808       3.0983932      0.97657664       11.752857     0.025557919       1.1008461       1.0034897      0.29411101      0.70581274      0.82453947     0.047355047      0.24539964      0.81640651        13.75013       147.88948       68.913888   2.2162312e-09       10.379059       10.605506       1030.8226       10.870269       1407.3596       -18.34781        -18.34781       2543.0675                                 83.409527          10.870269             1407.3596          10.605506                      22.009973                       410.2136                                590.07848                        8.5205028
              3       1252.5875       1.0424283     0.022383397      0.11760388     0.083378025       3.0981493        0.970685       11.744747     0.025182493       1.0977844       1.0007493      0.30039938      0.69952327      0.82683081     0.047812636      0.25121082        0.827381       13.767582       147.72281       68.421353   2.2156907e-09       10.379059       11.045666       1030.2224       13.512112       1405.9621      -19.344776       -19.344776       2543.8645                                 83.122211          13.512112             1405.9621          11.045666                       23.43588                      410.68822                                586.74493                        9.3533968
              1       1252.4796       1.0424283     0.022383397      0.11760388     0.083378025       3.0981493        0.970685        11.75419     0.023175502       1.0702676       1.0020612      0.30039938      0.69952327      0.82683081     0.047812636      0.25121082        0.827381       13.767582       147.72281       68.421353   2.2156907e-09       10.379059       11.045666       1029.0051       13.512112       1405.9621      -18.620369       -18.620369          2542.2                                 82.675018          13.512112             1405.9621          11.045666                      23.236048                      410.63399                                586.11592                        9.0191704
              1       1253.4677       1.0424377     0.022385649         0.11758     0.084004696       3.0995291      0.97070362       11.753624     0.023098723        1.070691        1.001067      0.30023194      0.69969074      0.82732012     0.047798145      0.25105842      0.82763986       13.766948       147.72677       68.435166     2.21875e-09       10.432404       10.976084       1030.1604       13.434106       1405.9957      -18.862032       -18.862032       2544.6595                                 84.093151          13.434106             1405.9957          10.976084                      23.429683                      411.13671                                586.24463                        9.3494083
              2       1254.0118       1.0421977     0.022344571      0.11721945     0.087430341       3.1036864      0.97172737       11.758263     0.023259594       1.0688137       1.0006895      0.29925749      0.70066522      0.82802821     0.047691807      0.25019086      0.82700288       13.776762       147.86988       68.448529   2.2279932e-09       10.735626        10.70735       1032.0338        13.35886       1406.1953      -18.906981       -18.906981       2545.8376                                  83.54224           13.35886             1406.1953           10.70735                      23.243106                      413.68861                                585.83164                        9.2704653
              6       1253.1406       1.0421977     0.022344571      0.11721945     0.087430341       3.1036864      0.97172737       11.754022      0.02322285       1.0750753       1.0007483      0.29925749      0.70066522      0.82802821     0.047691807      0.25019086      0.82700288       13.776762       147.86988       68.448529   2.2279932e-09       10.735626        10.70735       1031.9431        13.35886       1406.1953       -18.94751        -18.94751       2544.1762                                 81.971506           13.35886             1406.1953           10.70735                      23.234247                      413.68334                                585.77172                        9.2538208
              3       1252.7852       1.0423218     0.022468986      0.11717768     0.085531185       3.1033507      0.97183032       11.752514     0.022914753       1.0723424       1.0018877      0.29796675      0.70195633      0.82734709      0.04772238      0.24887628      0.82453866       13.759581        147.7419       68.616837   2.2272454e-09       10.532074       10.444854       1028.8009        12.42922         1406.47      -18.605661       -18.605661       2542.7818                                 84.636874           12.42922               1406.47          10.444854                      23.269355                       412.0494                                584.28605                         9.196085
              1       1252.7476       1.0423585     0.022487847      0.11719827     0.083650683       3.1001292      0.97315581       11.756134     0.023191082       1.0778375        1.001738      0.29786135      0.70206178      0.82646263      0.04773212      0.24876201       0.8235115       13.756573       147.71512       68.638626   2.2200819e-09       10.362213       10.427721       1028.7376       12.311322       1406.4929      -18.674194       -18.674194       2542.8436                                 84.874056          12.311322             1406.4929          10.427721                      22.961517                      410.50887                                586.12034                        9.1468494
              2       1252.1271       1.0423585     0.022487847      0.11719827     0.083650683       3.1001292      0.97315581       11.730378     0.022935702       1.1025263       1.0027013      0.29786135      0.70206178      0.82646263      0.04773212      0.24876201       0.8235115       13.756573       147.71512       68.638626   2.2200819e-09       10.362213       10.427721        1026.667       12.311322       1406.4929      -18.543503       -18.543503       2541.3411                                 85.442134          12.311322             1406.4929          10.427721                      22.823638                      410.41917                                584.50281                        8.9213986
              2       1252.3833       1.0423585     0.022487847      0.11719827     0.083650683       3.1001292      0.97315581       11.640901     0.024566827       1.1212311       1.0026344      0.29786135      0.70206178      0.82646263      0.04773212      0.24876201       0.8235115       13.756573       147.71512       68.638626   2.2200819e-09       10.362213       10.427721       1026.7093       12.311322       1406.4929      -19.282832       -19.282832       2543.3322                                 87.390975          12.311322             1406.4929          10.427721                       22.83311                      410.42541                                584.51546                        8.9353165
              4       1251.3946       1.0419231        0.022572      0.11652152     0.077412384       3.0762185      0.97176426       11.642198     0.025760697       1.0742932      0.99653539      0.29509136      0.70483217      0.81304532     0.047666479      0.24606462       0.8063663       13.757267       147.80255       68.814267   2.1676278e-09        9.769455       10.341968       1026.5448       11.381451       1407.1235      -18.715628       -18.715628       2540.2204                                 84.828706          11.381451             1407.1235          10.341968                      23.000364                      406.06654                                 589.1054                        8.3725219
              3       1251.7311       1.0419314     0.022516932      0.11682414     0.075775698        3.071754      0.97424129       11.650382     0.026521428       1.0938977      0.99577008      0.29696846      0.70295472      0.81333103     0.047768038      0.24783394      0.80921119       13.764379       147.78234       68.657172    2.157972e-09       9.6431122        10.41394       1025.8315       12.211414       1406.6903      -18.434017       -18.434017       2540.3301                                 85.182995          12.211414             1406.6903           10.41394                      22.394643                      404.87253                                590.03679                        8.5275687
              1       1248.9063       1.0419345      0.02250105      0.11680929     0.074923503       3.0714988      0.97446764       11.652148     0.026513563       1.0952105        0.997918      0.29697068      0.70295248      0.81331573     0.047745184       0.2478587      0.80919899       13.765912       147.80395       68.649378   2.1574213e-09       9.5701141       10.405046       1022.5888       12.253351       1406.6898      -19.534752       -19.534752       2536.8821                                 84.945128          12.253351             1406.6898          10.405046                      22.134465                       404.3006                                587.40862                        8.7450955
              2       1248.7659        1.042054     0.022515492       0.1174888     0.074634711       3.0737503      0.97172253       11.646282     0.026077286       1.0995301       0.9990457      0.30013511      0.69978761      0.81583658     0.048046679      0.25071389      0.81602027        13.76408       147.60547       68.455608   2.1622843e-09       9.5539703        11.34189       1021.0825       13.319087       1406.0153      -19.794847       -19.794847       2537.1216                                 85.362804          13.319087             1406.0153           11.34189                      22.608194                      404.40438                                585.47673                        8.5932411
              3       1249.8478       1.0417024     0.022535204      0.11761446     0.074798332       3.0764841      0.97167248       11.656852     0.026188973       1.1009265       1.0001833       0.3017304      0.69819199      0.81698291      0.04829443      0.25205555      0.81933571        13.77305       147.54993       68.309675   2.1682036e-09       9.5659027       12.617634       1021.6878       14.151051       1405.7015        -19.8143         -19.8143       2539.3243                                 85.166349          14.151051             1405.7015          12.617634                       22.59657                      404.50016                                586.07631                        8.5147412
              1       1249.6231       1.0417173     0.022456193       0.1175808     0.075587795       3.0804635      0.97032522       11.654387     0.025762797       1.0978707       1.0002347      0.30196264      0.69795963      0.81841751     0.048200717      0.25237933      0.82109025       13.780894       147.64694       68.256075    2.176849e-09       9.6585541       12.593532        1021.025       14.462954       1405.6572       -19.85737        -19.85737       2538.9609                                 85.222205          14.462954             1405.6572          12.593532                      23.043175                      405.21057                                 584.2015                        8.5697415
              4       1249.8784       1.0417173     0.022456193       0.1175808     0.075587795       3.0804635      0.97032522       11.679341     0.026441661       1.0819427        1.001069      0.30196264      0.69795963      0.81841751     0.048200717      0.25237933      0.82109025       13.780894       147.64694       68.256075    2.176849e-09       9.6585541       12.593532       1021.0161       14.462954       1405.6572      -19.662783       -19.662783       2539.0824                                 85.352632          14.462954             1405.6572          12.593532                      22.922755                      405.20068                                584.38099                         8.511701
              1       1249.6188         1.04178     0.022428727      0.11755355     0.074683846       3.0771245      0.97065737       11.678351     0.026642677       1.0820438       1.0006057      0.30178903      0.69813326       0.8172328     0.048132803      0.25227389      0.81966593       13.781827       147.68476       68.262428   2.1695926e-09       9.5834503       12.356486       1020.9584       14.425808       1405.6902      -19.763253       -19.763253       2538.7642                                 85.333267          14.425808             1405.6902          12.356486                      22.771951                      404.59242                                585.08296                        8.5110518
              1       1249.2036         1.04178     0.022428727      0.11755355     0.074683846       3.0771245      0.97065737       11.680899     0.028357166       1.1369517      0.99901726      0.30178903      0.69813326       0.8172328     0.048132803      0.25227389      0.81966593       13.781827       147.68476       68.262428   2.1695926e-09       9.5834503       12.356486       1021.9803       14.425808       1405.6902      -19.988528       -19.988528       2538.3842                                 83.931388          14.425808             1405.6902          12.356486                      22.998408                      404.64512                                585.77885                        8.5579347
              1       1249.2893       1.0417467     0.022409391      0.11776774     0.074174373       3.0755644      0.97030805       11.681918     0.028517997       1.1395791      0.99894891      0.30314683      0.69677522      0.81729181     0.048240838      0.25351936      0.82156709       13.785906       147.64889       68.156551   2.1662105e-09       9.5462494       13.350729        1020.697        15.05111       1405.4374      -19.995573       -19.995573       2538.5698                                 84.033544           15.05111             1405.4374          13.350729                      22.981563                      404.39133                                 584.7394                        8.5847346
              6       1249.1923       1.0417467     0.022409391      0.11776774     0.074174373       3.0755644      0.97030805       11.697838     0.027991332        1.124463      0.99894958      0.30314683      0.69677522      0.81729181     0.048240838      0.25351936      0.82156709       13.785906       147.64889       68.156551   2.1662105e-09       9.5462494       13.350729       1020.6958        15.05111       1405.4374      -19.853355       -19.853355       2538.0912                                  83.55622           15.05111             1405.4374          13.350729                      22.981467                      404.39133                                584.73827                        8.5846898
              3        1248.644       1.0419135      0.02242286      0.11752461     0.074595283       3.0802814      0.97349791       11.702413     0.027892415       1.1402226       1.0010559      0.30127256      0.69864984      0.81945384     0.048049758      0.25184249      0.82119001       13.778335       147.69905       68.312457   2.1764526e-09       9.5764313       11.902452       1021.7077       14.134958       1405.7897      -19.869664       -19.869664       2537.0274                                 83.492564          14.134958             1405.7897          11.902452                      22.385423                      404.38282                                 586.2665                        8.6729596
              3       1249.3585       1.0419135      0.02242286      0.11752461     0.074595283       3.0802814      0.97349791       11.657282     0.026991297       1.1903577       1.0007098      0.30127256      0.69864984      0.81945384     0.048049758      0.25184249      0.82119001       13.778335       147.69905       68.312457   2.1764526e-09       9.5764313       11.902452       1022.9474       14.134958       1405.7897      -20.210294       -20.210294       2539.1376                                 84.363135          14.134958             1405.7897          11.902452                      22.431057                      404.39314                                587.41799                        8.7051636
              4       1248.9415       1.0419275     0.022467767      0.11723943     0.076731602       3.0831944        0.974101       11.655091     0.026854221       1.1871497       1.0005703      0.29945633      0.70046641      0.81964428     0.047937664      0.25014433      0.81890125       13.771755        147.7257       68.460729   2.1828019e-09       9.7519073       11.055602       1023.1678       13.290348       1406.1541      -20.185204       -20.185204       2538.2535                                  84.58566          13.290348             1406.1541          11.055602                      22.378833                      405.61758                                586.56463                        8.6067763
              4       1249.9683       1.0421579     0.022482461       0.1175571     0.078084841       3.0843936      0.97680091       11.655838     0.027210726       1.2118761       1.0008911      0.30038065      0.69954203      0.82225978     0.048003403      0.25100192      0.82278128       13.764836        147.6243       68.436203    2.185421e-09       9.8778992       11.338462       1024.8116        13.42826       1405.9658      -20.208923       -20.208923       2540.3545                                 84.810346           13.42826             1405.9658          11.338462                      21.792452                      406.26504                                588.00703                        8.7470344
              3       1251.0059       1.0421579     0.022482461       0.1175571     0.078084841       3.0843936      0.97680091       11.594521     0.025802326       1.2359924      0.99988267      0.30038065      0.69954203      0.82225978     0.048003403      0.25100192      0.82278128       13.764836        147.6243       68.436203    2.185421e-09       9.8778992       11.338462       1025.2979        13.42826       1405.9658      -20.401757       -20.401757       2542.8154                                  86.78491           13.42826             1405.9658          11.338462                      21.911999                      406.31337                                588.25704                        8.8154755
              1       1250.4251       1.0418874     0.022386137      0.11805642     0.073014251       3.0810284      0.97204911       11.598297     0.025454287       1.2215153       1.0035776       0.3044111      0.69551077      0.82131128      0.04830072      0.25472058      0.82732739       13.785549       147.59746       68.078939    2.178079e-09       9.4521942       14.213109       1018.9122        15.51791       1405.2134      -19.369632       -19.369632       2539.5895                                 85.732942           15.51791             1405.2134          14.213109                      22.449342                      403.60307                                584.04979                        8.8100107
              2       1250.2862       1.0418874     0.022386137      0.11805642     0.073014251       3.0810284      0.97204911       11.633081     0.024574634       1.1395219       1.0035038       0.3044111      0.69551077      0.82131128      0.04830072      0.25472058      0.82732739       13.785549       147.59746       68.078939    2.178079e-09       9.4521942       14.213109       1018.8422        15.51791       1405.2134      -19.007727       -19.007727        2538.588                                  84.80133           15.51791             1405.2134          14.213109                      22.459102                      403.60442                                583.96047                         8.818258
              2       1250.6799       1.0418651     0.022453918      0.11806601     0.073568613       3.0844669      0.97218338       11.634383     0.024341581       1.1408906       1.0045971      0.30413367      0.69578831      0.82249406     0.048376282      0.25436962      0.82814121       13.779012       147.51947       68.128656   2.1855812e-09       9.4851837       14.175702       1018.5046       15.218066       1405.2616      -18.235483       -18.235483       2537.8308                                  84.67076          15.218066             1405.2616          14.175702                      22.485828                      403.85416                                 583.2704                        8.8942452
              1       1250.3912       1.0418735     0.022445633      0.11812433     0.073415099       3.0840075      0.97198743       11.633974      0.02435973       1.1412637       1.0039516      0.30446984      0.69545208      0.82249113      0.04839473       0.2546863      0.82859582       13.779917        147.5131       68.103101   2.1845775e-09       9.4746552       14.453074       1018.4005        15.37182       1405.2032      -18.687796       -18.687796       2538.1581                                 84.729395           15.37182             1405.2032          14.453074                      22.583426                      403.80719                                583.01354                         8.996378
              1       1250.8655       1.0418539      0.02242099      0.11802154     0.073451197       3.0836434      0.97252416       11.635416     0.024462615        1.141862        1.003109      0.30412061      0.69580133      0.82223462     0.048329763      0.25440238      0.82786221       13.782658       147.56799        68.11144   2.1837821e-09       9.4823761       14.087226       1020.7043       15.321563       1405.2639      -19.188607       -19.188607       2540.1081                                 84.731132          15.321563             1405.2639          14.087226                      22.565955                       403.8192                                585.21991                        9.0992706
              1       1254.8428       1.0418539      0.02242099      0.11802154     0.073451197       3.0836434      0.97252416       11.521911      0.02443684       1.2406486       1.0043196      0.30412061      0.69580133      0.82223462     0.048329763      0.25440238      0.82786221       13.782658       147.56799        68.11144   2.1837821e-09       9.4823761       14.087226       1018.9818       15.321563       1405.2639      -18.921141       -18.921141       2547.5279                                 93.873415          15.321563             1405.2639          14.087226                      22.404957                      403.79448                                583.90016                        8.8822018
              2       1253.0282       1.0418539      0.02242099      0.11802154     0.073451197       3.0836434      0.97252416       11.468282     0.018313872       1.2047607       1.0041862      0.30412061      0.69580133      0.82223462     0.048329763      0.25440238      0.82786221       13.782658       147.56799        68.11144   2.1837821e-09       9.4823761       14.087226       1018.9413       15.321563       1405.2639       -17.73134        -17.73134       2541.5191                                 87.905055          15.321563             1405.2639          14.087226                       22.42248                      403.80903                                583.80781                        8.9020169
              1       1253.3163       1.0418539      0.02242099      0.11802154     0.073451197       3.0836434      0.97252416       11.473667     0.019101302        1.275401       1.0038732      0.30412061      0.69580133      0.82223462     0.048329763      0.25440238      0.82786221       13.782658       147.56799        68.11144   2.1837821e-09       9.4823761       14.087226       1019.0528       15.321563       1405.2639      -18.256769       -18.256769       2543.1461                                 89.420707          15.321563             1405.2639          14.087226                      22.463783                      403.81471                                583.82177                        8.9524841
              1       1256.3418       1.0418861     0.022364948      0.11811216     0.072280429       3.0881813      0.97221048       11.477065     0.018661117       1.2814005       1.0067501      0.30483902      0.69508276      0.82458907     0.048311002       0.2551366       0.8312128       13.788117       147.60609        68.03947   2.1937144e-09       9.3911285       14.555433       1019.8162        15.75803         1405.14      -15.725154       -15.725154       2544.1339                                 88.864284           15.75803               1405.14          14.555433                       22.52949                      403.18097                                584.71238                         9.393344
              1        1256.433       1.0418827     0.022365035      0.11809102     0.072138399       3.0878793      0.97178981       11.476034     0.018603922       1.2783585       1.0063339      0.30473494      0.69518686      0.82425503       0.0483019      0.25504189      0.83073422       13.788111       147.61163       68.046013    2.193052e-09       9.3777924       14.461532       1020.9477       15.718097       1405.1577      -16.142083       -16.142083       2545.1502                                 88.865184          15.718097             1405.1577          14.461532                      22.664151                      403.15137                                585.67713                        9.4550328
              1       1258.9934       1.0416545     0.022364253      0.11802408     0.079110014       3.1010013       0.9706472       11.474832     0.018088243       1.2769512       1.0068033      0.30506469      0.69485698      0.82887098     0.048375696      0.25529568      0.83583833       13.794695       147.63115       67.992903    2.222019e-09       10.012665       15.082102       1024.0368       16.043703       1405.1017      -15.507942       -15.507942       2549.0027                                 88.738372          16.043703             1405.1017          15.082102                      23.055416                      407.70778                                583.09218                        10.181411
              2       1259.6961       1.0416547     0.022364701      0.11803082     0.079050437       3.1008915      0.97066536       11.474932     0.018097375       1.2771379        1.007556      0.30509761      0.69482405      0.82885342     0.048379422      0.25532479      0.83586571       13.794671       147.62885       67.990967   2.2217749e-09        10.00705       15.116465       1023.6744       16.055639       1405.0962      -14.646024       -14.646024       2548.6842                                 88.741534          16.055639             1405.0962          15.116465                      22.940824                      407.58429                                583.26179                        9.8874656
              1       1264.0094       1.0416547     0.022364701      0.11803082     0.079050437       3.1008915      0.97066536       11.464658     0.017642783       1.3060484       1.0087808      0.30509761      0.69482405      0.82885342     0.048379422      0.25532479      0.83586571       13.794671       147.62885       67.990967   2.2217749e-09        10.00705       15.116465        1027.289       16.055639       1405.0962      -12.935288       -12.935288       2553.8894                                 90.332097          16.055639             1405.0962          15.116465                      22.767724                      407.51647                                587.52566                        9.4791136
              4       1260.9452       1.0411944     0.022212176      0.11778969     0.072484165       3.0748128      0.97240804       11.478075     0.019828249       1.2917784       1.0007891      0.30607313      0.69384807      0.81804211     0.048338027      0.25633334      0.82628075       13.823636       147.86316       67.787729   2.1645829e-09       9.4437714       16.353606       1032.4859       17.332943       1404.9351      -19.551003       -19.551003       2560.9924                                 89.884819          17.332943             1404.9351          16.353606                      22.320795                      403.36434                                598.02707                        8.7737028
              1       1259.9034       1.0411848     0.022243346      0.11792416      0.07384422       3.0761079      0.97110383       11.473814     0.019674237        1.287774       1.0005847      0.30665033      0.69327081      0.81849458     0.048440095      0.25680748      0.82751695       13.821222       147.79232       67.763771   2.1673881e-09        9.563797       17.153315       1029.6555       17.486734       1404.8429      -19.558894       -19.558894       2558.9247                                 89.786169          17.486734             1404.8429          17.153315                      22.542065                      404.25213                                594.12631                        8.7350328
              1       1260.6336       1.0411848     0.022243346      0.11792416      0.07384422       3.0761079      0.97110383       11.479487     0.017766814       1.2486598       1.0006491      0.30665033      0.69327081      0.81849458     0.048440095      0.25680748      0.82751695       13.821222       147.79232       67.763771   2.1673881e-09        9.563797       17.153315       1029.6349       17.486734       1404.8429      -19.012856       -19.012856       2559.2929                                 90.174984          17.486734             1404.8429          17.153315                      22.533397                      404.25213                                594.12045                        8.7289328
              2       1259.4342       1.0411173     0.022376187        0.117385     0.075987729       3.0766127      0.97238841       11.478063     0.017818852       1.2379314      0.99936047      0.30316182      0.69675999       0.8165927     0.048314447      0.25345657      0.82088463       13.806447       147.78877       68.054138   2.1684826e-09       9.7118988       14.029853       1031.4723       15.668578       1405.4346      -19.049855       -19.049855        2556.968                                 90.362698          15.668578             1405.4346          14.029853                      22.400915                       405.3278                                595.22801                        8.5155376
              1       1258.3513       1.0411858     0.022467906      0.11801863     0.070991986       3.0714026      0.97242755       11.483233     0.017998649        1.249108       1.0005031       0.3058391      0.69408242      0.81637518     0.048689375      0.25575385      0.82428173       13.797579       147.51631       67.930403   2.1572138e-09        9.240921       17.016875       1025.5474       16.431154       1404.9732      -19.084345       -19.084345       2554.8712                                 90.902596          16.431154             1404.9732          17.016875                      22.319927                      402.30862                                592.27468                        8.6441263
              1       1259.1536       1.0411858     0.022467906      0.11801863     0.070991986       3.0714026      0.97242755        11.48453     0.017462174       1.2306546       1.0014822       0.3058391      0.69408242      0.81637518     0.048689375      0.25575385      0.82428173       13.797579       147.51631       67.930403   2.1572138e-09        9.240921       17.016875       1026.8688       16.431154       1404.9732      -18.747307       -18.747307       2555.8019                                  90.51183          16.431154             1404.9732          17.016875                      22.194466                      402.29919                                 593.7558                        8.6193373
              1        1258.895       1.0411858     0.022467906      0.11801863     0.070991986       3.0714026      0.97242755       11.576667      0.01856285       1.1691073       1.0008789       0.3058391      0.69408242      0.81637518     0.048689375      0.25575385      0.82428173       13.797579       147.51631       67.930403   2.1572138e-09        9.240921       17.016875       1025.6754       16.431154       1404.9732      -18.958593       -18.958593       2555.7072                                 91.610509          16.431154             1404.9732          17.016875                      22.271372                      402.30862                                592.46731                        8.6281392
              1       1260.7446       1.0411612     0.022439529      0.11767096     0.069069012       3.0703429       0.9749061       11.584929     0.018769996       1.1741253       1.0013893      0.30420299      0.69571875      0.81559752     0.048496964       0.2543139      0.82129089       13.799715       147.64068       68.022031   2.1549292e-09       9.0619354        15.15796         1030.83        15.86471       1405.2494      -18.938122       -18.938122       2559.3655                                 92.263316           15.86471             1405.2494           15.15796                      21.904084                      401.13567                                599.13356                        8.6567365
              3       1262.7173       1.0410521     0.022379292      0.11798395     0.063197234        3.054952      0.97644568       11.594673     0.020024744        1.180769        1.000679      0.30657699      0.69334427      0.81105551     0.048656858      0.25651966      0.81989782       13.810908       147.62348       67.818962   2.1220166e-09       8.5242767       17.823292       1032.5268       17.133472       1404.8545      -19.382839       -19.382839       2564.2002                                 91.862147          17.133472             1404.8545          17.823292                      21.321695                      398.35153                                603.88989                        8.9636794
              2       1262.1681       1.0410521     0.022379292      0.11798395     0.063197234        3.054952      0.97644568        11.60765     0.021099657       1.1865951       1.0010738      0.30657699      0.69334427      0.81105551     0.048656858      0.25651966      0.81989782       13.810908       147.62348       67.818962   2.1220166e-09       8.5242767       17.823292       1032.5458       17.133472       1404.8545      -19.541477       -19.541477       2563.4192                                 91.062095          17.133472             1404.8545          17.823292                      21.281863                      398.34949                                603.88546                        9.0289659
              1       1258.6447       1.0411658     0.022407759       0.1177831     0.069188709       3.0652369      0.97477338        11.59536     0.020299871       1.1790933      0.99975366      0.30497963      0.69494195      0.81400371     0.048524233      0.25506052      0.82073164       13.803511       147.64608       67.954758    2.143954e-09       9.0836945       15.862238       1028.6228       16.279622       1405.1161       -19.46208        -19.46208       2556.2136                                  90.33286          16.279622             1405.1161          15.862238                      21.786736                      401.22967                                596.91709                        8.6892997
              4       1257.1701       1.0411658     0.022407759       0.1177831     0.069188709       3.0652369      0.97477338       11.546066     0.020556707       1.2153865      0.99995416      0.30497963      0.69494195      0.81400371     0.048524233      0.25506052      0.82073164       13.803511       147.64608       67.954758    2.143954e-09       9.0836945       15.862238       1028.5285       16.279622       1405.1161      -19.692287       -19.692287       2553.7248                                 87.938378          16.279622             1405.1161          15.862238                      21.763489                      401.21569                                 596.8472                        8.7021605
              2       1257.2487       1.0411951     0.022396272      0.11788181     0.069437615       3.0656702      0.97501828         11.5463     0.020604884       1.2200092      0.99984463      0.30549213      0.69442937      0.81467323     0.048550791      0.25554498      0.82209656       13.804331       147.63249       67.918754   2.1448833e-09       9.1124725       16.343854        1028.373        16.50388       1405.0303      -19.714064       -19.714064       2553.9255                                 87.674498           16.50388             1405.0303          16.343854                      21.726195                      401.36109                                596.56214                        8.7235494
              5       1254.6419       1.0413875     0.022415109      0.11766681     0.072521212       3.0705528      0.97511104       11.538228     0.020212759       1.2192499      0.99935317      0.30364476      0.69627711      0.81603762     0.048365104       0.2538898      0.82097975       13.795543       147.66937        68.07762   2.1553815e-09       9.3897247       14.232551       1025.9913       15.525901       1405.3479      -19.595694       -19.595694       2548.4752                                 87.377573          15.525901             1405.3479          14.232551                      21.830974                      403.00968                                592.47452                        8.6761499
             11       1255.1305       1.0413939     0.022506266      0.11758486     0.070687616         3.06644      0.97615635       11.540295      0.02044994       1.2177446      0.99998141      0.30265708      0.69726505      0.81402532     0.048400669      0.25287117      0.81762226       13.785211        147.5896        68.19084    2.146535e-09       9.1945953       13.607844       1027.7396       14.847151       1405.5272      -19.603071       -19.603071       2549.4672                                 87.745465          14.847151             1405.5272          13.607844                      21.543851                       401.8386                                595.51428                        8.8428931
              4       1255.3695       1.0413939     0.022506266      0.11758486     0.070687616         3.06644      0.97615635       11.621679     0.022959909       1.2065447       0.9998488      0.30265708      0.69726505      0.81402532     0.048400669      0.25287117      0.81762226       13.785211        147.5896        68.19084    2.146535e-09       9.1945953       13.607844        1027.356       14.847151       1405.5272      -19.888623       -19.888623       2550.5163                                 89.178059          14.847151             1405.5272          13.607844                      21.558371                       401.8386                                595.13606                        8.8230109
              1       1254.7012       1.0413939     0.022506266      0.11758486     0.070687616         3.06644      0.97615635        11.49466     0.022500139       1.3167236      0.99917701      0.30265708      0.69726505      0.81402532     0.048400669      0.25287117      0.81762226       13.785211        147.5896        68.19084    2.146535e-09       9.1945953       13.607844       1026.3444       14.847151       1405.5272      -20.089157       -20.089157       2549.5807                                 89.254225          14.847151             1405.5272          13.607844                      21.632748                      401.85727                                594.11669                        8.7376469
              1       1253.1792       1.0415349     0.022512985      0.11787465     0.069715138       3.0709075      0.97276592       11.487183     0.021565121         1.31002       1.0019111      0.30375087      0.69617114      0.81590638     0.048487932      0.25387561      0.82099113       13.781652       147.50455        68.13962    2.156146e-09       9.1082611       14.420614       1019.9763       15.152333        1405.329      -19.668303       -19.668303       2545.6951                                 90.816767          15.152333              1405.329          14.420614                      22.222655                      401.53328                                587.62071                        8.5996825
              1       1253.1816       1.0415372     0.022519208      0.11788207     0.069992517       3.0713414      0.97270238       11.486731     0.021539363       1.3099736       1.0018245      0.30374729      0.69617472      0.81606558     0.048496071      0.25386405      0.82114649        13.78095       147.49568       68.143318   2.1570818e-09       9.1328278       14.431836       1020.0501       15.130197       1405.3297      -19.681513       -19.681513       2545.7262                                 90.784421          15.130197             1405.3297          14.431836                      22.248563                      401.68715                                587.51895                        8.5954564
              1       1251.7885       1.0415372     0.022519208      0.11788207     0.069992517       3.0713414      0.97270238        11.47024     0.020647576       1.2534764       1.0012769      0.30374729      0.69617472      0.81606558     0.048496071      0.25386405      0.82114649        13.78095       147.49568       68.143318   2.1570818e-09       9.1328278       14.431836       1019.8665       15.130197       1405.3297      -19.569779       -19.569779       2542.7166                                 87.958413          15.130197             1405.3297          14.431836                      22.319002                      401.70221                                587.24903                        8.5962431
              1       1251.6225       1.0415711     0.022506696      0.11783303      0.07100782       3.0726111      0.97254918       11.467959      0.02056318       1.2527859       1.0013242      0.30345598      0.69646607       0.8164467     0.048443783      0.25362575      0.82113595       13.781049       147.52279        68.16114   2.1598224e-09       9.2296906       14.083996       1019.8293       15.023732       1405.3816      -19.553904       -19.553904       2542.3528                                 88.034138          15.023732             1405.3816          14.083996                      22.331517                      402.28508                                586.62646                        8.5862162
              2       1249.6345       1.0417099     0.022558902      0.11780935     0.067079176       3.0629531      0.97147281       11.462007     0.020699252       1.2396548      0.99954189      0.30261153      0.69731076      0.81200765     0.048411234      0.25281798      0.81553429       13.771212       147.47073       68.263083   2.1390632e-09       8.8485565       13.336866       1017.5679       14.421983       1405.5356      -19.611524       -19.611524        2538.492                                 87.629582          14.421983             1405.5356          13.336866                      22.546336                      400.21546                                 586.2222                        8.5839249
              9       1249.6404       1.0417136     0.022568922      0.11773402     0.067806486       3.0638615      0.97178857       11.461673     0.020689668       1.2397787      0.99942564      0.30214044      0.69778193       0.8121718     0.048379748      0.25237989      0.81506399       13.769679       147.47981       68.300457   2.1410073e-09       8.9131317       12.987847       1018.0171       14.204451       1405.6236      -19.584105       -19.584105        2538.449                                 87.615991          14.204451             1405.6236          12.987847                      22.503147                      400.55616                                586.37388                        8.5839351
              1        1250.478       1.0418171     0.022570024       0.1178546     0.064336184       3.0559078      0.97302232       11.463882     0.021202859       1.2451039       1.0003306      0.30246956       0.6974528      0.80984001     0.048393033      0.25269541      0.81316642       13.767041       147.44604       68.292748   2.1240459e-09       8.5860443       13.133006       1019.7664       14.249183        1405.562      -19.716845       -19.716845       2540.3898                                 87.679207          14.249183              1405.562          13.133006                       21.97747                      398.81758                                589.79266                          9.17867
              3       1249.5183       1.0418591     0.022576632      0.11797461     0.064848681       3.0569461      0.97263427       11.461981     0.021113486       1.2468166      0.99873878      0.30294675      0.69697555      0.81056787     0.048440095      0.25312461      0.81453905       13.765645       147.40674       68.269557   2.1262524e-09       8.6358795       13.484321       1017.0681       14.384182        1405.474      -19.570357       -19.570357       2538.1774                                 87.766829          14.384182              1405.474          13.484321                      22.251455                      399.10258                                586.91689                        8.7971503
              1       1252.6474       1.0418591     0.022576632      0.11797461     0.064848681       3.0569461      0.97263427       11.548286     0.023184895       1.2257618      0.99974007      0.30294675      0.69697555      0.81056787     0.048440095      0.25312461      0.81453905       13.765645       147.40674       68.269557   2.1262524e-09       8.6358795       13.484321       1017.9983       14.384182        1405.474       -20.01591        -20.01591       2545.3266                                 93.985865          14.384182              1405.474          13.484321                      22.125811                      399.06836                                587.82236                        8.9817367
              1       1249.9303       1.0418569     0.022588152      0.11786018     0.066777023       3.0593741      0.97358271       11.548507     0.023230822       1.2291504      0.99934539      0.30227575      0.69764666      0.81139635     0.048392738      0.25250302       0.8144681       13.763944       147.42468       68.320377   2.1314213e-09       8.8134613       12.981631       1019.6832       14.089183       1405.5982      -19.980412       -19.980412       2539.8214                                 87.469208          14.089183             1405.5982          12.981631                       21.99768                      399.89279                                588.81295                        8.9797747
              5       1249.7237       1.0418569     0.022588152      0.11786018     0.066777023       3.0593741      0.97358271        11.53107     0.023873163       1.2613777      0.99831964      0.30227575      0.69764666      0.81139635     0.048392738      0.25250302       0.8144681       13.763944       147.42468       68.320377   2.1314213e-09       8.8134613       12.981631       1018.3841       14.089183       1405.5982      -19.949551       -19.949551       2539.3466                                 88.293496          14.089183             1405.5982          12.981631                      22.123096                      399.94831                                587.51925                        8.7933982
              2       1250.3347        1.041914     0.022565539      0.11792826     0.066971211       3.0585544      0.97357451       11.529324     0.023949677       1.2634736       0.9987797      0.30260011      0.69732226       0.8114439     0.048380574       0.2528385      0.81495271       13.764976       147.43161       68.294754   2.1296749e-09       8.8394318        13.11533       1019.8057        14.23754       1405.5378      -20.108295       -20.108295       2540.8859                                 88.189543           14.23754             1405.5378           13.11533                      21.988834                      400.01002                                588.76834                        9.0385516
              3       1249.5159       1.0418767     0.022462296       0.1183328     0.063101074       3.0559017      0.97016997        11.52869     0.023619486       1.2563815       1.0001362      0.30548314      0.69443865      0.81111364     0.048514493      0.25557743      0.81849249       13.779007       147.43794       68.044233   2.1240328e-09       8.5025177       15.519707        1014.516       15.728956       1405.0319      -20.294339       -20.294339       2539.6205                                  88.82403          15.728956             1405.0319          15.519707                      22.553917                      398.53244                                584.63471                        8.7949004
              3       1250.1374       1.0418079     0.022473106      0.11834921     0.067955703       3.0641552      0.96901046       11.524265      0.02322042       1.2547665      0.99897661       0.3057151      0.69420665      0.81405475     0.048565351      0.25575774      0.82177217       13.779979       147.42204       68.024958   2.1416362e-09       8.9636688       15.900728       1015.6351        15.84678       1404.9936      -20.144101       -20.144101       2540.5631                                  88.18689           15.84678             1404.9936          15.900728                      23.022289                      400.87487                                583.14191                        8.5960233
              1        1249.566       1.0418079     0.022473106      0.11834921     0.067955703       3.0641552      0.96901046       11.538875      0.01934688       1.0812853      0.99925329       0.3057151      0.69420665      0.81405475     0.048565351      0.25575774      0.82177217       13.779979       147.42204       68.024958   2.1416362e-09       8.9636688       15.900728       1015.7423        15.84678       1404.9936      -18.933128       -18.933128       2536.9983                                 84.514802           15.84678             1404.9936          15.900728                      22.982409                      400.87487                                583.28378                         8.601289
              1       1251.3451       1.0418079     0.022473106      0.11834921     0.067955703       3.0641552      0.96901046       11.511636     0.021960539       1.1230621      0.99818434       0.3057151      0.69420665      0.81405475     0.048565351      0.25575774      0.82177217       13.779979       147.42204       68.024958   2.1416362e-09       8.9636688       15.900728       1016.8099        15.84678       1404.9936      -19.443978       -19.443978       2541.5781                                 88.027108           15.84678             1404.9936          15.900728                      23.138107                       400.9155                                584.15108                        8.6051964
