#        weight    minuslogpost     theta_s_100         omega_b       omega_cdm        tau_reio            logA             n_s     shmr_log_Mc          shmr_N       shmr_beta        A_planck         Omega_m    Omega_Lambda          sigma8         Omega_b       Omega_cdm              S8             age         rs_drag              H0             A_s          z_reio       chi2__BAO       chi2__CMB        chi2__H0        chi2__SN   minuslogprior minuslogprior__0            chi2 chi2__jwst_likelihood_uvlf.UVLFLikelihood chi2__H0.riess2020 chi2__sn.pantheonplus chi2__bao.desi_dr2 chi2__planck_2018_lowl.TT_clik chi2__planck_2018_lowl.EE_clik chi2__planck_2018_highl_plik.TTTEEE_lite chi2__planck_2018_lensing.native
              2       1311.2112        1.041313     0.022460937      0.12029889     0.063924415       3.0505557      0.96603889            11.5          0.0297            1.35         1.00107      0.31796553      0.68195418      0.81379133     0.049801996      0.26673531      0.83780404       13.804749       146.91863       67.156888   2.1127081e-09       8.6169281        38.17902       1104.2827       21.608997       1403.4795      -20.717993       -20.717993       2663.8583                                 96.308138          21.608997             1403.4795           38.17902                      22.448421                      399.11331                                673.24657                        9.4743695
              2       1279.1364       1.0412679     0.022423883      0.11993314     0.064641747       3.0582967      0.96897896            11.5          0.0297            1.35       1.0012367      0.31631457      0.68360533      0.81674081     0.049601005      0.26528876      0.83865479       13.808489       147.05605       67.237285   2.1291261e-09       8.6885223       34.334472        1039.219        21.03785       1403.6265      -20.712253       -20.712253       2599.6972                                 101.47949           21.03785             1403.6265          34.334472                       22.35199                      399.38034                                608.51409                        8.9725315
              1       1270.6989       1.0412679     0.022423883      0.11993314     0.064641747       3.0582967      0.96897896       11.505965      0.02956236        1.377409      0.99666348      0.31631457      0.68360533      0.81674081     0.049601005      0.26528876      0.83865479       13.808489       147.05605       67.237285   2.1291261e-09       8.6885223       34.334472       1023.8165        21.03785       1403.6265      -19.937788       -19.937788       2581.2733                                 98.458073           21.03785             1403.6265          34.334472                      22.977199                        399.476                                 591.8232                        9.5400713
              4       1267.2373       1.0412679     0.022423883      0.11993314     0.064641747       3.0582967      0.96897896       11.661339     0.027233608       1.2826191      0.99811123      0.31631457      0.68360533      0.81674081     0.049601005      0.26528876      0.83865479       13.808489       147.05605       67.237285   2.1291261e-09       8.6885223       34.334472       1021.0242        21.03785       1403.6265      -20.118259       -20.118259        2574.711                                 94.688028           21.03785             1403.6265          34.334472                      22.772456                      399.42727                                589.59426                        9.2302393
              1       1267.3499       1.0412278     0.022384047      0.11967726     0.064795908       3.0597523      0.96714869       11.661339     0.027233608       1.2826191      0.99850402      0.31527377      0.68464623      0.81603885     0.049452232      0.26439847      0.83655428       13.812843        147.1678       67.278508   2.1322274e-09       8.7088776       31.975683       1019.4908       20.747967       1403.7281      -20.240322       -20.240322       2575.1804                                 99.237746          20.747967             1403.7281          31.975683                      23.220135                      399.59805                                587.52556                        9.1470921
              1       1266.1765       1.0412117       0.0226441      0.11895453     0.062712011       3.0643373      0.96881334       11.661339     0.027233608       1.2826191       1.0026561      0.30978215      0.69013898       0.8149045     0.049315254      0.25906408       0.8280838       13.782231       147.07141       67.762106   2.1420263e-09       8.4309235       23.317399       1023.8617        17.49745       1404.3814        -19.5433         -19.5433       2571.4397                                  102.3817           17.49745             1404.3814          23.317399                      23.011963                      398.41246                                593.58247                        8.8548118
              1       1262.5169       1.0412117       0.0226441      0.11895453     0.062712011       3.0643373      0.96881334       11.659094     0.028732313       1.2553148       1.0019594      0.30978215      0.69013898       0.8149045     0.049315254      0.25906408       0.8280838       13.782231       147.07141       67.762106   2.1420263e-09       8.4309235       23.317399       1026.4447        17.49745       1404.3814      -19.837719       -19.837719       2564.7093                                 93.068339           17.49745             1404.3814          23.317399                      23.113075                      398.40459                                595.94479                        8.9822575
              3       1258.8474       1.0413349     0.022637029       0.1185394     0.060777149       3.0592507      0.97002463       11.659094     0.028732313       1.2553148       1.0028932      0.30720071      0.69272085      0.81192952     0.049034574      0.25677086      0.82161585       13.777426       147.18914       67.945157   2.1311582e-09       8.2386017         19.1588       1020.5225       16.339276       1404.7572      -19.490222       -19.490222       2556.6753                                 95.897577          16.339276             1404.7572            19.1588                      22.656374                      397.57708                                591.71395                        8.5751025
              1       1257.1122       1.0413349     0.022637029       0.1185394     0.060777149       3.0592507      0.97002463       11.737475     0.027886675       1.1665475        1.002093      0.30720071      0.69272085      0.81192952     0.049034574      0.25677086      0.82161585       13.777426       147.18914       67.945157   2.1311582e-09       8.2386017         19.1588       1022.8225       16.339276       1404.7572      -19.210422       -19.210422       2552.6452                                 89.567399          16.339276             1404.7572            19.1588                      22.766058                      397.59379                                593.86057                        8.6021141
              1       1256.8089       1.0412799     0.022612478      0.11762508     0.071321085       3.0803304      0.97577632       11.737475     0.027886675       1.1665475       1.0050863      0.30259661      0.69732561      0.81917092      0.04856883      0.25264426       0.8227084       13.777444       147.46092       68.233124   2.1765592e-09        9.226181       13.982187       1027.5256       14.597547       1405.5384      -17.540533       -17.540533       2548.6989                                 87.055231          14.597547             1405.5384          13.982187                      21.783575                      402.17451                                594.90721                        8.6602739
              6       1256.4098         1.04128      0.02260291      0.11757767     0.073659156       3.0849248      0.97569333       11.737475     0.027886675       1.1665475       1.0044995       0.3023982      0.69752404      0.82089959     0.048536079      0.25247895       0.8241742       13.778241       147.48446         68.2417   2.1865823e-09       9.4423676       13.781108       1028.8346       14.547183       1405.5753      -18.008496       -18.008496       2548.8365                                 86.098316          14.547183             1405.5753          13.781108                      21.938706                       403.5351                                594.52166                        8.8391699
              4        1256.884       1.0412389     0.022634194      0.11754314      0.07425217       3.0852265      0.97542133       11.737475     0.027886675       1.1665475       1.0043401      0.30215463      0.69776767      0.82064624     0.048565226      0.25220731      0.82358795       13.775957       147.45902       68.268413   2.1872419e-09       9.4872894       13.707629       1029.6406       14.390856       1405.6209      -18.059879       -18.059879       2549.8877                                 86.527615          14.390856             1405.6209          13.707629                      21.982865                      403.92513                                594.97134                        8.7612837
              1       1256.4978       1.0412681     0.022631032      0.11720725     0.075514955       3.0847708      0.97741893       11.737475     0.027886675       1.1665475       1.0033217      0.30029501      0.69962759      0.81993075     0.048376059      0.25054204       0.8203338       13.773821       147.55253       68.396981   2.1862456e-09       9.5953827       12.279799       1032.1122       13.650289        1405.983      -18.690615       -18.690615       2550.3768                                 86.351532          13.650289              1405.983          12.279799                      21.668203                       404.4597                                597.35621                        8.6280886
              1       1255.1339       1.0412681     0.022631032      0.11720725     0.075514955       3.0847708      0.97741893       11.708075     0.027126725       1.1159002       1.0032495      0.30029501      0.69962759      0.81993075     0.048376059      0.25054204       0.8203338       13.773821       147.55253       68.396981   2.1862456e-09       9.5953827       12.279799       1032.2183       13.650289        1405.983      -18.696466       -18.696466       2547.6607                                 83.529382          13.650289              1405.983          12.279799                      21.676364                      404.46561                                597.44163                        8.6346638
              4       1255.2909       1.0412681     0.022631032      0.11720725     0.075514955       3.0847708      0.97741893       11.674112     0.027418504       1.1532534       1.0032343      0.30029501      0.69962759      0.81993075     0.048376059      0.25054204       0.8203338       13.773821       147.55253       68.396981   2.1862456e-09       9.5953827       12.279799       1032.2468       13.650289        1405.983      -19.002361       -19.002361       2548.5866                                 84.426714          13.650289              1405.983          12.279799                      21.678075                       404.4709                                597.46171                         8.636078
              5       1255.1812       1.0412675     0.022630694      0.11720706     0.075516142       3.0847486      0.97740373       11.674112     0.027418504       1.1532534       1.0033752      0.30029797      0.69962462        0.819917     0.048375995      0.25054505      0.82032408       13.773877       147.55296       68.396515    2.186197e-09       9.5953827       12.281663       1031.8847       13.652938       1405.9824      -18.928551       -18.928551       2548.2194                                 84.417684          13.652938             1405.9824          12.281663                      21.663415                       404.4597                                597.13771                        8.6239143
              1       1255.6323       1.0412675     0.022630694      0.11720706     0.075516142       3.0847486      0.97740373       11.690883     0.027187924       1.1165869       1.0030991      0.30029797      0.69962462        0.819917     0.048375995      0.25054505      0.82032408       13.773877       147.55296       68.396515    2.186197e-09       9.5953827       12.281663       1032.3213       13.652938       1405.9824      -18.865307       -18.865307       2548.9952                                 84.756925          13.652938             1405.9824          12.281663                      21.694662                      404.47759                                597.49942                        8.6496432
              1       1254.4971       1.0411781     0.022665317       0.1166517     0.071926266       3.0762022      0.97647166       11.690883     0.027187924       1.1165869        1.003857       0.2974176      0.70250545      0.81392549     0.048163823      0.24788499      0.81041478       13.770156       147.66307       68.599416   2.1675924e-09       9.2479401       10.975588       1032.4208       12.523888       1406.5903      -18.368213       -18.368213       2545.7307                                   83.2201          12.523888             1406.5903          10.975588                      21.641871                      402.30483                                599.93587                        8.5382524
              2       1253.0372       1.0414659     0.022412186      0.11725571      0.06199048       3.0668604      0.97139813       11.690883     0.027187924       1.1165869       1.0080338      0.30122336       0.6986989      0.81203201     0.048114718       0.2517258        0.813686        13.79155       147.78186       68.250075   2.1474375e-09       8.3874054       12.252106        1018.573       14.498082       1405.7992      -14.743939       -14.743939       2535.5623                                 84.439868          14.498082             1405.7992          12.252106                      22.209839                      397.95645                                589.81818                        8.5885551
              3       1250.9145       1.0418721     0.022471326      0.11630978     0.062113497       3.0587883       0.9744991       11.690883     0.027187924       1.1165869       1.0048103      0.29468711      0.70523635      0.80647546     0.047495059      0.24583061      0.79930237       13.768486       147.97051       68.784429   2.1301731e-09       8.3691559       10.382232       1020.8396       11.536843         1407.22      -18.016573       -18.016573       2537.8622                                 87.883543          11.536843               1407.22          10.382232                      21.732713                      397.81296                                  591.601                        9.6929606
              3       1249.3222       1.0420192     0.022583983      0.11635859     0.080009141        3.088928      0.97582388       11.690883     0.027187924       1.1165869       1.0023812      0.29389411      0.70602965      0.81894262     0.047549655      0.24498825      0.81056582       13.752326       147.83336       68.917036    2.195353e-09       9.9944153       10.497289       1025.1848        10.85431       1407.4128      -19.267868       -19.267868       2537.1802                                 83.230984           10.85431             1407.4128          10.497289                      22.063944                      407.36664                                587.31472                        8.4395427
              4       1252.6659       1.0419613     0.022449068       0.1163995     0.081885867       3.0907844      0.97902063       11.690883     0.027187924       1.1165869        1.001502      0.29502469      0.70489872      0.82139088     0.047479395      0.24618296      0.81455128       13.768645       147.97324       68.761694   2.1994323e-09       10.199371       10.356737        1029.946       11.655953       1407.1393      -19.705112       -19.705112        2544.742                                 85.644053          11.655953             1407.1393          10.356737                      21.540426                      408.53735                                591.31074                        8.5575037
              1       1253.5452       1.0419613     0.022449068       0.1163995     0.081885867       3.0907844      0.97902063       11.833629     0.026384648      0.98937132       1.0009652      0.29502469      0.70489872      0.82139088     0.047479395      0.24618296      0.81455128       13.768645       147.97324       68.761694   2.1994323e-09       10.199371       10.356737       1030.7063       11.655953       1407.1393      -18.260809       -18.260809       2543.6119                                 83.753659          11.655953             1407.1393          10.356737                      21.600029                      408.55379                                 592.0009                        8.5515766
              4       1253.9296       1.0420685      0.02264163      0.11600885     0.069669649       3.0739315        0.980727       11.833629     0.026384648      0.98937132       1.0043495      0.29161191      0.70831228      0.81289627     0.047400028      0.24286339      0.80145128       13.742981        147.8623       69.113764   2.1626761e-09       9.0352631       11.214679       1027.6088       9.8800761       1407.9924      -16.547134       -16.547134       2540.9534                                 84.257506          9.8800761             1407.9924          11.214679                      21.128317                      400.81439                                596.73331                        8.9327405
              9       1257.3328       1.0419727     0.022708165      0.11589495     0.070238104       3.0738302      0.98028697       11.833629     0.026384648      0.98937132       1.0024023      0.29092946      0.70899488       0.8119316     0.047444198      0.24213947      0.79956296       13.738179       147.81894       69.183011   2.1624571e-09       9.0682526       11.417696       1035.4793       9.5480459        1408.173      -17.440972       -17.440972       2549.5476                                 84.929596          9.5480459              1408.173          11.417696                      21.358969                       401.1121                                604.36584                        8.6423822
              7       1252.5445       1.0422964     0.022518038      0.11706502     0.079533074        3.085685      0.97276189       11.833629     0.026384648      0.98937132      0.99813285      0.29716903      0.70275423      0.81973284     0.047720157      0.24808382      0.81585594       13.754557       147.71679       68.693294   2.1882452e-09       9.9859924         10.3583        1028.304       12.017987       1406.6455      -17.989152       -17.989152       2541.0674                                 83.741584          12.017987             1406.6455            10.3583                      22.956952                      407.51672                                589.26339                        8.5669438
              5       1252.8862       1.0422964     0.022518038      0.11706502     0.079533074        3.085685      0.97276189       11.777603     0.023996056      0.97928256      0.99813285      0.29716903      0.70275423      0.81973284     0.047720157      0.24808382      0.81585594       13.754557       147.71679       68.693294   2.1882452e-09       9.9859924         10.3583        1028.304       12.017987       1406.6455      -18.107689       -18.107689       2541.9878                                 84.662031          12.017987             1406.6455            10.3583                      22.956952                      407.51672                                589.26339                        8.5669438
              7       1249.8553       1.0421407     0.022469848      0.11675328     0.073813698       3.0737994      0.97355876       11.777603     0.023996056      0.97928256      0.99928601      0.29625131      0.70367199      0.81408349     0.047593136      0.24729383      0.80898125       13.762825       147.85376        68.71126   2.1623905e-09       9.4767609        10.30485        1023.261       11.922361       1406.8529      -18.396474       -18.396474       2536.5036                                 84.162534          11.922361             1406.8529           10.30485                      22.390007                      403.75982                                 588.5399                        8.5712266
             13       1249.8038       1.0421502     0.022457885      0.11670911     0.074034921       3.0733863      0.97381773       11.777603     0.023996056      0.97928256       1.0003891      0.29605811      0.70386521      0.81389739     0.047555863      0.24713826      0.80853256       13.763602       147.87904        68.71988   2.1614975e-09       9.4992218       10.301965       1023.2327       11.876615       1406.8973      -18.435093       -18.435093       2536.4777                                 84.169133          11.876615             1406.8973          10.301965                        22.1569                      403.81424                                588.40112                        8.8604882
              5       1250.1179       1.0419958     0.022366368       0.1175269     0.068740347       3.0615646      0.97350381       11.777603     0.023996056      0.97928256      0.99796826      0.30136601      0.69855634      0.81214597      0.04796206      0.25202268      0.81399286       13.781932       147.76089       68.288697   2.1360953e-09       9.0493011       11.793086       1020.5963       14.272723       1405.7716        -18.1585         -18.1585       2536.5527                                 84.119077          14.272723             1405.7716          11.793086                      22.110659                      401.03641                                588.59276                        8.8564602
              1       1250.4462       1.0420063     0.022352449      0.11761611     0.068665744       3.0618007      0.97311128       11.777603     0.023996056      0.97928256      0.99787661      0.30189132      0.69803094      0.81250032     0.047990052      0.25251832      0.81505745       13.783528       147.75249       68.247532   2.1365996e-09       9.0471954       12.072871       1020.8004       14.512983       1405.6707      -18.128992       -18.128992       2537.1503                                 84.093356          14.512983             1405.6707          12.072871                       22.20094                      401.03701                                588.76437                        8.7980677
              1       1249.9657        1.042004     0.022390218      0.11784691     0.068989734       3.0642488      0.97309668       11.777603     0.023996056      0.97928256      0.99854567      0.30291472      0.69700742      0.81413681     0.048142149      0.25338759      0.81808222       13.780651       147.64854       68.197181   2.1418366e-09        9.072464       12.851904       1019.3319       14.809585       1405.4798      -18.314603       -18.314603       2536.5605                                 84.087398          14.809585             1405.4798          12.851904                      22.228492                        401.231                                587.14672                        8.7256421
              2       1250.4928       1.0421359      0.02239651      0.11795967     0.068701843       3.0614589      0.97380526       11.777603     0.023996056      0.97928256      0.99859872      0.30308854      0.69683362       0.8137074     0.048142629      0.25356131      0.81788529       13.776574       147.61132       68.206424   2.1358694e-09       9.0464935       12.860832       1020.4401       14.754914       1405.4481      -18.324729       -18.324729       2537.6351                                 84.131176          14.754914             1405.4481          12.860832                      21.949285                      400.98911                                588.48646                        9.0152261
             11       1253.2029       1.0420499     0.022492299      0.11797649      0.06076023       3.0403441      0.97317577       11.777603     0.023996056      0.97928256      0.99438328      0.30287858       0.6970437      0.80456021     0.048276481      0.25321955      0.80841098       13.768981       147.49947       68.257302   2.0912439e-09       8.2624664       13.015951       1018.4808       14.455774       1405.4864      -15.891954       -15.891954       2538.1897                                 86.750721          14.455774             1405.4864          13.015951                      22.035445                      397.47803                                589.28609                        9.6812701
              1       1253.6593       1.0422172     0.022413296      0.11823364     0.062360931       3.0431603      0.97057514       11.777603     0.023996056      0.97928256       0.9939186      0.30421513       0.6957069      0.80625424     0.048258277      0.25456996      0.81189859       13.773632        147.5188       68.150172   2.0971414e-09       8.4421539       13.719765       1017.6464       15.089212       1405.2474      -15.516413       -15.516413       2538.3514                                 86.648676          15.089212             1405.2474          13.719765                      22.553504                      398.20766                                587.52356                        9.3616244
              1       1255.1215       1.0422042     0.022378481      0.11839859     0.061024248       3.0387973       0.9705997       11.777603     0.023996056      0.97928256      0.99323498      0.30534389      0.69457792       0.8052016     0.048317593      0.25563554      0.81234146       13.778505       147.51341       68.055409   2.0880116e-09       8.3228302       14.671119       1017.6106       15.660836        1405.055      -14.825512       -14.825512        2539.894                                 86.896447          15.660836              1405.055          14.671119                      22.450633                       397.7217                                587.80695                        9.6312779
              4       1255.5943       1.0422042     0.022378481      0.11839859     0.061024248       3.0387973       0.9705997       11.820787     0.030775205       1.0365414      0.99276645      0.30534389      0.69457792       0.8052016     0.048317593      0.25563554      0.81234146       13.778505       147.51341       68.055409   2.0880116e-09       8.3228302       14.671119       1018.3002       15.660836        1405.055      -14.638913       -14.638913       2540.4664                                 86.779346          15.660836              1405.055          14.671119                      22.512946                      397.71323                                588.59159                        9.4823783
              1       1256.1348       1.0422042     0.022378481      0.11839859     0.061024248       3.0387973       0.9705997       11.731277     0.031466163       1.0575436      0.99412961      0.30534389      0.69457792       0.8052016     0.048317593      0.25563554      0.81234146       13.778505       147.51341       68.055409   2.0880116e-09       8.3228302       14.671119       1018.3388       15.660836        1405.055      -16.756509       -16.756509       2545.7827                                 92.056903          15.660836              1405.055          14.671119                      22.333528                      397.68626                                588.36868                        9.9503419
              1       1253.6608       1.0422042     0.022378481      0.11839859     0.061024248       3.0387973       0.9705997       11.718857     0.030982413       1.0844274      0.99440365      0.30534389      0.69457792       0.8052016     0.048317593      0.25563554      0.81234146       13.778505       147.51341       68.055409   2.0880116e-09       8.3228302       14.671119       1019.1205       15.660836        1405.055      -17.206195       -17.206195       2541.7341                                  87.22659          15.660836              1405.055          14.671119                       22.29806                      397.68626                                589.07906                        10.057153
              4       1253.9906       1.0421491     0.022240489      0.11728895     0.063989792       3.0416063      0.97323595       11.718857     0.030982413       1.0844274      0.99448552      0.30036369      0.69955872      0.80383752     0.047656879      0.25132656      0.80432461        13.78967       147.96518       68.313945    2.093885e-09        8.624649       11.019355       1027.1236       14.126354       1405.9691      -17.238131       -17.238131       2542.4575                                 84.219026          14.126354             1405.9691          11.019355                      21.808705                      398.77563                                595.60596                        10.933329
              1       1249.8479        1.042191     0.022306292      0.11695039     0.066772304       3.0600799      0.97384667       11.718857     0.030982413       1.0844274       1.0002484      0.29806631      0.70185654      0.81005013     0.047524768      0.24916917      0.80743526       13.779747        147.9829       68.509956   2.1329261e-09       8.8682098       10.407726       1023.9949       13.015689       1406.4483      -19.702774       -19.702774       2539.1014                                 85.234798          13.015689             1406.4483          10.407726                      21.931705                      399.96459                                592.78071                        9.3179142
             10       1250.4019        1.042191     0.022306292      0.11695039     0.066772304       3.0600799      0.97384667       11.702156     0.032682092       1.1160007       1.0006342      0.29806631      0.70185654      0.81005013     0.047524768      0.24916917      0.80743526       13.779747        147.9829       68.509956   2.1329261e-09       8.8682098       10.407726       1023.8883       13.015689       1406.4483      -19.794312       -19.794312       2540.3925                                 86.632517          13.015689             1406.4483          10.407726                      21.885863                      399.95333                                592.61133                        9.4377304
              3       1250.3484       1.0422051     0.022337513      0.11681718     0.067708178       3.0615908       0.9745156       11.702156     0.032682092       1.1160007       1.0001622      0.29714396      0.70277907      0.81027694     0.047478631      0.24829621      0.80641075       13.775342       147.98394       68.591186   2.1361512e-09       8.9461212       10.310146       1024.0446        12.56874        1406.651      -19.830793       -19.830793       2540.3583                                 86.783881           12.56874              1406.651          10.310146                      21.862311                      400.38623                                592.47957                        9.3164525
             15       1250.1617       1.0422051     0.022337513      0.11681718     0.067708178       3.0615908       0.9745156       11.715757     0.032948864       1.0538877       1.0001622      0.29714396      0.70277907      0.81027694     0.047478631      0.24829621      0.80641075       13.775342       147.98394       68.591186   2.1361512e-09       8.9461212       10.310146       1024.0446        12.56874        1406.651      -19.496528       -19.496528       2539.3165                                 85.742013           12.56874              1406.651          10.310146                      21.862311                      400.38623                                592.47957                        9.3164525
              5       1250.8711       1.0422051     0.022337513      0.11681718     0.067708178       3.0615908       0.9745156       11.840624     0.030848707      0.99990114       1.0009643      0.29714396      0.70277907      0.81027694     0.047478631      0.24829621      0.80641075       13.775342       147.98394       68.591186   2.1361512e-09       8.9461212       10.310146       1024.2739        12.56874        1406.651      -18.407087       -18.407087       2538.5564                                 84.752659           12.56874              1406.651          10.310146                      21.768513                       400.3376                                592.59082                          9.57693
              8        1248.932       1.0422209     0.022532095      0.11656966     0.068242894       3.0654573      0.97449412       11.840624     0.030848707      0.99990114       1.0013543      0.29470658      0.70521705      0.81013836     0.047517367      0.24583081      0.80295921       13.752894       147.83313       68.861202   2.1444265e-09       8.9419098       10.404115       1020.7326        11.13915       1407.2154      -18.214197       -18.214197       2534.2923                                 84.801043           11.13915             1407.2154          10.404115                      21.987917                      400.51017                                589.08936                        9.1451973
              3       1250.9924       1.0422209     0.022532095      0.11656966     0.068242894       3.0654573      0.97449412       11.904038     0.032256974      0.95969504       1.0018971      0.29470658      0.70521705      0.81013836     0.047517367      0.24583081      0.80295921       13.752894       147.83313       68.861202   2.1444265e-09       8.9419098       10.404115       1020.7807        11.13915       1407.2154      -17.200814       -17.200814       2536.3864                                 86.847085           11.13915             1407.2154          10.404115                      21.922795                      400.49431                                589.05225                        9.3113544
              4       1250.8942        1.042215     0.022529094      0.11657861     0.065854472       3.0600992      0.97414087       11.904038     0.032256974      0.95969504       1.0017349      0.29478724      0.70513638      0.80790264      0.04752202       0.2459065      0.80085288       13.753434       147.83384       68.853246   2.1329672e-09       8.7180023       10.392287       1020.7274       11.180039        1407.196      -17.251877       -17.251877       2536.2921                                 86.796262          11.180039              1407.196          10.392287                      21.891678                      399.35317                                589.74831                        9.7342841
              3       1252.3208        1.042215     0.022529094      0.11657861     0.065854472       3.0600992      0.97414087       11.942588     0.034953219      0.95334883       1.0006763      0.29478724      0.70513638      0.80790264      0.04752202       0.2459065      0.80085288       13.753434       147.83384       68.853246   2.1329672e-09       8.7180023       10.392287       1020.9318       11.180039        1407.196      -16.761968       -16.761968       2538.1655                                 88.465347          11.180039              1407.196          10.392287                       22.01857                        399.373                                590.18831                        9.3519394
              3       1254.4894       1.0420682     0.022565485      0.11742832     0.070973943       3.0707314      0.97457534       11.942588     0.034953219      0.95334883       1.0003294       0.2994865      0.70043639      0.81508646      0.04805288      0.25006194      0.81438857       13.758031        147.5657       68.527142   2.1557664e-09       9.2037201       11.113781       1019.2646       12.920474       1406.1479      -16.737441       -16.737441       2542.4536                                 93.006876          12.920474             1406.1479          11.113781                      22.075018                      402.05832                                586.48719                        8.6440911
              2       1253.5653       1.0420574      0.02255485      0.11770023     0.069797782       3.0663985      0.97222573       11.942588     0.034953219      0.95334883      0.99839269      0.30102189      0.69890075      0.81358489      0.04818695      0.25145878      0.81496936       13.760775       147.50466       68.415618   2.1464458e-09       9.1026459       11.877257       1018.3057       13.544563       1405.8387      -16.555771       -16.555771       2540.2421                                 90.675966          13.544563             1405.8387          11.877257                      22.558006                      401.55176                                585.60645                        8.5894389
              1       1254.4976       1.0420761     0.022644178      0.11740658     0.072617483       3.0730495      0.97175535       11.942588     0.034953219      0.95334883      0.99842193      0.29889857       0.7010245      0.81474729     0.048106309      0.24942383      0.81325027       13.749289       147.48428       68.608394   2.1607694e-09       9.3335724        10.97395       1021.8123       12.475054       1406.2706      -16.400413       -16.400413        2541.796                                 90.264068          12.475054             1406.2706           10.97395                      22.901698                      403.12853                                 587.3387                        8.4433906
              9       1252.9227       1.0419252     0.022737151       0.1168483     0.067117062        3.063295      0.97091402       11.942588     0.034953219      0.95334883       1.0005736      0.29587567      0.70404792       0.8080201      0.04797397      0.24654261      0.80244665       13.741194       147.53007       68.843857   2.1397947e-09       8.7895966       10.399154       1021.4173       11.228391       1406.9395      -16.341959       -16.341959       2538.5293                                 88.544879          11.228391             1406.9395          10.399154                      22.737957                      400.03799                                589.79674                         8.844621
              1       1254.0204       1.0418638     0.022726276      0.11675239     0.068899674       3.0679318      0.97216444       11.942588     0.034953219      0.95334883       1.0023419      0.29561207      0.70431154      0.80993242     0.047944814      0.24630834      0.80398738       13.743717       147.56801       68.848316   2.1497397e-09       8.9566498       10.385536       1023.0824       11.205417       1407.0009       -15.95985        -15.95985       2539.9604                                 88.286138          11.205417             1407.0009          10.385536                      22.395462                      400.87688                                590.88198                        8.9281226
              3       1252.8133       1.0419719     0.022654847      0.11730521     0.060749155       3.0538321      0.97406406       11.942588     0.034953219      0.95334883       1.0008688       0.2986081        0.701315       0.8071859     0.048113221      0.24912689      0.80531119        13.75077       147.49841       68.619626   2.1196416e-09       8.2112274       10.941741       1020.5516       12.414098       1406.3321      -16.515913       -16.515913       2538.6584                                 88.418866          12.414098             1406.3321          10.941741                      22.032557                      397.34601                                592.20056                        8.9724608
             14       1251.6146       1.0420607     0.022605864      0.11702627     0.062273732       3.0559699      0.97455528       11.942588     0.034953219      0.95334883       1.0015092      0.29715593      0.70276736      0.80749876     0.047887403      0.24790401      0.80366201       13.752018        147.6277        68.70683   2.1241778e-09       8.3656464       10.464167       1018.7402       11.945904       1406.6484      -16.494402       -16.494402       2536.2181                                 88.419396          11.945904             1406.6484          10.464167                      21.880451                      397.88698                                589.73086                        9.2419176
              8       1248.6964       1.0420607     0.022605864      0.11702627     0.062273732       3.0559699      0.97455528       11.950624     0.030225741       1.0142377       1.0018755      0.29715593      0.70276736      0.80749876     0.047887403      0.24790401      0.80366201       13.752018        147.6277        68.70683   2.1241778e-09       8.3656464       10.464167       1018.1732       11.945904       1406.6484      -16.958654       -16.958654         2531.31                                 84.078347          11.945904             1406.6484          10.464167                      21.837649                      397.87067                                589.10897                        9.3558926
              3       1251.4536       1.0420607     0.022605864      0.11702627     0.062273732       3.0559699      0.97455528       11.811854     0.029402571      0.95318636       1.0011182      0.29715593      0.70276736      0.80749876     0.047887403      0.24790401      0.80366201       13.752018        147.6277        68.70683   2.1241778e-09       8.3656464       10.464167        1019.831       11.945904       1406.6484      -18.134054       -18.134054       2539.1753                                 90.285814          11.945904             1406.6484          10.464167                      21.926681                      397.88698                                590.88871                        9.1286305
              1       1251.1621       1.0420607     0.022605864      0.11702627     0.062273732       3.0559699      0.97455528       11.897349     0.030756805      0.98963695       1.0026236      0.29715593      0.70276736      0.80749876     0.047887403      0.24790401      0.80366201       13.752018        147.6277        68.70683   2.1241778e-09       8.3656464       10.464167       1018.4504       11.945904       1406.6484      -17.117477       -17.117477       2536.5592                                 89.050351          11.945904             1406.6484          10.464167                      21.751575                      397.86285                                589.22384                        9.6120947
              2       1250.9696       1.0420201     0.022596723      0.11696464     0.063527014       3.0562926       0.9754588       11.897349     0.030756805      0.98963695       1.0005743      0.29700111      0.70292218      0.80769282     0.047867252      0.24776937      0.80364571       13.753904       147.65452       68.707395   2.1248634e-09       8.4863739       10.443806       1019.8897       11.942901        1406.683      -17.658526       -17.658526       2537.2562                                 88.296838          11.942901              1406.683          10.443806                      21.748396                      398.29078                                590.57249                        9.2780291
              2       1250.1915       1.0420093     0.022499282      0.11706865     0.065655414       3.0611708      0.97409954       11.897349     0.030756805      0.98963695       1.0009067      0.29813259      0.70179042      0.81001243     0.047840169      0.24892279      0.80748745       13.765131       147.73528       68.578499   2.1352542e-09       8.7151947       10.613314       1019.0002       12.638031        1406.434       -17.76007        -17.76007       2535.9032                                  87.21762          12.638031              1406.434          10.613314                      21.997121                      399.35327                                588.70857                        8.9412053
              2       1249.1801       1.0420474     0.022527292      0.11733717     0.069047445       3.0682995      0.97366234       11.897349     0.030756805      0.98963695        1.001132      0.29928269      0.70064018      0.81363311     0.047983034      0.24992765      0.81265981       13.762292       147.63238       68.518942   2.1505301e-09       9.0324554       10.995582       1018.0513       12.965862       1406.1901      -17.689915       -17.689915         2533.74                                 85.537178          12.965862             1406.1901          10.995582                      22.158481                      401.08977                                586.12506                        8.6779409
              4       1248.6292       1.0420474     0.022527292      0.11733717     0.069047445       3.0682995      0.97366234        11.72523     0.033762947       1.1125849        1.001132      0.29928269      0.70064018      0.81363311     0.047983034      0.24992765      0.81265981       13.762292       147.63238       68.518942   2.1505301e-09       9.0324554       10.995582       1018.0513       12.965862       1406.1901      -19.390852       -19.390852         2536.04                                 87.837204          12.965862             1406.1901          10.995582                      22.158481                      401.08977                                586.12506                        8.6779409
              3       1247.9982       1.0423363     0.022572689      0.11742897     0.066602396       3.0640275      0.97299511        11.72523     0.033762947       1.1125849       1.0010508      0.29866182      0.70126129      0.81208014      0.04793318      0.24936081      0.81026693       13.749283       147.55708       68.623605   2.1413627e-09        8.793808       10.689977       1018.3166       12.392539       1406.3207      -19.338725       -19.338725       2534.6738                                 86.954023          12.392539             1406.3207          10.689977                      22.274967                      399.84549                                587.37928                        8.8168703
              4       1247.5109       1.0422846     0.022551966      0.11724719     0.056648272       3.0425759       0.9744549        11.72523     0.033762947       1.1125849       1.0006586      0.29797156      0.70195161      0.80327817     0.047847386      0.24875754       0.8005579       13.752163       147.62788       68.653565   2.0959162e-09       7.8314972       10.518424       1019.3875       12.230809        1406.469      -19.424497       -19.424497       2533.8707                                 85.265067          12.230809              1406.469          10.518424                      21.695246                      396.23916                                591.05395                        10.399139
              1       1247.8959       1.0420126     0.022577999      0.11748906     0.061153521       3.0498494       0.9749464        11.72523     0.033762947       1.1125849      0.99971292       0.2999005      0.70002232      0.80685354     0.048120925      0.25040671      0.80671972        13.75864       147.53459       68.497661   2.1112165e-09       8.2715912       11.357864       1018.4361       13.084021       1406.0629      -19.411721       -19.411721       2534.6153                                 85.674359          13.084021             1406.0629          11.357864                      21.709515                      397.50595                                589.68107                        9.5395629
              1       1248.6249       1.0419439     0.022583076      0.11725804     0.059580781       3.0483503      0.97502844        11.72523     0.033762947       1.1125849       1.0018601      0.29885002      0.70107295       0.8053845     0.048040291      0.24943948      0.80383939       13.759043       147.59065       68.562829   2.1080538e-09       8.1129608       10.960603       1020.2921       12.723878       1406.2808      -19.132954       -19.132954       2535.5157                                 85.258293          12.723878             1406.2808          10.960603                      21.528647                      396.94291                                591.61119                        10.209348
              2       1248.5832        1.041934     0.022407825      0.11702575     0.068381706        3.064757      0.96995995        11.72523     0.033762947       1.1125849       1.0001816      0.29864387      0.70127892      0.81035022     0.047773193      0.24949739      0.80851658       13.776933       147.84917       68.486933   2.1429254e-09       8.9945526        10.70258       1020.6905       13.143789       1406.3244      -19.593323       -19.593323        2536.353                                 85.491688          13.143789             1406.3244           10.70258                      22.824956                      400.92338                                588.24544                        8.6967214
              2       1250.5964        1.041928     0.022334382      0.11709944     0.068294475       3.0646991       0.9712281        11.72523     0.033762947       1.1125849         1.00191      0.29946993      0.70045265      0.81128575      0.04774824      0.25034461       0.8105687       13.785315       147.91146        68.39247   2.1428012e-09       9.0071869       10.902023         1022.93       13.675944       1406.1512      -19.315445       -19.315445       2539.8236                                 86.164431          13.675944             1406.1512          10.902023                      22.315417                      400.87268                                590.65499                         9.086965
              2       1249.7405       1.0419317     0.022334877      0.11716415      0.06848088       3.0657623      0.97109325        11.72523     0.033762947       1.1125849       1.0015165      0.29980087      0.70012166      0.81190473     0.047779823      0.25064308      0.81163523       13.785466       147.89351       68.370619   2.1450807e-09       9.0254364       11.027504       1020.9678       13.800545       1406.0832      -19.423348       -19.423348       2538.3277                                 86.448672          13.800545             1406.0832          11.027504                      22.435081                      400.94665                                588.73591                        8.8501591
              3       1251.9815       1.0418175     0.022450555      0.11650657     0.075418724       3.0772038      0.97320492        11.72523     0.033762947       1.1125849      0.99955951      0.29599671      0.70392651      0.81427197     0.047601936      0.24702901      0.80882078       13.773305       147.94197       68.675406   2.1697647e-09       9.6220551       10.323614       1026.2501       12.113579       1406.9114      -19.555721       -19.555721       2543.0745                                  87.47578          12.113579             1406.9114          10.323614                      22.513497                      404.73928                                590.56303                         8.434314
              1       1252.1541       1.0414623       0.0224971      0.11789627     0.066189337       3.0568256      0.96811318        11.72523     0.033762947       1.1125849      0.99887519      0.30417699      0.69574491      0.80882762      0.04851972      0.25426806      0.81443893        13.78562       147.51607        68.09326   2.1259962e-09       8.7811737       14.885513       1022.0913       15.431241        1405.254      -19.427928       -19.427928        2543.164                                  85.50195          15.431241              1405.254          14.885513                      22.927066                      399.95524                                590.36648                        8.8424955
             10       1251.1656       1.0414928     0.022535761      0.11784524     0.065483538       3.0561296      0.96801218        11.72523     0.033762947       1.1125849      0.99728072       0.3035861      0.69633595      0.80820529     0.048512938      0.25368652      0.81302145       13.780332       147.48668       68.156508    2.124517e-09       8.7032623       14.391894       1019.8692       15.051369       1405.3584      -18.890583       -18.890583       2540.1124                                  85.44167          15.051369             1405.3584          14.391894                      23.230112                      399.61402                                588.47942                        8.5456064
              1       1250.8096       1.0415829     0.022546991      0.11835656     0.060697097       3.0532165      0.96493932        11.72523     0.033762947       1.1125849        1.000543      0.30599762       0.6939241      0.80788843     0.048742058      0.25586307      0.81592414       13.778821       147.33742       68.013068    2.118337e-09       8.2491302       16.839856       1017.1322       15.919683       1404.9475      -19.442857       -19.442857       2540.5049                                 85.665739          15.919683             1404.9475          16.839856                       23.66925                        397.697                                587.21031                         8.555616
              6       1251.0827       1.0415572     0.022559593        0.118355     0.061091979       3.0551468      0.96594347        11.72523     0.033762947       1.1125849       1.0000423      0.30599252       0.6939292      0.80889587     0.048764684      0.25583548       0.8169348       13.778233       147.32391       68.016287   2.1224301e-09       8.2842255       16.921597         1017.78       15.899931       1404.9483      -19.447588       -19.447588       2541.0605                                 85.510612          15.899931             1404.9483          16.921597                      23.627057                      397.85184                                587.84459                        8.4565497
              4       1249.2335       1.0416506     0.022447493      0.11813691     0.060858549       3.0544684      0.96651922        11.72523     0.033762947       1.1125849       1.0015868      0.30519642      0.69472533      0.80859476     0.048509279      0.25529515      0.81556769        13.78643       147.50642       68.025464   2.1209907e-09       8.2849274       15.504465        1015.284        15.84368       1405.0796      -19.372016       -19.372016       2537.2111                                  85.49932           15.84368             1405.0796          15.504465                      23.238069                      397.76093                                585.61965                        8.6653688
              2       1249.6668       1.0416506     0.022447493      0.11813691     0.060858549       3.0544684      0.96651922       11.728832     0.034050332       1.1321995       1.0018933      0.30519642      0.69472533      0.80859476     0.048509279      0.25529515      0.81556769        13.78643       147.50642       68.025464   2.1209907e-09       8.2849274       15.504465       1015.6358        15.84368       1405.0796      -19.303682       -19.303682        2537.941                                 85.877407           15.84368             1405.0796          15.504465                      23.192625                      397.73536                                585.99309                        8.7147631
              1       1248.2691       1.0417474     0.022486133       0.1173725     0.059797448       3.0528413      0.97102926       11.728832     0.034050332       1.1321995       1.0031769      0.30059005      0.69933248      0.80659493     0.048106582      0.25110541      0.80738777       13.775805       147.66785       68.368355   2.1175424e-09       8.1585846       11.766353       1016.4181       13.813486        1405.924      -18.750053       -18.750053       2534.0384                                 86.116439          13.813486              1405.924          11.766353                      22.234627                       397.1791                                587.68998                        9.3144139
              1       1248.0674       1.0417467     0.022492112      0.11739486      0.05898128       3.0519889      0.97070247       11.728832     0.034050332       1.1321995         1.00285       0.3006769      0.69924562       0.8062038     0.048123572      0.25117515      0.80711283       13.775293       147.65512       68.365374   2.1157382e-09       8.0771637       11.827329        1016.035       13.830537       1405.9067      -18.901578       -18.901578        2533.938                                 86.338472          13.830537             1405.9067          11.827329                      22.360722                      396.95052                                587.58313                         9.140637
             12       1248.2724       1.0417467     0.022492112      0.11739486      0.05898128       3.0519889      0.97070247       11.725291     0.033781132       1.1397126       1.0030133       0.3006769      0.69924562       0.8062038     0.048123572      0.25117515      0.80711283       13.775293       147.65512       68.365374   2.1157382e-09       8.0771637       11.827329       1015.9445       13.830537       1405.9067      -18.895733       -18.895733       2534.3362                                 86.827096          13.830537             1405.9067          11.827329                      22.339673                      396.95175                                587.46526                        9.1878356
              1       1248.1927       1.0417533     0.022491154      0.11740916     0.059079706         3.05202      0.97076631       11.725291     0.033781132       1.1397126       1.0029946      0.30073891       0.6991836      0.80629581     0.048126875      0.25123371      0.80728817       13.775265       147.65236       68.361571   2.1158041e-09       8.0876923       11.855794       1015.8513       13.852303       1405.8944      -18.905725       -18.905725       2534.1968                                 86.743058          13.852303             1405.8944          11.855794                      22.320692                      396.96103                                587.36224                        9.2073051
              7       1248.2564        1.041752     0.022611462      0.11716015     0.065794027       3.0669302      0.97199322       11.725291     0.033781132       1.1397126       1.0037601      0.29873325      0.70118971       0.8113168     0.048105683      0.24925717      0.80960209        13.76126       147.58592       68.559262   2.1475874e-09       8.7018585       11.060759       1017.5742       12.743463       1406.3055      -18.315186       -18.315186       2533.1433                                 85.459311          12.743463             1406.3055          11.060759                      22.377973                      399.47571                                587.11627                        8.6042532
              4        1248.103       1.0417514     0.022581983      0.11708488     0.066236199       3.0668964      0.97278989       11.725291     0.033781132       1.1397126       1.0032295      0.29850414      0.70141882      0.81140726      0.04804196      0.24909181      0.80938181       13.764062       147.63891        68.55998   2.1475148e-09        8.749588       10.936692       1018.1034       12.739517       1406.3542      -18.664974       -18.664974       2533.5359                                 85.402023          12.739517             1406.3542          10.936692                      22.252019                      399.63475                                587.60089                        8.6157635
              1       1248.6571       1.0416944     0.022601097       0.1172798     0.064623989       3.0621712       0.9719562       11.725291     0.033781132       1.1397126       1.0031351      0.29959539       0.7003274      0.80979331       0.0481849      0.25003722      0.80924705       13.764656       147.56527        68.48718   2.1373914e-09       8.5951691       11.470723       1018.3492       13.142411       1406.1254        -18.6793         -18.6793       2534.6729                                 85.585103          13.142411             1406.1254          11.470723                      22.247927                      398.92431                                588.30539                        8.8716093
              8       1248.1896       1.0417203     0.022605968      0.11726045     0.065208946       3.0628098      0.97182822       11.725291     0.033781132       1.1397126       1.0015091      0.29938875      0.70053409      0.80994598     0.048167003      0.24984928      0.80912043       13.763271        147.5651       68.507282   2.1387568e-09       8.6492157       11.359141       1018.7709       13.030533       1406.1681      -19.274411       -19.274411       2534.9281                                 85.599457          13.030533             1406.1681          11.359141                      22.474701                      399.23554                                588.46191                        8.5987228
              4       1249.4272       1.0417104     0.022612889      0.11723424      0.06548489       3.0638427       0.9727875       11.725291     0.033781132       1.1397126       1.0011899      0.29923936      0.70068351        0.810531     0.048164322      0.24970306      0.80950281         13.7627       147.56445       68.519675   2.1409671e-09       8.6730804       11.306715       1021.6306       12.961798       1406.1992      -19.330227       -19.330227       2537.5148                                 85.416541          12.961798             1406.1992          11.306715                      22.380403                      399.32098                                591.40668                        8.5225755
              4       1249.8174       1.0416302     0.022485122       0.1172752     0.064475135        3.061446      0.97277222       11.725291     0.033781132       1.1397126       1.0013506      0.30042385      0.69949866      0.81016656     0.048111484      0.25093411      0.81073868       13.778944        147.6955       68.363336    2.135842e-09       8.6092072       11.763689       1021.6154       13.842198       1405.9571      -19.483288       -19.483288       2538.6014                                 85.423015          13.842198             1405.9571          11.763689                      22.250773                      398.96073                                591.78998                         8.613865
             17       1249.7638       1.0418404     0.022450368      0.11697724      0.06662646       3.0596522      0.97538773       11.725291     0.033781132       1.1397126       1.0014479      0.29841993      0.70150292      0.80953042     0.047830041      0.24921757      0.80739575       13.774947       147.81452       68.511165   2.1320141e-09       8.8176727       10.719454        1023.086       13.008978       1406.3722      -19.491398       -19.491398       2538.5104                                 85.323792          13.008978             1406.3722          10.719454                      21.540361                      399.75892                                592.13095                        9.6557901
              2       1248.8547       1.0418715     0.022465407      0.11686572     0.071658404       3.0690838      0.97486479       11.725291     0.033781132       1.1397126      0.99996564      0.29765321      0.70226978      0.81275764     0.047772016      0.24851146      0.80957245       13.771869       147.82823       68.575717   2.1522176e-09       9.2816315       10.521891       1021.6145       12.653253       1406.5384       -19.64717        -19.64717       2537.0037                                 85.675621          12.653253             1406.5384          10.521891                      21.931957                      402.42541                                588.43633                        8.8208226
              4       1248.3781       1.0418439     0.022549188      0.11682392     0.072788084       3.0713389      0.97354135       11.725291     0.033781132       1.1397126      0.99969863      0.29704032      0.70288285      0.81273163     0.047837095      0.24783672      0.80871266       13.763541       147.74614        68.65672   2.1570765e-09       9.3623505       10.469858       1021.0578       12.213844       1406.6742      -19.543735       -19.543735       2535.8437                                 85.428063          12.213844             1406.6742          10.469858                      22.268197                      403.05342                                587.08259                        8.6535711
              7        1247.525       1.0419182     0.022594504      0.11712564       0.0689564        3.068491      0.97366569       11.725291     0.033781132       1.1397126       1.0016447       0.2981603      0.70176277      0.81256376     0.047995003      0.24879703      0.81006848       13.757953       147.61433       68.612523    2.150942e-09       9.0022736       10.749225       1018.4639       12.452631       1406.4281      -19.261158       -19.261158       2533.5723                                  85.47843          12.452631             1406.4281          10.749225                      22.151211                      400.94427                                586.68297                        8.6854553
              6       1247.2851       1.0419182     0.022594504      0.11712564       0.0689564        3.068491      0.97366569       11.704519      0.03277385       1.1383234       1.0019731       0.2981603      0.70176277      0.81256376     0.047995003      0.24879703      0.81006848       13.757953       147.61433       68.612523    2.150942e-09       9.0022736       10.749225       1018.6361       12.452631       1406.4281      -19.358665       -19.358665       2533.2875                                  85.02153          12.452631             1406.4281          10.749225                      22.110396                      400.92752                                586.85609                        8.7420636
              6       1248.7181       1.0419182     0.022594504      0.11712564       0.0689564        3.068491      0.97366569       11.699084     0.032901529       1.1730375       1.0025847       0.2981603      0.70176277      0.81256376     0.047995003      0.24879703      0.81006848       13.757953       147.61433       68.612523    2.150942e-09       9.0022736       10.749225       1019.9573       12.452631       1406.4281      -19.253389       -19.253389        2535.943                                 86.355787          12.452631             1406.4281          10.749225                      22.035232                      400.92916                                588.12922                        8.8636992
              9       1247.6173       1.0418995     0.022558719      0.11699766     0.069687689       3.0688386      0.97445184       11.699084     0.032901529       1.1730375       1.0015957      0.29774155      0.70218155      0.81262931     0.047907585      0.24846602      0.80956473       13.761711       147.68854       68.620689   2.1516899e-09       9.0773773       10.607444       1019.4114       12.408336       1406.5191      -19.643383       -19.643383       2534.5214                                   85.5751          12.408336             1406.5191          10.607444                      21.975546                      401.31164                                587.34063                        8.7836064
              3       1248.4095       1.0420073     0.022577034      0.11727011     0.061415804       3.0569372      0.97245232       11.699084     0.032901529       1.1730375       1.0038937      0.29876206      0.70116094      0.80817459     0.048011243      0.24938102      0.80650541       13.757855       147.59431       68.574392   2.1262336e-09       8.2933502        10.88625       1017.0105       12.660504       1406.2994      -18.605056       -18.605056       2534.0291                                 87.172471          12.660504             1406.2994           10.88625                      22.053529                      397.64519                                587.94931                        9.3624705
              2       1247.7733       1.0419994     0.022657909      0.11753756     0.063305601       3.0613148      0.97095019       11.699084     0.032901529       1.1730375       1.0020938       0.2997379      0.70018504      0.81007446     0.048221052      0.25014598      0.80972051       13.750728       147.43312       68.547493   2.1355617e-09       8.4611053       11.409328       1017.0185       12.808179       1406.0962      -19.309186       -19.309186        2534.165                                 86.832752          12.808179             1406.0962          11.409328                       22.66154                      398.40362                                587.34747                         8.605896
              2       1248.7646       1.0421259      0.02263142      0.11844713      0.06464319       3.0660189      0.96926241       11.699084     0.032901529       1.1730375       1.0020998      0.30435279      0.69556944      0.81486375     0.048601504      0.25436799      0.82075402       13.754025       147.22022       68.238747   2.1456312e-09       8.6120148        14.55023       1016.1415       14.564515       1405.2235      -19.364189       -19.364189       2536.2577                                 85.777869          14.564515             1405.2235           14.55023                      23.051124                      399.14244                                585.35923                        8.5887033
              1        1249.279       1.0421581     0.022727469      0.11814867     0.066958819       3.0692418      0.97034552       11.699084     0.032901529       1.1730375       1.0023785      0.30210595      0.69781674      0.81510042     0.048516748      0.25221416      0.81795635        13.74144       147.19366       68.443104   2.1525576e-09       8.8022308       12.853867       1019.0367       13.389387       1405.6302      -19.033222       -19.033222       2536.6244                                 85.714232          13.389387             1405.6302          12.853867                      22.852067                      400.12781                                587.53399                        8.5228262
              5       1250.6355       1.0422609     0.022760861      0.11800591     0.064904449       3.0686734      0.96726002       11.699084     0.032901529       1.1730375       1.0031831      0.30085151      0.69907145      0.81336081     0.048423702      0.25105741       0.8145143       13.734161       147.19456       68.559139   2.1513345e-09       8.5972748        11.98338       1021.0224       12.744139       1405.8723        -18.5791         -18.5791       2538.4293                                  86.80706          12.744139             1405.8723           11.98338                      23.621674                      399.26998                                 589.7436                        8.3871399
              4       1251.0446       1.0422825     0.022724588      0.11803529     0.064046875       3.0677395        0.966019       11.699084     0.032901529       1.1730375       1.0034951      0.30115305      0.69876982      0.81287029     0.048397347      0.25138387      0.81443093       13.737526       147.22672       68.523135   2.1493261e-09       8.5249786       12.081197       1020.8259       12.942641       1405.8131      -18.516464       -18.516464       2539.1222                                  87.45933          12.942641             1405.8131          12.081197                      23.871676                      398.95754                                589.62738                        8.3692878
              4       1251.4845       1.0422732     0.022726242      0.11804811     0.063888658       3.0673198      0.96587755       11.699084     0.032901529       1.1730375         1.00409      0.30123874      0.69868412      0.81268586     0.048409685      0.25145697      0.81436198       13.737684       147.22147       68.516896   2.1484243e-09       8.5102386       12.146303       1020.7548       12.977195       1405.7964      -18.150922       -18.150922       2539.2708                                 87.596096          12.977195             1405.7964          12.146303                      23.791248                      398.87256                                589.70678                          8.38423
              8       1251.8568       1.0423868     0.022719688      0.11814504     0.064945336       3.0658277      0.96533368       11.699084     0.032901529       1.1730375       1.0023401      0.30145352      0.69846934      0.81237754     0.048399299      0.25168203      0.81434316       13.735455       147.20302       68.514367    2.145221e-09       8.6141205       12.167067       1023.0081       12.991218       1405.7548      -19.068945       -19.068945       2541.8515                                 87.930305          12.991218             1405.7548          12.167067                       23.94219                      399.38652                                 591.2614                        8.4179676
              1       1253.2132       1.0423868     0.022719688      0.11814504     0.064945336       3.0658277      0.96533368        11.67886     0.037242349       1.1688646       1.0013668      0.30145352      0.69846934      0.81237754     0.048399299      0.25168203      0.81434316       13.735455       147.20302       68.514367    2.145221e-09       8.6141205       12.167067        1022.872       12.991218       1405.7548       -18.89014        -18.89014       2544.2067                                 90.421651          12.991218             1405.7548          12.167067                      24.101665                      399.40991                                590.98186                        8.3785282
              6       1253.4311       1.0423868     0.022719688      0.11814504     0.064945336       3.0658277      0.96533368       11.805408     0.038010662       1.0676557       1.0013262      0.30145352      0.69846934      0.81237754     0.048399299      0.25168203      0.81434316       13.735455       147.20302       68.514367    2.145221e-09       8.6141205       12.167067        1022.935       12.991218       1405.7548      -17.641766       -17.641766       2542.1457                                 88.297641          12.991218             1405.7548          12.167067                      24.108383                      399.40991                                591.03867                        8.3780517
              2       1252.0854       1.0423868     0.022719688      0.11814504     0.064945336       3.0658277      0.96533368        11.80761     0.035996057       1.0722479        1.001318      0.30145352      0.69846934      0.81237754     0.048399299      0.25168203      0.81434316       13.735455       147.20302       68.514367    2.145221e-09       8.6141205       12.167067       1022.9484       12.991218       1405.7548      -17.993894       -17.993894       2540.1587                                 86.297203          12.991218             1405.7548          12.167067                      24.109737                      399.40991                                591.05078                        8.3779671
              2       1251.7265       1.0423522      0.02269859      0.11793607     0.065577386       3.0652456      0.96519354        11.80761     0.035996057       1.0722479       1.0007598      0.30057217      0.69935079      0.81142281     0.048291496      0.25091027      0.81219623       13.737765         147.282       68.558943   2.1439726e-09       8.6751862        11.63989       1022.9037       12.745216       1405.9277      -18.142026       -18.142026       2539.7371                                 86.520621          12.745216             1405.9277           11.63989                      24.147068                      399.69338                                590.70131                         8.361943
              1       1251.9997       1.0423502      0.02269545      0.11799483     0.065152475       3.0645455      0.96506728        11.80761     0.035996057       1.0722479       1.0004671       0.3009068       0.6990161      0.81131757      0.04831955      0.25121586      0.81254282        13.73843       147.26979       68.534296   2.1424723e-09       8.6365814       11.822669       1023.2574       12.880944       1405.8614      -18.178713       -18.178713       2540.3568                                 86.534471          12.880944             1405.8614          11.822669                      24.207048                      399.51419                                591.17944                        8.3566709
             14       1255.0084       1.0423828      0.02270245      0.11794998      0.06464518       3.0630358      0.96538712        11.80761     0.035996057       1.0722479      0.99899809      0.30053297      0.69939001      0.81064684     0.048287334      0.25087558       0.8113666       13.736507       147.27394       68.567726   2.1392402e-09       8.5860443       11.602317        1029.311       12.697017       1405.9355      -18.098021       -18.098021       2546.2128                                 86.667012          12.697017             1405.9355          11.602317                      24.324279                      399.29267                                597.34466                        8.3493664
              1       1253.4449       1.0424168     0.022725276      0.11781993      0.06477002        3.063001      0.96667438        11.80761     0.035996057       1.0722479      0.99941655      0.29961526       0.7003079       0.8105088     0.048224882      0.25002347       0.8099889       13.732459       147.28336       68.646594   2.1391657e-09       8.5902557       11.169538        1027.027       12.268346       1406.1214      -18.090423       -18.090423       2543.0706                                 86.484223          12.268346             1406.1214          11.169538                      23.959038                      399.25005                                595.45448                          8.36346
              4       1248.8922        1.042056     0.022624085       0.1170978     0.068194206       3.0666583      0.97172438        11.80761     0.035996057       1.0722479       1.0017801      0.29744303      0.70248023      0.81111379     0.047941636      0.24813644      0.80764974       13.750556       147.58883       68.695626   2.1470037e-09       8.9236603        10.53316       1018.8124       12.005553       1406.5847      -18.104133       -18.104133       2533.9927                                   86.0569          12.005553             1406.5847           10.53316                      22.474776                      400.62041                                586.89711                        8.8200958
              4        1250.105       1.0419821      0.02252816      0.11688452     0.068189713        3.069594      0.97236674        11.80761     0.035996057       1.0722479       1.0039986      0.29707603      0.70284716       0.8120879     0.047784725      0.24792502      0.80812068       13.761963       147.75281       68.662294   2.1533158e-09       8.9433136       10.424574       1019.1408        12.18389       1406.6662      -17.237015       -17.237015        2534.684                                 86.268486           12.18389             1406.6662          10.424574                      22.245992                      400.64238                                587.40678                        8.8456429
              3       1251.1556       1.0419248     0.022596655      0.11628437       0.0723215       3.0773129      0.97115764        11.80761     0.035996057       1.0722479       1.0028478      0.29370704      0.70621673      0.81234464     0.047567024      0.24478408       0.8037794       13.753419       147.83842        68.92378   2.1700015e-09       9.2963715       10.512011       1023.0159       10.820155       1407.4589      -17.761003       -17.761003       2537.8332                                 86.026269          10.820155             1407.4589          10.512011                      22.863196                      402.87963                                588.86102                        8.4120929
              6       1251.5747       1.0419196     0.022607461       0.1160689     0.073228885       3.0784987      0.97288435        11.80761     0.035996057       1.0722479       1.0028945      0.29253692      0.70738704      0.81253138     0.047469808       0.2437146      0.80236109       13.751351       147.88457       69.010815    2.172576e-09       9.3721771       10.818985       1023.6352       10.384185        1407.753      -17.719658       -17.719658       2538.5888                                 85.997434          10.384185              1407.753          10.818985                      22.541245                      403.24122                                589.37301                        8.4797149
              2        1251.038       1.0421057     0.022649226      0.11612166     0.068868055       3.0703373      0.97326308        11.80761     0.035996057       1.0722479       1.0028451      0.29205053      0.70787361      0.80951461      0.04744624      0.24325494      0.79871725       13.741625       147.82332       69.091685   2.1549171e-09       8.9615631       11.035188       1022.3652       9.9871338       1407.8781      -17.657429       -17.657429       2537.3908                                 86.125134          9.9871338             1407.8781          11.035188                      22.362356                      400.80156                                590.36027                        8.8409884
              1       1249.7162       1.0421104     0.022577815      0.11666839     0.067501423       3.0703011      0.97299834        11.80761     0.035996057       1.0722479       1.0036678      0.29528821      0.70463535       0.8116998     0.047658493      0.24627004      0.80530032       13.751791       147.75554       68.828896   2.1548389e-09       8.8625946       10.330967        1019.354       11.305653       1407.0769      -17.366269       -17.366269        2534.165                                 86.097461          11.305653             1407.0769          10.330967                       22.33362                       400.2181                                588.17053                        8.6317106
              5       1250.6981       1.0421246     0.022596732      0.11673786     0.066388161       3.0684735      0.97314397        11.80761     0.035996057       1.0722479       1.0029498      0.29550571      0.70441784      0.81118506     0.047703418      0.24644248      0.80508597       13.749689       147.71569       68.825294   2.1509044e-09       8.7545013       10.323248       1022.0936       11.324293       1407.0258       -17.71358        -17.71358       2536.8234                                  86.05648          11.324293             1407.0258          10.323248                      22.384927                      399.66274                                 591.4973                        8.5486419
              1       1248.8144       1.0419915     0.022637705      0.11688388     0.067508978       3.0623214      0.97341444        11.80761     0.035996057       1.0722479        0.999876      0.29642848      0.70349494      0.80900751     0.047875191      0.24719104      0.80417745       13.749991       147.63099        68.76397   2.1377125e-09        8.852066       10.394076        1019.463       11.644003       1406.8124      -18.328471       -18.328471       2534.2857                                 85.972152          11.644003             1406.8124          10.394076                      22.212423                       400.1868                                588.07969                        8.9841141
              6       1250.4092       1.0419915     0.022637705      0.11688388     0.067508978       3.0623214      0.97341444       11.793259     0.036697707       1.0843954      0.99884219      0.29642848      0.70349494      0.80900751     0.047875191      0.24719104      0.80417745       13.749991       147.63099        68.76397   2.1377125e-09        8.852066       10.394076       1022.0386       11.644003       1406.8124      -18.268679       -18.268679       2537.3558                                 86.466752          11.644003             1406.8124          10.394076                      22.345313                      400.21447                                590.73542                        8.7433663
              9       1248.8696       1.0419843     0.022613005       0.1168597     0.066340299       3.0587661       0.9727556       11.793259     0.036697707       1.0843954      0.99942572      0.29646132      0.70346206      0.80737976     0.047844935      0.24725351      0.80260387       13.752724       147.66484       68.748172   2.1301258e-09       8.7474823       10.387632       1019.2151       11.727085       1406.8049      -18.399218       -18.399218       2534.5376                                 86.402841          11.727085             1406.8049          10.387632                      22.269052                      399.62352                                588.10514                         9.217398
              7       1248.9095       1.0420703     0.022537928      0.11691218     0.066816329       3.0593068      0.97309495       11.793259     0.036697707       1.0843954      0.99989199      0.29691008      0.70301318      0.80828184     0.047765974      0.24777895      0.80410851       13.758428       147.73436       68.690658   2.1312778e-09       8.8127594       10.385377       1019.3702       12.032049       1406.7034      -18.548316       -18.548316       2534.9157                                 86.424683          12.032049             1406.7034          10.385377                      22.113577                      399.87033                                 587.9789                        9.4073479
              1       1249.7462       1.0420836     0.022529848      0.11659974     0.067433858       3.0589081      0.97522979       11.793259     0.036697707       1.0843954      0.99936388      0.29527323      0.70465027      0.80771636     0.047594503      0.24631799      0.80132795       13.757368       147.82745       68.801949   2.1304283e-09        8.866806       10.332715       1021.2685       11.445477       1407.0804       -18.52773        -18.52773       2536.5478                                 86.420748          11.445477             1407.0804          10.332715                      21.769076                      400.05454                                589.76269                         9.682144
              9       1249.3803       1.0422137     0.022507902      0.11693398     0.061933257       3.0483269       0.9746263       11.793259     0.036697707       1.0843954      0.99876722       0.2967769      0.70314638      0.80466043     0.047683741      0.24772854      0.80032626       13.757469        147.7615       68.704051   2.1080047e-09       8.3544159       10.332893       1020.2669       11.960686       1406.7334      -18.465595       -18.465595       2535.6917                                 86.397847          11.960686             1406.7334          10.332893                      21.763386                      397.73559                                590.60307                        10.164903
              5       1250.4218       1.0422083     0.022537857      0.11675499     0.063574466        3.050315      0.97532996       11.793259     0.036697707       1.0843954      0.99779791      0.29568282      0.70424067      0.80491253     0.047621843      0.24669994      0.79909995        13.75356       147.77638        68.79442   2.1121997e-09       8.5018158       10.312964       1022.0347       11.484698       1406.9843      -18.161413       -18.161413       2537.1664                                 86.349763          11.484698             1406.9843          10.312964                      21.759754                      398.32246                                 592.0005                        9.9519353
              4       1249.5352       1.0420464     0.022657466      0.11683866     0.061970661       3.0522254      0.97257797       11.793097     0.036088444       1.0686207       1.0013788      0.29592062      0.70400292      0.80448372     0.047843576      0.24671688      0.79899534        13.74603       147.62063       68.816701   2.1162386e-09       8.3207245        10.34971       1020.5408       11.368822       1406.9291      -18.214761       -18.214761          2535.5                                 86.311531          11.368822             1406.9291           10.34971                      22.075624                      397.74674                                590.59456                        10.123908
              1       1248.3916       1.0420659     0.022638142      0.11691896     0.062086929        3.056984      0.97185472       11.793524     0.035646438       1.0709124       1.0025787      0.29639416      0.70352929      0.80656017     0.047858445      0.24717397       0.8016983       13.747899       147.62058       68.776663   2.1263331e-09       8.3375702       10.375421       1017.8785       11.577463       1406.8202      -17.947809       -17.947809       2532.6787                                 86.027108          11.577463             1406.8202          10.375421                      22.330418                      397.87775                                588.38407                        9.2862668
              1       1250.5154       1.0420659     0.022638142      0.11691896     0.062086929        3.056984      0.97185472       11.801968     0.036081715       1.1107076       1.0020224      0.29639416      0.70352929      0.80656017     0.047858445      0.24717397       0.8016983       13.747899       147.62058       68.776663   2.1263331e-09       8.3375702       10.375421       1018.4604       11.577463       1406.8202      -18.178793       -18.178793       2537.3884                                 90.154807          11.577463             1406.8202          10.375421                      22.402537                      397.87792                                589.06707                        9.1129162
              1       1252.1895       1.0420659     0.022638142      0.11691896     0.062086929        3.056984      0.97185472       11.771658      0.03858417       1.1734772       1.0019794      0.29639416      0.70352929      0.80656017     0.047858445      0.24717397       0.8016983       13.747899       147.62058       68.776663   2.1263331e-09       8.3375702       10.375421       1018.5489       11.577463       1406.8202      -18.150829       -18.150829       2540.6806                                 93.358573          11.577463             1406.8202          10.375421                      22.408141                      397.87792                                589.16262                         9.100257
              1         1252.32       1.0419753     0.022577162      0.11679507     0.063610595       3.0595947       0.9740315       11.778698     0.038890037       1.1847992        1.002526      0.29634896       0.7035744      0.80802569     0.047785259      0.24720036      0.80309374       13.756502       147.72183       68.736546   2.1318914e-09       8.4962006        10.36287       1018.4362       11.788418       1406.8305      -17.983376       -17.983376       2540.6067                                 93.188689          11.788418             1406.8305           10.36287                      21.956313                      398.40064                                588.90526                         9.173944
              1       1252.0088       1.0419958     0.022648686      0.11682508     0.068014096       3.0680042      0.97471525       11.777015     0.038615047       1.1928325       1.0026799       0.2960454      0.70387809      0.81146126     0.047852836      0.24683161      0.80609517       13.748407       147.63462       68.796708   2.1498952e-09       8.8955841       10.362156       1019.3704       11.472768       1406.9003       -17.87169        -17.87169       2539.7611                                 91.655483          11.472768             1406.9003          10.362156                      21.951287                      400.32025                                588.24501                        8.8538455
              1       1250.7914       1.0419958     0.022648686      0.11682508     0.068014096       3.0680042      0.97471525       11.725236     0.037416429       1.2228871       1.0027251       0.2960454      0.70387809      0.81146126     0.047852836      0.24683161      0.80609517       13.748407       147.63462       68.796708   2.1498952e-09       8.8955841       10.362156       1019.3877       11.472768       1406.9003      -18.476322       -18.476322       2538.5354                                 90.412474          11.472768             1406.9003          10.362156                      21.945876                      400.32025                                 588.2575                        8.8640853
              3       1249.8943       1.0419196     0.022607077      0.11705794     0.071388536       3.0721137      0.97098524       11.715849     0.036973339       1.2112689         1.00058      0.29772741      0.70219575      0.81290713     0.047970828      0.24838977      0.80982227       13.756241       147.61874       68.648902   2.1587485e-09       9.2233734       10.637735       1019.5375       12.255911       1406.5222      -19.235464       -19.235464       2538.2595                                  89.30626          12.255911             1406.5222          10.637735                      22.830273                      402.42707                                585.82258                        8.4575428
              4       1249.8668       1.0419196     0.022607077      0.11705794     0.071388536       3.0721137      0.97098524       11.697023     0.036437426       1.2310902       1.0005827      0.29772741      0.70219575      0.81290713     0.047970828      0.24838977      0.80982227       13.756241       147.61874       68.648902   2.1587485e-09       9.2233734       10.637735       1019.5354       12.255911       1406.5222      -19.459004       -19.459004       2538.6517                                  89.70051          12.255911             1406.5222          10.637735                      22.829891                      402.42707                                585.82056                        8.4578304
              1       1252.7035        1.042036     0.022542396      0.11612066     0.077787363       3.0792584      0.97228795       11.687823     0.036121369       1.2216011       1.0000163      0.29283183      0.70709205      0.81322022      0.04738543      0.24409239      0.80344598       13.755076       147.94369       68.972763   2.1742273e-09       9.8024445       10.811384       1026.7872       10.573688       1407.6779       -19.66844        -19.66844       2544.7438                                  88.89358          10.573688             1407.6779          10.811384                      22.647416                      406.12873                                589.29959                        8.7114863
              4       1250.4026        1.042036     0.022542396      0.11612066     0.077787363       3.0792584      0.97228795       11.702111     0.031973893        1.126428      0.99989556      0.29283183      0.70709205      0.81322022      0.04738543      0.24409239      0.80344598       13.755076       147.94369       68.972763   2.1742273e-09       9.8024445       10.811384       1026.5367       10.573688       1407.6779      -19.776969       -19.776969       2540.3591                                 84.759398          10.573688             1407.6779          10.811384                      22.664024                      406.12873                                589.05943                        8.6845464
              3       1250.1283       1.0420554     0.022557846      0.11618202     0.077415242        3.079794      0.97167963          11.701     0.031810437       1.1248595       1.0003407      0.29301151      0.70691236       0.8134211     0.047420855      0.24423656      0.80389096       13.753156       147.90984       68.970619   2.1753921e-09       9.7666473       10.747633       1026.0993       10.584414       1407.6325      -19.754844       -19.754844       2539.7663                                 84.702469          10.584414             1407.6325          10.747633                      22.792878                      405.92197                                588.77526                        8.6092024
              5       1249.4235       1.0420554     0.022557846      0.11618202     0.077415242        3.079794      0.97167963       11.661199     0.029005327       1.1390937       1.0001177      0.29301151      0.70691236       0.8134211     0.047420855      0.24423656      0.80389096       13.753156       147.90984       68.970619   2.1753921e-09       9.7666473       10.747633       1025.7868       10.584414       1407.6325      -20.036126       -20.036126       2538.9193                                 84.167959          10.584414             1407.6325          10.747633                      22.824351                      405.93504                                588.46177                        8.5655935
              2        1250.064       1.0418552     0.022471134      0.11656654     0.078308659       3.0792193      0.97005397       11.662938     0.029255276       1.1399299      0.99871261      0.29608859      0.70383465      0.81426869     0.047632875      0.24709032      0.80894305        13.77028       147.90311       68.684556   2.1741422e-09       9.8782501       10.327463       1026.5109       12.064636       1406.8902      -20.007757       -20.007757       2540.1435                                 84.350256          12.064636             1406.8902          10.327463                      23.135297                      406.75877                                588.19145                        8.4254132
              7       1250.9592       1.0421961     0.022400579      0.11713943      0.08074971       3.0834253       0.9743303       11.666625     0.029777104       1.1848793      0.99764623      0.29851991      0.70140298      0.81997779     0.047701678      0.24944655      0.81795255       13.770445       147.82802       68.527169   2.1833059e-09       10.130585       10.556117       1026.2587       12.920323       1406.3508      -19.853198       -19.853198       2541.6248                                 85.538854          12.920323             1406.3508          10.556117                      22.375593                      408.31154                                586.98973                        8.5818287
              2       1250.3954       1.0423342     0.022330875      0.11827802     0.070916725       3.0680134      0.97204865       11.669691     0.030306743       1.1944142      0.99894207      0.30458452       0.6953374      0.81739277     0.048152162       0.2550434      0.82361468       13.779159       147.59959       68.099666   2.1499149e-09       9.2781219        13.68304       1021.4969       15.392551       1405.1835      -20.220329       -20.220329       2541.2315                                 85.475577          15.392551             1405.1835           13.68304                      22.387987                      402.41273                                587.88813                        8.8080055
              1       1250.2276       1.0422287     0.022352644      0.11826012     0.069624408       3.0684511      0.96567298       11.657857     0.029268237       1.1583941      0.99872656       0.3046778      0.69524409      0.81534362     0.048212542      0.25507592      0.82167572       13.779898       147.57999       68.090173   2.1508563e-09       9.1503754       13.945263       1021.3536       15.449901       1405.1675      -20.139548       -20.139548       2540.7344                                 84.818136          15.449901             1405.1675          13.945263                      23.961982                      402.08375                                586.74833                         8.559539
              2       1247.9318       1.0422701     0.022413824      0.11808645     0.066866383       3.0654349      0.96664479       11.660692     0.029292697       1.1563372       1.0006702      0.30326559       0.6966566      0.81359539     0.048158772      0.25372282      0.81801152       13.771313       147.55795       68.221345   2.1443785e-09       8.8710175        12.89631       1018.3992       14.666867        1405.416      -20.201588       -20.201588       2536.2668                                 84.888463          14.666867              1405.416           12.89631                      23.556977                      400.44237                                585.87121                        8.5286382
              1        1248.023       1.0422701     0.022413824      0.11808645     0.066866383       3.0654349      0.96664479       11.656389     0.028766788       1.1563593       1.0005678      0.30326559       0.6966566      0.81359539     0.048158772      0.25372282      0.81801152       13.771313       147.55795       68.221345   2.1443785e-09       8.8710175        12.89631       1018.4557       14.666867        1405.416      -20.220499       -20.220499       2536.4871                                 85.052241          14.666867              1405.416           12.89631                      23.572931                      400.44042                                585.91856                        8.5238034
              1       1247.8642        1.042248     0.022413616      0.11809535     0.066602496       3.0649238      0.96668851        11.65726     0.028815036       1.1563136         1.00095      0.30338036      0.69654181      0.81341335     0.048173583      0.25382234      0.81798323       13.772036       147.55578        68.21054   2.1432828e-09       8.8464508       13.005791       1018.0244       14.730599       1405.3953      -20.171693       -20.171693       2536.0718                                 84.915787          14.730599             1405.3953          13.005791                      23.490156                      400.28881                                585.69508                        8.5503113
              3        1247.611        1.042248     0.022413616      0.11809535     0.066602496       3.0649238      0.96668851       11.640446     0.028217558       1.1500545       1.0008251      0.30338036      0.69654181      0.81341335     0.048173583      0.25382234      0.81798323       13.772036       147.55578        68.21054   2.1432828e-09       8.8464508       13.005791       1017.9895       14.730599       1405.3953      -20.217036       -20.217036        2535.656                                 84.534837          14.730599             1405.3953          13.005791                      23.509463                      400.29238                                585.64552                        8.5421308
              5       1248.6846        1.042248     0.022413616      0.11809535     0.066602496       3.0649238      0.96668851       11.588439     0.020175663       1.0559618       1.0011094      0.30338036      0.69654181      0.81341335     0.048173583      0.25382234      0.81798323       13.772036       147.55578        68.21054   2.1432828e-09       8.8464508       13.005791       1018.1421       14.730599       1405.3953      -18.930512       -18.930512       2535.2302                                 83.956398          14.730599             1405.3953          13.005791                       23.46558                      400.28083                                585.83365                        8.5620413
              1       1252.9893       1.0422923     0.022435621      0.11755374      0.06954509        3.065885      0.96345908       11.572378     0.019555589       1.0247704      0.99946879      0.30023468      0.69968801      0.81085607     0.047897206      0.25096233      0.81117317       13.765816       147.67649       68.440623    2.145344e-09       9.1075592       11.126435       1027.9652       13.403355       1405.9952      -18.739496       -18.739496       2543.4576                                 84.967426          13.403355             1405.9952          11.126435                      24.329301                      401.95123                                593.12941                        8.5553032
              5       1251.7567       1.0424156     0.022539984      0.11708559     0.074174027       3.0721119      0.96697111       11.571459      0.01958326       1.0340618      0.99783509      0.29680669      0.70311669      0.81247368      0.04769396      0.24774975      0.80813798       13.748769       147.68625       68.745633   2.1587446e-09        9.497818       10.315475       1026.8705       11.740463       1406.7267      -18.334423       -18.334423       2540.1823                                 84.529159          11.740463             1406.7267          10.315475                      23.849178                      404.38724                                590.15241                        8.4816229
              2       1255.3905       1.0424156     0.022539984      0.11708559     0.074174027       3.0721119      0.96697111       11.833279     0.027862167      0.91647498      0.99897632      0.29680669      0.70311669      0.81247368      0.04769396      0.24774975      0.80813798       13.748769       147.68625       68.745633   2.1587446e-09        9.497818       10.315475        1029.867       11.740463       1406.7267      -17.820359       -17.820359       2546.4217                                 87.772035          11.740463             1406.7267          10.315475                      23.666353                      404.31896                                593.19708                        8.6846088
              1       1254.5708       1.0421064     0.022585918      0.11686853     0.076993342       3.0803881      0.96851338       11.843976     0.027786796      0.92122196      0.99997064      0.29630544      0.70361798      0.81507677     0.047768722      0.24717438       0.8100423       13.752022        147.6937       68.761773   2.1766848e-09       9.7357635       10.339017       1025.2443       11.655538       1406.8405      -17.769046       -17.769046       2544.6796                                 90.600325          11.655538             1406.8405          10.339017                      23.518908                       406.0155                                587.36674                        8.3431076
              4        1256.867        1.042125     0.022601421      0.11675344     0.078869825       3.0839512      0.96778822       11.839945     0.027466009      0.91640999       1.0003969      0.29556009      0.70436346      0.81583733     0.047715184      0.24648503      0.80977775       13.749254       147.70756       68.823947   2.1844544e-09       9.8961487       10.322182       1029.2354       11.331267        1407.013       -17.71694        -17.71694       2549.1679                                 91.266085          11.331267              1407.013          10.322182                      23.723197                      407.27022                                589.93986                        8.3020853
              1       1256.8872       1.0420889     0.022574022       0.1163398     0.079027761       3.0880274      0.96915678       11.844804     0.027241375      0.91702803       1.0027949      0.29365069      0.70627311      0.81651827     0.047499099      0.24479623      0.80783151        13.75122       147.84942       68.938494   2.1933768e-09        9.908783       10.569792        1028.707       10.745819       1407.4728      -17.102076       -17.102076       2547.9786                                 90.483126          10.745819             1407.4728          10.569792                      23.396054                      407.20306                                589.82064                        8.2872542
              2       1255.8651       1.0420884      0.02257268       0.1163808     0.078228826        3.086801      0.96864162        11.84426     0.027217084      0.91452817       1.0017341      0.29387401      0.70604976      0.81601156     0.047518892      0.24499912      0.80763713       13.751581       147.83978       68.922085   2.1906886e-09       9.8396454       10.519312       1027.4383       10.828733       1407.4177      -17.475844       -17.475844        2546.682                                  90.47789          10.828733             1407.4177          10.519312                      23.659594                      406.74963                                588.81639                        8.2127066
              1        1254.654       1.0421522     0.022578798      0.11637065     0.076255758       3.0826885      0.96960156       11.845888     0.027475128      0.91719874       1.0015642      0.29360378      0.70632005      0.81462838     0.047489434      0.24475955      0.80589736        13.74898       147.83548         68.9528   2.1816978e-09       9.6606598        10.59398       1025.7335       10.673789       1407.4845      -17.528067       -17.528067       2544.3641                                 89.878305          10.673789             1407.4845           10.59398                      23.369607                      405.40085                                588.67285                        8.2902186
              2       1254.5427       1.0421522     0.022578798      0.11637065     0.076255758       3.0826885      0.96960156       11.829199     0.026743848      0.91959707       1.0012973      0.29360378      0.70632005      0.81462838     0.047489434      0.24475955      0.80589736        13.74898       147.83548         68.9528   2.1816978e-09       9.6606598        10.59398        1026.155       10.673789       1407.4845      -17.700467       -17.700467       2544.4863                                  89.57906          10.673789             1407.4845           10.59398                       23.41036                      405.39593                                589.07945                        8.2692692
              1       1254.3617       1.0421522     0.022578798      0.11637065     0.076255758       3.0826885      0.96960156       11.821137     0.027047875      0.91738029         1.00181      0.29360378      0.70632005      0.81462838     0.047489434      0.24475955      0.80589736        13.74898       147.83548         68.9528   2.1816978e-09       9.6606598        10.59398       1025.5516       10.673789       1407.4845      -17.644582       -17.644582       2544.0125                                 89.708714          10.673789             1407.4845           10.59398                      23.332204                      405.39818                                588.50809                        8.3130866
              1        1254.232       1.0417386     0.022546116      0.11651568     0.073476176        3.079564      0.97164907       11.840802     0.027808247        0.927837       1.0032737      0.29573895       0.7041844      0.81430295     0.047727141      0.24664826      0.80849929       13.765498       147.83256       68.731078   2.1748919e-09       9.4199066       10.349252       1022.5074       11.817316       1406.9712      -17.044292       -17.044292       2542.5526                                 90.907436          11.817316             1406.9712          10.349252                      22.681399                      403.57383                                587.87447                        8.3776499
              1       1251.2286       1.0417386     0.022546116      0.11651568     0.073476176        3.079564      0.97164907       11.801486     0.025013623      0.94960036       1.0031752      0.29573895       0.7041844      0.81430295     0.047727141      0.24664826      0.80849929       13.765498       147.83256       68.731078   2.1748919e-09       9.4199066       10.349252       1022.5653       11.817316       1406.9712      -17.325629       -17.325629       2537.1085                                 85.405348          11.817316             1406.9712          10.349252                      22.694954                      403.57383                                 587.9282                         8.368341
              5       1251.3794       1.0418167     0.022495822      0.11634844      0.06672461       3.0686835      0.97452487       11.811387     0.025692059      0.95639834       1.0051943       0.2949139      0.70500954      0.81046592     0.047561879      0.24599015      0.80356636       13.767713       147.93312       68.773548   2.1513562e-09       8.8029327        10.35379       1020.6803       11.593775       1407.1657      -16.070457       -16.070457       2534.8998                                 85.106241          11.593775             1407.1657           10.35379                      21.855951                      399.75848                                 590.0614                        9.0044786
              1       1252.4592       1.0418239      0.02245416      0.11639979     0.066819443       3.0700843      0.97406133       11.811171     0.025564555      0.95739046       1.0062419      0.29539519      0.70452812      0.81125873     0.047547971      0.24648323       0.8050085         13.7722       147.96587       68.719883   2.1543719e-09       8.8239899       10.326317        1020.928       11.876595       1407.0516      -15.145207       -15.145207       2535.2089                                 85.026347          11.876595             1407.0516          10.326317                      21.869781                      399.84631                                590.19445                        9.0174297
              1       1250.1185       1.0418239      0.02245416      0.11639979     0.066819443       3.0700843      0.97406133       11.684093     0.027242266       1.1051529       1.0062096      0.29539519      0.70452812      0.81125873     0.047547971      0.24648323       0.8050085         13.7722       147.96587       68.719883   2.1543719e-09       8.8239899       10.326317       1020.8911       11.876595       1407.0516      -16.791677       -16.791677       2533.8204                                 83.674793          11.876595             1407.0516          10.326317                      21.873573                      399.84631                                590.16247                        9.0087378
              5       1249.5243       1.0418239      0.02245416      0.11639979     0.066819443       3.0700843      0.97406133       11.672651     0.026684402        1.106973       1.0057068      0.29539519      0.70452812      0.81125873     0.047547971      0.24648323       0.8050085         13.7722       147.96587       68.719883   2.1543719e-09       8.8239899       10.326317       1020.7591       11.876595       1407.0516      -17.292424       -17.292424       2533.6335                                 83.619907          11.876595             1407.0516          10.326317                       21.93292                      399.83844                                590.10679                        8.8809114
              7       1249.5901        1.042009     0.022389843      0.11638973     0.067819593       3.0693184      0.97553852       11.670246     0.026937564       1.1172929       1.0046912      0.29516531      0.70475803      0.81180779     0.047400151       0.2464015      0.80523982         13.7735        148.0407       68.728309   2.1527225e-09       8.9341888       10.355653       1022.9142       11.831965       1407.1059      -18.235028       -18.235028       2535.6502                                 83.442484          11.831965             1407.1059          10.355653                      21.670437                      400.27932                                591.85018                        9.1142316
              6       1249.8266       1.0421014     0.022346809      0.11678982     0.064756434       3.0648298      0.96944784       11.656504     0.026255989        1.093352       1.0035291      0.29724916      0.70267383      0.80979387     0.047521346      0.24835804      0.80607263       13.777308       147.98061       68.574617   2.1430814e-09       8.6625519       10.336618       1023.9815       12.659272       1406.6276      -18.924397       -18.924397       2537.5019                                 83.896908          12.659272             1406.6276          10.336618                      22.871943                        399.189                                593.22714                        8.6934619
              7       1249.6843       1.0420184     0.022321909      0.11680668     0.064198341       3.0638492      0.97192806       11.665746     0.026758263       1.1066471       1.0051928      0.29772054      0.70220233       0.8102578     0.047546408       0.2488021      0.80717368       13.782525        148.0039       68.518336   2.1409809e-09       8.6155243       10.402187       1021.3516       12.969215       1406.5236       -17.81059        -17.81059       2534.9897                                 83.743141          12.969215             1406.5236          10.402187                      22.147457                      398.81772                                591.24818                        9.1382573
              4       1248.2411       1.0422119     0.022594123      0.11630904     0.071477231       3.0764089      0.97550408       11.660748     0.026312902       1.1156884       1.0040716      0.29302617      0.70689779      0.81368416     0.047443911      0.24422968      0.80417106       13.745265        147.8345       69.009281   2.1680407e-09       9.2205658       10.767861       1021.2954       10.391788       1407.6289      -18.445772       -18.445772       2533.3737                                 83.289813          10.391788             1407.6289          10.767861                      21.912697                      402.11284                                588.49512                        8.7747053
              1       1246.4335       1.0421276     0.022591668      0.11737767     0.072033089       3.0745697       0.9714018       11.655051     0.026394246       1.1178466         1.00048      0.29889451      0.70102851      0.81542211     0.048021895      0.24950341      0.81391833       13.753225       147.55027       68.589004   2.1640568e-09       9.2935638         10.8827       1019.1928        12.58064       1406.2715      -19.794331       -19.794331       2532.4558                                 83.528143           12.58064             1406.2715            10.8827                      22.836839                      402.84265                                585.05807                        8.4552449
              1       1247.2987       1.0420276     0.022581888      0.11708869     0.076257676       3.0809481      0.97290229       11.657223      0.02640957       1.1221406        1.000111      0.29771692      0.70220624      0.81741446     0.047913792      0.24843642      0.81429815       13.755862       147.63901       68.651472    2.177904e-09       9.6746979       10.569748       1021.2068       12.242075       1406.5245      -19.836025       -19.836025       2534.2694                                 83.726292          12.242075             1406.5245          10.569748                      22.635308                      405.24978                                584.88018                        8.4415731
              4       1247.2652        1.041909     0.022622115      0.11708334     0.073218477       3.0731444      0.97362349       11.662428     0.026963774       1.1186356      0.99917677      0.29780715      0.70211601       0.8141641     0.048001763       0.2484386      0.81118307       13.755074        147.5954         68.6496   2.1609746e-09        9.387619       10.676881       1021.0033       12.252156       1406.5047      -19.715568       -19.715568       2533.9615                                  83.52446          12.252156             1406.5047          10.676881                      22.392756                      403.34007                                586.77275                        8.4977248
              1       1250.2568        1.041909     0.022622115      0.11708334     0.073218477       3.0731444      0.97362349       11.718995     0.026494241        1.075041      0.99825454      0.29780715      0.70211601       0.8141641     0.048001763       0.2484386      0.81118307       13.755074        147.5954         68.6496   2.1609746e-09        9.387619       10.676881       1024.0578       12.252156       1406.5047      -19.060075       -19.060075       2538.6338                                 85.142248          12.252156             1406.5047          10.676881                      22.515266                      403.35139                                589.74634                        8.4448045
              1       1247.6573       1.0418698     0.022621328      0.11714222     0.072039166       3.0703953      0.97378514       11.721082     0.026701254       1.0752729      0.99893039      0.29823718       0.7016859      0.81327522     0.048049515      0.24881947      0.81088227        13.75661       147.58038       68.614286   2.1550419e-09       9.2809296        10.82466        1020.838       12.443063       1406.4115      -19.218509       -19.218509       2533.7517                                 83.234536          12.443063             1406.4115           10.82466                      22.315308                      402.65497                                587.32232                        8.5453538
              3       1248.2275       1.0421985     0.022636991      0.11732574     0.066189532       3.0566512      0.97227068       11.711078     0.026905293       1.0648508      0.99697304       0.2981547      0.70176852      0.80811142     0.048001391      0.24878742      0.80562224       13.746031       147.51325       68.672433   2.1256254e-09       8.7369537       10.664074       1020.3166       12.129503       1406.4293      -18.569965       -18.569965        2533.595                                 84.055493          12.129503             1406.4293          10.664074                      22.527248                      399.61305                                589.26221                        8.9141222
              1       1247.7533       1.0421985     0.022636991      0.11732574     0.066189532       3.0566512      0.97227068       11.731917     0.026105695       1.0450653      0.99822029       0.2981547      0.70176852      0.80811142     0.048001391      0.24878742      0.80562224       13.746031       147.51325       68.672433   2.1256254e-09       8.7369537       10.664074       1019.1701       12.129503       1406.4293       -18.78737        -18.78737       2533.0813                                 84.688345          12.129503             1406.4293          10.664074                      22.362593                      399.60516                                587.95164                        9.2506792
              6       1249.1242       1.0421985     0.022636991      0.11732574     0.066189532       3.0566512      0.97227068       11.817006      0.02791895      0.97903912      0.99879453       0.2981547      0.70176852      0.80811142     0.048001391      0.24878742      0.80562224       13.746031       147.51325       68.672433   2.1256254e-09       8.7369537       10.664074       1020.4213       12.129503       1406.4293      -18.125927       -18.125927       2534.5003                                 84.856176          12.129503             1406.4293          10.664074                      22.288171                      399.60161                                589.09623                        9.4352605
              3       1248.8456       1.0422429     0.022680944       0.1172645     0.064073493       3.0594175      0.97112325       11.816919     0.027274534      0.97293796       1.0017209      0.29745344      0.70246994      0.80851282     0.047987377      0.24810323      0.80507397       13.739733       147.48066       68.749107   2.1315137e-09       8.5242767       10.514441       1019.1622        11.72216       1406.5825       -17.84091        -17.84091        2533.373                                 85.391684           11.72216             1406.5825          10.514441                      22.533097                      398.67083                                588.84797                        9.1103095
              1       1248.1053       1.0422429     0.022680944       0.1172645     0.064073493       3.0594175      0.97112325       11.763597     0.028065618       1.0267099       1.0003323      0.29745344      0.70246994      0.80851282     0.047987377      0.24810323      0.80507397       13.739733       147.48066       68.749107   2.1315137e-09       8.5242767       10.514441       1019.9349        11.72216       1406.5825       -18.77249        -18.77249       2533.7556                                 85.001619           11.72216             1406.5825          10.514441                      22.721569                      398.71065                                589.73765                        8.7650015
              2       1248.0256       1.0422429     0.022680944       0.1172645     0.064073493       3.0594175      0.97112325       11.747239     0.027248381       1.0323325       1.0003553      0.29745344      0.70246994      0.80851282     0.047987377      0.24810323      0.80507397       13.739733       147.48066       68.749107   2.1315137e-09       8.5242767       10.514441       1019.8694        11.72216       1406.5825       -18.86281        -18.86281       2533.7767                                 85.088307           11.72216             1406.5825          10.514441                      22.718391                      398.71065                                589.67048                        8.7698361
              7       1247.6339       1.0421085     0.022671726       0.1173063     0.060908164       3.0542481       0.9727899       11.757515     0.027797668       1.0383748       1.0010862      0.29811805      0.70180518      0.80701248     0.048063909      0.24868858      0.80447724       13.744911       147.47941       68.680389   2.1205236e-09       8.2231598       10.728252       1018.8258       12.086911       1406.4372      -18.792098       -18.792098        2532.852                                 84.773741          12.086911             1406.4372          10.728252                      22.257051                       397.4593                                590.08084                        9.0286607
              1       1248.4158       1.0420329     0.022565591      0.11699962      0.06063668       3.0592958      0.97331155       11.763532     0.027468224       1.0397064       1.0046842      0.29732378      0.70259943      0.80850933     0.047851923      0.24810592        0.804895       13.757013        147.6795       68.671045   2.1312543e-09       8.2161407       10.476828       1017.2272       12.136943       1406.6111      -17.290244       -17.290244       2531.4121                                 84.960029          12.136943             1406.6111          10.476828                      22.050249                      397.33721                                588.86647                          8.97332
              1       1247.5886       1.0420329     0.022565591      0.11699962      0.06063668       3.0592958      0.97331155       11.631786     0.029714821       1.1916578       1.0049353      0.29732378      0.70259943      0.80850933     0.047851923      0.24810592        0.804895       13.757013        147.6795       68.671045   2.1312543e-09       8.2161407       10.476828        1016.654       12.136943       1406.6111      -18.333644       -18.333644       2531.8444                                 85.965539          12.136943             1406.6111          10.476828                      22.019934                      397.33721                                588.25912                        9.0377609
              1       1247.3317       1.0418208     0.022551656       0.1171635     0.063793748       3.0637935      0.96920262       11.624958     0.029227788       1.1747019       1.0038846      0.29888909      0.70103379      0.80950811     0.048022786      0.24949465      0.80800791       13.765609       147.65132       68.527603   2.1408617e-09       8.5263824        11.00512       1017.0342       12.917923       1406.2726      -19.073722       -19.073722       2532.8108                                 85.581069          12.917923             1406.2726           11.00512                      22.882836                      398.72205                                586.81937                        8.6099044
              3       1247.5843       1.0418719      0.02252557       0.1170587     0.059739408       3.0553821      0.96895756        11.62465     0.029474946       1.1664617        1.004043      0.29833286       0.7015901      0.80582343     0.047922655      0.24903982      0.80358127       13.766369       147.70811       68.559471   2.1229296e-09       8.1389313       10.756328       1017.1021       12.742314       1406.3909      -18.990344       -18.990344       2533.1493                                 86.157602          12.742314             1406.3909          10.756328                      22.753682                      397.16888                                588.04985                        9.1297223
              3        1247.361       1.0418719      0.02252557       0.1170587     0.059739408       3.0553821      0.96895756       11.637025     0.028417456       1.1552959       1.0032671      0.29833286       0.7015901      0.80582343     0.047922655      0.24903982      0.80358127       13.766369       147.70811       68.559471   2.1229296e-09       8.1389313       10.756328       1018.3148       12.742314       1406.3909      -19.353471       -19.353471       2533.4289                                 85.224536          12.742314             1406.3909          10.756328                      22.861702                      397.17853                                589.36318                        8.9113835
              1       1249.2915       1.0418719      0.02252557       0.1170587     0.059739408       3.0553821      0.96895756       11.442038     0.022487844       1.2141492       1.0029721      0.29833286       0.7015901      0.80582343     0.047922655      0.24903982      0.80358127       13.766369       147.70811       68.559471   2.1229296e-09       8.1389313       10.756328       1019.3127       12.742314       1406.3909      -19.241238       -19.241238       2537.0654                                 87.863164          12.742314             1406.3909          10.756328                      22.903184                      397.18434                                590.38799                        8.8372246
              2       1248.9442       1.0418719      0.02252557       0.1170587     0.059739408       3.0553821      0.96895756       11.477756     0.021463188       1.1409741       1.0047122      0.29833286       0.7015901      0.80582343     0.047922655      0.24903982      0.80358127       13.766369       147.70811       68.559471   2.1229296e-09       8.1389313       10.756328        1017.684       12.742314       1406.3909      -17.833305       -17.833305       2533.5549                                 85.981407          12.742314             1406.3909          10.756328                      22.661872                       397.1604                                588.51662                        9.3451037
              2       1248.1354       1.0418925      0.02253016      0.11701276     0.059727716       3.0553133      0.96936903       11.478032     0.021491077       1.1420652       1.0041821      0.29800357      0.70191945       0.8057589     0.047893637      0.24874066      0.80307336       13.765043       147.71532       68.587224   2.1227835e-09       8.1354218       10.655908       1017.0454       12.590357        1406.462       -18.21348        -18.21348       2532.6979                                 85.944214          12.590357              1406.462          10.655908                      22.658999                      397.13689                                588.03401                        9.2155145
              7        1247.511       1.0420146     0.022452234      0.11738638      0.05738218       3.0486528      0.96939207       11.477335     0.021952076       1.1501682       1.0030178      0.30006932      0.69985333      0.80483127      0.04795768      0.25073578      0.80492426       13.771523       147.70168       68.422777   2.1086917e-09       7.9290619        11.25346       1016.0804       13.504061       1406.0286      -19.075616       -19.075616       2533.1733                                 86.306747          13.504061             1406.0286           11.25346                      22.535193                      396.56041                                587.44585                        9.5389761
              5       1247.8801       1.0419549     0.022459551      0.11733241     0.057176849       3.0473327      0.96950807       11.478528     0.022077583       1.1478134        1.001519      0.29991653      0.70000613      0.80406469     0.047964811       0.2505761      0.80395283       13.772263       147.70798       68.428839   2.1059099e-09        7.905899       11.233142       1018.0465        13.46981       1406.0596      -19.630397       -19.630397        2535.021                                 86.211931           13.46981             1406.0596          11.233142                      22.651423                      396.49695                                589.63123                        9.2668972
              6       1248.6967       1.0419938     0.022467386      0.11726954     0.054191054       3.0422037      0.97055671       11.481827      0.02234837       1.1488512       1.0016182      0.29942342      0.70049934      0.80211036     0.047921433      0.25012809      0.80133919       13.769964       147.71585       68.471743   2.0951362e-09       7.6040802       11.012493       1020.3927        13.22865       1406.1609      -19.651736       -19.651736       2536.6969                                 85.902128           13.22865             1406.1609          11.012493                      22.412986                      395.93332                                592.47255                        9.5738898
              3       1248.5843       1.0419938     0.022467386      0.11726954     0.054191054       3.0422037      0.97055671       11.541786     0.022235935       1.0624453       1.0038596      0.29942342      0.70049934      0.80211036     0.047921433      0.25012809      0.80133919       13.769964       147.71585       68.471743   2.0951362e-09       7.6040802       11.012493       1017.8354        13.22865       1406.1609      -18.319774       -18.319774       2533.8081                                 85.570654           13.22865             1406.1609          11.012493                      22.129114                      395.87702                                589.29777                         10.53155
              4       1248.0769        1.041994     0.022467341       0.1172681     0.054199668       3.0422096      0.97055335       11.541757     0.022234918       1.0623963       1.0021398      0.29941559      0.70050718      0.80210689     0.047920589      0.25012112      0.80132523       13.769958       147.71629       68.472275   2.0951486e-09       7.6047821       11.009259       1018.2958       13.225668       1406.1625      -19.144864       -19.144864       2534.4436                                 85.750325          13.225668             1406.1625          11.009259                      22.346196                      395.93713                                 590.2393                        9.7732089
              8       1248.8554       1.0419697     0.022423025      0.11684507     0.056612793       3.0472133      0.97209924       11.543887     0.022134628       1.0645328       1.0039273      0.29749644      0.70242656      0.80327005     0.047678249      0.24844856       0.7999113       13.773367       147.87969       68.578337   2.1056583e-09       7.8497467       10.436296       1018.8103       12.638916       1406.5728      -18.296996       -18.296996       2534.3049                                 85.846506          12.638916             1406.5728          10.436296                      21.970505                      396.27898                                590.34794                        10.212864
              1       1249.1037       1.0418952     0.022447532      0.11659716     0.056290308       3.0418797      0.97393354       11.547038     0.022744847       1.0631263       1.0020915      0.29626604      0.70365716      0.80065315     0.047608972      0.24729092      0.79565487       13.771758       147.91906       68.665708   2.0944575e-09       7.8083344       10.326189       1021.4015       12.165565       1406.8494      -19.261018       -19.261018       2536.7295                                 85.986832          12.165565             1406.8494          10.326189                      21.635721                      396.20066                                 592.4262                        11.138909
              1       1250.4415       1.0420862     0.022535875      0.11615912     0.058179247       3.0480309      0.97234216       11.535567     0.021765032       1.0469187       1.0038028      0.29292482      0.70699906      0.80086054     0.047375903      0.24419478      0.79136047       13.754468       147.93865       68.969719   2.1073807e-09       7.9683685        10.79841       1022.4654        10.58892       1407.6544      -18.131092       -18.131092       2537.1451                                 85.637983           10.58892             1407.6544           10.79841                       21.97659                      396.57373                                 592.6712                        11.243896
              1       1249.6864       1.0420862     0.022535875      0.11615912     0.058179247       3.0480309      0.97234216       11.543551     0.021844329       1.0428939       1.0028821      0.29292482      0.70699906      0.80086054     0.047375903      0.24419478      0.79136047       13.754468       147.93865       68.969719   2.1073807e-09       7.9683685        10.79841       1022.1029        10.58892       1407.6544      -18.612223       -18.612223       2536.5973                                 85.452734           10.58892             1407.6544           10.79841                      22.087825                      396.57386                                592.70898                        10.732186
              1       1250.0394       1.0420862     0.022535875      0.11615912     0.058179247       3.0480309      0.97234216        11.52826      0.02138355       1.0638624       1.0037852      0.29292482      0.70699906      0.80086054     0.047375903      0.24419478      0.79136047       13.754468       147.93865       68.969719   2.1073807e-09       7.9683685        10.79841       1022.4318        10.58892       1407.6544      -18.148057       -18.148057       2536.3749                                 84.901323           10.58892             1407.6544           10.79841                       21.97869                      396.57373                                592.64571                        11.233696
              1       1249.5026       1.0420768      0.02253911      0.11615454     0.057945455       3.0475001      0.97231113       11.528461     0.021405975       1.0630643       1.0032439      0.29290996      0.70701391      0.80060054     0.047380756      0.24417513      0.79108349       13.754379       147.93625       68.971137   2.1062624e-09       7.9445038       10.797438       1021.9554       10.581823       1407.6581       -18.44891        -18.44891       2535.9031                                 84.910288          10.581823             1407.6581          10.797438                      22.039593                      396.50542                                592.40871                        11.001664
              2       1250.1355       1.0420867     0.022532395      0.11605831     0.058696362       3.0476061      0.97236133       11.526883     0.021418887       1.0611314       1.0030533      0.29241636      0.70750759      0.80035078     0.047321783      0.24374179      0.79017007       13.754321       147.96981       69.003819   2.1064857e-09       8.0182037       10.987691       1023.1996       10.418895       1407.7838      -18.549457       -18.549457       2537.3699                                 84.979942          10.418895             1407.7838          10.987691                      22.004648                      396.72332                                593.12351                        11.348111
              4       1249.8219       1.0421753     0.022512781      0.11621468     0.055716728       3.0417066      0.97240422       11.527044     0.021669452       1.0627475       1.0017724      0.29308753      0.70683632      0.79872413      0.04734261      0.24439035      0.78946858       13.754558       147.94923       68.958606   2.0940951e-09        7.730423       10.794067       1023.8627       10.644628       1407.6134      -19.123817       -19.123817       2537.8915                                 84.976722          10.644628             1407.6134          10.794067                      22.047706                      396.04487                                594.53505                        11.235085
              2       1249.4109        1.042026     0.022564046      0.11625523     0.054300292       3.0391483      0.97334087       11.533933     0.022004791       1.0645811       1.0019321      0.29344428      0.70647952      0.79779125     0.047476897      0.24461206      0.78902627       13.753736       147.88094       68.939372   2.0887445e-09       7.5781097       10.606779       1023.2404       10.741393       1407.5241      -19.070851       -19.070851       2536.9635                                  84.85081          10.741393             1407.5241          10.606779                      21.844746                      395.86482                                594.08222                        11.448637
              2       1249.0526       1.0420571     0.022491676       0.1167152      0.05076237       3.0331706      0.97490683       11.542124     0.022661206        1.083078        1.002941       0.2961711      0.70375222      0.79784415     0.047632007      0.24717496      0.79273635       13.762801       147.83746       68.716569   2.0762959e-09       7.2404938       10.315422       1022.3771       11.894172       1406.8713       -18.95379        -18.95379       2536.0127                                 84.554732          11.894172             1406.8713          10.315422                      21.397535                      395.69499                                593.16153                        12.123034
              1       1250.1808       1.0420958     0.022565579      0.11777151     0.060049986       3.0399789      0.97033144       11.522302     0.022498988        1.085914      0.99610907      0.30122538      0.69869724      0.80257058       0.0482144       0.2516347        0.804208       13.758822       147.47277       68.412405   2.0904803e-09       8.1726227       11.991251       1019.0042       13.562761       1405.7989      -18.337938       -18.337938       2537.0375                                  86.68035          13.562761             1405.7989          11.991251                      22.425797                      397.28443                                 589.0081                         10.28583
              4        1250.881       1.0420635     0.022551823      0.11767641     0.061127129       3.0416986      0.97085547       11.523459     0.022521554        1.087569      0.99663853      0.30089484      0.69902781      0.80311982     0.048169325      0.25134968      0.80431669       13.760805       147.51355       68.423541   2.0940784e-09       8.2786102       11.798344       1021.0398        13.49974       1405.8637       -18.67572        -18.67572       2539.1134                                 86.911877           13.49974             1405.8637          11.798344                      22.271752                      397.62286                                590.65759                        10.487555
              1        1248.899       1.0420635     0.022551823      0.11767641     0.061127129       3.0416986      0.97085547        11.52647     0.021895275        1.111774      0.99584282      0.30089484      0.69902781      0.80311982     0.048169325      0.25134968      0.80431669       13.760805       147.51355       68.423541   2.0940784e-09       8.2786102       11.798344       1018.2259        13.49974       1405.8637       -18.17381        -18.17381       2534.1457                                 84.758017           13.49974             1405.8637          11.798344                      22.374708                      397.64238                                588.08595                        10.122862
              2       1248.0399       1.0420635     0.022551823      0.11767641     0.061127129       3.0416986      0.97085547       11.626126     0.026588281       1.1081094      0.99577226      0.30089484      0.69902781      0.80311982     0.048169325      0.25134968      0.80431669       13.760805       147.51355       68.423541   2.0940784e-09       8.2786102       11.798344       1018.0785        13.49974       1405.8637      -18.529659       -18.529659        2533.139                                 83.898817           13.49974             1405.8637          11.798344                      22.383914                      397.64238                                587.95993                        10.092241
              1       1248.3466       1.0421125       0.0225713      0.11753672     0.061440453       3.0417454      0.97108933       11.624227     0.026532111       1.1057445       0.9956098      0.29989702      0.70002583      0.80268658     0.048092092      0.25043248       0.8025488       13.756605        147.5293       68.508026   2.0941764e-09        8.302475       11.278534       1018.8663       13.026403       1406.0636       -18.38082        -18.38082       2533.4548                                 84.219931          13.026403             1406.0636          11.278534                      22.360822                      397.69257                                588.55608                        10.256871
              2       1248.8162       1.0421125       0.0225713      0.11753672     0.061440453       3.0417454      0.97108933       11.550457     0.027925662       1.2013773        0.995355      0.29989702      0.70002583      0.80268658     0.048092092      0.25043248       0.8025488       13.756605        147.5293       68.508026   2.0941764e-09        8.302475       11.278534       1018.4601       13.026403       1406.0636      -18.717135       -18.717135       2535.0667                                 86.238097          13.026403             1406.0636          11.278534                      22.394081                      397.69831                                588.22527                         10.14239
              3       1247.7889       1.0419131     0.022503076      0.11674812     0.061378533       3.0451426      0.97341612       11.560819     0.027885801       1.1971802      0.99816546       0.2966987       0.7032245      0.80211223     0.047725922      0.24760666      0.79768666       13.766034       147.81681       68.666322   2.1013027e-09       8.2982635       10.378715       1020.6774       12.162272        1406.751      -20.241793       -20.241793       2536.0614                                 86.091985          12.162272              1406.751          10.378715                      21.903152                      397.60079                                590.65901                        10.514439
              2       1248.9375       1.0419009     0.022482663      0.11684271     0.061024708       3.0439882      0.97323018       11.561186      0.02798516       1.1981952      0.99695684      0.29734872      0.70257435       0.8020009     0.047761767      0.24821856      0.79844915       13.769041       147.81411        68.60941   2.0988784e-09       8.2701874       10.466638       1021.8083       12.469537       1406.6055      -19.797351       -19.797351       2537.4698                                 86.119795          12.469537             1406.6055          10.466638                      22.025225                      397.47839                                592.21383                        10.090824
              4       1249.3297       1.0420114     0.022439986      0.11731236     0.054934298       3.0383947      0.97302937        11.56663     0.028068336       1.2079821      0.99912525      0.29975534      0.70016734      0.80161903     0.047910785      0.25046929      0.80129209       13.772572       147.73498       68.437581   2.0871711e-09       7.6855011       11.102046       1022.4905       13.420496       1406.0925      -20.527571       -20.527571       2539.7145                                 86.608918          13.420496             1406.0925          11.102046                      21.961018                      396.02433                                594.55379                        9.9513653
              2       1247.9968       1.0420114     0.022439986      0.11731236     0.054934298       3.0383947      0.97302937       11.621781     0.029440846       1.1781375      0.99958598      0.29975534      0.70016734      0.80161903     0.047910785      0.25046929      0.80129209       13.772572       147.73498       68.437581   2.0871711e-09       7.6855011       11.102046       1020.4224       13.420496       1406.0925      -20.406611       -20.406611       2536.8068                                 85.769288          13.420496             1406.0925          11.102046                      21.906375                      396.02116                                592.34898                        10.145924
              1       1249.0187       1.0419422     0.022436949      0.11733415     0.053266351       3.0357514      0.97306616       11.624995     0.029593531       1.1767606       1.0019875      0.30009221       0.6998304      0.80060033     0.047951731      0.25076384      0.80072336       13.775062       147.73237       68.403726   2.0816613e-09        7.517746       11.291151        1020.345       13.611978       1406.0239      -20.093494       -20.093494       2538.2244                                  86.95237          13.611978             1406.0239          11.291151                      21.617188                      395.82465                                 591.5176                        11.385541
              2       1250.3417       1.0417396     0.022395657      0.11654916     0.060436659       3.0479065      0.97671688       11.632064     0.029603386       1.1841249       1.0018762      0.29675536      0.70316765      0.80383715      0.04761144      0.24777454       0.7994784       13.781703       147.99043       68.584542   2.1071185e-09       8.2280731       10.372234       1025.3272       12.605001       1406.7381      -20.143673       -20.143673       2540.9707                                 85.928038          12.605001             1406.7381          10.372234                      21.216591                      397.20356                                596.04772                        10.859378
              1       1251.8283       1.0416968     0.022296163      0.11690853     0.059439699       3.0446047       0.9757292       11.632851     0.029892179       1.1878249       1.0014114      0.29935002      0.70057246      0.80385214     0.047725514      0.25024572      0.80298086       13.795378       148.00483       68.350196   2.1001727e-09       8.1599884       10.938603       1027.2262       13.917515        1406.176      -20.269014       -20.269014       2544.1945                                 85.936193          13.917515              1406.176          10.938603                      21.251369                      396.97449                                598.01043                        10.989927
              2       1249.3177       1.0415509     0.022366714      0.11706142     0.063310254       3.0520756      0.97217763       11.625388     0.029193222       1.1739228      0.99944839      0.30019424      0.69972816      0.80587578     0.047934961       0.2508788      0.80613662       13.792937       147.88504       68.308525   2.1159216e-09       8.5228729       11.502068       1022.3026        14.15771       1406.0032        -20.4003         -20.4003        2539.436                                 85.470386           14.15771             1406.0032          11.502068                      22.113328                      398.43939                                592.36806                        9.3818574
              3       1249.2363       1.0415602     0.022365122      0.11730088     0.063774193       3.0564289      0.97311007       11.630146     0.029123064        1.188237       1.0010215      0.30145603      0.69846617      0.80877247     0.048051418      0.25202069      0.81073275       13.793988       147.82248        68.22327   2.1251531e-09       8.5720062        12.21954       1021.1517       14.655528       1405.7541      -20.361019       -20.361019       2539.1946                                  85.41368          14.655528             1405.7541           12.21954                      21.947023                      398.64193                                591.50487                        9.0579192
              2       1249.3987       1.0415602     0.022365122      0.11730088     0.063774193       3.0564289      0.97311007       11.630266     0.029129261       1.1878213       1.0016475      0.30145603      0.69846617      0.80877247     0.048051418      0.25202069      0.81073275       13.793988       147.82248        68.22327   2.1251531e-09       8.5720062        12.21954       1021.2238       14.655528       1405.7541      -20.226068       -20.226068       2539.2495                                 85.396505          14.655528             1405.7541           12.21954                      21.872839                      398.64769                                 591.4795                        9.2237681
              1       1248.6719       1.0417899     0.022328849      0.11750372     0.063393426       3.0554449       0.9720876       11.622879     0.028948548        1.189564        1.001518      0.30206851      0.69785363       0.8091244     0.048013954      0.25266946      0.81190908       13.791974       147.80849       68.194513   2.1230629e-09       8.5488434       12.336585       1019.6908       14.825384       1405.6371      -20.282761       -20.282761       2537.9093                                 85.419424          14.825384             1405.6371          12.336585                       22.01612                       398.5517                                589.81205                        9.3108996
              1       1248.9006       1.0417899     0.022328849      0.11750372     0.063393426       3.0554449       0.9720876        11.63801     0.026692844       1.1363861      0.99968763      0.30206851      0.69785363       0.8091244     0.048013954      0.25266946      0.81190908       13.791974       147.80849       68.194513   2.1230629e-09       8.5488434       12.336585       1021.3215       14.825384       1405.6371      -20.162492       -20.162492       2538.1263                                 84.005673          14.825384             1405.6371          12.336585                      22.243266                      398.57192                                591.63688                        8.8694276
              5       1247.9482       1.0417899     0.022328849      0.11750372     0.063393426       3.0554449       0.9720876       11.599154     0.026005331       1.1567381       1.0011057      0.30206851      0.69785363       0.8091244     0.048013954      0.25266946      0.81190908       13.791974       147.80849       68.194513   2.1230629e-09       8.5488434       12.336585       1019.0629       14.825384       1405.6371      -20.194413       -20.194413       2536.2852                                 84.423198          14.825384             1405.6371          12.336585                      22.066396                      398.55163                                589.24995                        9.1949728
              1       1247.7092       1.0416776     0.022397734       0.1176108     0.063010419       3.0539805      0.97195323       11.601404     0.026156745       1.1548229       0.9998523      0.30257917      0.69734293      0.80847565     0.048183145      0.25301033      0.81194354       13.788474       147.70281       68.179604   2.1199562e-09       8.4962006       12.962157       1018.1726       14.913834       1405.5416      -20.285602       -20.285602       2535.9896                                 84.399492          14.913834             1405.5416          12.962157                      22.190858                      398.37965                                588.61217                         8.989913
              3       1247.7064       1.0417965     0.022444493      0.11784187      0.06316597       3.0526775      0.96654189       11.583912     0.025417516       1.1298233      0.99848076      0.30319172      0.69673037      0.80699929     0.048286103      0.25351985      0.81128079       13.781015       147.58883       68.177932   2.1171956e-09       8.5046234       13.427116       1017.0797       14.923769       1405.4293      -19.973666       -19.973666       2535.3601                                 84.500196          14.923769             1405.4293          13.427116                      23.358721                      398.66944                                586.23307                        8.8184661
              1       1248.8548       1.0417965     0.022444493      0.11784187      0.06316597       3.0526775      0.96654189        11.59716     0.031502271       1.2033327      0.99809391      0.30319172      0.69673037      0.80699929     0.048286103      0.25351985      0.81128079       13.781015       147.58883       68.177932   2.1171956e-09       8.5046234       13.427116       1017.2978       14.923769       1405.4293      -20.215729       -20.215729       2538.1411                                 87.063074          14.923769             1405.4293          13.427116                      23.417561                      398.65672                                586.48431                        8.7392021
              1        1249.644       1.0417965     0.022444493      0.11784187      0.06316597       3.0526775      0.96654189       11.707291     0.032454227       1.1201789      0.99750896      0.30319172      0.69673037      0.80699929     0.048286103      0.25351985      0.81128079       13.781015       147.58883       68.177932   2.1171956e-09       8.5046234       13.427116       1018.6089       14.923769       1405.4293       -19.30795        -19.30795       2537.9039                                 85.514773          14.923769             1405.4293          13.427116                      23.507586                      398.64811                                587.81775                        8.6355088
              1       1248.7329        1.041887     0.022475677      0.11748883     0.061786788       3.0464224      0.96811015        11.70609      0.03283455       1.1154282      0.99702897      0.30085689      0.69906562      0.80368566     0.048090659      0.25138799      0.80483263       13.773312       147.64849       68.363774   2.1039937e-09       8.3572235       11.785106       1018.0564       13.839696       1405.8711       -19.03652        -19.03652       2535.5388                                   85.9865          13.839696             1405.8711          11.785106                      22.993644                      397.98964                                587.65744                        9.4157022
              1       1251.8232       1.0419012     0.022454959      0.11778019     0.058410149       3.0401907      0.96783859       11.708397     0.033150345       1.1179403      0.99911476      0.30248884      0.69743341      0.80221137     0.048214145      0.25289164      0.80553212       13.776482       147.59323       68.244695    2.090923e-09       8.0364532       12.795457       1023.5978       14.529615       1405.5584      -19.669552       -19.669552       2542.9855                                  86.50425          14.529615             1405.5584          12.795457                      22.633115                      396.83143                                593.53612                        10.597162
              2       1248.7886       1.0421194     0.022497181      0.11804503     0.061965597       3.0460135      0.96884403        11.70361     0.033022924        1.134267      0.99656303      0.30300903      0.69691325      0.80578927     0.048282634      0.25334397      0.80982026       13.766706       147.47586        68.26036   2.1031335e-09       8.3796844       13.052541       1016.5626       14.437896       1405.4626      -18.837282       -18.837282       2535.2517                                 85.736044          14.437896             1405.4626          13.052541                      22.814558                      398.05137                                586.28338                        9.4133127
              1       1248.8608       1.0420592     0.022485201      0.11809766     0.062005037       3.0462796      0.96855114       11.704828     0.033039523       1.1340038      0.99640313      0.30353975      0.69638242      0.80598436     0.048327534      0.25382777      0.81072539       13.770025       147.47512       68.210475   2.1036933e-09       8.3874054       13.515666       1015.8757       14.730982       1405.3667      -18.751291       -18.751291       2535.2243                                 85.735256          14.730982             1405.3667          13.515666                      22.895289                      398.09583                                585.61928                        9.2652989
              8       1249.1702       1.0420553     0.022473955      0.11793167     0.062772216        3.048343      0.96857759       11.704286     0.032881719       1.1316753      0.99594789      0.30272935      0.69719293       0.8062935     0.048234933      0.25311194      0.80995296       13.770568       147.53201       68.258841   2.1080385e-09       8.4611053       12.854383       1016.8711       14.446774       1405.5139      -18.490836       -18.490836        2535.322                                 85.635937          14.446774             1405.5139          12.854383                      23.039954                      398.39778                                586.44713                        8.9861882
              2       1248.8594       1.0420553     0.022473955      0.11793167     0.062772216        3.048343      0.96857759       11.719579     0.033498114       1.1101341      0.99670585      0.30272935      0.69719293       0.8062935     0.048234933      0.25311194      0.80995296       13.770568       147.53201       68.258841   2.1080385e-09       8.4611053       12.854383       1016.1873       14.446774       1405.5139      -18.731342       -18.731342       2535.1816                                 86.179224          14.446774             1405.5139          12.854383                      22.930847                       398.3988                                585.67333                        9.1843404
              1        1248.805       1.0420553     0.022473955      0.11793167     0.062772216        3.048343      0.96857759       11.701739     0.033559342       1.1246973      0.99723494      0.30272935      0.69719293       0.8062935     0.048234933      0.25311194      0.80995296       13.770568       147.53201       68.258841   2.1080385e-09       8.4611053       12.854383        1016.867       14.446774       1405.5139      -19.126329       -19.126329       2535.8626                                 86.180591          14.446774             1405.5139          12.854383                      22.855769                      398.39421                                586.27503                         9.341977
              5       1248.9438       1.0420057     0.022359022      0.11715645     0.056943924       3.0471669      0.97275835       11.719982     0.033639214       1.1312417       1.0027828      0.29940478      0.70051787      0.80484712     0.047762675      0.25026612      0.80404829       13.780641       147.86749       68.419844   2.1055607e-09       7.9023895       10.870357       1019.7188       13.520647       1406.1647      -19.092238       -19.092238       2536.0721                                  85.79759          13.520647             1406.1647          10.870357                      21.906406                       396.3784                                591.67351                        9.7604485
              3       1248.8432       1.0420057     0.022359022      0.11715645     0.056943924       3.0471669      0.97275835       11.684834     0.030981289       1.1278679       1.0041827      0.29940478      0.70051787      0.80484712     0.047762675      0.25026612      0.80404829       13.780641       147.86749       68.419844   2.1055607e-09       7.9023895       10.870357        1019.844       13.520647       1406.1647      -18.643189       -18.643189       2534.9728                                  84.57314          13.520647             1406.1647          10.870357                      21.744657                      396.36322                                591.38967                        10.346436
              1       1249.6931       1.0420057     0.022359022      0.11715645     0.056943924       3.0471669      0.97275835       11.740763     0.030424193       1.0588719       1.0032965      0.29940478      0.70051787      0.80484712     0.047762675      0.25026612      0.80404829       13.780641       147.86749       68.419844   2.1055607e-09       7.9023895       10.870357       1018.9968       13.520647       1406.1647      -18.627235       -18.627235       2536.6407                                 87.088216          13.520647             1406.1647          10.870357                      21.846392                      396.37195                                590.81566                        9.9627951
