#        weight    minuslogpost          a_samp               s     theta_s_100         omega_b       omega_cdm        tau_reio            logA             n_s        A_planck           a_exo           b_exo        Omega_x0         Omega_m    Omega_Lambda          sigma8         Omega_b       Omega_cdm              S8             age         rs_drag              H0             A_s          z_reio       chi2__BAO       chi2__CMB        chi2__H0        chi2__SN   minuslogprior minuslogprior__0 minuslogprior__h2_positivity            chi2 chi2__jwst_likelihood_uvlf.UVLFLikelihood chi2__H0.riess2020 chi2__sn.pantheonplus chi2__bao.desi_dr2 chi2__planck_2018_lowl.TT_clik chi2__planck_2018_lowl.EE_clik chi2__planck_2018_highl_plik.TTTEEE_lite chi2__planck_2018_lensing.native
              4       1277.1496      -157.38624      -91.195346       1.0414212     0.022276049      0.12023426      0.05517967       3.0420418      0.95709738      0.99564786      -157.38624       66.190899  -0.00085908652      0.30455925       0.6962228      0.81260496     0.047392009      0.25579685      0.81875646       13.706155       147.13936       68.559323   2.0947971e-09       7.7837677       11.095827       1029.9989       12.743125       1405.2395      -1.3179377       -1.3179377                           -0        2556.935                                 97.857647          12.743125             1405.2395          11.095827                      26.781396                      396.51559                                597.30531                        9.3966175
              2       1273.6268      -247.83496      -58.982034       1.0417065     0.022315414      0.11917982     0.058675093       3.0488909      0.96319424      0.99700542      -247.83496       188.85293   -0.0013527972      0.30077284      0.70050333      0.81292868     0.047220348      0.25218947      0.81397512       13.714154       147.37532       68.744488   2.1091939e-09       8.1080475       10.414866       1025.7649       11.746502       1405.9535      -2.1314325       -2.1314325                           -0       2551.5164                                 97.636666          11.746502             1405.9535          10.414866                      24.650343                      397.20319                                594.99754                        8.9137941
              4       1268.2005      -247.83496      -58.982034       1.0417065     0.022315414      0.11917982     0.058675093       3.0488909      0.96319424       1.0007591      -247.83496       188.85293   -0.0013527972      0.30077284      0.70050333      0.81292868     0.047220348      0.25218947      0.81397512       13.714154       147.37532       68.744488   2.1091939e-09       8.1080475       10.414866       1016.2549       11.746502       1405.9535      -2.8027425       -2.8027425                           -0       2542.0064                                 97.636666          11.746502             1405.9535          10.414866                      24.009031                      397.13914                                 586.3934                         8.713362
              4        1268.259      -270.38671      -40.618387       1.0417286     0.022258649      0.11856024     0.058000684       3.0469502      0.96764575       1.0016411      -270.38671       229.76833   -0.0014758951      0.29980374      0.70159542      0.81101803     0.047172934      0.25126568       0.8107527       13.734577        147.6035       68.691493   2.1051045e-09       8.0448761        10.35083       1016.7928       12.027596       1406.1487      -2.6072683       -2.6072683                           -0       2541.7326                                 96.412724          12.027596             1406.1487           10.35083                      22.739584                      396.79595                                588.23955                        9.0176835
              3       1267.3033      -270.38671      -40.618387       1.0417286     0.022258649      0.11856024     0.058000684       3.0469502      0.96764575       1.0009101      -270.38671       229.76833   -0.0014758951      0.29980374      0.70159542      0.81101803     0.047172934      0.25126568       0.8107527       13.734577        147.6035       68.691493   2.1051045e-09       8.0448761        10.35083       1015.1797       12.027596       1406.1487      -2.7564585       -2.7564585                           -0       2540.1195                                 96.412724          12.027596             1406.1487           10.35083                      22.842139                      396.84265                                586.60022                        8.8946551
              2       1267.2913      -264.61088      -42.781979        1.041707     0.022263596      0.11860055     0.057752376       3.0467274      0.96757436       1.0009818      -264.61088        221.8289   -0.0014443679      0.29985116      0.70151648      0.81106578     0.047175792      0.25131047      0.81086456       13.733084        147.5872       68.697046   2.1046356e-09       8.0196075       10.354005       1014.9303       11.997986       1406.1385      -2.7488167       -2.7488167                           -0       2540.0802                                 96.659442          11.997986             1406.1385          10.354005                      22.868515                      396.76105                                586.41581                        8.8849535
              4       1267.4604       -286.6457       -40.87078       1.0416419     0.022269741      0.11854768     0.058894779       3.0489927      0.96710791       1.0009962       -286.6457       245.77492   -0.0015646441        0.299687      0.70180093      0.81159587     0.047178555      0.25114384      0.81117238       13.733926       147.59457       68.704512   2.1094086e-09       8.1305084       10.344688       1015.2393        11.95823       1406.1761      -2.7502845       -2.7502845                           -0       2540.4213                                 96.702977           11.95823             1406.1761          10.344688                      22.994104                      397.04742                                586.40007                        8.7977022
              1       1265.9473      -306.64682      -57.093051       1.0418344     0.022368825      0.11881469     0.057301378       3.0442124      0.96550286      0.99954778      -306.64682       249.55376   -0.0016738194      0.29754463      0.70405322      0.81060803     0.046928252      0.24926503      0.80728398       13.697933       147.41293       69.040575   2.0993491e-09       7.9529266       10.905006       1013.5149        10.23717        1406.647      -2.8355498       -2.8355498                           -0       2537.5658                                 96.261631           10.23717              1406.647          10.905006                      23.652991                      396.68447                                584.34152                        8.8359386
              1       1265.9971      -307.09369      -54.395495       1.0418559     0.022381826      0.11877989     0.058070636        3.045923       0.9657569      0.99964461      -307.09369       252.69819   -0.0016762586      0.29756821      0.70403206      0.81111638     0.046966467      0.24925008      0.80782225       13.698766       147.40781       69.032534   2.1029432e-09       8.0252228       10.833509       1013.3907       10.276791       1406.6409      -2.8394008       -2.8394008                           -0        2537.673                                 96.531134          10.276791             1406.6409          10.833509                       23.58012                      396.87739                                584.13142                         8.801757
              2       1266.3995      -285.55586      -55.151497         1.04186       0.0223885      0.11850584     0.059608833       3.0484364      0.96648371      0.99972243      -285.55586       230.40436   -0.0015586952      0.29622361       0.7052593      0.81133234     0.046856532      0.24801898      0.80620965       13.697653       147.47352       69.123771   2.1082355e-09        8.170517       11.324687       1013.9026       9.8317404       1406.9422      -2.8416272       -2.8416272                           -0       2538.4822                                 96.481009          9.8317404             1406.9422          11.324687                      23.425785                      397.27598                                584.40512                        8.7956896
              1       1265.8125      -318.95797      -69.887357       1.0418746     0.022388523      0.11928379     0.051117373       3.0380725      0.96129521       1.0014647      -318.95797       249.07061   -0.0017410193      0.29795245      0.70371275      0.80895776     0.046872414      0.24973148       0.8061924       13.681054       147.26587       69.112096   2.0864987e-09       7.3303375       11.104356       1015.2399       9.8881416        1406.564      -2.6761663       -2.6761663                           -0       2536.9774                                 94.181008          9.8881416              1406.564          11.104356                      25.002476                      395.90962                                585.58228                        8.7454957
              2       1265.4183      -331.99576      -58.690366       1.0418843     0.022424915      0.11894234     0.051778174       3.0406967      0.96275931       1.0024398      -331.99576       273.30539   -0.0018121856      0.29719374      0.70454267      0.80876718     0.046929646      0.24891608      0.80497561       13.686454       147.31618       69.126053   2.0919814e-09        7.385788       11.082193       1014.3061       9.8207343       1406.7317      -2.3565088       -2.3565088                           -0       2535.5497                                 93.608941          9.8207343             1406.7317          11.082193                      24.438858                      395.87633                                585.24652                        8.7444357
              1       1265.5984      -338.80551      -56.165891       1.0419684     0.022399062      0.11901743     0.051556405       3.0411272      0.96283453        1.002802      -338.80551       282.63962   -0.0018493563      0.29774653      0.70402693       0.8093276     0.046946454      0.24945002      0.80628221       13.689393       147.32492       69.073826   2.0928822e-09       7.3696442       10.915562       1014.0427       10.074147       1406.6086      -2.2162992       -2.2162992                           -0       2535.6294                                 93.988463          10.074147             1406.6086          10.915562                      24.371262                       395.8623                                585.05957                        8.7495277
              6        1265.202      -293.54934      -59.394426       1.0420591     0.022409587      0.11903273       0.0490784       3.0354534      0.96370089       1.0024714      -293.54934       234.15491   -0.0016023273      0.29766333      0.70386314      0.80732177     0.046946857      0.24936704      0.80417155       13.686727       147.30896       69.089756   2.0810411e-09       7.1120453       10.965976       1014.3692       9.9965106       1406.6188      -2.3516237       -2.3516237                           -0       2535.1073                                 93.156746          9.9965106             1406.6188          10.965976                      24.110633                      395.89866                                585.36782                        8.9921374
              3        1265.411      -257.41847       -69.79078       1.0420379     0.022434924      0.11918263     0.047084347       3.0317793      0.96316164       1.0023551      -257.41847       187.62769   -0.0014051084      0.29747176      0.70385763      0.80632596     0.046911829      0.24921303      0.80292112       13.677265       147.24092       69.154606   2.0734092e-09       6.8993683       11.182838       1015.1755       9.6835562       1406.6577      -2.3831377       -2.3831377                           -0       2535.5883                                 92.888679          9.6835562             1406.6577          11.182838                      24.400535                      396.08959                                585.62844                        9.0569807
              1        1265.876      -229.76809      -69.286824       1.0420976     0.022408886      0.11891357     0.044851452       3.0267816      0.96650781       1.0027202      -229.76809       160.48127   -0.0012541799      0.29643302      0.70474554      0.80445801     0.046790823      0.24829722      0.79966124       13.680171       147.34107       69.203776   2.0630727e-09       6.6635284       11.661979       1015.5125       9.4495917       1406.8871      -2.2485887       -2.2485887                           -0       2536.2491                                 92.737896          9.4495917             1406.8871          11.661979                        23.4964                       396.4953                                585.87045                        9.6503161
              1       1265.7575      -229.76809      -69.286824       1.0420976     0.022408886      0.11891357     0.044851452       3.0267816      0.96650781       1.0024797      -229.76809       160.48127   -0.0012541799      0.29643302      0.70474554      0.80445801     0.046790823      0.24829722      0.79966124       13.680171       147.34107       69.203776   2.0630727e-09       6.6635284       11.661979       1015.4755       9.4495917       1406.8871      -2.3486105       -2.3486105                           -0       2536.2121                                 92.737896          9.4495917             1406.8871          11.661979                      23.533281                      396.49899                                585.86956                        9.5737108
              1       1265.7431      -221.79225      -70.506498       1.0420905     0.022406981      0.11886242     0.045533252       3.0281774      0.96656558       1.0025623      -221.79225       151.28576   -0.0012106441      0.29613268       0.7050024      0.80487986     0.046756916      0.24803164      0.79967515       13.679694       147.35684        69.22592   2.0659544e-09       6.7358246       11.843164        1015.056       9.3451527       1406.9553      -2.3161002       -2.3161002                           -0       2536.1183                                 92.918682          9.3451527             1406.9553          11.843164                      23.534838                      396.39061                                585.61544                        9.5150747
              3       1266.7313       -258.4103       -64.25689        1.042206     0.022502289      0.11832836      0.04813694       3.0309208      0.96863166       1.0018997       -258.4103       194.15341   -0.0014105223      0.29270789      0.70862771       0.8044291     0.046556688       0.2448185      0.79459232       13.665735       147.39344       69.522008   2.0716298e-09       6.9850006       14.188631       1015.9691       8.0045141       1407.7987       -2.479781        -2.479781                           -0       2538.4222                                 92.461232          8.0045141             1407.7987          14.188631                      23.109261                      396.03647                                587.03364                         9.789728
              1       1266.5872      -274.64059      -76.235428       1.0422139       0.0224418      0.11898832     0.045948827       3.0277456      0.96485963       1.0015875      -274.64059       198.40516   -0.0014991147      0.29473525      0.70668874      0.80506435     0.046555861      0.24684312      0.79796898       13.660133       147.28479       69.429119   2.0650626e-09       6.7751312       13.310377       1016.5238       8.4139294       1407.3013      -2.6208221       -2.6208221                           -0       2538.4161                                 92.866682          8.4139294             1407.3013          13.310377                      24.244677                      396.29727                                586.55382                        9.4280756
              2       1266.8848       -297.2708      -75.416703       1.0422404     0.022430966      0.11908155      0.04631552       3.0283744      0.96548111       1.0015157       -297.2708        221.8541   -0.0016226408      0.29502538      0.70652211      0.80596737     0.046552195      0.24713637      0.79925713       13.659561       147.27207       69.415093   2.0663615e-09       6.8172455       13.196103       1016.2612       8.4766398        1407.236      -2.6454798       -2.6454798                           -0       2539.0605                                 93.890666          8.4766398              1407.236          13.196103                      24.108039                      396.29659                                586.46625                        9.3902752
              1       1267.3621      -319.32094      -85.342854       1.0421005     0.022382455      0.11943825     0.041269019       3.0128426      0.96570059      0.99884584      -319.32094       233.97809   -0.0017430006      0.29600125      0.70566651      0.80159547     0.046504349      0.24815857      0.79623525       13.656997       147.23087       69.375651   2.0345151e-09       6.2845001       13.000367        1018.758       8.6542263       1407.0131      -2.7427912       -2.7427912                           -0       2540.2098                                 92.784108          8.6542263             1407.0131          13.000367                      24.304485                      397.49723                                586.68441                        10.271829
              4       1267.3457      -319.32094      -85.342854       1.0421005     0.022382455      0.11943825     0.041269019       3.0128426      0.96570059      0.99855844      -319.32094       233.97809   -0.0017430006      0.29600125      0.70566651      0.80159547     0.046504349      0.24815857      0.79623525       13.656997       147.23087       69.375651   2.0345151e-09       6.2845001       13.000367       1018.6058       8.6542263       1407.0131      -2.6831087       -2.6831087                           -0       2540.0576                                 92.784108          8.6542263             1407.0131          13.000367                      24.353222                      397.49723                                586.59741                         10.15793
              1       1267.0853      -315.74018      -82.706338        1.042134     0.022406988      0.11928694     0.043075771       3.0167393      0.96584759       0.9987881      -315.74018       233.03384   -0.0017234552      0.29534565      0.70630267      0.80249868     0.046493583      0.24751551      0.79624917       13.655876       147.24391       69.421698   2.0424585e-09         6.47612       13.334871       1017.7601       8.4470819       1407.1663      -2.7238462       -2.7238462                           -0       2539.6183                                 92.909994          8.4470819             1407.1663          13.334871                      24.248291                      396.97449                                586.56022                        9.9771245
              3       1267.7047      -315.74018      -82.706338        1.042134     0.022406988      0.11928694     0.043075771       3.0167393      0.96584759      0.99807792      -315.74018       233.03384   -0.0017234552      0.29534565      0.70630267      0.80249868     0.046493583      0.24751551      0.79624917       13.655876       147.24391       69.421698   2.0424585e-09         6.47612       13.334871       1018.6428       8.4470819       1407.1663      -2.5457928       -2.5457928                           -0        2540.501                                 92.909994          8.4470819             1407.1663          13.334871                      24.368576                       396.9699                                587.57302                        9.7312737
              3       1267.0548      -326.42202      -76.271509       1.0420446     0.022356207      0.11912449      0.04487794       3.0215089      0.96630648      0.99897615      -326.42202       250.15051   -0.0017817615      0.29578546      0.70592094      0.80390774     0.046526992      0.24791792      0.79824093       13.669699       147.34353       69.318088   2.0522233e-09       6.6782684       12.752431       1017.3099       8.9167108       1407.0618      -2.7692018       -2.7692018                           -0        2539.648                                 93.607184          8.9167108             1407.0618          12.752431                      24.045677                      396.58683                                587.15322                        9.5241819
              3       1266.2904      -142.70463      -82.678543       1.0421361     0.022320149      0.11949267     0.047165083       3.0256549      0.96454341      0.99831135      -142.70463       60.026091  -0.00077894754      0.29934922      0.70135364      0.80589026      0.04690202      0.25109365      0.80501568       13.686091       147.28602       68.984699   2.0607497e-09       6.9365692       10.842932       1016.2748       10.514062       1406.2329      -2.6218278       -2.6218278                           -0       2537.8244                                 93.959788          10.514062             1406.2329          10.842932                      24.170039                      396.10998                                586.81182                        9.1829715
              2       1266.2247      -139.78959       -82.61617        1.042137     0.022324218      0.11949227     0.047016404       3.0254545      0.96457566      0.99834756      -139.78959        57.17342  -0.00076303588      0.29936748      0.70131946      0.80578627     0.046912224      0.25110166      0.80493636       13.686013       147.28159       68.983482   2.0603366e-09       6.9197235       10.827748       1016.2659       10.520131       1406.2284      -2.6323311       -2.6323311                           -0        2537.714                                 93.871755          10.520131             1406.2284          10.827748                      24.156897                      396.09611                                586.82352                         9.189385
              5       1266.9267      -102.36996      -78.437996       1.0419218     0.022454682      0.11871677     0.054178554       3.0396624      0.96891796      0.99923203      -102.36996       23.931968  -0.00055878235      0.29611269      0.70437048      0.80917404     0.046885652      0.24788207      0.80391443       13.682559       147.34335       69.204363   2.0898186e-09       7.6223297       11.549744       1014.1157       9.4468146        1406.937      -2.7659985       -2.7659985                           -0       2539.3855                                 97.336173          9.4468146              1406.937          11.549744                      23.119502                      396.06694                                586.00313                        8.9261675
              2        1268.103      -62.774713      -89.675678       1.0420189     0.022399496      0.11899615     0.051519305       3.0387832      0.96785876       1.0009797      -62.774713      -26.900965  -0.00034265326      0.29666832       0.7035987      0.81004684     0.046784222      0.24853874      0.80553625       13.678354       147.33009       69.194156    2.087982e-09       7.3682404       11.704815       1014.3626       9.4951418       1406.8051      -2.7674753       -2.7674753                           -0        2541.741                                 99.373337          9.4951418             1406.8051          11.704815                      23.479963                      395.92227                                 586.0506                         8.909774
             12       1267.4204      -52.738644      -80.952722       1.0421535     0.022363319      0.11876781     0.053062445       3.0404371      0.96785233       1.0006105      -52.738644      -28.214078  -0.00028787178       0.2965561      0.70365602      0.80978831     0.046778108      0.24843063      0.80512684       13.688178       147.43116       69.142774   2.0914383e-09       7.5310822       11.603083       1015.1947       9.7402844       1406.8252      -2.8227385       -2.8227385                           -0       2540.4862                                  97.12298          9.7402844             1406.8252          11.603083                       23.29314                      396.00195                                586.97025                        8.9293552
              2       1267.4229       -55.12199      -79.772262       1.0421384     0.022367666      0.11871793     0.053207411       3.0413406      0.96789691       1.0009395       -55.12199      -24.650272  -0.00030088118      0.29643354       0.7037916      0.80992741     0.046782889      0.24830341      0.80509873       13.688986       147.43962       69.145961   2.0933287e-09       7.5437164       11.612947       1015.1578       9.7249881       1406.8533      -2.7814452       -2.7814452                           -0       2540.4087                                 97.059672          9.7249881             1406.8533          11.612947                      23.275172                      395.99957                                586.98109                        8.9019657
              2       1267.2339      -6.8281091      -73.263057        1.042225     0.022432106      0.11807526     0.059648456       3.0506948      0.96606573      0.99966612      -6.8281091      -66.434948  -3.7270961e-05       0.2938593      0.70610259      0.81023801     0.046700762      0.24581753      0.80190275       13.688321        147.5399       69.306352   2.1130021e-09       8.1620941       12.759042       1017.4703       8.9707066       1407.4529      -2.8196648       -2.8196648                           -0       2540.1071                                 93.454185          8.9707066             1407.4529          12.759042                      23.678629                      397.29721                                587.82853                        8.6659195
              3       1266.7537      -42.070467      -60.700808       1.0421945     0.022496425      0.11783823     0.059274709       3.0516911      0.96669583       1.0006011      -42.070467      -18.630341  -0.00022963996      0.29350497      0.70664928       0.8093595     0.046835501      0.24532843       0.8005502       13.691757       147.53169       69.305734   2.1151083e-09       8.1066437        12.42949       1017.5464       8.9735543       1407.5439      -2.7459957       -2.7459957                           -0       2538.9993                                 92.506013          8.9735543             1407.5439           12.42949                      23.476046                      397.10195                                588.31971                        8.6486502
              2       1266.4299      -49.104592      -63.945067       1.0422115     0.022479188      0.11809046     0.057475391       3.0478042      0.96535428       1.0001269      -49.104592      -14.840475  -0.00026803545      0.29437893      0.70581362      0.80849993      0.04686086      0.24617528      0.80088972       13.690077       147.48331        69.26043   2.1069031e-09       7.9381866       12.052183       1017.6191        9.183556       1407.3314      -2.7909598       -2.7909598                           -0       2538.4418                                 92.255514           9.183556             1407.3314          12.052183                       23.78959                       396.6657                                588.47831                        8.6855496
              2       1266.1315      -49.104592      -63.945067       1.0422115     0.022479188      0.11809046     0.057475391       3.0478042      0.96535428          1.0016      -49.104592      -14.840475  -0.00026803545      0.29437893      0.70581362      0.80849993      0.04686086      0.24617528      0.80088972       13.690077       147.48331        69.26043   2.1069031e-09       7.9381866       12.052183       1016.6152        9.183556       1407.3314      -2.5874366       -2.5874366                           -0       2537.4378                                 92.255514           9.183556             1407.3314          12.052183                      23.557057                      396.62854                                587.45734                        8.9722154
              1       1265.9928      -55.436767      -63.866723       1.0421586     0.022458454      0.11801778     0.057147143       3.0462579      0.96567479       1.0013669      -55.436767      -8.4299565  -0.00030259937      0.29419607      0.70603104      0.80778879     0.046819528       0.2460337      0.79993671       13.692878       147.52572       69.259032   2.1036475e-09       7.9087067       12.180659       1016.4343       9.1900762       1407.3775      -2.6607781       -2.6607781                           -0       2537.3072                                  92.12474          9.1900762             1407.3775          12.180659                      23.453531                      396.56739                                587.31973                        9.0936336
              2       1265.5258      -2.8623118      -61.705116        1.042191     0.022460603      0.11802708     0.055864003       3.0441008      0.96648437       1.0015906      -2.8623118      -58.842804  -1.5623815e-05      0.29510918      0.70483072      0.80689282     0.046965525      0.24679675      0.80028851       13.699956       147.52073       69.154606   2.0991147e-09        7.781662       11.437682       1016.0891       9.6835586       1407.1442      -2.6061286       -2.6061286                           -0       2536.2638                                 91.909275          9.6835586             1407.1442          11.437682                      23.167492                      396.29239                                587.36204                        9.2671713
              2       1265.1934      -2.8623118      -61.705116        1.042191     0.022460603      0.11802708     0.055864003       3.0441008      0.96648437       1.0008054      -2.8623118      -58.842804  -1.5623815e-05      0.29510918      0.70483072      0.80689282     0.046965525      0.24679675      0.80028851       13.699956       147.52073       69.154606   2.0991147e-09        7.781662       11.437682       1015.7254       9.6835586       1407.1442      -2.7566373       -2.7566373                           -0       2535.9001                                 91.909275          9.6835586             1407.1442          11.437682                      23.283939                      396.30895                                587.08058                        9.0518989
             12       1265.1671      -10.248049      -57.729017       1.0421966     0.022495549      0.11801567     0.057395699       3.0471389      0.96640258       1.0007101      -10.248049      -47.480968  -5.5938566e-05      0.29525033      0.70472986      0.80778385     0.047053251      0.24684976      0.80136383       13.699755       147.48509       69.143838   2.1055019e-09       7.9262543       11.224464        1015.713       9.7351764       1407.1108      -2.7354944       -2.7354944                           -0       2535.8052                                 92.021694          9.7351764             1407.1108          11.224464                      23.329679                      396.60949                                586.87578                          8.89806
              6       1264.6723      -83.094092      -49.196771       1.0421548     0.022593649      0.11821997     0.053836005       3.0397367      0.96907485       1.0003494      -83.094092       33.897321  -0.00045356578      0.29605204      0.70432574      0.80587848     0.047285466      0.24741849      0.80055829       13.693655        147.3215       69.124078   2.0899739e-09       7.5521393       10.724685       1015.0905       9.8302618       1406.9357      -2.6266179       -2.6266179                           -0       2534.5979                                 92.016796          9.8302618             1406.9357          10.724685                      22.730184                      395.90875                                587.20201                        9.2495745
              1       1264.4111      -78.607854       -56.17777       1.0420534     0.022579526      0.11852201     0.053722681       3.0386442        0.967063      0.99953989      -78.607854       22.430084  -0.00042907783      0.29720004      0.70315311      0.80608344     0.047342794      0.24850668      0.80231296       13.692489       147.25677       69.060619    2.087692e-09       7.5479279       10.508235       1014.7065       10.138741       1406.6759      -2.6438574       -2.6438574                           -0       2534.1099                                 92.080544          10.138741             1406.6759          10.508235                      23.186388                       395.9798                                586.48062                        9.0596901
              2       1264.9966      -58.324627      -65.579193       1.0421748     0.022566692      0.11894388     0.053112385       3.0371516      0.96710595      0.99897614      -58.324627      -7.2545656  -0.00031836264      0.29820315      0.70203925      0.80739267     0.047338979      0.24951295       0.8049711       13.684022       147.15891       69.043771   2.0845782e-09        7.495285       10.472544       1014.8685       10.221442       1406.4542      -2.5978451       -2.5978451                           -0       2535.1889                                 93.172133          10.221442             1406.4542          10.472544                      23.237513                      395.93578                                586.66624                        9.0289933
              1         1265.21      -67.199674      -54.717913       1.0421831     0.022588784      0.11886088     0.055002733       3.0397254      0.96782046      0.99851341      -67.199674       12.481761  -0.00036680673      0.29890923       0.7013814      0.80788025     0.047517879      0.25003634      0.80641023       13.692424       147.15666       68.947401   2.0899503e-09       7.6805878       10.323284       1014.9209       10.700943       1406.3009      -2.4681626       -2.4681626                           -0       2535.3562                                 93.110179          10.700943             1406.3009          10.323284                      23.009496                      396.12516                                586.79817                        8.9881034
              2       1265.0426      -43.230973      -54.496227       1.0421751     0.022580655      0.11887722     0.054898209       3.0403034      0.96772662      0.99886894      -43.230973      -11.265254  -0.00023597454      0.29941057       0.7007491      0.80804776       0.0475777      0.25047567      0.80725356       13.696432        147.1613       68.891644   2.0911588e-09       7.6721649       10.332651       1014.6031       10.983392       1406.1908      -2.5565512       -2.5565512                           -0       2535.1982                                 93.088188          10.983392             1406.1908          10.332651                      23.002515                      396.10529                                586.54171                        8.9536337
              3       1266.1076       -78.27392      -34.849173       1.0423197     0.022509537      0.11818643     0.060391469       3.0496333      0.97102216      0.99925343       -78.27392       43.424747  -0.00042725506      0.29777716       0.7025738      0.81025531     0.047423384       0.2489967      0.80724795       13.714303       147.42427        68.89489   2.1107604e-09       8.2210541       10.319948       1015.7609       10.966849       1406.5401      -2.7156565       -2.7156565                           -0       2537.6465                                 94.058781          10.966849             1406.5401          10.319948                       22.34215                      397.32911                                587.09051                         8.999105
              2        1266.922      -78.749401      -27.189939       1.0424423      0.02257862      0.11796961     0.060824558       3.0514249       0.9722986      0.99979235      -78.749401       51.559461  -0.00042985045      0.29682637      0.70352735      0.81014207     0.047466661      0.24800556      0.80584553       13.710525       147.40549       68.969068   2.1145452e-09       8.2442169       10.359493        1017.892        10.59218       1406.7492       -2.658859        -2.658859                           -0       2539.1617                                 93.568871           10.59218             1406.7492          10.359493                      22.157032                      397.41198                                589.27359                        9.0493778
              1       1266.8242      -81.314398      -27.060175       1.0424383     0.022579395      0.11796756     0.060853796       3.0515772      0.97227213      0.99983439      -81.314398       54.254223  -0.00044385139      0.29680662      0.70356111      0.81018792      0.04746556      0.24798698      0.80586432       13.710428       147.40518       68.971052   2.1148674e-09       8.2463226        10.36173       1017.6809       10.582249       1406.7541      -2.6588181       -2.6588181                           -0        2538.966                                  93.58696          10.582249             1406.7541           10.36173                      22.165356                      397.41781                                589.05827                        9.0395132
              3       1267.0003      -81.109544      -31.556249       1.0423781     0.022598259      0.11751835     0.062094461       3.0507359      0.97288739      0.99882058      -81.109544       49.553294   -0.0004427332      0.29393696      0.70643015      0.80851326     0.047189744      0.24540213      0.80030148       13.702734       147.50434       69.201209    2.113089e-09       8.3530121       11.271228       1018.2693       9.4617346       1407.4339      -2.5168206       -2.5168206                           -0       2539.0343                                 92.598146          9.4617346             1407.4339          11.271228                      22.071116                      397.79667                                589.08689                        9.3146176
              1       1266.0773      -112.19332      -38.569522       1.0423721     0.022598591       0.1179996     0.057751868       3.0437891      0.97105281      0.99894802      -112.19332         73.6238  -0.00061240276      0.29520219      0.70533453      0.80723695     0.047231972      0.24662395      0.80075598       13.694321       147.37508       69.170774   2.0984606e-09       7.9381866       10.957421       1017.1177       9.6063072       1407.1375      -2.5389694       -2.5389694                           -0       2537.2326                                 92.413675          9.6063072             1407.1375          10.957421                      22.366433                      396.55598                                588.84058                        9.3547324
              1       1267.3587      -112.19332      -38.569522       1.0423721     0.022598591       0.1179996     0.057751868       3.0437891      0.97105281       1.0002818      -112.19332         73.6238  -0.00061240276      0.29520219      0.70533453      0.80723695     0.047231972      0.24662395      0.80075598       13.694321       147.37508       69.170774   2.0984606e-09       7.9381866       10.957421       1019.8448       9.6063072       1407.1375      -2.6211486       -2.6211486                           -0       2539.9597                                 92.413675          9.6063072             1407.1375          10.957421                      22.196168                      396.53925                                591.30501                        9.8043561
              1       1266.9547      -129.25261       -35.24323       1.0422834     0.022598022       0.1178475     0.057621921       3.0445083      0.97129112       1.0009355      -129.25261       94.009376  -0.00070552018        0.294869      0.70576084      0.80693863     0.047228523      0.24629427      0.80000821       13.698172       147.41627       69.172429   2.0999703e-09       7.9227448       10.999812        1018.949       9.5984168       1407.2196      -2.5585279       -2.5585279                           -0       2539.0265                                 92.259687          9.5984168             1407.2196          10.999812                      22.141277                      396.48348                                 590.5157                        9.8085414
              3       1268.5049      -76.101139      -49.957488       1.0422163     0.022638514      0.11761189     0.054023461       3.0344296      0.97263069      0.99990163      -76.101139       26.143651  -0.00041539502       0.2923812      0.70795905      0.80261119      0.04697894      0.24406557       0.7923541       13.683261       147.43395       69.418041   2.0789117e-09       7.5521393       12.633492       1021.6998       8.4634394       1407.8326      -2.5484105       -2.5484105                           -0       2542.1066                                 91.477245          8.4634394             1407.8326          12.633492                      21.891081                      395.90648                                592.90207                        11.000146
              1       1269.6044      -34.285829      -72.561444       1.0421902     0.022691466      0.11763271     0.056269506       3.0424148       0.9691948       1.0010715      -34.285829      -38.275616  -0.00018714782      0.28985059       0.7102621      0.80531754     0.046656833      0.24186932      0.79157783       13.656375       147.36991       69.738669   2.0955785e-09       7.7634125       15.898498        1020.796       7.0892388       1408.5073      -2.3354969       -2.3354969                           -0       2543.8798                                 91.588685          7.0892388             1408.5073          15.898498                       22.82382                      396.26773                                591.82322                        9.8812364
              3       1269.7701      -42.402225      -72.312042       1.0422016     0.022688309       0.1176084     0.056325366       3.0423179      0.96926103       1.0010121      -42.402225      -29.909817  -0.00023145085      0.28963287      0.71052417      0.80526481     0.046624383      0.24168479      0.79122867       13.655605       147.37989       69.758079   2.0953755e-09       7.7690277       16.215092       1020.8661       7.0099524       1408.5696      -2.3532473       -2.3532473                           -0       2544.2466                                 91.585897          7.0099524             1408.5696          16.215092                      22.816798                      396.28436                                591.84417                        9.9207846
              5        1271.049      -68.234657      -70.535713       1.0421655     0.022698398      0.11731815     0.055849245       3.0403176      0.97025648       1.0009076      -68.234657      -2.3010559  -0.00037245615      0.28804875      0.71224955      0.80372567     0.046482393      0.24024728      0.78755377       13.652995       147.44622       69.880075   2.0911884e-09       7.7149811       18.205775       1021.6905       6.5218354       1409.0244      -2.3439809       -2.3439809                           -0        2546.786                                   91.3434          6.5218354             1409.0244          18.205775                      22.613719                      396.15385                                592.52024                        10.402743
              1       1268.1786       -228.7588      -56.163106       1.0418912     0.022624045      0.11786893     0.050554409       3.0337915      0.97124725       1.0025274       -228.7588        172.5957   -0.0012486708       0.2919677      0.70920606      0.80355174     0.046801937      0.24383325      0.79272147        13.67224       147.38109       69.526956   2.0775855e-09       7.2039948       13.567594       1018.9563       7.9829887       1407.9799       -2.067909        -2.067909                           -0       2540.4931                                 92.006267          7.9829887             1407.9799          13.567594                      22.312284                      395.83678                                 590.5034                        10.303836
              1       1268.3434       -228.7588      -56.163106       1.0418912     0.022624045      0.11786893     0.050554409       3.0337915      0.97124725       1.0001237       -228.7588        172.5957   -0.0012486708       0.2919677      0.70920606      0.80355174     0.046801937      0.24383325      0.79272147        13.67224       147.38109       69.526956   2.0775855e-09       7.2039948       13.567594       1020.3053       7.9829887       1407.9799       -2.577689        -2.577689                           -0       2541.8421                                 92.006267          7.9829887             1407.9799          13.567594                      22.628584                       395.8106                                592.47135                        9.3948049
              1       1270.3375      -164.40556      -73.491963       1.0415779     0.022663697      0.11797791     0.048949148       3.0304521      0.97112306      0.99994771      -164.40556       90.913599  -0.00089740119       0.2917907      0.70903191      0.80253533      0.04680625      0.24365415      0.79147875       13.664643       147.30799       69.584651   2.0706593e-09       7.0320282       13.859351       1024.0621       7.7341717        1408.018      -2.4935788       -2.4935788                           -0       2545.6621                                 91.988465          7.7341717              1408.018          13.859351                      22.816415                      395.97001                                595.89199                        9.3837013
              1        1271.159      -229.33229      -66.617144       1.0415867     0.022670865      0.11916818     0.046096814       3.0230484       0.9706248      0.99785619      -229.33229       162.71514   -0.0012518011      0.29816083      0.70301519      0.80345346     0.047441137      0.24937177      0.80098686       13.672309       146.98398         69.1284   2.0553853e-09        6.747757       10.431003       1025.8763       9.8094245       1406.4987      -2.1095096       -2.1095096                           -0       2546.5371                                  93.92165          9.8094245             1406.4987          10.431003                      22.827248                      396.30886                                597.49239                        9.2477742
              1       1271.0082      -197.44493      -68.257939        1.041802      0.02272186      0.11930243     0.045888003       3.0205238      0.96922458      0.99643627      -197.44493       129.18699   -0.0010777452      0.29812874      0.70287334      0.80236804     0.047480998      0.24930171      0.79986172       13.662594       146.89238       69.177047   2.0502027e-09       6.7189789       10.452942        1025.637       9.5764211       1406.4998      -1.3321542       -1.3321542                           -0       2544.6807                                 92.514506          9.5764211             1406.4998          10.452942                      23.146378                      396.36725                                596.78902                        9.3343776
              3       1271.7554      -197.44493      -68.257939        1.041802      0.02272186      0.11930243     0.045888003       3.0205238      0.96922458      0.99614608      -197.44493       129.18699   -0.0010777452      0.29812874      0.70287334      0.80236804     0.047480998      0.24930171      0.79986172       13.662594       146.89238       69.177047   2.0502027e-09       6.7189789       10.452942        1026.787       9.5764211       1406.4998      -1.1599472       -1.1599472                           -0       2545.8307                                 92.514506          9.5764211             1406.4998          10.452942                      23.188948                      396.36725                                597.97001                         9.260789
              1       1270.3158      -168.79353      -63.305347       1.0418871     0.022678336      0.11927381     0.047256953       3.0233811      0.96931893      0.99632023      -168.79353       105.48818  -0.00092135272      0.29902125      0.70182416      0.80335842     0.047555969      0.25011455      0.80204688       13.673431       146.94793       69.056264   2.0560692e-09       6.8712921       10.339077       1023.8633       10.160088       1406.3004      -1.3762097       -1.3762097                           -0        2543.384                                 92.721153          10.160088             1406.3004          10.339077                      23.023572                      396.10291                                595.54202                        9.1947894
              1        1270.256      -198.05793       -59.78394       1.0419412     0.022653956      0.11929337     0.044326678       3.0184719      0.96966571      0.99679789      -198.05793       138.27399   -0.0010810913      0.29918754      0.70181757      0.80169956     0.047532868      0.25030313      0.80061324       13.675458       146.96938       69.035904   2.0460003e-09       6.5652618       10.340724       1024.8602       10.260176       1406.2699      -1.6954925       -1.6954925                           -0       2543.9031                                 92.172076          10.260176             1406.2699          10.340724                      22.913058                      396.59033                                595.88883                        9.4680089
              6       1270.4678      -169.64865      -65.125818       1.0418813     0.022651171      0.11949447     0.042366902       3.0161313      0.96860007      0.99723999      -169.64865       104.52283  -0.00092602035      0.30013966      0.70071024      0.80115255     0.047612056      0.25117365      0.80133901        13.67569       146.91919        68.97423    2.041217e-09       6.3560944       10.366495       1025.7755       10.566348       1406.0687      -1.9125127       -1.9125127                           -0       2544.7607                                 91.983638          10.566348             1406.0687          10.366495                      23.177087                      397.10609                                596.07452                        9.4177901
              4       1270.3248      -176.20546      -65.845754       1.0418351     0.022627198      0.11957432     0.041057961       3.0143332      0.96817733      0.99756676      -176.20546       110.35971  -0.00096181046      0.30067516      0.70021043      0.80068203     0.047627884      0.25169144       0.8015825       13.678644       146.92442       68.926264     2.03755e-09       6.2178192       10.416018       1025.7581       10.807583       1405.9619      -2.0989139       -2.0989139                           -0       2544.8475                                 91.903858          10.807583             1405.9619          10.416018                      23.270514                      397.42787                                595.61617                        9.4435438
              3       1270.8514      -152.22834      -62.783345       1.0417531     0.022630027      0.11952035     0.042185507       3.0154956      0.96903464      0.99721845      -152.22834       89.444997  -0.00083093232      0.30134496      0.69940956      0.80090714      0.04775705      0.25222856      0.80270044       13.686639       146.93563       68.837295   2.0399199e-09       6.3406525       10.588829       1025.9219       11.262247       1405.8239       -1.947845        -1.947845                           -0       2545.5986                                 92.001698          11.262247             1405.8239          10.588829                      22.980104                      397.10139                                596.40762                        9.4328133
              5       1270.0825      -106.64654      -72.708395       1.0418968     0.022633668      0.11935821     0.043088437       3.0157784      0.96906613      0.99664829      -106.64654       33.938149  -0.00058212589      0.29928997      0.70121617        0.800809     0.047491722      0.25044667      0.79986078       13.674279        146.9745        69.03487   2.0404967e-09       6.4368134       10.368088       1024.7644       10.265273       1406.2348      -1.6605939       -1.6605939                           -0       2543.4863                                 91.853725          10.265273             1406.2348          10.368088                       23.09569                      396.90125                                595.20511                        9.5623517
              1       1269.5654      -42.855012      -59.833173       1.0418605     0.022634925      0.11902087     0.046367596        3.020136      0.96914476      0.99601106      -42.855012      -16.978161  -0.00023392237      0.30012125       0.7000363      0.80058002     0.047738759      0.25102396      0.80074179       13.694934       147.06258       68.857932   2.0494079e-09       6.7835541       10.430373       1022.5234       11.155951       1406.0464      -1.2837714       -1.2837714                           -0       2541.6983                                 91.542163          11.155951             1406.0464          10.430373                      22.808451                        396.192                                594.00116                        9.5217554
              4       1267.4979      -42.855012      -59.833173       1.0418605     0.022634925      0.11902087     0.046367596        3.020136      0.96914476      0.99784998      -42.855012      -16.978161  -0.00023392237      0.30012125       0.7000363      0.80058002     0.047738759      0.25102396      0.80074179       13.694934       147.06258       68.857932   2.0494079e-09       6.7835541       10.430373       1020.1948       11.155951       1406.0464      -2.1868953       -2.1868953                           -0       2539.3697                                 91.542163          11.155951             1406.0464          10.430373                      22.559086                      396.17502                                591.26656                        10.194131
              2       1270.4754      -42.855012      -59.833173       1.0418605     0.022634925      0.11902087     0.046367596        3.020136      0.96914476      0.99935227      -42.855012      -16.978161  -0.00023392237      0.30012125       0.7000363      0.80058002     0.047738759      0.25102396      0.80074179       13.694934       147.06258       68.857932   2.0494079e-09       6.7835541       10.430373       1026.8222       11.155951       1406.0464      -2.5231363       -2.5231363                           -0       2545.9971                                 91.542163          11.155951             1406.0464          10.430373                      22.363269                      396.16504                                597.40885                        10.885036
              5       1271.8428      -97.157295      -43.110693       1.0419307     0.022680809      0.11859254     0.051841733       3.0278328      0.97260398      0.99848068      -97.157295       54.046602  -0.00053032921      0.29880326      0.70165082      0.80272435     0.047753804      0.24969325      0.80112167       13.698626       147.12592       68.916828   2.0652425e-09       7.3366547       10.324568       1028.8015       10.855362       1406.3253      -2.2688492       -2.2688492                           -0       2548.2233                                 91.916568          10.855362             1406.3253          10.324568                      21.730863                      395.75703                                600.46742                        10.846198
              3       1271.4382      -160.18954       -22.46171       1.0418864     0.022733999      0.11798997      0.06249185       3.0504567      0.97245478      0.99959639      -160.18954       137.72783   -0.0008743882      0.29724385       0.7035544      0.80890348     0.047801033      0.24808844      0.80517914       13.707482       147.22824       68.963497    2.112499e-09       8.3656464       10.288028       1026.7509       10.620093       1406.6708      -2.3016222       -2.3016222                           -0       2547.4797                                 93.149992          10.620093             1406.6708          10.288028                       21.95536                       397.9314                                597.45674                        9.4073609
              2       1270.3468      -237.89673      -16.931947       1.0418859     0.022589406      0.11839802     0.061407688       3.0476262      0.97149789        0.999148      -237.89673       220.96478   -0.0012985498      0.29997292      0.70124894      0.80959906     0.047843926      0.25076472      0.80956252       13.723292       147.27948       68.713013    2.106528e-09       8.3017731        10.64535       1023.0039       11.913047       1406.0996      -2.5857998       -2.5857998                           -0       2545.8652                                 94.203382          11.913047             1406.0996           10.64535                      22.036027                      397.62483                                 593.9635                        9.3794937
              1       1269.0493      -237.89673      -16.931947       1.0418859     0.022589406      0.11839802     0.061407688       3.0476262      0.97149789      0.99870086      -237.89673       220.96478   -0.0012985498      0.29997292      0.70124894      0.80959906     0.047843926      0.25076472      0.80956252       13.723292       147.27948       68.713013    2.106528e-09       8.3017731        10.64535        1020.255       11.913047       1406.0996      -2.5088523       -2.5088523                           -0       2543.1163                                 94.203382          11.913047             1406.0996           10.64535                      22.090968                      397.63376                                591.27548                        9.2547563
              4        1266.939      -342.66648      -27.583254       1.0416624     0.022552242      0.11860308     0.054859542        3.037513       0.9661726      0.99954907      -342.66648       315.08323   -0.0018704313      0.29924911       0.7025449      0.80542497      0.04759354       0.2502962      0.80441636         13.7123       147.26551       68.836829   2.0853317e-09       7.6658478       10.337272       1019.0124        11.26465       1406.2742      -2.6875517       -2.6875517                           -0       2539.2532                                 92.364613           11.26465             1406.2742          10.337272                       23.09797                      396.09701                                590.45655                        9.3609109
              4       1267.4751      -349.07194      -29.020799       1.0416317      0.02256737      0.11830334     0.054164202       3.0387345      0.96485658       1.0009106      -349.07194       320.05115   -0.0019053952      0.29737243      0.70445687      0.80448305     0.047421977       0.2485969      0.80095225       13.707532       147.32844       68.984361   2.0878805e-09       7.5879364       10.340938        1020.117       10.515746       1406.6841      -2.6142919       -2.6142919                           -0       2540.1788                                 92.521036          10.515746             1406.6841          10.340938                      23.433518                      395.98295                                591.35997                        9.3405677
              9       1269.3769      -349.07194      -29.020799       1.0416317      0.02256737      0.11830334     0.054164202       3.0387345      0.96485658       1.0015319      -349.07194       320.05115   -0.0019053952      0.29737243      0.70445687      0.80448305     0.047421977       0.2485969      0.80095225       13.707532       147.32844       68.984361   2.0878805e-09       7.5879364       10.340938       1023.6777       10.515746       1406.6841      -2.4928928       -2.4928928                           -0       2543.7395                                 92.521036          10.515746             1406.6841          10.340938                      23.339027                       395.9852                                594.80239                        9.5510813
              1       1269.8685      -274.79995      -41.318712       1.0416235     0.022477777      0.11870386       0.0481371       3.0293395      0.96291897       1.0023785      -274.79995       233.48123   -0.0014999845      0.29944953      0.70197399      0.80200161     0.047459354      0.25063016      0.80126548       13.713688       147.32068       68.820174   2.0683566e-09       6.9941254       10.325839       1023.6447       11.350814       1406.2235      -2.3410074       -2.3410074                           -0       2544.4189                                 92.874059          11.350814             1406.2235          10.325839                      23.678742                      395.92196                                594.17121                        9.8728369
              4        1270.183      -333.48491      -43.543913       1.0415839     0.022441781      0.11887441     0.045887298       3.0271802      0.96208673       1.0032967      -333.48491       289.94099    -0.001820314      0.29964109      0.70210279      0.80192532     0.047368724      0.25091276      0.80144547       13.710965       147.31506       68.830799   2.0638953e-09       6.7653046       10.332391       1023.6961       11.295808       1406.1958       -1.952971        -1.952971                           -0       2544.2719                                 92.751801          11.295808             1406.1958          10.332391                      23.947881                      396.17935                                593.76527                        9.8036326
              1       1270.2286      -336.23447      -44.029903       1.0415798     0.022434716      0.11874648     0.047021093       3.0294867      0.96187945       1.0034529      -336.23447       292.20457   -0.0018353224      0.29890187      0.70285713      0.80241236     0.047281952      0.25026238      0.80094242        13.71021       147.35699       68.883085   2.0686611e-09       6.8853302       10.343136       1023.7319       11.027072       1406.3523      -1.8731988       -1.8731988                           -0       2544.2036                                 92.749155          11.027072             1406.3523          10.343136                      24.026146                      396.01758                                593.98082                        9.7073554
              2       1269.8341      -192.76822      -44.128523       1.0415021     0.022522554       0.1177907     0.052525749       3.0397824      0.96831325       1.0044913      -192.76822        148.6397   -0.0010522176      0.29535033      0.70562601      0.80418449     0.047191877      0.24680879      0.79792817       13.712658       147.51476       69.083637   2.0900694e-09       7.4250946       10.813364       1022.0394       10.026298       1407.1223      -1.1307113       -1.1307113                           -0       2541.9296                                 91.928154          10.026298             1407.1223          10.813364                      22.525946                      395.84077                                593.76294                        9.9097487
              3       1268.4856      -192.76822      -44.128523       1.0415021     0.022522554       0.1177907     0.052525749       3.0397824      0.96831325       1.0040713      -192.76822        148.6397   -0.0010522176      0.29535033      0.70562601      0.80418449     0.047191877      0.24680879      0.79792817       13.712658       147.51476       69.083637   2.0900694e-09       7.4250946       10.813364       1019.9179       10.026298       1407.1223      -1.4184067       -1.4184067                           -0        2539.808                                 91.928154          10.026298             1407.1223          10.813364                      22.582067                      395.82737                                 591.7641                        9.7443258
              1       1268.8585      -210.30258      -42.732495       1.0414356     0.022585553      0.11816315     0.056965939       3.0501315      0.96641302       1.0040621      -210.30258       167.57008   -0.0011479282       0.2971294      0.70394243      0.80875395     0.047462316      0.24831347       0.8048753       13.709838       147.34587       68.982813   2.1118122e-09       7.8616791       10.339569       1020.0279        10.52347       1406.7144      -1.3304788       -1.3304788                           -0        2540.378                                  92.77265           10.52347             1406.7144          10.339569                      23.119735                      396.44393                                591.68471                        8.7794954
              5       1268.8981      -210.18622      -42.587497       1.0414325     0.022585046      0.11816121     0.056974349       3.0501754      0.96641815       1.0040792      -210.18622       167.59872    -0.001147293      0.29715174      0.70391945      0.80875935     0.047465642      0.24833236      0.80491094       13.710156       147.34695       68.979622   2.1119049e-09       7.8630829        10.33567         1020.08       10.539403       1406.7093      -1.3202643       -1.3202643                           -0       2540.4366                                 92.772175          10.539403             1406.7093           10.33567                      23.116221                      396.45066                                591.73406                        8.7791068
              1       1266.7898      -210.18622      -42.587497       1.0414325     0.022585046      0.11816121     0.056974349       3.0501754      0.96641815       1.0023943      -210.18622       167.59872    -0.001147293      0.29715174      0.70391945      0.80875935     0.047465642      0.24833236      0.80491094       13.710156       147.34695       68.979622   2.1119049e-09       7.8630829        10.33567       1017.6087       10.539403       1406.7093      -2.1927977       -2.1927977                           -0       2537.9653                                 92.772175          10.539403             1406.7093           10.33567                      23.366975                      396.47046                                589.23971                        8.5315604
              1       1268.4851      -62.088599      -26.907642       1.0415815     0.022637853      0.11738485     0.067798549       3.0680457      0.96710315       1.0013737      -62.088599       35.180958  -0.00033890814      0.29617367      0.70408899      0.81210464     0.047663943      0.24715351      0.80690906       13.728966       147.49663       68.916408   2.1499846e-09       8.8808441       10.299702       1021.1882       10.857489       1406.8944      -2.3996046       -2.3996046                           -0       2541.7694                                 92.529706          10.857489             1406.8944          10.299702                      23.412441                      400.59219                                588.88429                        8.2992199
              2       1268.0556      -43.682799      -33.990614       1.0415422     0.022578189      0.11771589     0.063493628       3.0574103      0.96467135       1.0000529      -43.682799       9.6921851  -0.00023844081      0.29773428      0.70242767       0.8086205     0.047696793      0.24867674       0.8055612       13.732382       147.47395       68.801826   2.1272396e-09       8.4947968       10.310979       1020.7093       11.446114        1406.542       -2.662804        -2.662804                           -0       2541.4368                                 92.428431          11.446114              1406.542          10.310979                      23.772165                      398.68817                                589.84473                        8.4042106
              2       1267.6685      -7.6512433      -44.387177       1.0414612     0.022586755      0.11795717     0.062666807       3.0511664      0.96629805      0.99785719      -7.6512433      -36.735934  -4.1764006e-05      0.29835322      0.70161203      0.80758632     0.047729467      0.24926259      0.80536674       13.727371       147.39996       68.791317   2.1139987e-09       8.4168854       10.346213       1019.5738       11.500879       1406.4039      -2.2811513       -2.2811513                           -0       2539.8992                                 92.074421          11.500879             1406.4039          10.346213                      23.328395                      398.28274                                589.36054                        8.6021465
              3       1267.7201      -1.8119741      -44.534858        1.041469     0.022600073       0.1179396     0.062829137       3.0518956      0.96644331      0.99803648      -1.8119741      -42.722884  -9.8905881e-06      0.29821424      0.70171916      0.80779613     0.047736802      0.24911687      0.80538833        13.72605        147.3899       68.806308   2.1155409e-09       8.4295197       10.335374       1019.8104         11.4228       1406.4327      -2.3163708       -2.3163708                           -0       2540.0729                                 92.071646            11.4228             1406.4327          10.335374                      23.308376                      398.34061                                589.57984                        8.5815558
              2       1267.6434      -3.0819163      -40.626968       1.0415405     0.022603491      0.11822761     0.062558726       3.0519581      0.96552982       0.9978969      -3.0819163      -37.545052  -1.6822517e-05      0.30000506      0.69993497      0.80843485     0.047931792      0.25070735      0.80844167       13.729351       147.30934       68.671403    2.115673e-09       8.4084625       10.758937        1018.671       12.135021       1406.0559      -2.2646753       -2.2646753                           -0       2539.8161                                 92.195224          12.135021             1406.0559          10.758937                      23.521358                      398.32079                                588.31589                        8.5129505
              4       1268.0396      -3.0819163      -40.626968       1.0415405     0.022603491      0.11822761     0.062558726       3.0519581      0.96552982      0.99736306      -3.0819163      -37.545052  -1.6822517e-05      0.30000506      0.69993497      0.80843485     0.047931792      0.25070735      0.80844167       13.729351       147.30934       68.671403    2.115673e-09       8.4084625       10.758937       1019.0587       12.135021       1406.0559      -2.0622405       -2.0622405                           -0       2540.2038                                 92.195224          12.135021             1406.0559          10.758937                      23.604692                      398.30868                                588.68504                        8.4602677
              5       1268.0395      -3.0819163      -40.626968       1.0415405     0.022603491      0.11822761     0.062558726       3.0519581      0.96552982      0.99736317      -3.0819163      -37.545052  -1.6822517e-05      0.30000506      0.69993497      0.80843485     0.047931792      0.25070735      0.80844167       13.729351       147.30934       68.671403    2.115673e-09       8.4084625       10.758937       1019.0585       12.135021       1406.0559      -2.0622867       -2.0622867                           -0       2540.2036                                 92.195224          12.135021             1406.0559          10.758937                      23.604675                      398.30868                                588.68486                        8.4602768
              3       1266.0212      -32.332745      -43.675853       1.0416945     0.022484847      0.11866131     0.059586962       3.0504878      0.96458677      0.99911281      -32.332745      -11.343108  -0.00017648699      0.30180983      0.69828958      0.80992183     0.047860456      0.25257829       0.8123612       13.733413       147.32513       68.541966   2.1125647e-09       8.1550751       11.134291       1015.0768       12.838627       1405.7059      -2.7238224       -2.7238224                           -0         2537.49                                 92.734429          12.838627             1405.7059          11.134291                      23.727038                      397.33149                                585.50588                        8.5123616
              2       1266.4145      -88.864345      -31.350203       1.0419523     0.022497655      0.11888444     0.060638541       3.0526151       0.9643514      0.99875041      -88.864345       57.514142  -0.00048506247      0.30300294      0.69740487      0.81141457     0.047997159      0.25363156       0.8154655       13.733227       147.25174       68.463778   2.1170636e-09       8.2589569       11.778778       1014.4316       13.273252       1405.4885      -2.6486591       -2.6486591                           -0       2538.1263                                 93.154114          13.273252             1405.4885          11.778778                      23.847571                      397.69735                                584.34774                        8.5389748
              3       1264.6307      -143.13153      -37.051955       1.0420133     0.022530748      0.11865837     0.056120253       3.0432492      0.96683798      0.99893989      -143.13153       106.07957  -0.00078127772       0.2999787      0.70072598      0.80801667     0.047652749       0.2509636      0.80798799       13.714632       147.27473        68.76126   2.0973279e-09       7.8013153       10.439673       1013.7662       11.658234        1406.087      -2.6439775       -2.6439775                           -0       2534.5493                                 92.598262          11.658234              1406.087          10.439673                      23.219891                      396.30541                                585.48629                        8.7546061
              2       1265.7776      -111.56116      -23.002807       1.0421122      0.02262748       0.1182461     0.056932189       3.0485047      0.96773172       1.0008168      -111.56116       88.558351  -0.00060895212      0.29910237      0.70143005      0.80798459     0.047823929      0.24991704       0.8067749       13.717926       147.27734       68.785274   2.1083795e-09       7.8553619       10.456912       1016.0797       11.532429       1406.2578      -2.5186269       -2.5186269                           -0       2536.5926                                 92.265685          11.532429             1406.2578          10.456912                      23.085744                      396.42028                                587.91339                        8.6602825
              1       1267.3702      -3.8964983      -39.783632       1.0423361     0.022674899      0.11814588     0.058635836       3.0460225      0.96667841      0.99796725      -3.8964983      -35.887134   -2.126888e-05      0.29687571      0.70306957      0.80649554     0.047585132       0.2479388        0.802285       13.698088       147.25169       69.029868   2.1031526e-09       8.0118866       10.341046       1019.5305        10.28994       1406.7269      -2.1371028       -2.1371028                           -0       2539.0146                                  92.12622           10.28994             1406.7269          10.341046                      23.373822                      396.87863                                590.44105                        8.8369801
              3       1267.6929      -3.8964983      -39.783632       1.0423361     0.022674899      0.11814588     0.058635836       3.0460225      0.96667841      0.99773841      -3.8964983      -35.887134   -2.126888e-05      0.29687571      0.70306957      0.80649554     0.047585132       0.2479388        0.802285       13.698088       147.25169       69.029868   2.1031526e-09       8.0118866       10.341046       1020.0186        10.28994       1406.7269      -2.0584844       -2.0584844                           -0       2539.5027                                  92.12622           10.28994             1406.7269          10.341046                      23.408665                      396.89169                                590.92934                         8.788905
              8       1265.4854      -64.157118      -54.054515       1.0419428     0.022550484      0.11910379      0.05414144       3.0396516      0.96430706      0.99816967      -64.157118       10.102603  -0.00035019906      0.30129846      0.69897507      0.80748284      0.04774773      0.25218685      0.80922843       13.706323       147.13452       68.722914   2.0897962e-09        7.605484       10.672668       1015.1029       11.860534       1405.8139       -2.438397        -2.438397                           -0       2535.8476                                 92.397578          11.860534             1405.8139          10.672668                      23.857582                      396.06687                                586.51671                        8.6617078
              1       1264.9082      -64.157118      -54.054515       1.0419428     0.022550484      0.11910379      0.05414144       3.0396516      0.96430706      0.99941526      -64.157118       10.102603  -0.00035019906      0.30129846      0.69897507      0.80748284      0.04774773      0.25218685      0.80922843       13.706323       147.13452       68.722914   2.0897962e-09        7.605484       10.672668       1014.4297       11.860534       1405.8139      -2.6790514       -2.6790514                           -0       2535.1744                                 92.397578          11.860534             1405.8139          10.672668                      23.659397                      396.05839                                 585.8888                        8.8231334
              3       1265.2501      -58.603002      -67.121539       1.0420522     0.022456778      0.11943551     0.052970817       3.0347781      0.96321899      0.99802864      -58.603002      -8.5185372  -0.00031988214      0.30168168      0.69856156       0.8072888     0.047530294      0.25278806       0.8095483       13.700774        147.1502       68.736667   2.0796362e-09       7.5121307       10.568107       1014.6785       11.787778       1405.7428      -2.5006605       -2.5006605                           -0       2535.5016                                 92.724467          11.787778             1405.7428          10.568107                      23.968755                      395.98549                                585.76098                        8.9632495
              2       1266.5797      -36.869474      -54.930402       1.0424577     0.022526927      0.11921149     0.055480278       3.0429949      0.96485156      0.99954827      -36.869474      -18.060927  -0.00020125055      0.30069596      0.69942882      0.80984379     0.047574339      0.25176127       0.8107826       13.695731       147.13215       68.812065   2.0967947e-09       7.7486725       10.443258       1017.5508       11.392886        1405.928      -2.7225514       -2.7225514                           -0       2538.6045                                 93.289587          11.392886              1405.928          10.443258                      23.581498                      396.25945                                588.85753                        8.8523082
              2       1266.4423      -4.6667635      -63.084575       1.0424323     0.022566292      0.11901808     0.055687809       3.0420938      0.96656902       0.9992117      -4.6667635      -58.417811  -2.5473342e-05       0.2988583      0.70109109      0.80935879     0.047417524      0.25008728      0.80781724       13.685295        147.1399       68.985953    2.094906e-09       7.7570953       10.387107       1017.3368       10.507808       1406.3022      -2.6326276       -2.6326276                           -0       2538.1499                                 93.616008          10.507808             1406.3022          10.387107                       23.25281                      396.25656                                588.84685                        8.9805432
              2       1266.4861      -44.763032      -57.513667       1.0424352     0.022592506      0.11899814     0.055151363       3.0418781      0.96672313       0.9995651      -44.763032      -12.750635  -0.00024433722      0.29879004      0.70137823      0.80910191      0.04745967      0.24997725      0.80746863       13.684359       147.11617       68.995353   2.0944542e-09       7.6974335       10.364783       1017.7052        10.46098       1406.3227      -2.6232848       -2.6232848                           -0       2538.2187                                 93.364966           10.46098             1406.3227          10.364783                      23.218611                      396.17742                                589.32858                        8.9806091
              2       1266.3416      -32.968017      -53.376646       1.0424288     0.022599895      0.11893664     0.055192134       3.0418041      0.96698164      0.99956095      -32.968017      -20.408629   -0.0001799546      0.29912822      0.70097555      0.80868323     0.047547015      0.25022603      0.80750738       13.689363       147.12431       68.943223   2.0942993e-09       7.6988373       10.328038       1017.6668       10.721982       1406.2475      -2.6097057       -2.6097057                           -0       2537.9027                                 92.938423          10.721982             1406.2475          10.328038                      23.119643                      396.15046                                 589.3872                        9.0094524
              1       1268.1134      -32.968017      -53.376646       1.0424288     0.022599895      0.11893664     0.055192134       3.0418041      0.96698164       1.0006101      -32.968017      -20.408629   -0.0001799546      0.29912822      0.70097555      0.80868323     0.047547015      0.25022603      0.80750738       13.689363       147.12431       68.943223   2.0942993e-09       7.6988373       10.328038       1021.1815       10.721982       1406.2475      -2.5953529       -2.5953529                           -0       2541.4175                                 92.938423          10.721982             1406.2475          10.328038                      22.967513                      396.14287                                592.81631                        9.2548477
              3       1267.0604      -87.343202      -58.286689       1.0422906     0.022469032      0.11892445     0.052494524       3.0331923      0.96549212      0.99940316      -87.343202       29.056514  -0.00047675938      0.29890595       0.7014946      0.80556486     0.047284147      0.25026628      0.80409465       13.696211       147.27211       68.934146    2.076341e-09       7.4531708       10.415149       1020.0938       10.767756       1406.3068      -2.7729587       -2.7729587                           -0       2539.6668                                 92.083291          10.767756             1406.3068          10.415149                      23.239413                       395.8691                                591.22257                        9.7626715
              2       1267.0962       -63.41744      -63.464211       1.0422611     0.022462656      0.11887624     0.053556238       3.0359316      0.96425707      0.99965952       -63.41744    -0.046770647  -0.00034616156      0.29840842      0.70186164      0.80622371     0.047210186      0.24984444      0.80408224       13.694119       147.29207       68.978333   2.0820365e-09       7.5619659       10.515201       1020.2487        10.54584       1406.4101      -2.7975776       -2.7975776                           -0       2539.7877                                 92.067817           10.54584             1406.4101          10.515201                      23.574804                      395.96973                                591.18579                        9.5183488
              1       1265.2906       -63.41744      -63.464211       1.0422611     0.022462656      0.11887624     0.053556238       3.0359316      0.96425707      0.99783452       -63.41744    -0.046770647  -0.00034616156      0.29840842      0.70186164      0.80622371     0.047210186      0.24984444      0.80408224       13.694119       147.29207       68.978333   2.0820365e-09       7.5619659       10.515201       1015.9056        10.54584       1406.4101      -2.4317083       -2.4317083                           -0       2535.4446                                 92.067817           10.54584             1406.4101          10.515201                      23.864261                      395.97677                                587.04241                        9.0221254
              5       1265.4044      -65.538247       -63.23461       1.0422706     0.022466065      0.11887057     0.053715007       3.0362817      0.96427722      0.99784565      -65.538247       2.3036368   -0.0003577379      0.29833114      0.70195051      0.80634666     0.047205878       0.2497718      0.80410074       13.693463       147.28981       68.986716   2.0827656e-09       7.5774078       10.528906       1016.1262       10.504003       1406.4271      -2.4327054       -2.4327054                           -0       2535.6742                                 92.087928          10.504003             1406.4271          10.528906                      23.865012                      395.99491                                587.25748                        9.0088019
              1       1265.6288       -77.07737      -75.518603       1.0422148     0.022444597      0.11924462     0.051676698       3.0320057      0.96301562      0.99733164       -77.07737       1.5587672  -0.00042072374      0.29886137      0.70148331      0.80609831     0.047127554      0.25038131      0.80456711        13.68424       147.21414       69.011021   2.0738786e-09       7.3787689       10.627972       1016.1345       10.383163       1406.3203      -2.2509097       -2.2509097                           -0       2535.7594                                 92.293537          10.383163             1406.3203          10.627972                      24.328061                      395.86749                                586.92958                        9.0093461
              1       1265.5853      -92.629612      -87.528467        1.042072      0.02240201      0.11892626     0.049706003        3.031113      0.96337755      0.99924215      -92.629612       5.1011453  -0.00050561503      0.29600139      0.70442873       0.8054011     0.046706441      0.24795197      0.80001561       13.675225       147.34572       69.255633   2.0720281e-09       7.1787262       12.144186        1016.154       9.2059344       1406.9642      -2.7973783       -2.7973783                           -0       2536.7654                                 92.297092          9.2059344             1406.9642          12.144186                      24.513772                      395.96487                                586.57415                        9.1011727
              2       1266.2613      -34.711143      -84.603774       1.0418942     0.022572571      0.11820873     0.056609382       3.0422572      0.96777138      0.99879616      -34.711143       -49.89263  -0.00018946939      0.29285448         0.70726      0.80755105     0.046741792      0.24477885       0.7978758       13.667474       147.34808       69.492484   2.0952483e-09       7.8314972       13.521993       1014.7878       8.1335369       1407.7161      -2.5563376       -2.5563376                           -0       2537.6354                                 93.475911          8.1335369             1407.7161          13.521993                      23.424148                      396.44687                                585.97411                        8.9426415
              6       1266.4377      -34.711143      -84.603774       1.0418942     0.022572571      0.11820873     0.056609382       3.0422572      0.96777138      0.99860837      -34.711143       -49.89263  -0.00018946939      0.29285448         0.70726      0.80755105     0.046741792      0.24477885       0.7978758       13.667474       147.34808       69.492484   2.0952483e-09       7.8314972       13.521993       1015.0626       8.1335369       1407.7161      -2.5173461       -2.5173461                           -0       2537.9102                                 93.475911          8.1335369             1407.7161          13.521993                      23.453041                      396.46194                                586.24328                        8.9043383
              1       1267.5231      -156.23895      -68.028197       1.0420547     0.022604786      0.11792709     0.054393297       3.0356585      0.97071494      0.99802073      -156.23895       88.210755  -0.00085282407      0.29128784      0.70949027      0.80472052     0.046640354      0.24331844      0.79294967       13.663573       147.38725       69.617637   2.0814679e-09        7.598465       14.790037       1016.7152       7.5936815       1408.1467      -2.3027105       -2.3027105                           -0       2539.6516                                  92.40601          7.5936815             1408.1467          14.790037                      22.732114                      396.02347                                588.37484                        9.5847681
              3       1269.0725      -226.22099      -73.573009       1.0421739     0.022307006      0.11855862     0.055452729       3.0325199      0.96663154      0.99533835      -226.22099       152.64798   -0.0012348182         0.29436      0.70679949      0.80624981      0.04640168      0.24661843      0.79863511       13.681788       147.54979       69.335204   2.0749453e-09       7.7788544       13.576185       1016.9135       8.8382555       1407.3805       -1.107973        -1.107973                           -0        2540.361                                 93.652633          8.8382555             1407.3805          13.576185                      23.624738                      396.30374                                587.50648                        9.4784962
              3       1267.9336      -349.44946      -64.025099       1.0420826     0.022265481      0.11879558     0.053649381       3.0397236      0.96464709      0.99997393      -349.44946       285.42436   -0.0019074559      0.29578995      0.70604192      0.80960973     0.046476105       0.2479693      0.80390883       13.688381       147.53272       69.215153   2.0899465e-09       7.6082916        12.53606       1016.7169       9.3958634        1407.061        -2.82706         -2.82706                           -0       2541.5213                                 95.811565          9.3958634              1407.061           12.53606                      24.164563                      396.10011                                587.57773                         8.874441
              4       1267.9343      -348.26447      -62.671067       1.0420866     0.022266373      0.11872755     0.053981067       3.0403707      0.96465097       1.0000343      -348.26447        285.5934   -0.0019009877      0.29560416      0.70622125      0.80957797     0.046470789      0.24778903      0.80362479       13.689466       147.54989       69.220497   2.0912995e-09       7.6405792       12.601376       1016.9473       9.3706751       1407.1041      -2.8275678       -2.8275678                           -0       2541.5237                                 95.500288          9.3706751             1407.1041          12.601376                      24.139052                      396.11397                                 587.8299                        8.8643775
              3       1267.8105      -334.34714      -62.083956        1.042192     0.022276931      0.11870863     0.052363668       3.0372587      0.96542288       1.0001101      -334.34714       272.26319   -0.0018250205      0.29538768      0.70636181      0.80845876     0.046461519      0.24758273      0.80221991        13.68721       147.54303       69.243813   2.0848014e-09       7.4742279       12.758878        1017.318       9.2611941       1407.1522       -2.832734        -2.832734                           -0       2541.2865                                 94.796167          9.2611941             1407.1522          12.758878                      23.909197                      395.92514                                588.45817                        9.0255298
              3       1267.8208      -334.34714      -62.083956        1.042192     0.022276931      0.11870863     0.052363668       3.0372587      0.96542288       1.0012796      -334.34714       272.26319   -0.0018250205      0.29538768      0.70636181      0.80845876     0.046461519      0.24758273      0.80221991        13.68721       147.54303       69.243813   2.0848014e-09       7.4742279       12.758878       1017.0786       9.2611941       1407.1522      -2.7027149       -2.7027149                           -0       2541.0471                                 94.796167          9.2611941             1407.1522          12.758878                      23.721014                      395.93655                                588.13547                        9.2856096
              5       1267.8952      -329.82265      -63.897129       1.0422061     0.022269077      0.11880129      0.05230606       3.0366499      0.96486511       1.0009263      -329.82265       265.92552   -0.0018003237      0.29570752      0.70601725      0.80845433     0.046467606      0.24789583      0.80264969        13.68657       147.52707       69.227072   2.0835326e-09       7.4714203       12.630399       1017.5173         9.33974       1407.0761      -2.7606484       -2.7606484                           -0       2541.3118                                 94.748241            9.33974             1407.0761          12.630399                      23.875669                      395.93655                                588.43775                         9.267354
              5       1268.4899      -336.05546      -60.079963       1.0422342     0.022248663       0.1186918     0.053661949       3.0391195      0.96539934       1.0010198      -336.05546        275.9755   -0.0018343453      0.29558377      0.70617498      0.80922366     0.046448157      0.24779086      0.80324537       13.691073       147.57913        69.20982   2.0886845e-09       7.6125031       12.646158       1018.0024       9.4210268       1407.1052      -2.7324977       -2.7324977                           -0       2542.4449                                 95.270147          9.4210268             1407.1052          12.646158                      23.683096                      396.05118                                589.02861                        9.2394729
              1       1269.5642      -336.05546      -60.079963       1.0422342     0.022248663       0.1186918     0.053661949       3.0391195      0.96539934       1.0016633      -336.05546        275.9755   -0.0018343453      0.29558377      0.70617498      0.80922366     0.046448157      0.24779086      0.80324537       13.691073       147.57913        69.20982   2.0886845e-09       7.6125031       12.646158       1019.8747       9.4210268       1407.1052      -2.5943652       -2.5943652                           -0       2544.3172                                 95.270147          9.4210268             1407.1052          12.646158                      23.581535                      396.03504                                590.85101                        9.4070955
              2       1270.4912      -238.52019      -94.631601       1.0420203     0.022147878      0.11961105     0.042081702       3.0151305      0.96403271       1.0005228      -238.52019       143.88859   -0.0013019529       0.2984408      0.70278526      0.80345236     0.046416352       0.2506745      0.80136174         13.6841       147.44583       69.076538   2.0391752e-09       6.4199677       11.994413       1023.6818        10.06091       1406.4497      -2.6821318       -2.6821318                           -0       2546.3467                                 94.159827           10.06091             1406.4497          11.994413                       24.41427                      397.20439                                591.67324                        10.389888
              2       1270.1595      -258.06177      -92.769813       1.0419975      0.02213823      0.12009664      0.04149816       3.0147572      0.96081546       1.0001309      -258.06177       165.29196   -0.0014086199      0.30123277       0.7000995      0.80392933     0.046674179      0.25320056       0.8055794       13.689304       147.32771       68.870478   2.0384142e-09       6.3631134       10.954306       1024.1426       11.091572       1405.8751      -2.6880404       -2.6880404                           -0        2545.695                                 93.631436          11.091572             1405.8751          10.954306                      25.232751                      397.25107                                591.75229                        9.9065139
              2       1269.2613      -273.81623      -91.274698       1.0419048     0.022184325      0.12006226     0.043138931       3.0150559      0.96146016      0.99878024      -273.81623       182.54153   -0.0014946149      0.30103889      0.70037943      0.80387549     0.046737429      0.25294441      0.80526618       13.686956       147.28566       68.895476   2.0390231e-09         6.53508        10.89456       1022.2114       10.963862        1405.916      -2.6339297       -2.6339297                           -0       2543.7905                                 93.804706          10.963862              1405.916           10.89456                      25.041488                      396.85083                                590.39758                        9.9215016
              1        1269.421      -315.68331       -92.53911       1.0420358     0.022239589      0.12028702     0.039120692       3.0088549      0.96191563      0.99923006      -315.68331        223.1442   -0.0017231447      0.30076649      0.70088058      0.80242076     0.046719904      0.25269342      0.80344519       13.672151       147.16457       68.994172   2.0264183e-09       6.0795441        11.06663       1023.3132       10.466856       1405.9787      -2.7612556       -2.7612556                           -0       2544.3645                                 93.539096          10.466856             1405.9787           11.06663                      25.196389                      398.03277                                589.83782                        10.246171
              1       1268.3573      -251.42331      -94.993946       1.0420051      0.02233667      0.12000299     0.039450743       3.0109401      0.96168151      0.99992096      -251.42331       156.42937   -0.0013723841      0.29925248      0.70204412      0.80164014      0.04674868      0.25115568      0.80064078       13.664807       147.13201       69.123311   2.0306481e-09       6.0963898       11.322484        1022.669       9.8339581        1406.279      -2.8520554       -2.8520554                           -0       2542.4188                                 92.314412          9.8339581              1406.279          11.322484                      25.254542                      397.93598                                589.30496                        10.173477
              1       1268.0553       -257.4952      -67.957792       1.0422319     0.022322486       0.1191696     0.045662167       3.0185394      0.96642115      0.99896035       -257.4952       189.53741   -0.0014055273      0.29772993      0.70359975      0.80252726     0.046758468       0.2496222      0.79948517       13.685581       147.36907       69.094128   2.0461385e-09       6.7709198       11.323913       1021.3965       9.9752556       1406.5997      -2.7639702       -2.7639702                           -0       2541.6385                                 92.343094          9.9752556             1406.5997          11.323913                      23.294244                      396.34666                                591.00389                        10.751738
              3       1269.7027      -330.59288      -49.246646       1.0424096     0.022606028       0.1189814     0.056594459       3.0389118       0.9665573      0.99773208      -330.59288       281.34624    -0.001804528      0.29601789      0.70571128      0.80869384      0.04704855      0.24762873      0.80330873       13.662293       147.10579       69.316881   2.0882508e-09        7.832901        11.41439       1022.3991       8.9222581       1406.9978       -2.202316        -2.202316                           -0       2543.8101                                 94.076594          8.9222581             1406.9978           11.41439                      23.378954                      396.41817                                593.27392                        9.3280328
              2       1268.2754      -330.59288      -49.246646       1.0424096     0.022606028       0.1189814     0.056594459       3.0389118       0.9665573      0.99640732      -330.59288       281.34624    -0.001804528      0.29601789      0.70571128      0.80869384      0.04704855      0.24762873      0.80330873       13.662293       147.10579       69.316881   2.0882508e-09        7.832901        11.41439       1018.3023       8.9222581       1406.9978      -1.5812064       -1.5812064                           -0       2539.7133                                 94.076594          8.9222581             1406.9978           11.41439                      23.585056                      396.44443                                589.25802                        9.0147579
              3       1267.4633      -346.59992      -39.801948       1.0422832      0.02256819      0.11901596      0.05988582       3.0465906       0.9659434      0.99695755      -346.59992       306.79798   -0.0018919018      0.29784707        0.703969      0.81144687     0.047261128      0.24923703      0.80852998        13.67971       147.13874       69.102908   2.1043476e-09       8.1656036       10.559302       1016.2808       9.9326399       1406.5821      -1.9388076       -1.9388076                           -0       2538.8042                                 95.449405          9.9326399             1406.5821          10.559302                      23.668696                      397.32975                                586.54803                        8.7343242
              1       1267.0594      -239.75762       -60.53758       1.0419869     0.022542132       0.1195305     0.057648691       3.0445478        0.964005      0.99752896      -239.75762       179.22004   -0.0013087074      0.30034726      0.70088524      0.81196426     0.047439889      0.25155179      0.81243406       13.682225       147.03114       68.932759   2.1000532e-09       7.9606476       10.385698       1014.3081       10.774761       1406.0383      -2.2298981       -2.2298981                           -0       2538.5787                                 97.071723          10.774761             1406.0383          10.385698                       24.16332                      396.79426                                584.63355                        8.7170104
              5       1267.6103      -200.02212      -52.113833       1.0421343     0.022645933      0.11923911      0.05888841       3.0519814      0.96498655      0.99986086      -200.02212       147.90829   -0.0010918128      0.29934451      0.70167125      0.81347689     0.047561741      0.25042993       0.8125877       13.678752       146.99374       69.002725   2.1157225e-09       8.0561066       10.331431       1016.4612       10.424332       1406.2346      -2.5317999       -2.5317999                           -0       2540.2841                                 96.832585          10.424332             1406.2346          10.331431                      23.913595                      397.05135                                586.84808                        8.6481628
              4       1267.7173      -200.02212      -52.113833       1.0421343     0.022645933      0.11923911      0.05888841       3.0519814      0.96498655        1.000323      -200.02212       147.90829   -0.0010918128      0.29934451      0.70167125      0.81347689     0.047561741      0.25042993       0.8125877       13.678752       146.99374       69.002725   2.1157225e-09       8.0561066       10.331431       1016.6616       10.424332       1406.2346      -2.5249999       -2.5249999                           -0       2540.4846                                 96.832585          10.424332             1406.2346          10.331431                      23.838625                      397.03802                                587.14507                        8.6398937
              1       1268.2647      -209.11779      -56.412898       1.0419799     0.022618495      0.11949585     0.059011443       3.0536989       0.9626109       1.0006447      -209.11779       152.70489   -0.0011414611      0.30067642      0.70038878      0.81449667     0.047638835      0.25168091      0.81541438       13.682039       146.95617       68.905087   2.1193592e-09       8.0778656       10.424509        1017.009       10.914959       1405.9648      -2.5566613       -2.5566613                           -0       2541.6427                                 97.329497          10.914959             1405.9648          10.424509                      24.477323                      397.20211                                586.64096                        8.6885663
              2       1268.8339      -225.19313      -56.133806        1.042007     0.022614667      0.11952508     0.059824749       3.0553208       0.9626039       1.0006148      -225.19313       169.05932   -0.0012292077      0.30059799      0.70055499      0.81535798     0.047609877      0.25163203       0.8161702       13.680394       146.95274       68.920206   2.1227995e-09       8.1578827        10.40676        1017.121       10.838248       1405.9835      -2.5671309       -2.5671309                           -0       2542.8021                                  98.45267          10.838248             1405.9835           10.40676                      24.520405                        397.449                                586.41048                          8.74109
              2       1269.0805      -188.08274      -64.254431       1.0420161     0.022594288      0.11944468     0.061395405       3.0563868       0.9620029      0.99975869      -188.08274       123.82831   -0.0010266421      0.29967213      0.70127845      0.81558885     0.047453962      0.25086532      0.81514305       13.676437       146.99661       69.002225   2.1250635e-09       8.3137054       10.374071       1017.9032       10.426812       1406.1682      -2.6305879       -2.6305879                           -0       2543.4221                                 98.549875          10.426812             1406.1682          10.374071                      24.758845                      398.03753                                586.38714                        8.7196827
              1       1267.3284      -244.98641      -75.184994        1.041999     0.022462893      0.11921514     0.056007607       3.0484982       0.9621231       1.0016572      -244.98641       169.80142   -0.0013372485      0.29703461      0.70422706      0.81289496     0.046881358       0.2488089      0.80886739       13.670581       147.20208       69.220184   2.1083657e-09       7.8097382        11.43897        1014.796       9.3721503       1406.7554      -2.5869391       -2.5869391                           -0       2539.8307                                 97.468194          9.3721503             1406.7554           11.43897                      24.883051                      396.47549                                584.79457                        8.6429196
              5       1267.9224      -258.79504      -90.210593       1.0420737     0.022379641      0.12009513     0.049936607       3.0350794      0.95956998       1.0001182      -258.79504       168.58445   -0.0014126224      0.29984386       0.7014929      0.81072971     0.046886872      0.25160748       0.8105187       13.663604        147.0609       69.087731   2.0802629e-09       7.2222443       10.998326       1017.0087       10.006367       1406.1552      -2.8488785       -2.8488785                           -0       2541.5426                                 97.373981          10.006367             1406.1552          10.998326                      25.912063                      395.96822                                 586.3195                        8.8089312
              1       1268.8174      -258.79504      -90.210593       1.0420737     0.022379641      0.12009513     0.049936607       3.0350794      0.95956998       1.0007908      -258.79504       168.58445   -0.0014126224      0.29984386       0.7014929      0.81072971     0.046886872      0.25160748       0.8105187       13.663604        147.0609       69.087731   2.0802629e-09       7.2222443       10.998326       1018.7008       10.006367       1406.1552      -2.7999638       -2.7999638                           -0       2543.2346                                 97.373981          10.006367             1406.1552          10.998326                      25.780846                      395.98814                                588.08792                        8.8438612
              2       1269.3552      -263.53304      -99.268385         1.04204     0.022431148      0.11995273     0.047709297        3.032124      0.95896866       1.0014523      -263.53304       164.26466   -0.0014384846      0.29752038      0.70384278      0.80905365     0.046660255      0.24952022      0.80570313       13.646428       147.04136       69.334948   2.0741241e-09       6.9765778       12.226527       1020.6657       8.8394248       1406.6591      -2.6604222       -2.6604222                           -0       2544.0313                                  95.64062          8.8394248             1406.6591          12.226527                      26.418325                      396.16099                                589.24148                        8.8448813
              2       1269.0225      -224.94445       -103.4529       1.0421115      0.02239338      0.11972522     0.046455762       3.0258702      0.96045177       1.0001804      -224.94445       121.49156   -0.0012278503      0.29623904      0.70491367       0.8064518     0.046467262      0.24843517       0.8013808       13.645952       147.14316       69.420268   2.0611933e-09       6.8488312       13.320698        1020.854       8.4534757        1406.944      -2.8437262       -2.8437262                           -0       2543.7324                                 94.160152          8.4534757              1406.944          13.320698                      25.969919                      396.29211                                589.34742                        9.2445496
              4       1267.8933       -7.302567       -47.24242       1.0419969     0.022510709       0.1177464      0.05351875       3.0485435      0.96664764       1.0063877       -7.302567      -39.939853   -3.986077e-05      0.29571391      0.70424995      0.80681528     0.047243939       0.2471181      0.80103108       13.714951       147.53985       69.027403   2.1084612e-09       7.5310822       10.679799       1014.8186       10.302109        1406.997      0.50530055       0.50530055                           -0       2534.7759                                   91.9785          10.302109              1406.997          10.679799                      22.989413                       395.8833                                586.86578                        9.0800812
              1       1268.5227      -131.37309      -56.147037       1.0420409     0.022461919      0.11859636     0.046808103       3.0358163      0.96236298       1.0055498      -131.37309       75.226053  -0.00071709476      0.29764091      0.70300012      0.80445793     0.047180466      0.24910746      0.80128871       13.700362       147.36675       68.998924   2.0817965e-09       6.8579559       10.565202       1017.8463       10.443219       1406.5888     -0.34342159      -0.34342159                           -0       2537.7322                                 92.288641          10.443219             1406.5888          10.565202                      24.074931                      396.04426                                588.53854                        9.1885863
              1       1267.5467      -142.13387      -62.828567       1.0420995     0.022358911      0.11863824     0.045585068       3.0292884      0.96386456       1.0040181      -142.13387       79.305303  -0.00077583205      0.29727401      0.70342582      0.80324133     0.046926454      0.24899566      0.79958362        13.70103       147.46996       69.026596    2.068251e-09       6.7484589       10.956151        1018.358       10.306094       1406.6751      -1.5613067       -1.5613067                           -0        2538.216                                 91.920616          10.306094             1406.6751          10.956151                      23.721247                      396.28952                                588.55854                        9.7887209
              6       1267.3826      -191.62574      -45.706842       1.0418581      0.02235145      0.11830739     0.046126905       3.0281249      0.96535661       1.0035563      -191.62574        145.9189   -0.0010459814      0.29786449      0.70310515      0.80145004     0.047116512      0.24939015      0.79859244       13.721683       147.56657        68.87574    2.065846e-09       6.8025055       10.466985       1017.9125       11.064628       1406.5482      -1.8414203       -1.8414203                           -0       2538.4481                                 92.455861          11.064628             1406.5482          10.466985                      23.147227                      396.17395                                588.42652                        10.164802
              1       1267.6593      -191.62574      -45.706842       1.0418581      0.02235145      0.11830739     0.046126905       3.0281249      0.96535661       1.0037005      -191.62574        145.9189   -0.0010459814      0.29786449      0.70310515      0.80145004     0.047116512      0.24939015      0.79859244       13.721683       147.56657        68.87574    2.065846e-09       6.8025055       10.466985       1018.2984       11.064628       1406.5482      -1.7576983       -1.7576983                           -0       2538.8341                                 92.455861          11.064628             1406.5482          10.466985                      23.126235                      396.15355                                588.79114                        10.227504
              5       1267.6649      -251.57292      -39.402384       1.0418286     0.022352809      0.11846689      0.04518107       3.0273609      0.96514789       1.0040311      -251.57292       212.17054   -0.0013732007      0.29884391       0.7024528      0.80160568     0.047220553      0.25026261      0.80005964       13.724199        147.5224       68.801913   2.0642683e-09       6.7028351       10.340306       1017.7841        11.44566       1406.3461       -1.553214        -1.553214                           -0       2538.4362                                 92.520102           11.44566             1406.3461          10.340306                      23.159465                      396.30485                                588.21403                         10.10574
              4        1267.281      -208.87498      -50.915945       1.0418895     0.022421587      0.11897948      0.04243275       3.0247219       0.9645057       1.0045482      -208.87498       157.95904   -0.0011401357      0.30007259      0.70099105       0.8021311     0.047365934       0.2513459      0.80222814       13.709337       147.30927       68.801851   2.0588279e-09       6.3989105       10.363497       1016.9421       11.445984       1406.0851      -1.1796094       -1.1796094                           -0       2536.9213                                 92.084618          11.445984             1406.0851          10.363497                      23.441695                      396.95286                                586.71998                        9.8275697
              1       1267.4679      -196.70962      -50.768279       1.0419293     0.022418213      0.11898551     0.042031258        3.024152       0.9646084        1.004651      -196.70962       145.94134   -0.0010737316      0.30018407      0.70081313      0.80194274     0.047375516      0.25144733      0.80218873       13.709996       147.31138       68.789717   2.0576549e-09       6.3553925       10.371455       1017.1113       11.509229       1406.0599      -1.1056782       -1.1056782                           -0       2537.1471                                 92.095266          11.509229             1406.0599          10.371455                      23.398788                      397.07467                                586.74551                        9.8922931
              2       1267.1707      -196.70962      -50.768279       1.0419293     0.022418213      0.11898551     0.042031258        3.024152       0.9646084       1.0045013      -196.70962       145.94134   -0.0010737316      0.30018407      0.70081313      0.80194274     0.047375516      0.25144733      0.80218873       13.709996       147.31138       68.789717   2.0576549e-09       6.3553925       10.371455       1016.7361       11.509229       1406.0599      -1.2152472       -1.2152472                           -0        2536.772                                 92.095266          11.509229             1406.0599          10.371455                      23.421296                      397.07467                                586.40398                        9.8361281
              1       1266.0227      -161.12157      -50.846563       1.0418795     0.022361784       0.1187933     0.044982337       3.0245556      0.96680044       1.0025503      -161.12157       110.27501  -0.00087947567      0.30008991      0.70071293      0.80215685     0.047324278      0.25140244      0.80227704       13.720182       147.42542       68.740268   2.0584856e-09       6.6845856       10.367574       1016.6047       11.768764       1406.0723      -2.3323764       -2.3323764                           -0       2536.7101                                 91.896831          11.768764             1406.0723          10.367574                       22.84757                       396.3846                                587.20329                         10.16921
              2       1265.7304       -154.7173      -52.730014       1.0418968     0.022378882      0.11895315     0.045001652       3.0246803      0.96648863        1.002348       -154.7173       101.98729  -0.00084451821      0.30063788      0.70012996      0.80264271      0.04738781      0.25188609      0.80349557       13.717283       147.36389       68.720431   2.0587422e-09       6.6859894       10.418709       1016.0915       11.873693       1405.9609      -2.4091078       -2.4091078                           -0        2536.279                                 91.934113          11.873693             1405.9609          10.418709                      22.939268                      396.39404                                 586.7326                        10.025609
              3       1264.8587       -154.7173      -52.730014       1.0418968     0.022378882      0.11895315     0.045001652       3.0246803      0.96648863       1.0016414       -154.7173       101.98729  -0.00084451821      0.30063788      0.70012996      0.80264271      0.04738781      0.25188609      0.80349557       13.717283       147.36389       68.720431   2.0587422e-09       6.6859894       10.418709       1014.7993       11.873693       1405.9609      -2.6346257       -2.6346257                           -0       2534.9867                                 91.934113          11.873693             1405.9609          10.418709                      23.039731                      396.38959                                585.60623                        9.7637442
              3       1264.6271      -146.17525      -52.008679       1.0419008     0.022397908      0.11891666     0.045996172       3.0268944      0.96616655       1.0017069      -146.17525       94.166568  -0.00079789173      0.30052114       0.7002001      0.80316676     0.047415513      0.25174201      0.80386406       13.716622       147.35253        68.72955   2.0633056e-09       6.7884674       10.412096       1014.2973       11.825399       1405.9825      -2.6117419       -2.6117419                           -0       2534.4778                                 91.960505          11.825399             1405.9825          10.412096                      23.116262                      396.18941                                585.38104                        9.6105564
              1       1264.7514      -169.30415      -48.084856       1.0419795     0.022396579      0.11890182     0.046188431       3.0277483      0.96607026       1.0019043      -169.30415       121.21929  -0.00092413993      0.30041929      0.70042821       0.8034518     0.047402029      0.25165395      0.80401307       13.716293       147.35797       68.737285   2.0650681e-09       6.8088226       10.399085       1014.4079       11.784512       1406.0061      -2.5551637       -2.5551637                           -0        2534.613                                 92.015471          11.784512             1406.0061          10.399085                      23.130792                      396.14451                                585.55185                        9.5807167
              5       1265.6441      -153.78733      -55.792701       1.0419628     0.022373457      0.11908571     0.042977645       3.0239512      0.96469914       1.0028508      -153.78733       97.994629  -0.00083944199      0.30079733      0.69996546      0.80244773     0.047359041      0.25207482      0.80351339       13.713242       147.33453       68.732968   2.0572417e-09        6.469101       10.425627       1015.5734       11.807321       1405.9299      -2.2010482       -2.2010482                           -0       2535.6903                                 91.954031          11.807321             1405.9299          10.425627                      23.487058                      396.80043                                585.66582                        9.6201073
              2       1265.6211      -153.71432      -55.808709       1.0419628     0.022373416      0.11908533     0.042980904       3.0239528      0.96470007       1.0028491      -153.71432       97.905615  -0.00083904349      0.30079446      0.69996793      0.80244788     0.047358642      0.25207236       0.8035097       13.713235       147.33468       68.733194    2.057245e-09       6.4698029       10.425288       1015.5302       11.806126       1405.9305      -2.2018047       -2.2018047                           -0       2535.6458                                 91.953712          11.806126             1405.9305          10.425288                      23.487091                      396.80043                                585.62541                         9.617245
              1       1265.5426      -154.87084      -56.401658       1.0419212      0.02237394      0.11912412     0.043393694       3.0246836       0.9643683       1.0027507      -154.87084       98.469186  -0.00084535631      0.30103555      0.69973312      0.80275838       0.0473846      0.25228677      0.80414267       13.713877       147.32382        68.71517   2.0587489e-09       6.5147247         10.4563       1015.3617       11.901598        1405.883      -2.2458196       -2.2458196                           -0       2535.5767                                 91.974087          11.901598              1405.883            10.4563                      23.572217                      396.70101                                585.57684                        9.5116672
              1       1265.5958      -147.92017      -61.929587       1.0419024     0.022376606      0.11934512     0.041525328       3.0204031      0.96504443        1.002328      -147.92017       85.990581  -0.00080741632      0.30163939       0.6990913      0.80215639     0.047410706      0.25286392      0.80434515       13.709892       147.26207       68.700342   2.0499553e-09       6.3118744       10.534386       1015.8364       11.980429       1405.7655      -2.4170416       -2.4170416                           -0       2536.0256                                 91.908962          11.980429             1405.7655          10.534386                      23.469598                      397.23792                                 585.4391                        9.6897771
              2       1265.9402      -147.92017      -61.929587       1.0419024     0.022376606      0.11934512     0.041525328       3.0204031      0.96504443       1.0013237      -147.92017       85.990581  -0.00080741632      0.30163939       0.6990913      0.80215639     0.047410706      0.25286392      0.80434515       13.709892       147.26207       68.700342   2.0499553e-09       6.3118744       10.534386       1017.1121       11.980429       1405.7655      -2.7104397       -2.7104397                           -0       2537.3013                                 91.908962          11.980429             1405.7655          10.534386                      23.623389                      397.20159                                586.90126                          9.38583
              1       1265.8724      -147.92017      -61.929587       1.0419024     0.022376606      0.11934512     0.041525328       3.0204031      0.96504443       1.0013783      -147.92017       85.990581  -0.00080741632      0.30163939       0.6990913      0.80215639     0.047410706      0.25286392      0.80434515       13.709892       147.26207       68.700342   2.0499553e-09       6.3118744       10.534386        1016.953       11.980429       1405.7655      -2.6986512       -2.6986512                           -0       2537.1422                                 91.908962          11.980429             1405.7655          10.534386                      23.614971                      397.20159                                586.73553                        9.4008785
              2       1267.2551      -261.97302      -38.879227       1.0419326     0.022330781      0.11966878      0.04055926       3.0181569      0.96450782       1.0009423      -261.97302       223.09379   -0.0014299692      0.30511788      0.69623463      0.80195321     0.047766011      0.25597405      0.80876479        13.72988       147.22704       68.374233   2.0453558e-09       6.2157135       12.103731       1016.8171         13.7799       1405.1454      -2.7808217       -2.7808217                           -0       2540.0719                                 92.225693            13.7799             1405.1454          12.103731                      23.490366                      397.34474                                586.57701                        9.4049931
              2       1267.2759       -290.2545      -41.272618         1.04225     0.022351298       0.1196943     0.040605158       3.0161018      0.96500102      0.99982719       -290.2545       248.98188   -0.0015843426      0.30346665      0.69804068      0.80180032     0.047535818      0.25456091      0.80641961       13.712482       147.19754       68.571063   2.0411567e-09       6.2185211        11.01891       1018.9621       12.678732       1405.4414      -2.8508091       -2.8508091                           -0       2540.2533                                 92.152175          12.678732             1405.4414           11.01891                      23.482335                      397.40447                                588.40041                        9.6748995
              9        1265.879      -339.49382      -36.372087       1.0420601     0.022432844      0.11971321     0.050959627       3.0319203      0.96377986      0.99735532      -339.49382       303.12173   -0.0018531134      0.30365436      0.69812174      0.80736587     0.047705173      0.25457939      0.81226834       13.709907       147.10303       68.573991   2.0737015e-09        7.312088       11.260926       1013.6298       12.662696       1405.4143      -2.2685925       -2.2685925                           -0       2536.2952                                 93.327508          12.662696             1405.4143          11.260926                      23.910293                      395.78868                                585.06005                        8.8707497
              1       1266.2432      -206.26143      -54.862949       1.0420733     0.022516617      0.11869122     0.052182925       3.0336896      0.97085216      0.99851656      -206.26143       151.39849   -0.0011258698      0.29691111      0.70413896      0.80665652     0.047129648      0.24843322        0.802493       13.687428       147.28132       69.120117   2.0773739e-09       7.4061432        10.82414       1015.5418       9.8493738       1406.7675       -2.575764        -2.575764                           -0       2537.6379                                 94.655158          9.8493738             1406.7675           10.82414                      22.504815                      395.85368                                587.85317                        9.3301555
              3       1266.1093      -154.98844      -57.741309       1.0416509     0.022485224      0.11849409     0.055224683       3.0368136      0.96991942      0.99751905      -154.98844       97.247132   -0.0008459982      0.29760944      0.70316046      0.80657721     0.047250755      0.24900509      0.80335716        13.70473       147.36882       68.983343   2.0838737e-09       7.7170868       10.474356       1015.2514       10.520828       1406.6013      -2.2940108       -2.2940108                           -0       2536.8065                                 93.958697          10.520828             1406.6013          10.474356                      22.629123                       396.1331                                587.36707                        9.1220964
              1       1266.1975      -154.98844      -57.741309       1.0416509     0.022485224      0.11849409     0.055224683       3.0368136      0.96991942      0.99744874      -154.98844       97.247132   -0.0008459982      0.29760944      0.70316046      0.80657721     0.047250755      0.24900509      0.80335716        13.70473       147.36882       68.983343   2.0838737e-09       7.7170868       10.474356       1015.3714       10.520828       1406.6013      -2.2657072       -2.2657072                           -0       2536.9265                                 93.958697          10.520828             1406.6013          10.474356                      22.638718                       396.1331                                587.49328                        9.1062666
              3       1266.5077      -142.86869      -68.576354       1.0417573     0.022501093      0.11864993     0.051875278       3.0307747      0.97033711      0.99754591      -142.86869       74.292333  -0.00077984301      0.29675551      0.70394855      0.80523645     0.047091336      0.24831609       0.8008703       13.689368       147.30948       69.124389   2.0713273e-09       7.3766632       10.912892       1016.0163       9.8287616       1406.7944      -2.2880209       -2.2880209                           -0       2537.5915                                 94.039155          9.8287616             1406.7944          10.912892                      22.663853                      395.86455                                 588.1131                        9.3748367
              2       1266.5995      -219.02256      -69.412886       1.0418286     0.022426348      0.11869159     0.052188638       3.0326561      0.96961054       0.9981815      -219.02256       149.60967   -0.0011955259      0.29607509      0.70504481      0.80667331     0.046838219      0.24789157      0.80137907       13.686148        147.3813       69.195697   2.0752279e-09       7.4243927       11.579734       1014.6371        9.487835       1406.9677      -2.5673584       -2.5673584                           -0       2538.3337                                 95.661302           9.487835             1406.9677          11.579734                      22.916027                      395.92989                                586.52687                        9.2643336
              8        1268.233      -262.75636      -59.420326       1.0418393     0.022471084      0.11972502     0.044645337       3.0310488      0.96689994       1.0028696      -262.75636       203.33603   -0.0014342451      0.30213342      0.69922423      0.80827098     0.047530483      0.25324048      0.81113986       13.694458       147.05715       68.758422   2.0718952e-09       6.6389618       10.617473       1015.8864       11.673144       1405.6905      -2.1408935       -2.1408935                           -0       2540.7479                                  96.88033          11.673144             1405.6905          10.617473                       23.42641                      396.48957                                587.04642                        8.9240153
              3       1267.8337      -262.75636      -59.420326       1.0418393     0.022471084      0.11972502     0.044645337       3.0310488      0.96689994       1.0032851      -262.75636       203.33603   -0.0014342451      0.30213342      0.69922423      0.80827098     0.047530483      0.25324048      0.81113986       13.694458       147.05715       68.758422   2.0718952e-09       6.6389618       10.617473       1014.6784       11.673144       1405.6905      -1.9362873       -1.9362873                           -0       2539.5399                                  96.88033          11.673144             1405.6905          10.617473                       23.36378                      396.49992                                585.85439                        8.9603365
              2       1268.0365      -193.80758      -62.557643       1.0417801     0.022508455      0.11941343     0.041979303       3.0265655      0.96798945       1.0040085      -193.80758       131.24993   -0.0010578909      0.30089542      0.70008605       0.8053671     0.047505645      0.25203028       0.8065681       13.694116       147.09804       68.833559    2.062627e-09       6.3385468       10.434543       1017.2884       11.281541       1405.9201      -1.4760648       -1.4760648                           -0       2539.0252                                 94.100584          11.281541             1405.9201          10.434543                      23.089391                      397.15822                                587.90429                         9.136479
              1        1268.373      -235.70939       -57.13105       1.0418019     0.022330156      0.11947181     0.039179878       3.0217825      0.96657749       1.0046322      -235.70939       178.57834   -0.0012866103      0.30239143      0.69881831       0.8039064     0.047403527       0.2536205      0.80710418       13.714874       147.27984       68.634196   2.0527851e-09       6.0591888       10.668436       1017.3103       12.335245       1405.6359      -1.1351527       -1.1351527                           -0       2539.0163                                 93.066485          12.335245             1405.6359          10.668436                      23.251296                      397.98013                                586.73274                        9.3460795
              1       1268.4096      -238.25124      -57.269322        1.041779     0.022327935       0.1195273     0.039057307       3.0215624      0.96635794       1.0045798      -238.25124       180.98192   -0.0013004849      0.30272694      0.69849662      0.80393957     0.047433665      0.25392487      0.80758513       13.715725       147.26758       68.608977   2.0523332e-09       6.0465546       10.758121       1017.2568       12.471889       1405.5734      -1.1734784       -1.1734784                           -0       2539.1662                                 93.105956          12.471889             1405.5734          10.758121                      23.299506                      397.99518                                586.64207                        9.3200503
              4        1268.556      -286.90224      -64.592683       1.0416506     0.022282143      0.11937686     0.037165666       3.0075358      0.96908044       1.0004619      -286.90224       222.30956   -0.0015660444       0.3009459      0.70054357      0.79925898     0.047122781      0.25246088      0.80051802       13.709935       147.35824         68.7643   2.0237469e-09       5.8373871       10.446744       1022.4028       11.642267       1405.9281      -2.8193195       -2.8193195                           -0       2542.7507                                 92.330759          11.642267             1405.9281          10.446744                      22.840151                      398.77643                                590.19476                        10.591495
              5       1268.5017      -287.15929      -64.159776       1.0416511     0.022283114      0.11936847     0.037233738       3.0076455      0.96910571       1.0004581      -287.15929       222.99952   -0.0015674475      0.30094737      0.70054349      0.79926245     0.047127521      0.25245754      0.80052346       13.710239       147.35939       68.762339    2.023969e-09       5.8444061       10.444775       1022.3008       11.652564       1405.9277      -2.8200787       -2.8200787                           -0       2542.6435                                 92.317665          11.652564             1405.9277          10.444775                      22.827814                      398.77418                                590.10262                        10.596189
              1       1270.3007      -236.10809      -76.871204       1.0417115     0.022289716      0.11952017     0.032833042       2.9978419      0.97006183      0.99988405      -236.10809       159.23688   -0.0012887865      0.30051816      0.70069424      0.79647613      0.04702194      0.25213736      0.79716367       13.699259        147.3115       68.849691   2.0042237e-09       5.3306122       10.533814       1026.7378       11.198337       1406.0084      -2.8388555       -2.8388555                           -0       2546.2792                                 91.800774          11.198337             1406.0084          10.533814                      22.824303                      400.47436                                591.94426                        11.494921
              4       1270.2635      -236.10809      -76.871204       1.0417115     0.022289716      0.11952017     0.032833042       2.9978419      0.97006183      0.99996209      -236.10809       159.23688   -0.0012887865      0.30051816      0.70069424      0.79647613      0.04702194      0.25213736      0.79716367       13.699259        147.3115       68.849691   2.0042237e-09       5.3306122       10.533814       1026.6654       11.198337       1406.0084      -2.8398161       -2.8398161                           -0       2546.2067                                 91.800774          11.198337             1406.0084          10.533814                      22.813608                      400.47436                                 591.8404                        11.537007
              2       1271.0135       -277.2542      -66.897347        1.041689     0.022311618      0.11918958     0.037920813       2.9986381      0.97124033      0.99609439       -277.2542       210.35685    -0.001513381       0.2994445       0.7019926      0.79572794     0.047001832      0.25108572      0.79499088       13.702686       147.37527       68.898242   2.0058201e-09       5.9167023       10.559303       1026.0274       10.949778       1406.2339      -1.6275174       -1.6275174                           -0       2545.2821                                 91.511734          10.949778             1406.2339          10.559303                      22.398696                      398.58759                                592.94158                         12.09958
              3       1270.2387      -247.05038      -68.686764       1.0419089     0.022412636      0.11906318     0.038504615       2.9993358      0.97059351      0.99563154      -247.05038       178.36362   -0.0013485146       0.2976419      0.70363078      0.79512047     0.046938797      0.24935409      0.79198935       13.685339       147.29669       69.100389     2.00722e-09       5.9644318        11.01061       1024.2557        9.944857       1406.6173      -1.3122005       -1.3122005                           -0       2543.1019                                 91.273438           9.944857             1406.6173           11.01061                      22.593927                      398.36717                                591.04775                         12.24685
              8       1267.8373      -260.59498      -61.363208       1.0418381      0.02246653      0.11877648     0.047131444        3.015516       0.9702783      0.99531981      -260.59498       199.23178   -0.0014224473      0.29678981      0.70455689       0.7999861     0.046993947      0.24844851      0.79569441        13.68701       147.31376       69.142812   2.0399614e-09       6.8923492       11.062831       1018.3154       9.7401049        1406.809      -1.0512709       -1.0512709                           -0       2537.7771                                  91.84974          9.7401049              1406.809          11.062831                      22.586564                      396.15948                                588.82623                        10.743152
              1        1268.192      -286.40542       -37.01755       1.0419041     0.022280775      0.11873962     0.050749602       3.0236745       0.9713787      0.99631508      -286.40542       249.38787   -0.0015633325      0.30037178      0.70111477         0.80339     0.047242002      0.25176401      0.80388765       13.730298       147.53035       68.675368   2.0566726e-09       7.3085785        10.38264        1018.229       12.113783       1406.0342      -1.7494096       -1.7494096                           -0       2539.8828                                 93.123154          12.113783             1406.0342           10.38264                      22.034897                      395.83946                                590.05669                        10.297918
              2       1268.0993      -245.40691      -35.790399         1.04176     0.022280828      0.11861772     0.050832263       3.0252366      0.97162489      0.99705142      -245.40691       209.61651   -0.0013395438        0.300844      0.70041857      0.80331266     0.047357117       0.2521178      0.80444186       13.739705       147.56281       68.591931   2.0598879e-09       7.3155975       10.483199       1018.6177       12.564673       1405.9311      -2.1401976       -2.1401976                           -0        2540.479                                 92.882307          12.564673             1405.9311          10.483199                      21.951975                      395.84016                                590.67001                        10.155583
              1       1268.0733      -244.22057      -35.808086       1.0417584     0.022282446      0.11861579     0.051063847       3.0256465      0.97163282      0.99702813      -244.22057       208.41249   -0.0013330682      0.30084183      0.70041427      0.80346032     0.047360319      0.25211243      0.80458683       13.739671       147.56154       68.592104   2.0607322e-09       7.3394623       10.484334       1018.4838       12.563732       1405.9313      -2.1299759       -2.1299759                           -0       2540.4065                                 92.943314          12.563732             1405.9313          10.484334                      21.952783                      395.80861                                 590.5953                        10.127142
              2       1270.7709      -228.27742      -16.932461       1.0416385     0.022255372      0.11767153     0.063957234       3.0451861      0.96898784      0.99521793      -228.27742       211.34496   -0.0012460432      0.29888721      0.70228184      0.80644604     0.047320174      0.25019745      0.80494897       13.763711       147.84565       68.579491   2.1013941e-09       8.6148224       10.328999       1021.8676       12.632604       1406.3242     -0.99104476      -0.99104476                           -0       2543.5238                                  92.37036          12.632604             1406.3242          10.328999                      22.563923                      398.87525                                591.05776                        9.3707025
              1       1268.7798      -235.07281      -16.601238       1.0418257     0.022331573      0.11771389     0.057531492       3.0333434      0.97119348      0.99547689      -235.07281       218.47158   -0.0012831356      0.29807021      0.70313621      0.80238091       0.0473125      0.24939302      0.79979604       13.749748       147.74851       68.702368   2.0766547e-09       7.9704742       10.285606       1019.0453        11.96964       1406.5015      -1.2152811       -1.2152811                           -0       2539.9901                                 92.188157           11.96964             1406.5015          10.285606                      22.048758                      396.58949                                590.03753                        10.369486
              2       1268.9756       -228.2649      -16.550683       1.0418566     0.022334171      0.11769441     0.058017632       3.0337225      0.97149326      0.99525164       -228.2649       211.71422   -0.0012459749      0.29795215      0.70321712      0.80254232     0.047304939       0.2492829      0.79979849       13.749196       147.75087       68.711855   2.0774422e-09       8.0182037        10.28608       1019.1754       11.919197       1406.5259      -1.0485324       -1.0485324                           -0       2540.0482                                 92.141734          11.919197             1406.5259           10.28608                      22.001569                      396.67955                                590.08889                        10.405368
              4       1268.9083      -227.87949       -16.55274       1.0418564     0.022334555      0.11769338     0.058034529       3.0337568      0.97148995       0.9952513      -227.87949       211.32675   -0.0012438711      0.29794962      0.70321755      0.80254807     0.047305569      0.24927975      0.79980082       13.749193       147.75072       68.711988   2.0775134e-09       8.0196075       10.286023         1019.04       11.918494       1406.5263      -1.0483184       -1.0483184                           -0       2539.9131                                 92.142284          11.918494             1406.5263          10.286023                       22.00292                      396.67955                                589.95433                        10.403223
              7       1268.8571      -227.87949       -16.55274       1.0418564     0.022334555      0.11769338     0.058034529       3.0337568      0.97148995      0.99556845      -227.87949       211.32675   -0.0012438711      0.29794962      0.70321755      0.80254807     0.047305569      0.24927975      0.79980082       13.749193       147.75072       68.711988   2.0775134e-09       8.0196075       10.286023       1019.4036       11.918494       1406.5263      -1.2812414       -1.2812414                           -0       2540.2767                                 92.142284          11.918494             1406.5263          10.286023                      21.964383                      396.65633                                590.23068                        10.552192
              1       1269.4556      -212.03008      -27.821085       1.0416673     0.022248814      0.11858695      0.05858497       3.0362129       0.9660783      0.99501371      -212.03008         184.209   -0.0011573577        0.302609       0.6984709      0.80548211     0.047587619      0.25364365      0.80897703       13.758218       147.60739       68.376434   2.0826222e-09       8.1080475       11.216595         1017.61       13.767333       1405.5817     -0.82676232      -0.82676232                           -0       2540.5648                                 92.389128          13.767333             1405.5817          11.216595                      23.035842                      397.02201                                588.22386                        9.3283214
              1       1269.9946      -196.00192       -26.10901        1.041619     0.022235766      0.11834552      0.06134818       3.0420849      0.96586651      0.99547034      -196.00192       169.89291   -0.0010698687      0.30194724       0.6990452      0.80683193     0.047541216      0.25302883      0.80944619       13.763307       147.68671       68.389732   2.0948875e-09       8.3789825       11.011191       1019.4382       13.691526       1405.7034      -1.1641154       -1.1641154                           -0       2542.3175                                 92.473179          13.691526             1405.7034          11.011191                      23.128195                      397.95462                                589.25195                        9.1034492
              1        1267.995      -35.422078      -36.339221       1.0417511     0.022362491      0.11828703     0.064400201       3.0503304      0.96613069      0.99600254      -35.422078     -0.91714247     -0.00019335      0.30123913      0.69887702      0.80932702     0.047676997      0.25218883      0.81099673       13.750641       147.56131       68.486606   2.1122322e-09       8.6450043       10.888739       1016.6979        13.14561       1405.8144      -1.5742583       -1.5742583                           -0       2539.1385                                 92.591903           13.14561             1405.8144          10.888739                      23.259185                       399.1654                                585.54493                        8.7283422
              1        1268.011      -35.422078      -36.339221       1.0417511     0.022362491      0.11828703     0.064400201       3.0503304      0.96613069      0.99632144      -35.422078     -0.91714247     -0.00019335      0.30123913      0.69887702      0.80932702     0.047676997      0.25218883      0.81099673       13.750641       147.56131       68.486606   2.1122322e-09       8.6450043       10.888739       1017.1215        13.14561       1405.8144      -1.7700915       -1.7700915                           -0       2539.5621                                 92.591903           13.14561             1405.8144          10.888739                      23.211272                      399.16746                                585.96143                        8.7813186
              4        1268.255      -35.422078      -36.339221       1.0417511     0.022362491      0.11828703     0.064400201       3.0503304      0.96613069      0.99669022      -35.422078     -0.91714247     -0.00019335      0.30123913      0.69887702      0.80932702     0.047676997      0.25218883      0.81099673       13.750641       147.56131       68.486606   2.1122322e-09       8.6450043       10.888739       1018.0218        13.14561       1405.8144       -1.976262        -1.976262                           -0       2540.4625                                 92.591903           13.14561             1405.8144          10.888739                      23.156227                      399.14896                                586.86684                        8.8497819
              2       1267.2992      -110.89854      -9.0371969       1.0421427     0.022399443      0.11794827     0.056783723       3.0382639      0.96892768      0.99840743      -110.89854       101.86134  -0.00060533522      0.30050384      0.70002431      0.80362088     0.047741189      0.25138977      0.80429543       13.755254       147.60997        68.49707    2.086898e-09       7.8883514       10.868176       1017.0152       13.087311        1405.965      -2.6413745       -2.6413745                           -0       2539.8812                                 92.945512          13.087311              1405.965          10.868176                      22.475554                      396.42121                                588.09108                        10.027326
              2       1267.7722      -94.906239      -4.9610701       1.0422047     0.022416076      0.11779584     0.058559592       3.0414395      0.96936041      0.99837784      -94.906239       89.945169  -0.00051804191      0.30011339       0.7003275      0.80426146     0.047760563      0.25098041      0.80441344       13.756871       147.63237       68.508597   2.0935359e-09       8.0589142       10.822056       1017.9104       13.023233       1406.0394      -2.6267451       -2.6267451                           -0        2540.798                                 93.002825          13.023233             1406.0394          10.822056                      22.464825                      396.86965                                588.61974                        9.9562327
              1       1268.3842      -31.297765      -19.243523       1.0421847     0.022331985      0.11782128      0.05614441       3.0363358      0.96860963      0.99837384      -31.297765       12.054243   -0.0001708376       0.2998202      0.70027353      0.80267671     0.047554715      0.25089383      0.80243613       13.757582       147.71914       68.527814   2.0828783e-09       7.8385162       10.542111        1019.395       12.916758       1406.0918      -2.6404666       -2.6404666                           -0       2542.0493                                 93.103586          12.916758             1406.0918          10.542111                      22.447923                      396.31296                                590.26915                        10.364995
              1        1267.954       -35.92874      -20.359001       1.0422162     0.022364008      0.11790862     0.055706855       3.0354833       0.9684566      0.99817537       -35.92874       15.569739  -0.00019611559      0.29981098      0.70030809      0.80254732     0.047581104      0.25085943      0.80229445       13.751965       147.65999       68.557909   2.0811034e-09        7.788681       10.532979        1018.596       12.750892        1406.095      -2.5861468       -2.5861468                           -0       2541.0803                                 93.105499          12.750892              1406.095          10.532979                      22.496756                      396.22754                                589.52272                        10.348965
              3       1268.0442      -35.409409      -18.585406       1.0422258     0.022366497      0.11790447     0.054494749       3.0338779       0.9686513      0.99852405      -35.409409       16.824003  -0.00019328084       0.2999733       0.7001429      0.80187652     0.047612726      0.25098936      0.80184083       13.753376       147.65822       68.538953    2.077765e-09       7.6658478       10.595465       1018.5442        12.85524       1406.0611      -2.6779369       -2.6779369                           -0       2541.4443                                 93.388228           12.85524             1406.0611          10.595465                      22.440603                      396.00567                                 589.6061                        10.491857
              3       1267.5848       -52.14844      -26.836884       1.0422032     0.022415411      0.11743968     0.054399286       3.0332375      0.97138916       0.9990007       -52.14844       25.311556  -0.00028465017      0.29604095       0.7041674       0.8010295     0.047230719      0.24745299      0.79572642       13.735528       147.72819       68.890776   2.0764349e-09       7.6370697       10.497091       1019.6369       10.987818       1406.9228      -2.7576899       -2.7576899                           -0        2540.685                                 92.640332          10.987818             1406.9228          10.497091                      21.935419                      395.92083                                590.61677                        11.163919
              1       1267.3851      -22.969268      -20.786165       1.0416772     0.022538127      0.11734215     0.062691707       3.0582322      0.96714208       1.0021709      -22.969268        2.183103  -0.00012537683      0.29749582       0.7025529      0.80808568     0.047714118      0.24841804      0.80470595       13.747395       147.61838       68.728277   2.1289887e-09       8.4232025       10.347955       1018.1235       11.832133       1406.5854      -2.3469352       -2.3469352                           -0       2539.4642                                 92.575198          11.832133             1406.5854          10.347955                      23.115317                      398.29683                                588.08455                         8.626803
              1       1266.3378      -76.619232      -25.819486       1.0416791     0.022504252      0.11774427     0.059499277       3.0545048      0.96657897       1.0030038      -76.619232       50.799746  -0.00041822301      0.29852068      0.70182082      0.80839211     0.047681581      0.24947432      0.80639653       13.742017       147.54812       68.700037   2.1210678e-09       8.1269989       10.393977       1015.6807       11.982051       1406.3752      -2.0444621       -2.0444621                           -0       2536.7645                                 92.332592          11.982051             1406.3752          10.393977                      23.142319                         397.18                                586.74438                        8.6139813
              1       1266.8983      -104.35116      -12.288514       1.0418109     0.022644224      0.11738844     0.058835137       3.0533422      0.96946415       1.0032469      -104.35116       92.062651  -0.00056959666      0.29677737      0.70371583      0.80669372     0.047771155      0.24764732      0.80234923       13.733227       147.48776       68.848717   2.1186034e-09       8.0252228       10.312068       1016.3919       11.203352       1406.7601      -1.6936557       -1.6936557                           -0       2537.1839                                 92.516509          11.203352             1406.7601          10.312068                      22.639694                      396.83461                                588.03865                        8.8789593
              1       1265.7835      -165.45567      -17.315159       1.0419483     0.022634697      0.11743671     0.060665818       3.0518362      0.97024929       1.0011219      -165.45567       148.14051  -0.00090313315      0.29528513      0.70554201      0.80712754     0.047497875      0.24643557      0.80075992       13.718463       147.48559       69.031968   2.1154152e-09       8.2042084       10.463434       1016.4376       10.279582       1407.1213      -2.4564791       -2.4564791                           -0         2536.48                                 92.178165          10.279582             1407.1213          10.463434                      22.483869                      397.37492                                587.45483                        9.1239463
              1       1265.5102      -186.01526      -22.450098       1.0417925     0.022586837       0.1176257     0.057203727       3.0437685      0.97121657       1.0006647      -186.01526       163.56516   -0.0010153569      0.29611045      0.70482878      0.80519751     0.047482297      0.24727404      0.79996072       13.721422       147.48788       68.970258   2.0984173e-09       7.8792267       10.369579       1016.3169       10.586221       1406.9342      -2.6129952       -2.6129952                           -0       2536.2464                                 92.039488          10.586221             1406.9342          10.369579                      22.164811                      396.39972                                588.21666                         9.535739
              3       1265.2983      -155.58906      -36.949612       1.0417482     0.022610918       0.1179962     0.055686801       3.0406309      0.96944002       0.9999856      -155.58906       118.63945  -0.00084927665      0.29661297      0.70416027      0.80497608      0.04748058      0.24777977      0.80041905       13.709087       147.36214       69.008261   2.0918436e-09       7.7290192       10.371831       1016.2521       10.396849       1406.8176      -2.6045464       -2.6045464                           -0       2535.8057                                 91.967233          10.396849             1406.8176          10.371831                      22.538412                      396.17689                                588.16319                        9.3735985
              2       1265.8809      -115.98491      -37.737218       1.0417105     0.022622355      0.11774466     0.058133461         3.04383      0.97024524      0.99954771      -115.98491       78.247695  -0.00063309901      0.29572877      0.70482839      0.80541218     0.047443633      0.24693425      0.79965813       13.710868       147.41678       69.052585   2.0985464e-09       7.9641571       10.490249       1017.2907       10.178137       1407.0137       -2.565921        -2.565921                           -0       2536.8937                                 91.920865          10.178137             1407.0137          10.490249                       22.39708                      396.65677                                588.86902                        9.3678777
              6       1266.0932      -115.98491      -37.737218       1.0417105     0.022622355      0.11774466     0.058133461         3.04383      0.97024524      0.99977761      -115.98491       78.247695  -0.00063309901      0.29572877      0.70482839      0.80541218     0.047443633      0.24693425      0.79965813       13.710868       147.41678       69.052585   2.0985464e-09       7.9641571       10.490249         1017.74       10.178137       1407.0137      -2.5783294       -2.5783294                           -0        2537.343                                 91.920865          10.178137             1407.0137          10.490249                       22.36717                      396.64784                                589.28151                        9.4435296
              1       1266.0635      -110.35236      -38.335133       1.0417387     0.022627642      0.11774542     0.058038082       3.0441442      0.97018403      0.99996964      -110.35236       72.017224  -0.00060235393      0.29561438      0.70491206      0.80552418     0.047434331      0.24682975      0.79961464       13.709366        147.4107       69.067424   2.0992058e-09       7.9543304       10.522712       1017.6854       10.105435       1407.0395      -2.5715933       -2.5715933                           -0       2537.2701                                 91.917065          10.105435             1407.0395          10.522712                      22.385656                      396.63762                                  589.243                        9.4191404
              2       1265.1316      -229.05841      -33.786445       1.0418297     0.022561513      0.11800891     0.056207993       3.0430086      0.97006381       1.0010815      -229.05841       195.27196   -0.0012503062      0.29618233      0.70499202      0.80665422     0.047320346      0.24751098      0.80150523       13.707791       147.41357       69.049439   2.0968234e-09       7.7907867       10.544186       1015.2789       10.193582       1406.9313      -2.5962433       -2.5962433                           -0       2535.4558                                 92.507814          10.193582             1406.9313          10.544186                      22.396202                      396.25982                                587.25124                        9.3716429
              2        1267.883      -126.55069      -68.737473        1.041593     0.022390597      0.11870065     0.061987171       3.0523625       0.9640474      0.99947291      -126.55069        57.81322  -0.00069077189      0.29838084       0.7022337      0.81240443     0.047136609       0.2498882      0.81020912       13.708291       147.41952       68.921333   2.1165288e-09       8.4063568        10.49947       1017.4089        10.83254       1406.4307      -2.8249585       -2.8249585                           -0        2541.416                                 96.244404           10.83254             1406.4307           10.49947                      23.908185                      398.22746                                586.65125                        8.6219686
              2       1267.7628      -131.05544      -63.534237       1.0416468     0.022435251      0.11859111     0.063505622       3.0559671      0.96445249      0.99974171      -131.05544       67.521203  -0.00071536088      0.29799128      0.70264792      0.81328706     0.047190551      0.24944584       0.8105597       13.706711       147.39918       68.950582   2.1241718e-09       8.5397186       10.489037       1017.0444       10.684941       1406.5144      -2.8213234       -2.8213234                           -0       2541.1682                                 96.435459          10.684941             1406.5144          10.489037                      23.835404                      398.79556                                585.84061                        8.5727979
              7       1267.2516      -94.274701      -61.849676       1.0416169     0.022443243       0.1185024     0.062633247       3.0558163      0.96558868       1.0005655      -94.274701       32.425025  -0.00051459469      0.29826446      0.70217385      0.81297537     0.047277577      0.24962999      0.81062038       13.712155       147.41385       68.899362   2.1238516e-09       8.4540863       10.383265       1015.9775       10.944077       1406.4468      -2.7958672       -2.7958672                           -0        2540.095                                 96.343322          10.944077             1406.4468          10.383265                      23.495554                       398.3898                                585.50478                        8.5873522
              1       1266.6989      -98.198234      -62.560745        1.041625     0.022502266      0.11841031     0.061182612       3.0506152      0.96714493      0.99959552      -98.198234       35.637489  -0.00053601113      0.29724974      0.70321023      0.81084529     0.047251683      0.24864546      0.80712001       13.703717       147.37275       69.008802   2.1128339e-09       8.2982635       10.525862       1016.0793       10.394167       1406.6712      -2.7554375       -2.7554375                           -0       2538.9086                                  95.23806          10.394167             1406.6712          10.525862                      23.143363                       397.7702                                586.42421                        8.7415501
              2       1266.6769      -110.09094       -64.57781       1.0416285     0.022497077      0.11847684     0.061134111       3.0499379      0.96641303      0.99923489      -110.09094       45.513126  -0.00060092697      0.29720415      0.70332078      0.81073479     0.047213083      0.24863926      0.80694812       13.700939       147.36079       69.029046   2.1114033e-09       8.2954559       10.588855       1016.1795       10.293998       1406.6846      -2.7273672       -2.7273672                           -0       2538.8085                                 95.061588          10.293998             1406.6846          10.588855                      23.336903                      397.74794                                586.36075                        8.7338683
              1       1266.0726      -83.593156      -65.549606       1.0416919     0.022526882      0.11848821     0.060540989       3.0506359      0.96587473      0.99986901      -83.593156        18.04355   -0.0004562899      0.29711951      0.70326083      0.81074105     0.047248431      0.24852005      0.80683944       13.697591       147.32466       69.048913   2.1128775e-09       8.2315826       10.587239       1015.6472       10.196168       1406.6984      -2.7375608       -2.7375608                           -0       2537.6203                                 94.491268          10.196168             1406.6984          10.587239                      23.480925                      397.52655                                585.96546                        8.6742952
              1       1266.5938      -99.560016      -61.852698       1.0416794     0.022559996       0.1186164     0.061401514       3.0534104      0.96541438       1.0000668      -99.560016       37.707318  -0.00054344437      0.29792836      0.70253901      0.81193474     0.047392733      0.24918246      0.80912648       13.697745       147.25398       68.994367    2.118748e-09        8.309494       10.383741       1016.0849       10.465888       1406.5211      -2.6917868       -2.6917868                           -0       2538.5712                                 95.115641          10.465888             1406.5211          10.383741                      23.615977                      397.85301                                586.03965                        8.5762166
              2       1266.8117      -146.49736      -68.105194       1.0416934     0.022566046        0.118661     0.059363221       3.0515449      0.96545253        1.001037      -146.49736       78.392169  -0.00079964999       0.2966376      0.70408633       0.8118122     0.047183209      0.24810757      0.80724999       13.684518       147.23525       69.156657   2.1147992e-09       8.1094513       10.842875       1015.4874       9.6737418       1406.8219      -2.5967044       -2.5967044                           -0       2538.8168                                 95.990894          9.6737418             1406.8219          10.842875                      23.727204                      397.17358                                585.97872                         8.607898
              3        1265.842      -197.47619      -46.600789       1.0416204      0.02255888      0.11834045     0.058883379       3.0512615      0.96616452       1.0017322      -197.47619        150.8754   -0.0010779159       0.2973449      0.70365694      0.81012136     0.047390163      0.24860158      0.80652847       13.705072       147.32837       68.994531   2.1141998e-09       8.0596161       10.383186        1015.544       10.465071       1406.6649      -2.4537987       -2.4537987                           -0       2536.5916                                 93.534478          10.465071             1406.6649          10.383186                      23.358204                      396.99721                                586.56355                        8.6250555
              1       1265.9798      -143.17307      -47.424164       1.0415634     0.022608328      0.11809582     0.056157585       3.0456552        0.968346       1.0018849      -143.17307       95.748901  -0.00078150445      0.29651771      0.70418783      0.80722039     0.047427315      0.24773914      0.80252176       13.704901        147.3385       69.043047   2.1023802e-09       7.7767487       10.437607       1016.6447       10.225003       1406.8407      -2.3252561       -2.3252561                           -0       2536.6101                                 92.462143          10.225003             1406.8407          10.437607                      22.815984                      396.25386                                 588.6547                        8.9201268
              1       1265.8305      -145.64366      -42.988718       1.0416302     0.022626477      0.11802395     0.056681777       3.0457317      0.96843579       1.0014661      -145.64366       102.65494  -0.00079499011      0.29637167      0.70434736      0.80684517     0.047460048      0.24756052      0.80195116       13.705318       147.33758       69.046932    2.102541e-09       7.8237762       10.425812       1016.7458       10.205902        1406.873      -2.4020668       -2.4020668                           -0       2536.4651                                 92.214547          10.205902              1406.873          10.425812                      22.788842                      396.36711                                588.61125                        8.9785859
              7       1265.8895      -139.30873      -41.562011       1.0416229     0.022628019      0.11800992     0.057129788        3.046707      0.96839044       1.0015006      -139.30873       97.746718  -0.00076041112      0.29657621      0.70410819      0.80707588     0.047500238      0.24772381      0.80245722         13.7076       147.33966       69.020067   2.1045926e-09       7.8679962        10.37125       1016.8003       10.338366       1406.8243      -2.3907478       -2.3907478                           -0       2536.5605                                 92.226311          10.338366             1406.8243           10.37125                      22.794884                      396.45312                                588.62021                        8.9320888
              3       1267.0282      -78.695459       -41.22942       1.0415321     0.022648771      0.11760732     0.059227492       3.0487741      0.97037985       1.0010881      -78.695459       37.466038  -0.00042955601      0.29540648      0.70494715      0.80667153     0.047484621      0.24657139      0.80047194       13.712625       147.42425       69.063063   2.1089476e-09       8.0631256       10.496781       1019.1777       10.126774       1407.0826      -2.4324588       -2.4324588                           -0       2538.9214                                 92.037509          10.126774             1407.0826          10.496781                      22.380747                      396.92521                                590.79332                        9.0784597
              1       1269.8345      -7.8171057       -14.43294       1.0416791     0.022720205      0.11723896     0.066947776       3.0591841      0.96898764         0.99879      -7.8171057      -6.6158341  -4.2669359e-05      0.29688171       0.7030845      0.80759641     0.047973364      0.24754826      0.80338824       13.735835       147.44425       68.818632   2.1310163e-09       8.7818756       10.423671       1022.9813       11.358808       1406.7168      -2.2355231       -2.2355231                           -0       2544.1401                                 92.659449          11.358808             1406.7168          10.423671                      22.927844                      400.02207                                591.26166                        8.7697237
              3       1269.3921      -6.4159897      -12.935163       1.0417191     0.022717282      0.11725681     0.064764222        3.055244      0.96951569      0.99897141      -6.4159897      -6.5191737  -3.5021423e-05      0.29707766      0.70288086      0.80621782     0.047993756      0.24772307      0.80228147       13.736819       147.44251       68.799584   2.1226365e-09       8.5776215       10.460809       1021.8304       11.457787        1406.672      -2.2758848       -2.2758848                           -0       2543.3359                                 92.914837          11.457787              1406.672          10.460809                      22.756149                      398.99835                                591.07856                        8.9973464
              9        1269.357      -6.4159897      -12.935163       1.0417191     0.022717282      0.11725681     0.064764222        3.055244      0.96951569       0.9989265      -6.4159897      -6.5191737  -3.5021423e-05      0.29707766      0.70288086      0.80621782     0.047993756      0.24772307      0.80228147       13.736819       147.44251       68.799584   2.1226365e-09       8.5776215       10.460809       1021.7452       11.457787        1406.672      -2.2683317       -2.2683317                           -0       2543.2506                                 92.914837          11.457787              1406.672          10.460809                      22.762405                      398.99835                                590.99982                        8.9845945
              7        1268.941      -108.35483      -6.0407841       1.0416001     0.022686158      0.11784692     0.059362545       3.0467146      0.96946414      0.99940568      -108.35483       102.31404   -0.0005914505      0.30031728      0.70019714      0.80503778     0.048258815      0.25068824      0.80546337        13.74379       147.31892       68.563369   2.1046086e-09        8.075058        11.58265       1019.6074       12.720917       1406.0011      -2.4122292       -2.4122292                           -0       2542.7065                                 92.794428          12.720917             1406.0011           11.58265                      22.612145                       397.0075                                590.91166                        9.0761167
              3       1268.4584      -140.48758      -12.545431       1.0416861     0.022667616      0.11795254     0.055249722       3.0367217      0.96974291      0.99858723      -140.48758       127.94215  -0.00076684584      0.29952071      0.70116936        0.802023     0.048061832      0.25009313      0.80138208       13.733403       147.31093       68.675647   2.0836822e-09       7.6735687       10.903659       1019.2541       12.112288       1406.1725      -2.3250864       -2.3250864                           -0       2541.5669                                 93.124468          12.112288             1406.1725          10.903659                      22.409511                        396.042                                591.03147                        9.7710701
              3       1268.2939      -140.48758      -12.545431       1.0416861     0.022667616      0.11795254     0.055249722       3.0367217      0.96974291      0.99823614      -140.48758       127.94215  -0.00076684584      0.29952071      0.70116936        0.802023     0.048061832      0.25009313      0.80138208       13.733403       147.31093       68.675647   2.0836822e-09       7.6735687       10.903659       1018.7466       12.112288       1406.1725      -2.2358635       -2.2358635                           -0       2541.0595                                 93.124468          12.112288             1406.1725          10.903659                      22.455411                        396.042                                590.61252                        9.6366994
              4       1267.7685      -184.27607      -2.5769081       1.0417411     0.022698775      0.11745259     0.063347112       3.0607512      0.96870079       1.0021825      -184.27607       181.69916   -0.0010058636      0.29721509      0.70371433      0.80935573     0.047916434       0.2479389      0.80559033       13.732258       147.41054       68.827019   2.1343584e-09       8.4484711       10.412093       1018.6485       11.315361       1406.6748      -2.0278655       -2.0278655                           -0       2539.5928                                 92.541988          11.315361             1406.6748          10.412093                      23.015735                      398.43903                                588.70294                        8.4908023
              5       1269.8791      -153.70222      -16.932497       1.0418186     0.022770169      0.11687373     0.064897526       3.0613798       0.9685277       1.0015217      -153.70222       136.76972  -0.00083897743      0.29213256      0.70863101      0.80769687     0.047416073      0.24337515      0.79703566       13.706454       147.48645       69.297943   2.1357006e-09        8.566391         11.3818       1022.7833       9.0094985       1407.9016      -2.0231616       -2.0231616                           -0       2543.8045                                 92.728215          9.0094985             1407.9016            11.3818                      23.092561                      398.99778                                592.02031                        8.6726929
              7       1268.6829      -105.71354      -31.162417       1.0417278     0.022735302      0.11722814     0.059575064        3.050874      0.96801519       1.0011944      -105.71354        74.55112  -0.00057703311      0.29326803      0.70723348      0.80498059     0.047419472      0.24450507       0.7958975       13.703853       147.42974       69.242383   2.1133807e-09       8.0715485       11.071641       1021.0798       9.2678874        1407.606      -2.1968572       -2.1968572                           -0       2541.7595                                 92.734139          9.2678874              1407.606          11.071641                      23.014008                       397.0143                                592.07452                        8.9769863
              1       1267.7801      -125.88786      -27.468077       1.0416148     0.022678699      0.11736695     0.061036377       3.0543094      0.96780599       1.0014708      -125.88786       98.419788  -0.00068715387      0.29486599      0.70574526       0.8068699     0.047531363      0.24598461      0.79993598        13.71616       147.45547       69.074689   2.1206534e-09       8.2280731       10.515328        1019.987       10.069937       1407.2164      -2.2855331       -2.2855331                           -0       2540.1312                                 92.342475          10.069937             1407.2164          10.515328                      23.047178                      397.54384                                590.68688                        8.7091494
              1       1265.9109      -118.38456      -85.065372       1.0415081     0.022529484      0.11885992     0.047929373       3.0273093      0.96472932      0.99974772      -118.38456       33.319191   -0.0006461974      0.29658398      0.70398661      0.80305358     0.047044409      0.24819453      0.79846841       13.678408       147.22192       69.202472   2.0641617e-09       6.9653473       11.161406       1017.9963       9.4557551       1406.8345      -2.7304559       -2.7304559                           -0       2537.2828                                 91.834867          9.4557551             1406.8345          11.161406                      24.075326                      396.02742                                588.60599                        9.2875565
              3       1265.5522      -115.61157      -85.596335        1.041632     0.022528102      0.11891652     0.046367604       3.0278958      0.96448696       1.0012726      -115.61157       30.015239  -0.00063106116      0.29648623      0.70406927      0.80353352     0.047007745      0.24813441      0.79881394       13.674785        147.2083       69.227332   2.0653727e-09       6.8018036       11.297797       1016.9016        9.338514       1406.8565      -2.6077828       -2.6077828                           -0         2536.32                                 91.925559           9.338514             1406.8565          11.297797                      24.188465                      396.27332                                587.23492                         9.204929
              1       1265.7903       -88.95748      -81.486538       1.0415957     0.022504139       0.1191831     0.044410437        3.025392      0.96278378       1.0014401       -88.95748       7.4709413  -0.00048557084      0.29910258      0.70130689      0.80266428     0.047291373      0.25045759      0.80146284       13.688088       147.16399       68.982707   2.0602079e-09        6.601059       10.440343       1017.8276          10.524       1406.2737      -2.6005162       -2.6005162                           -0       2536.7817                                 91.716091             10.524             1406.2737          10.440343                      24.441041                      396.57394                                587.70124                         9.111351
              1       1265.4191      -146.27732      -73.658499       1.0418007     0.022535461      0.11939143     0.045645489        3.026987      0.96213312       1.0006952      -146.27732       72.618822  -0.00079844891      0.29969876      0.70102356      0.80379939     0.047371826       0.2509729      0.80339573       13.682645       147.07428       68.972055   2.0634966e-09       6.7302094       10.396213       1017.1672       10.577232       1406.1577      -2.6889209       -2.6889209                           -0        2536.216                                 91.917689          10.577232             1406.1577          10.396213                      24.573838                       396.2888                                587.29452                        9.0100253
              3         1265.46      -147.22823      -71.230644        1.041789     0.022532454      0.11943141     0.045678028       3.0273452      0.96213353       1.0007825      -147.22823       75.997582  -0.00080363938      0.30028304      0.70044435      0.80398176     0.047445542      0.25148117      0.80436093       13.686316       147.06703       68.913855   2.0642359e-09       6.7351227       10.383555       1017.0303       10.870438       1406.0373      -2.6826356       -2.6826356                           -0       2536.2852                                 91.963668          10.870438             1406.0373          10.383555                       24.51725                       396.2608                                587.27739                        8.9748316
              1       1265.5028      -137.88251      -70.913501       1.0417187      0.02253962      0.11933827     0.046934257        3.029653      0.96193104       1.0007658      -137.88251       66.969009  -0.00075262617      0.30011777       0.7005586       0.8043849     0.047463124      0.25129825      0.80454277       13.688501       147.08385       68.912044   2.0690052e-09       6.8656769       10.370857       1017.0566       10.879623        1406.069      -2.6749657       -2.6749657                           -0       2536.3555                                 91.979473          10.879623              1406.069          10.370857                      24.557038                      396.05524                                587.56378                        8.8805218
              5       1265.5477      -137.88251      -70.913501       1.0417187      0.02253962      0.11933827     0.046934257        3.029653      0.96193104       1.0004883      -137.88251       66.969009  -0.00075262617      0.30011777       0.7005586       0.8043849     0.047463124      0.25129825      0.80454277       13.688501       147.08385       68.912044   2.0690052e-09       6.8656769       10.370857       1017.2021       10.879623        1406.069       -2.702806        -2.702806                           -0        2536.501                                 91.979473          10.879623              1406.069          10.370857                      24.605173                      396.06419                                587.70166                        8.8310519
              2       1266.7193      -196.33728      -55.146955       1.0415723      0.02242252      0.11935834     0.048701073       3.0333623       0.9598209       1.0007449      -196.33728       141.19032   -0.0010716992      0.30270577      0.69828897       0.8052508     0.047656144       0.2536806      0.80887402       13.717693        147.2082       68.593468   2.0766939e-09       7.0748444       10.972017       1017.5623       12.556293       1405.5694       -2.789601        -2.789601                           -0       2539.0178                                 92.357799          12.556293             1405.5694          10.972017                      24.880709                      395.82032                                588.21072                        8.6505793
              1        1266.594      -175.60652      -72.966332       1.0416877     0.022350245       0.1195371     0.051717034       3.0370297      0.95832397      0.99968115      -175.60652       102.64019  -0.00095854115      0.30166367      0.69921823       0.8079042     0.047303634      0.25299674      0.81014125       13.704749       147.24122       68.737525   2.0843241e-09       7.4054413       10.499967       1018.1593       11.783242       1405.7693      -2.8450708       -2.8450708                           -0       2538.8781                                 92.666215          11.783242             1405.7693          10.499967                      25.568415                      395.92352                                588.05723                        8.6101458
             11       1266.4608      -243.44779      -67.384043       1.0418488     0.022384517      0.11963532     0.050899334       3.0359845      0.95821992      0.99974409      -243.44779       176.06375     -0.00132885      0.30133238      0.69991998      0.80786853     0.047280192      0.25269166      0.80966053       13.695835       147.17713       68.807257   2.0821468e-09       7.3148956       10.462837       1018.1918       11.417864       1405.8446      -2.8436138       -2.8436138                           -0       2538.6089                                 92.691813          11.417864             1405.8446          10.462837                      25.651558                      395.87828                                588.03242                        8.6295533
              1       1267.6673      -105.73698      -86.127974       1.0415317     0.022440552      0.11848919     0.055584162       3.0399871      0.96123528      0.99875435      -105.73698       19.609004  -0.00057716106      0.29506389       0.7054378      0.80617684     0.046769904       0.2469515      0.79951704       13.684999       147.41972        69.26814   2.0904974e-09       7.7613068       12.140363       1020.2948       9.1476479       1407.1877      -2.6991256       -2.6991256                           -0       2540.7329                                 91.962348          9.1476479             1407.1877          12.140363                      25.015077                      396.37095                                590.18077                        8.7279895
              1       1268.5453      -118.97396      -87.337404       1.0415344     0.022403897      0.11839416     0.057112599       3.0422055      0.96104938      0.99862791      -118.97396       31.636559  -0.00064941462      0.29441484      0.70615919      0.80695553     0.046634174      0.24643989      0.79940861       13.685297       147.48594       69.312193   2.0951401e-09       7.9192352       12.775128       1021.2716       8.9438134        1407.348      -2.6919842       -2.6919842                           -0       2542.4745                                 92.135923          8.9438134              1407.348          12.775128                      25.103168                      396.70131                                590.77054                        8.6965915
              2       1268.2875      -200.84934      -91.610369       1.0413922     0.022338947      0.11856966     0.049792588       3.0306115        0.962441       1.0001439      -200.84934       109.23897   -0.0010963281      0.29447541      0.70654558      0.80403099     0.046472222      0.24666318      0.79659335       13.683445       147.51079       69.332144   2.0709893e-09       7.1927643       13.284642       1020.7103       8.8522549       1407.3537      -2.8511021       -2.8511021                           -0       2542.2771                                 92.076196          8.8522549             1407.3537          13.284642                      24.931378                      395.96228                                590.67114                        9.1455461
              1       1268.7857      -241.37066      -78.407876       1.0418213     0.022461435      0.11787631     0.056126113       3.0429378      0.96839883       1.0009753      -241.37066       162.96279   -0.0013175121      0.28999112      0.71125191      0.80798585     0.046201801      0.24246437      0.79439312       13.663611       147.56012       69.725125    2.096675e-09       7.7992096       17.698404       1014.7443       7.1448279       1408.5248      -2.7317459       -2.7317459                           -0       2543.0348                                 94.922466          7.1448279             1408.5248          17.698404                      23.363373                      396.34864                                585.81837                        9.2139554
              7       1269.8369       -133.7702      -80.303764       1.0417377     0.022402268      0.11756004     0.058691083       3.0491847      0.96921561       1.0020047       -133.7702       53.466432  -0.00073017926      0.29009214      0.71056333       0.8094066      0.04621923      0.24254396      0.79592857        13.68041       147.71096         69.6201   2.1098136e-09       8.0617218       17.065392       1015.9643       7.5832467       1408.4699      -2.5217322       -2.5217322                           -0       2544.7172                                 95.634379          7.5832467             1408.4699          17.065392                      22.996508                      396.91736                                587.00417                        9.0463058
              4       1270.1615      -138.50538      -86.689411       1.0419127       0.0223488      0.11778708     0.054710313       3.0424559      0.96879053       1.0023843      -138.50538       51.815967  -0.00075602606      0.29016133      0.71052006      0.80802357     0.046063052      0.24277065      0.79466332       13.673974       147.70941       69.654752   2.0956647e-09       7.6826935       18.020702       1015.9392       7.4371515        1408.455       -2.398406        -2.398406                           -0       2545.1198                                 95.267811          7.4371515              1408.455          18.020702                      23.175059                       396.1464                                587.26531                        9.3523929
              4       1270.6857      -122.17386      -93.053883       1.0419542     0.022469469      0.11773151     0.051554376       3.0373852      0.97020588       1.0027109      -122.17386       29.119978  -0.00066688113      0.28839487      0.71219786      0.80596378      0.04600855      0.24106739      0.79022118       13.653162       147.58952         69.8839   2.0850651e-09       7.3366547        20.60976       1015.4099       6.5068179       1408.9499       -2.213146        -2.213146                           -0       2545.7978                                 94.321361          6.5068179             1408.9499           20.60976                      23.089982                      395.95951                                586.67351                        9.6869049
              6       1270.6902      -122.17386      -93.053883       1.0419542     0.022469469      0.11773151     0.051554376       3.0373852      0.97020588        1.002724      -122.17386       29.119978  -0.00066688113      0.28839487      0.71219786      0.80596378      0.04600855      0.24106739      0.79022118       13.653162       147.58952         69.8839   2.0850651e-09       7.3366547        20.60976       1015.4075       6.5068179       1408.9499       -2.207476        -2.207476                           -0       2545.7953                                 94.321361          6.5068179             1408.9499           20.60976                      23.088077                      395.95951                                586.66842                        9.6914772
              1       1270.9642      -139.62882       -95.57973        1.042074     0.022515486      0.11786814     0.052076239       3.0381965      0.96895821       1.0022379      -139.62882       44.049092  -0.00076215834      0.28791379      0.71277444      0.80648238     0.045966262       0.2406325      0.79006985       13.640226       147.50188       69.987595   2.0867574e-09       7.3822784       21.833123       1015.3099       6.1062401        1409.095      -2.3525241       -2.3525241                           -0       2546.6335                                 94.289195          6.1062401              1409.095          21.833123                      23.535036                      395.97993                                 586.2696                        9.5253298
              2       1270.4395      -103.09512         -111.27       1.0419859     0.022486009      0.11873366     0.048964331       3.0279557      0.96924866      0.99963254      -103.09512      -8.1748797  -0.00056274058      0.29129822      0.70919016      0.80597665     0.046171992      0.24380358      0.79420159       13.636931        147.3037       69.785772   2.0654965e-09       7.0811615       17.838959       1015.7048       6.8976053       1408.1497      -2.7748402       -2.7748402                           -0       2546.4286                                 97.837563          6.8976053             1408.1497          17.838959                      23.729937                      396.14226                                 586.1007                         9.731875
              3       1272.3287      -307.52372      -99.260218       1.0419705     0.022185503      0.12089169     0.022908126       2.9869224      0.96266346       1.0022842      -307.52372       208.26351   -0.0016786059       0.3038285      0.69777355      0.79624386     0.046900404      0.25556639      0.80130846       13.677095       147.06403       68.777494   1.9824576e-09       4.1003494       10.838292       1029.5922       11.573111       1405.3962      -2.3369631       -2.3369631                           -0       2549.3314                                 91.931519          11.573111             1405.3962          10.838292                      25.588729                      404.16024                                588.91852                         10.92473
              2       1272.3742      -326.13311      -99.485895       1.0419431     0.022166174      0.12087572     0.022813821       2.9859749      0.96242281       1.0020273      -326.13311       226.64722   -0.0017801845      0.30365551      0.69804815      0.79589057     0.046844365      0.25544987      0.80072486       13.677584       147.08966       68.788635   1.9805802e-09       4.0901718       10.852284       1029.9076       11.514878       1405.4307      -2.4009992       -2.4009992                           -0       2549.5504                                 91.844948          11.514878             1405.4307          10.852284                      25.714481                      404.17521                                588.98712                        11.030779
              2       1271.7735      -340.52968       -92.49915       1.0419343      0.02217732      0.12083569     0.024197528       2.9883129      0.96264501       1.0018737      -340.52968       248.03053   -0.0018587676      0.30417438      0.69760772      0.79647388     0.046957446      0.25585306      0.80199605       13.683193       147.08792       68.723029   1.9852162e-09       4.2733688        10.83254       1028.4989       11.859921       1405.3379      -2.4634275       -2.4634275                           -0       2548.4738                                 91.944575          11.859921             1405.3379           10.83254                      25.375364                      403.64702                                588.59926                        10.877234
              1       1271.7841      -340.52968       -92.49915       1.0419343      0.02217732      0.12083569     0.024197528       2.9883129      0.96264501       1.0017658      -340.52968       248.03053   -0.0018587676      0.30417438      0.69760772      0.79647388     0.046957446      0.25585306      0.80199605       13.683193       147.08792       68.723029   1.9852162e-09       4.2733688        10.83254        1028.583       11.859921       1405.3379      -2.4948582       -2.4948582                           -0        2548.558                                 91.944575          11.859921             1405.3379           10.83254                      25.395373                      403.63883                                588.71961                        10.829236
              1       1272.3995      -317.93144      -87.987169       1.0420222     0.022168722      0.12092392     0.023547112       2.9871771      0.96172426       1.0016116      -317.93144       229.94427    -0.001735416      0.30538619      0.69627229      0.79583365     0.047100134      0.25691751      0.80294605       13.689911       147.07418       68.605551   1.9829626e-09       4.1880875        11.06244       1029.5073       12.490511       1405.1226      -2.5254133       -2.5254133                           -0       2549.8498                                 91.667026          12.490511             1405.1226           11.06244                      25.379748                      403.84982                                589.41793                        10.859753
              3       1272.1778      -312.89121      -87.363215       1.0419979     0.022172012      0.12088309     0.023984536       2.9885209      0.96149828       1.0018322      -312.89121         225.528   -0.0017079042      0.30537251      0.69625844      0.79608302     0.047117319      0.25688635      0.80317966       13.691332       147.08131       68.598129   1.9856292e-09       4.2456436       11.069278         1028.89         12.5309       1405.1239      -2.4689429       -2.4689429                           -0       2549.2935                                 91.679353            12.5309             1405.1239          11.069278                      25.406748                      403.75777                                588.99192                        10.733584
              6       1271.8527      -284.05843      -80.537894       1.0420437      0.02231459      0.12066875     0.025317659       2.9944166      0.96066719       1.0029195      -284.05843       203.52053   -0.0015505216      0.30448568      0.69698808      0.79655019     0.047306222      0.25581391       0.8024832       13.684187       146.97994       68.680797   1.9973704e-09       4.4007645       10.932901       1027.9057       12.084731       1405.2701      -2.1667435       -2.1667435                           -0       2548.0388                                 91.845372          12.084731             1405.2701          10.932901                       25.47684                       403.2647                                588.97055                          10.1936
              1       1271.4644      -282.72527      -89.351088       1.0420059     0.022318015      0.12075249     0.024723068       2.9921395      0.96036046       1.0023422      -282.72527       193.37418   -0.0015432446      0.30384504      0.69762165      0.79613934     0.047185298      0.25529789      0.80122508       13.675239       146.95408       68.774022   1.9928274e-09       4.3239059       10.768082       1028.3335       11.591288       1405.3862      -2.4106003       -2.4106003                           -0         2547.75                                 91.670985          11.591288             1405.3862          10.768082                      25.908725                      403.43917                                588.69255                        10.293023
              1       1271.7596      -276.02368      -90.715679       1.0420133     0.022313798      0.12073641     0.024173246        2.991363      0.96045652        1.002514      -276.02368         185.308   -0.0015066642      0.30366198      0.69776816      0.79585865      0.04715462      0.25514614      0.80070129       13.674475       146.96294       68.789892   1.9912805e-09       4.2519608       10.744439       1028.8868       11.508315       1405.4184      -2.3427893       -2.3427893                           -0       2548.2047                                 91.646763          11.508315             1405.4184          10.744439                      25.918969                      403.61089                                588.99568                        10.361272
              2       1271.3152      -318.76125      -91.321793       1.0419976     0.022256018       0.1206019     0.025199729       2.9851093       0.9614001      0.99932046      -318.76125       227.43946   -0.0017399456      0.30265128       0.6990123      0.79367071     0.046938788      0.25435398      0.79717006       13.674861       147.06239       68.858538   1.9788665e-09       4.3933945       10.736648       1029.0377       11.152835       1405.6124      -2.7840032       -2.7840032                           -0       2548.1984                                 91.658849          11.152835             1405.6124          10.736648                      25.673964                      403.31429                                588.65986                        11.389629
              4       1272.0736      -346.17931      -90.565175       1.0419036     0.022192334      0.12078203     0.023190981       2.9814561      0.96164817      0.99951746      -346.17931       255.61413   -0.0018896059      0.30407165      0.69774129      0.79312939     0.046986005      0.25572187      0.79849349       13.683832       147.08536       68.725393   1.9716504e-09       4.1361465       10.809383       1030.0392       11.847402       1405.3566      -2.7437856       -2.7437856                           -0       2549.6347                                 91.582083          11.847402             1405.3566          10.809383                      25.585339                      403.99914                                588.87641                        11.578331
              2        1271.849      -339.02409      -94.361147       1.0418863     0.022098462       0.1203461      0.02978122        2.994847      0.95959687       1.0002945      -339.02409       244.66295   -0.0018505495      0.30185851      0.69991564      0.79691007     0.046618697      0.25388095      0.79937471       13.687796       147.30513       68.849526   1.9982302e-09       4.9972076       10.988682       1029.3159       11.199185       1405.7682      -2.6151786       -2.6151786                           -0       2548.9284                                  91.65651          11.199185             1405.7682          10.988682                       26.25027                      401.53389                                590.88482                        10.646907
              4       1271.7181      -342.29319      -93.740412       1.0419016     0.022102246      0.12028199     0.029650508       2.9946004      0.96009062       1.0004034      -342.29319       248.55278   -0.0018683937      0.30147244      0.70031963       0.7967452     0.046586687      0.25352805      0.79869807       13.686833       147.31788       68.879072   1.9977375e-09         4.97966       11.065335       1029.0807       11.047585       1405.8438      -2.6159981       -2.6159981                           -0       2548.6681                                 91.630703          11.047585             1405.8438          11.065335                      26.099419                      401.56284                                590.65841                        10.760022
              4       1268.8355      -315.17697      -84.688999       1.0418261     0.022292767      0.11969178      0.03207127       2.9987467      0.96301543       1.0003925      -315.17697       230.48797   -0.0017203809      0.29892477      0.70271972      0.79603335     0.046721739      0.25085303      0.79460554       13.678327       147.26257       69.075254    2.006038e-09       5.2407684       11.242946       1024.0565       10.067178       1406.3576      -2.8289171       -2.8289171                           -0       2543.3288                                 91.604605          10.067178             1406.3576          11.242946                      24.969236                       400.6896                                587.50509                        10.892527
              4       1268.8122      -315.93853      -84.488384       1.0418305      0.02229399      0.11969361     0.032138736       2.9987792         0.96302       1.0003423      -315.93853       231.45014   -0.0017245378      0.29893117      0.70271747      0.79604774     0.046724305      0.25085687      0.79462842       13.678229       147.26073       69.075252   2.0061032e-09       5.2491913       11.237681       1024.0202       10.067188       1406.3563      -2.8323744       -2.8323744                           -0       2543.2891                                 91.607718          10.067188             1406.3563          11.237681                      24.961794                      400.67593                                587.48689                        10.895598
              1       1267.4818      -296.12913      -92.571975       1.0417288     0.022318134      0.11972473     0.035798406       3.0061024       0.9626444       1.0002846      -296.12913       203.55715    -0.001616409      0.29841725      0.70312342      0.79901799     0.046676406      0.25039369      0.79690747       13.671357       147.22592       69.148098   2.0208482e-09       5.6787567       11.542242        1021.226       9.7147412       1406.4659      -2.8430142       -2.8430142                           -0       2540.6497                                 91.700817          9.7147412             1406.4659          11.542242                      25.294817                       399.3011                                586.49511                        10.135014
              2       1267.3317      -318.72703      -64.580562       1.0415816     0.022346078      0.11877977     0.048376027       3.0206239      0.96343387      0.99669089      -318.72703       254.14647   -0.0017397587      0.29708986      0.70457402      0.80058707     0.046827918       0.2489121      0.79669457       13.697736       147.44675       69.079348   2.0504081e-09       7.0460663       11.169736       1018.6972       10.047204       1406.7545      -1.9771288       -1.9771288                           -0       2538.6176                                 91.949077          10.047204             1406.7545          11.169736                       24.17073                      395.97888                                588.60126                        9.9463051
              2       1267.3136      -318.99579      -64.488553       1.0415818     0.022345167      0.11878475     0.048404696       3.0207226      0.96338804      0.99670257      -318.99579       254.50724   -0.0017412258      0.29713048      0.70453485       0.8006305     0.046831067      0.24894944      0.79679227        13.69794       147.44644       69.075618   2.0506105e-09       7.0495758       11.152513        1018.677       10.065402       1406.7453       -1.983276        -1.983276                           -0       2538.5938                                 91.953558          10.065402             1406.7453          11.152513                      24.180001                      395.95836                                588.60491                        9.9337557
              4       1268.4876      -319.39114      -72.937982       1.0415833     0.022301809      0.11883888     0.047932617       3.0182701      0.96303492      0.99610998      -319.39114       246.45316   -0.0017433838      0.29652334      0.70514432      0.80025864     0.046641147      0.24853507      0.79560808       13.692775       147.48024       69.148925   2.0455874e-09       7.0095673       11.791002        1020.045       9.7107759        1406.887      -1.6341412       -1.6341412                           -0       2540.2436                                 91.809715          9.7107759              1406.887          11.791002                      24.425669                      396.06839                                589.42244                        10.128544
              2        1266.888      -63.673865      -79.247113       1.0417903     0.022300914      0.11938745     0.041105395       3.0119169        0.962467      0.99828822      -63.673865      -15.573249  -0.00034756124      0.30148689      0.69878397      0.79864044     0.047237512      0.25288498      0.80061714       13.710837       147.33484       68.709663   2.0326325e-09       6.2802887         10.4903       1018.7887       11.930842       1405.7852      -2.6099899       -2.6099899                           -0        2538.996                                 92.000974          11.930842             1405.7852            10.4903                      24.249301                      397.33925                                587.12418                        10.075941
              1       1267.4391      -57.303936      -75.408476       1.0418017     0.022315006      0.11926886     0.041437414       3.0096967      0.96363818      0.99718428      -57.303936       -18.10454  -0.00031279124      0.30131812      0.69891796       0.7974864      0.04727561      0.25267787      0.79923645        13.71337       147.35069        68.70367   2.0281247e-09       6.3132782       10.474621       1018.8488       11.962711       1405.8157      -2.2144699       -2.2144699                           -0       2539.3071                                 92.205363          11.962711             1405.8157          10.474621                      23.855416                      397.26321                                587.23346                        10.496709
              3       1266.4625      -90.759043      -54.530199       1.0417718     0.022345778      0.11949011     0.045547739       3.0189906      0.96517928      0.99748298      -90.759043       36.228844   -0.0004954046      0.30474717      0.69567078      0.80155177      0.04779486      0.25557458      0.80786872       13.732517       147.25813       68.376543   2.0470618e-09       6.7582855       12.010282       1014.7186       13.766708       1405.1857      -2.3463094       -2.3463094                           -0       2537.6177                                 91.936425          13.766708             1405.1857          12.010282                      23.256655                         396.23                                585.56782                        9.6640821
              3        1266.931      -111.30041      -50.321669       1.0418292     0.022328446      0.11956336     0.044697211       3.0173694      0.96496008      0.99745639      -111.30041       60.978742  -0.00060752884      0.30535568      0.69517427      0.80112241     0.047834378      0.25614137      0.80824171       13.735618       147.25787       68.321782   2.0437458e-09       6.6712494       12.399907       1014.9475       14.081071       1405.0845      -2.3339105       -2.3339105                           -0       2538.5298                                 92.016812          14.081071             1405.0845          12.399907                      23.260615                       396.3824                                585.53972                        9.7647879
              1       1265.6891      -129.45285      -42.156008       1.0421191     0.022352015      0.11937504     0.049680271       3.0293035      0.96651343      0.99863962      -129.45285       87.296846  -0.00070661322      0.30411559      0.69651367      0.80568741     0.047745587      0.25499408      0.81119506       13.730408       147.28205       68.421362   2.0682823e-09       7.1941681       11.670049       1013.6415       13.512057       1405.2984      -2.7051386       -2.7051386                           -0       2536.7884                                 92.666365          13.512057             1405.2984          11.670049                       22.97701                      395.80767                                585.51908                        9.3377695
              2        1265.225      -201.02671      -31.042265       1.0421371     0.022368275      0.11904818     0.048738611       3.0307267      0.96693821       1.0004653      -201.02671       169.98445   -0.0010972963      0.30269552      0.69832462       0.8051202     0.047661189      0.25366184      0.80872914       13.731217       147.35071        68.50682   2.0712278e-09       7.0867767       11.105529       1014.0573       13.033101       1405.5647       -2.834663        -2.834663                           -0       2536.1194                                 92.358719          13.033101             1405.5647          11.105529                      22.889062                      395.81351                                585.98702                        9.3677182
              1       1265.3179      -221.29827      -34.311857       1.0421014      0.02235565      0.11917166     0.047390514       3.0279409      0.96706137       1.0003662      -221.29827       186.98642   -0.0012079478      0.30286527      0.69826553      0.80469514     0.047623838      0.25386925       0.8085288         13.7286       147.33182       68.514336   2.0654658e-09       6.9485016       11.080194       1014.2792       12.991391       1405.5377      -2.8423612       -2.8423612                           -0       2536.3205                                 92.431955          12.991391             1405.5377          11.080194                      22.864865                      395.94394                                586.00489                        9.4655098
              1       1265.7936      -221.29827      -34.311857       1.0421014      0.02235565      0.11917166     0.047390514       3.0279409      0.96706137      0.99972172      -221.29827       186.98642   -0.0012079478      0.30286527      0.69826553      0.80469514     0.047623838      0.25386925       0.8085288         13.7286       147.33182       68.514336   2.0654658e-09       6.9485016       11.080194       1015.2398       12.991391       1405.5377      -2.8468923       -2.8468923                           -0        2537.281                                 92.431955          12.991391             1405.5377          11.080194                      22.955684                      395.93879                                587.05193                        9.2933596
              3       1265.4844      -204.68663      -41.042435       1.0419597      0.02231888      0.11914859     0.048778663       3.0309501      0.96617304      0.99992958      -204.68663        163.6442   -0.0011172738      0.30273794      0.69830219      0.80577187     0.047545533      0.25382022      0.80944044       13.730943       147.37891       68.514318   2.0716907e-09       7.1015167        10.96322       1014.4298       12.991488       1405.5605      -2.8492704       -2.8492704                           -0       2536.6673                                 92.722368          12.991488             1405.5605           10.96322                      23.180953                      395.83192                                586.32288                        9.0940163
              1       1266.5356      -220.01585      -27.669155       1.0419063     0.022345998       0.1192811      0.05344168       3.0421254      0.96525989       1.0004686      -220.01585        192.3467   -0.0012009477      0.30498794      0.69613538      0.80981427     0.047903287      0.25570381      0.81651869       13.743654       147.31398       68.299452   2.0949722e-09       7.5809174       12.552535        1012.891       14.210276       1405.1577      -2.8355767       -2.8355767                           -0       2538.7423                                 93.930786          14.210276             1405.1577          12.552535                      23.415065                      395.92261                                584.82287                        8.7304972
              2       1266.6899      -217.89928      -23.568287       1.0419985     0.022344645      0.11922258       0.0538331       3.0429786      0.96564091       1.0005775      -217.89928         194.331   -0.0011893945      0.30494668      0.69616507       0.8099961     0.047914073      0.25565137      0.81664678       13.745407       147.33105       68.289697   2.0967603e-09       7.6209259       12.593463       1013.1488       14.266907       1405.1632      -2.8264165       -2.8264165                           -0       2539.0325                                 93.860076          14.266907             1405.1632          12.593463                      23.326374                      395.99667                                585.08867                        8.7371314
              5       1266.6475      -218.86441      -23.619946       1.0419982     0.022343791      0.11923708     0.053798214       3.0427413      0.96557504       1.0004848      -218.86441       195.24446   -0.0011946626      0.30501234      0.69610467      0.80993835     0.047917957      0.25571298      0.81667646       13.745428       147.32815       68.285624   2.0962629e-09       7.6174164        12.63351       1013.0541       14.290589       1405.1522      -2.8342641       -2.8342641                           -0       2538.9635                                 93.833103          14.290589             1405.1522           12.63351                      23.339346                      396.00382                                 584.9706                        8.7403272
              2        1267.677      -208.00262      -28.300679       1.0421732     0.022286884      0.11947887      0.05061431       3.0370643      0.96554798       1.0006429      -208.00262       179.70194    -0.001135374      0.30567534      0.69538231      0.80897775     0.047837624      0.25645511      0.81659393       13.743547       147.32692       68.255849   2.0843961e-09       7.3057709       12.711244       1014.9085       14.464278       1405.0402      -2.8055895       -2.8055895                           -0       2540.9652                                 93.840932          14.464278             1405.0402          12.711244                      23.267264                       395.7821                                586.97348                        8.8856757
              1       1268.5752      -115.44446      -18.983002       1.0420856     0.022312921      0.11905057     0.047884984       3.0341859      0.96782534       1.0024617      -115.44446        96.46146  -0.00063014898      0.30582414      0.69472803      0.80611155     0.048052561      0.25638438      0.81389878       13.760664       147.41152       68.142796    2.078405e-09       7.0088654       13.677857       1015.5888       15.133321       1404.9987      -2.3633772       -2.3633772                           -0       2541.8772                                 92.478516          15.133321             1404.9987          13.677857                      22.663952                      395.84659                                587.99916                         9.079111
              4       1268.4613      -40.892937      -42.812276       1.0419869     0.022333291       0.1194574     0.046067945       3.0309261      0.96804305       1.0021886      -40.892937      -1.9193394  -0.00022321246       0.3061456      0.69399978      0.80667139     0.048002577      0.25675853      0.81489197        13.74529        147.2807       68.209378   2.0716409e-09       6.8172455       13.365846       1015.3326       14.737459       1404.9412      -2.4689712       -2.4689712                           -0       2541.8606                                 93.483439          14.737459             1404.9412          13.365846                      22.652237                      396.12769                                587.46877                        9.0839134
              1       1268.2238       -15.63962      -50.849849        1.041833     0.022276358      0.11951235     0.046612228       3.0317919      0.96643183        1.002174       -15.63962      -35.210229  -8.5368241e-05      0.30655964      0.69344779      0.80700471     0.047945628      0.25722763      0.81577977       13.750163       147.32941       68.162826   2.0734353e-09       6.8874359       13.494321       1014.4358       15.013681        1404.873      -2.4553072       -2.4553072                           -0       2541.3582                                 93.541282          15.013681              1404.873          13.494321                      22.973758                      396.05722                                586.41221                        8.9926499
              3       1268.3718      -12.924093      -49.395086       1.0418386     0.022275182      0.11939596     0.047685308        3.034248      0.96699791        1.002489      -12.924093      -36.470993  -7.0545647e-05      0.30613537      0.69385728      0.80772082     0.047916296      0.25683347      0.81593846       13.751364        147.3617       68.181885   2.0785341e-09       7.0004425       13.212239       1014.4132        14.90028       1404.9403      -2.3371456       -2.3371456                           -0       2541.4178                                 93.951757           14.90028             1404.9403          13.212239                      22.859209                       395.9356                                586.65534                        8.9630658
              7       1268.4523      -62.978964      -39.835071       1.0417317      0.02219486      0.11883023     0.053374791       3.0363408      0.96851646       0.9993693      -62.978964       23.143893  -0.00034376816      0.30443936      0.69582659      0.80720101     0.047695532      0.25535961       0.8131515       13.765547       147.60219       68.216174   2.0828887e-09       7.6019745       12.124992       1016.8082        14.69735       1405.2301      -2.7334762       -2.7334762                           -0       2542.3716                                 93.510941           14.69735             1405.2301          12.124992                      22.477995                      395.92154                                589.24744                        9.1612494
