#        weight    minuslogpost          a_samp               s     theta_s_100         omega_b       omega_cdm        tau_reio            logA             n_s        A_planck           a_exo           b_exo        Omega_x0         Omega_m    Omega_Lambda          sigma8         Omega_b       Omega_cdm              S8             age         rs_drag              H0             A_s          z_reio       chi2__BAO       chi2__CMB        chi2__H0        chi2__SN   minuslogprior minuslogprior__0 minuslogprior__h2_positivity            chi2 chi2__jwst_likelihood_uvlf.UVLFLikelihood chi2__H0.riess2020 chi2__sn.pantheonplus chi2__bao.desi_dr2 chi2__planck_2018_lowl.TT_clik chi2__planck_2018_lowl.EE_clik chi2__planck_2018_highl_plik.TTTEEE_lite chi2__planck_2018_lensing.native
              1       1410.1647      -78.318396      -232.41857         1.04212     0.022402426      0.12064698     0.058302079       3.0447762       0.9681811       1.0015287      -78.318396      -154.10018  -0.00042749783       0.2836014      0.71675462      0.82524905     0.044214648      0.23811546      0.80237723       13.493027       146.89106       71.181058   2.1005331e-09       8.0624237       54.828484       1071.3636       2.4119083       1410.4729      -2.6562148       -2.6562148                           -0       2825.6418                                 286.56499          2.4119083             1410.4729          54.828484                      32.427148                      397.98303                                631.19982                        9.7536055
              3       1409.9642      -78.360495      -232.15915       1.0421187     0.022403505      0.12063962     0.058351625       3.0447924      0.96822843       1.0015003      -78.360495      -153.79866  -0.00042772763      0.28360106      0.71675519      0.82522715     0.044218658      0.23811105      0.80235545       13.493267       146.89181       71.179545   2.1005669e-09        8.067337       54.754969        1071.398       2.4155261       1410.4728      -2.6626765       -2.6626765                           -0       2825.2538                                 286.21251          2.4155261             1410.4728          54.754969                      32.365339                      398.00035                                631.27937                        9.7529042
              1       1378.9741       -57.38536      -186.43294       1.0420432     0.022417007      0.11877015     0.070440636       3.0725104      0.97061103        1.005261       -57.38536      -129.04758  -0.00031323569      0.28126211      0.71897931      0.82842928     0.044454611      0.23553013      0.80214047       13.546776       147.37249       71.011782   2.1596049e-09       9.1714325       51.745255        1058.537       2.8333136       1411.2182      -0.6225565       -0.6225565                           -0       2759.1934                                 234.85957          2.8333136             1411.2182          51.745255                      26.405992                       402.4849                                620.46081                        9.1853174
              2       1378.0801      -47.010282      -186.41677        1.042049     0.022445223      0.11880994     0.071167194       3.0742367      0.97007205        1.005226      -47.010282      -139.40649  -0.00025660374      0.28145254      0.71873224        0.828934     0.044519354      0.23565556      0.80290084       13.545256       147.33066       71.004772   2.1633363e-09       9.2310944       50.696734       1058.9614       2.8514947       1411.1502      -0.6351989       -0.6351989                           -0       2757.4305                                 233.77071          2.8514947             1411.1502          50.696734                      26.535915                       402.9138                                 620.3445                        9.1671996
              6       1374.5754      -103.55763      -188.28828       1.0419848      0.02244453      0.11883381     0.070113425       3.0712328      0.96875082       1.0047021      -103.55763      -84.730652  -0.00056526517      0.28061953      0.71987413      0.82769071     0.044378973      0.23496693      0.80050934       13.537271       147.32498       71.115888   2.1568475e-09       9.1342316       54.663619       1059.7895       2.5701319       1411.4548       -1.051774        -1.051774                           -0       2751.2543                                 222.77618          2.5701319             1411.4548          54.663619                      27.561448                      402.47596                                 620.6379                        9.1142443
              1       1366.4555      -79.720264        -177.369       1.0420246     0.022498569       0.1186487     0.069739592       3.0741585       0.9699253       1.0065112      -79.720264      -97.648732  -0.00043514987      0.28124826      0.71911506      0.82776376     0.044626704      0.23534389      0.80147633       13.547356       147.31425       71.003546   2.1631671e-09       9.0865021       49.499814       1055.2304       2.8546801        1411.225       0.6191184        0.6191184                           -0       2731.6729                                 212.86296          2.8546801              1411.225          49.499814                      26.195551                      401.98053                                617.99495                        9.0593736
              2       1368.7116      -73.220626      -172.28219       1.0418176     0.022480533      0.11849706     0.073975734       3.0827293      0.96934672       1.0067854      -73.220626      -99.061561  -0.00039967186      0.28204564      0.71828191      0.83017781     0.044770928      0.23599189      0.80495238       13.562728       147.37503        70.86067    2.181787e-09       9.4697418       45.247148       1056.3879       3.2381462       1410.9507       0.8923563        0.8923563                           -0       2735.6386                                 219.81466          3.2381462             1410.9507          45.247148                      25.985242                      404.37209                                616.93125                        9.0993472
              3       1366.5422      -73.220626      -172.28219       1.0418176     0.022480533      0.11849706     0.073975734       3.0827293      0.96934672       1.0065269      -73.220626      -99.061561  -0.00039967186      0.28204564      0.71828191      0.83017781     0.044770928      0.23599189      0.80495238       13.562728       147.37503        70.86067    2.181787e-09       9.4697418       45.247148       1052.5996       3.2381462       1410.9507      0.61707516       0.61707516                           -0       2731.8502                                 219.81466          3.2381462             1410.9507          45.247148                      26.037228                      404.37842                                613.05412                        9.1298624
              4       1346.2781      -197.61895      -143.61638        1.042125     0.022704824      0.11778674     0.076536824       3.0837526      0.96993005       1.0047748      -197.61895       54.002573   -0.0010786951      0.27851623        0.722491      0.82685915     0.044805545      0.23243956      0.79670247       13.546195       147.31599        71.18577   2.1840207e-09       9.6248627       52.294495       1058.5284       2.4006642       1412.2042      -0.5694595       -0.5694595                           -0       2693.6951                                 168.26736          2.4006642             1412.2042          52.294495                      25.247695                      405.46097                                619.11779                        8.7018895
              1       1341.6198       -179.7027      -151.48169       1.0418693     0.022680286      0.11793843     0.077093756       3.0839762      0.96647557       1.0040658       -179.7027       28.221011  -0.00098089999      0.27930248      0.72160683       0.8265176     0.044843071      0.23318583      0.79749666       13.549579       147.30277       71.117517   2.1845091e-09        9.681015       50.131385       1062.2097       2.5661146       1411.9206      -1.1322917       -1.1322917                           -0       2685.5041                                 158.67622          2.5661146             1411.9206          50.131385                      26.612738                      406.19083                                620.76192                        8.6442477
              1       1341.7635      -190.79169      -151.54018       1.0418401     0.022660139      0.11799475      0.07746326       3.0816514      0.96687632       1.0027071      -190.79169       39.251517   -0.0010414288      0.27963314      0.72133662      0.82600886     0.044844796      0.23351359      0.79747743         13.5517        147.3101       71.084556   2.1794364e-09       9.7189178       49.318982       1063.8041         2.64799       1411.8071      -1.9156336       -1.9156336                           -0       2687.3583                                 159.78015            2.64799             1411.8071          49.318982                      26.496062                      406.42394                                622.22456                        8.6595134
              1       1342.1845       -199.4928      -149.00376        1.041851     0.022665393      0.11807161     0.078397909        3.083737      0.96649574       1.0026769       -199.4928        50.48904   -0.0010889235      0.28023343      0.72078372      0.82692765     0.044925376       0.2340313      0.79922094       13.553916       147.28392       71.029011   2.1839865e-09       9.8010406       47.061378       1064.6907       2.7888726       1411.5976      -1.9166398       -1.9166398                           -0       2688.2023                                 162.06381          2.7888726             1411.5976          47.061378                      26.534293                      407.00348                                622.46808                        8.6848134
              5       1342.0902      -197.60392      -148.90094       1.0418469     0.022663503      0.11806641     0.078418414       3.0838715      0.96652394       1.0027334      -197.60392       48.702972   -0.0010786131      0.28027244      0.72073438      0.82696313     0.044930139      0.23406531      0.79931087       13.554599       147.28739       71.022285   2.1842803e-09       9.8031464       46.887829       1064.5115       2.8061781       1411.5833      -1.8965193       -1.8965193                           -0       2687.9734                                 162.18456          2.8061781             1411.5833          46.887829                      26.506603                      407.01942                                622.29968                        8.6858037
              1       1341.3762      -183.46031       -148.9357       1.0418578     0.022655777      0.11807079     0.079188322       3.0847503      0.96610213        1.002409      -183.46031       34.524612   -0.0010014107      0.28051195      0.72041761      0.82717274     0.044954264      0.23427957        0.799855       13.556928       147.29486       70.991121   2.1862007e-09       9.8726349       46.025504       1065.7031       2.8870692       1411.4954      -2.0474391       -2.0474391                           -0       2686.8473                                 160.73626          2.8870692             1411.4954          46.025504                      26.581886                      407.54998                                622.88767                        8.6835197
              2       1340.7724      -176.80496      -142.89783       1.0418848     0.022691234      0.11810325     0.080430902       3.0868827      0.96679666       1.0021744      -176.80496       33.907135  -0.00096508281       0.2813982      0.71949483      0.82794167     0.045145182      0.23497149      0.80186226       13.561744       147.24713       70.896264   2.1908675e-09       9.9737091       41.987082       1066.5714       3.1403538       1411.1855      -2.0496738       -2.0496738                           -0       2685.6442                                 162.75988          3.1403538             1411.1855          41.987082                      26.033236                      408.25237                                623.56711                        8.7186833
              1       1338.9336      -176.80496      -142.89783       1.0418848     0.022691234      0.11810325     0.080430902       3.0868827      0.96679666       1.0019456      -176.80496       33.907135  -0.00096508281       0.2813982      0.71949483      0.82794167     0.045145182      0.23497149      0.80186226       13.561744       147.24713       70.896264   2.1908675e-09       9.9737091       41.987082       1063.0446       3.1403538       1411.1855      -2.1251144       -2.1251144                           -0       2682.1174                                 162.75988          3.1403538             1411.1855          41.987082                      26.079619                      408.26311                                619.96157                        8.7402763
              5       1339.0507      -99.568904      -90.861009       1.0424917     0.022642763      0.11637146     0.098905721       3.1133813      0.97199511       0.9993743      -99.568904       8.7078946  -0.00054349288      0.27932255      0.72114852      0.83226617      0.04528647      0.23274778      0.80307224       13.613431       147.76659       70.709941   2.2496986e-09       11.513336       40.530535       1079.8932       3.6688716        1411.851      -2.5088449       -2.5088449                           -0       2683.1191                                 147.17558          3.6688716              1411.851          40.530535                      23.716099                      422.13089                                625.61702                         8.429146
              1       1340.4518      -140.59655       -89.02952       1.0425276     0.022634474      0.11630718      0.09839037       3.1121236      0.97260868      0.99939861      -140.59655       51.567034  -0.00076744066      0.27862584      0.72206932      0.83189661     0.045180455      0.23215963      0.80171392       13.610191       147.79307       70.779893   2.2468709e-09       11.469818       43.026766       1079.2861       3.4656306       1412.1125      -2.5287061       -2.5287061                           -0       2685.9611                                 148.07007          3.4656306             1412.1125          43.026766                      23.587702                      421.55111                                625.71896                        8.4282911
              7       1337.8673      -88.777176      -103.76348       1.0422712     0.022496316      0.11561041     0.094782401       3.1049173      0.97278753       1.0005779      -88.777176      -14.986305  -0.00048458666      0.27517153      0.72524125       0.8271679     0.044614827      0.22927924      0.79219991       13.614688       148.13529       71.009441   2.2307374e-09       11.196075         56.3051       1076.5234        2.839377       1413.3922       -2.748295        -2.748295                           -0       2681.2312                                 132.17115           2.839377             1413.3922            56.3051                      23.431936                        418.222                                626.32263                         8.546836
              1       1338.6403      -108.43671      -102.53888       1.0423708     0.022506203      0.11565838     0.094099233       3.1077133      0.97200804       1.0022982      -108.43671       5.8978321  -0.00059189744      0.27498499      0.72553517      0.82833703     0.044585586      0.22912335      0.79305068       13.610108       148.11112       71.048329   2.2369834e-09       11.138519        57.40752       1074.4329       2.7394597       1413.4708      -2.3415352       -2.3415352                           -0       2681.9636                                 133.91295          2.7394597             1413.4708           57.40752                       23.65627                      417.73031                                624.61704                        8.4293108
              3       1338.6904      -130.96114      -85.355608       1.0424281       0.0225944      0.11500124     0.097188476       3.1129994       0.9751096       1.0025994      -130.96114       45.605536  -0.00071484616      0.27303699      0.72760633      0.82804979     0.044626135      0.22713862      0.78996266       13.613799       148.19099       71.155057   2.2488396e-09       11.354706       60.781532       1075.6704       2.4744324        1414.238      -2.0944804       -2.0944804                           -0       2681.5699                                 128.40545          2.4744324              1414.238          60.781532                      22.881127                      419.85202                                624.45012                        8.4871304
              2       1333.0006      -79.529031       -83.30125       1.0424511     0.022597875      0.11500439     0.094746452       3.1100302      0.97607316       1.0035256      -79.529031      -3.7722188  -0.00043410603      0.27394326      0.72641909      0.82680804        0.044779      0.22788787      0.79008601       13.621708       148.18595       71.038961   2.2421722e-09       11.162384       56.173001       1071.8805       2.7633675       1413.8557      -1.6344088       -1.6344088                           -0       2669.2699                                 124.59735          2.7633675             1413.8557          56.173001                      22.402425                       417.5957                                623.25031                        8.6320983
              3       1332.4514      -79.529031       -83.30125       1.0424511     0.022597875      0.11500439     0.094746452       3.1100302      0.97607316       1.0034546      -79.529031      -3.7722188  -0.00043410603      0.27394326      0.72641909      0.82680804        0.044779      0.22788787      0.79008601       13.621708       148.18595       71.038961   2.2421722e-09       11.162384       56.173001       1070.8616       2.7633675       1413.8557      -1.6740848       -1.6740848                           -0        2668.251                                 124.59735          2.7633675             1413.8557          56.173001                      22.412178                       417.5957                                622.23551                        8.6182165
              2       1313.8074       -182.8751      -47.527461       1.0424654     0.022449275      0.11574101     0.093157766       3.1095552      0.97115992       1.0038407       -182.8751       135.34764  -0.00099821644      0.28186811      0.71905658      0.82741213     0.045577566      0.23498279      0.80201822       13.675421       148.15243       70.181977   2.2411074e-09       11.113251       30.126181       1072.1297       5.3896245       1410.9751      -1.6371082       -1.6371082                           -0        2630.889                                 112.26834          5.3896245             1410.9751          30.126181                      23.072397                      417.38828                                623.32928                        8.3397354
              1       1316.0003      -220.34603      -50.546962        1.042531     0.022426397      0.11579141     0.092867632       3.1064241      0.97061499        1.002618      -220.34603       169.79907     -0.00120275      0.28118185      0.71994758      0.82659593      0.04541126      0.23446628      0.80025109       13.668222        148.1644       70.274534   2.2341012e-09       11.093597        32.88774       1076.0137       5.0641131       1411.2207      -2.2835852       -2.2835852                           -0       2636.5679                                 111.38161          5.0641131             1411.2207           32.88774                      23.228635                      417.18255                                627.18109                        8.4214348
              1       1313.1749      -219.86752      -63.119092       1.0421323     0.022456526      0.11616666     0.092462725       3.1022983      0.96807361        1.000558      -219.86752       156.74843   -0.0012001381      0.28244124      0.71868546      0.82551754      0.04554298      0.23559192      0.80099486       13.664168       148.02901       70.219958   2.2249028e-09       11.050079       30.246299        1075.439       5.2548227       1410.8042      -2.7868537       -2.7868537                           -0       2631.9234                                 110.17907          5.2548227             1410.8042          30.246299                      23.898642                      417.07527                                626.13586                        8.3292216
              1       1309.9483      -244.77646      -55.001797       1.0421276     0.022493021      0.11599585     0.091175612       3.0990602      0.96994182       1.0004951      -244.77646       189.77466   -0.0013361025      0.28211422      0.71914846      0.82375991     0.045608164      0.23519997      0.79882659       13.666415       148.03418       70.226754     2.21771e-09       10.930756       29.991261       1071.9593       5.2308828       1410.9163      -2.7588865       -2.7588865                           -0       2625.4145                                 107.31663          5.2308828             1410.9163          29.991261                      23.319168                      415.72675                                624.41532                        8.4981074
              4       1308.6354        -268.646      -48.617837       1.0419718     0.022524191      0.11552485     0.090216098       3.0953583      0.97108284       1.0002382        -268.646       220.02816   -0.0014663934      0.28047029      0.72092288      0.82043074     0.045549222      0.23361847      0.79327675       13.669774       148.12668       70.320852   2.2095155e-09       10.832489       32.625228       1073.0873       4.9050258       1411.4796      -2.7378444       -2.7378444                           -0       2622.7465                                 100.64934          4.9050258             1411.4796          32.625228                      22.975405                       414.6555                                626.58493                        8.8714328
              1        1308.664      -285.69823       -43.51989       1.0420543     0.022529582      0.11553582     0.090578767       3.0934586       0.9719195      0.99905986      -285.69823       242.17834   -0.0015594724      0.28071175      0.72077444      0.81987189     0.045593969      0.23381421      0.79307756       13.671095       148.11771       70.294747   2.2053219e-09       10.863373       31.781694       1074.2802       4.9943773       1411.3988      -2.6647087       -2.6647087                           -0       2622.6575                                 100.20243          4.9943773             1411.3988          31.781694                      22.779423                      414.86411                                627.54889                        9.0877863
              2       1308.7355       -294.5012      -41.333168       1.0420584     0.022531057      0.11548323     0.090920627        3.094314      0.97221352      0.99921288       -294.5012       253.16804    -0.001607523      0.28059165       0.7209426      0.82006745     0.045594246      0.23369392      0.79309702       13.672146       148.13035       70.296834   2.2072092e-09       10.890045       31.885639       1074.1401       4.9872043       1411.4418      -2.6839111       -2.6839111                           -0       2622.8388                                 100.38401          4.9872043             1411.4418          31.885639                      22.732669                      415.13175                                627.20047                         9.075195
              3       1307.1425       -267.2212      -36.481732       1.0422083     0.022505495      0.11533509     0.089706777       3.0931456      0.97279859       1.0000002       -267.2212       230.73947   -0.0014586163        0.280531      0.72085426      0.81913549     0.045589789      0.23363638       0.7921101       13.678433       148.19908       70.260379   2.2046319e-09       10.797394       31.671927       1073.3016       5.1132362       1411.4512      -2.7648967       -2.7648967                           -0       2619.8147                                 98.276748          5.1132362             1411.4512          31.671927                      22.501735                      414.09565                                627.33896                        9.3652754
              4       1305.3597      -218.60917      -71.690484       1.0414995     0.022571062       0.1157689     0.081978322       3.0799359      0.97023262       1.0004177      -218.60917       146.91869   -0.0011932694      0.28040917      0.72071104      0.81489661      0.04553854      0.23357104      0.78783993       13.657759       148.00719       70.402235   2.1757008e-09       10.115143       33.590363       1069.5659       4.6316487       1411.4978      -2.6607665       -2.6607665                           -0       2616.0409                                 96.755165          4.6316487             1411.4978          33.590363                      22.925563                      408.48251                                628.68711                        9.4707171
              3       1296.6093      -75.055681      -81.174134       1.0416025     0.022517492      0.11672775     0.078178401       3.0746672      0.96658597       1.0002594      -75.055681      -6.1184531  -0.00040968843      0.28608845      0.71424718       0.8151136     0.046050632      0.23872049      0.79599012       13.672016       147.80789       69.926567   2.1642677e-09       9.8242035       21.929195       1064.6758       6.3404511       1409.6124      -2.7453606       -2.7453606                           -0       2598.7093                                 96.151384          6.3404511             1409.6124          21.929195                      23.448765                      406.44717                                625.71355                        9.0663614
              4       1295.4904      -94.527221      -86.466669        1.041591     0.022420005      0.11684491      0.07338859       3.0650553      0.96650135        1.000357      -94.527221       8.0605521  -0.00051597305      0.28631283      0.71412904      0.81232712      0.04588077      0.23911388      0.79358002       13.674907       147.88474       69.904077   2.1435648e-09        9.424118       22.678996       1063.0665       6.4278749       1409.5526      -2.8251095       -2.8251095                           -0       2596.6311                                 94.905099          6.4278749             1409.5526          22.678996                      23.336353                      403.53896                                626.50355                        9.6876136
              1       1293.5399      -27.144798       -70.38011        1.042106     0.022567464      0.11708123     0.077086401       3.0758828      0.96381285       1.0008995      -27.144798      -43.235312   -0.0001481688      0.28828111      0.71179265      0.81554486     0.046372815      0.24058469      0.79945739       13.672206       147.65715       69.760511   2.1669004e-09       9.7287445       18.011231       1064.6551       7.0000512       1408.9462      -2.6157533       -2.6157533                           -0       2592.3112                                 93.698685          7.0000512             1408.9462          18.011231                      24.006576                      405.98378                                 625.8212                        8.8434966
              3       1290.4999      -73.433399      -61.317004       1.0419492     0.022560801      0.11747287     0.075306378       3.0792088      0.96210608       1.0035402      -73.433399       12.116394  -0.00040083327      0.29142938      0.70889644      0.81749118     0.046737152      0.24335783      0.80572922       13.685868       147.55942       69.477813   2.1741195e-09       9.5806427       13.861797        1059.659       8.1980348       1408.0854      -1.6882743       -1.6882743                           -0       2584.3763                                 94.572004          8.1980348             1408.0854          13.861797                      24.364428                      405.07522                                621.81223                        8.4071438
              1       1284.9533      -73.433399      -61.317004       1.0419492     0.022560801      0.11747287     0.075306378       3.0792088      0.96210608       1.0027364      -73.433399       12.116394  -0.00040083327      0.29142938      0.70889644      0.81749118     0.046737152      0.24335783      0.80572922       13.685868       147.55942       69.477813   2.1741195e-09       9.5806427       13.861797        1049.373       8.1980348       1408.0854      -2.0918707       -2.0918707                           -0       2574.0903                                 94.572004          8.1980348             1408.0854          13.861797                      24.504021                      405.09741                                611.45112                        8.3204492
              1         1285.17      -207.45127       -77.64117        1.042148     0.022671221       0.1179388      0.06662553        3.065654      0.96319123       1.0037259      -207.45127        129.8101   -0.0011323644      0.28870562      0.71235273      0.81498676     0.046337107      0.24105198      0.79949831       13.636067       147.31164       69.947628   2.1448484e-09       8.7608185       18.955722       1042.9501       6.2591257       1408.8767      -1.3657534       -1.3657534                           -0       2573.0716                                 96.029956          6.2591257             1408.8767          18.955722                      24.515185                      400.04663                                609.75863                        8.6296808
              2        1284.857      -196.24046      -79.045815       1.0420821     0.022697365      0.11815812     0.066837447       3.0654927      0.96293661       1.0031649      -196.24046       117.19464   -0.0010711707      0.28987211      0.71112488      0.81544871     0.046497178      0.24205537      0.80156591       13.636315       147.22438       69.867374   2.1445025e-09       8.7776642       17.170466       1043.8327       6.5718328       1408.5464      -1.6112056       -1.6112056                           -0       2572.9363                                 96.814948          6.5718328             1408.5464          17.170466                      24.584771                      400.22558                                610.46143                        8.5608978
              1       1282.3439      -168.29918      -75.354875       1.0419534      0.02266536        0.118043     0.065690879       3.0635747      0.96328324       1.0036021      -168.29918       92.944308  -0.00091865436      0.29070683      0.71013735       0.8141022     0.046613784      0.24276831      0.80139369        13.65066       147.29028       69.730717   2.1403933e-09       8.6779938         15.6263       1041.3107       7.1218491        1408.309      -1.4519554       -1.4519554                           -0       2567.5917                                 95.223935          7.1218491              1408.309            15.6263                      24.289219                      399.65637                                608.72358                        8.6414838
              1       1283.1629      -160.19676      -90.265975       1.0418856     0.022674822      0.11787013     0.062072288       3.0532595       0.9662203       1.0026306      -160.19676       69.930783   -0.0008744276      0.28801282      0.71278773      0.81074184     0.046254564      0.24044428      0.79437921        13.63304       147.32552       70.015574   2.1184282e-09       8.3291473       20.213536       1039.5616       6.0003384       1409.0693      -1.9142567       -1.9142567                           -0       2570.1543                                 95.309481          6.0003384             1409.0693          20.213536                      23.753712                         398.01                                608.43395                         9.363955
              2       1282.3673      -173.32623      -86.189094       1.0419188     0.022664578       0.1178806     0.062066701        3.052442      0.96653514       1.0022919      -173.32623       87.137136  -0.00094609429      0.28841004      0.71246209      0.81050504     0.046297354      0.24079689      0.79469463       13.636773       147.33407       69.967399    2.116697e-09       8.3312531        19.45251       1039.1873       6.1832582       1408.9562      -2.0715396       -2.0715396                           -0       2568.8777                                 95.098424          6.1832582             1408.9562           19.45251                      23.599973                      397.98207                                608.14196                        9.4633197
              1       1282.5986      -115.22608      -81.920994       1.0420541     0.022707239      0.11765331     0.063505803       3.0549396        0.967715       1.0023043      -115.22608       33.305084  -0.00062895694      0.28793292      0.71262209      0.81057049     0.046368402      0.24024919      0.79410115       13.638411       147.34761       69.979544   2.1219904e-09        8.456192       19.431961       1040.0793       6.1368871       1409.0763      -1.9623205       -1.9623205                           -0       2569.1218                                 94.397398          6.1368871             1409.0763          19.431961                      23.200389                      398.42221                                 608.8828                        9.5739219
              6       1279.9837      -115.22608      -81.920994       1.0420541     0.022707239      0.11765331     0.063505803       3.0549396        0.967715       1.0018564      -115.22608       33.305084  -0.00062895694      0.28793292      0.71262209      0.81057049     0.046368402      0.24024919      0.79410115       13.638411       147.34761       69.979544   2.1219904e-09        8.456192       19.431961       1035.1477       6.1368871       1409.0763       -2.111414        -2.111414                           -0       2564.1903                                 94.397398          6.1368871             1409.0763          19.431961                      23.267992                      398.46267                                603.99769                        9.4193926
              2       1279.9227      -108.53648      -80.818367       1.0420634     0.022707486      0.11767466     0.064094468       3.0566882      0.96779217        1.002098      -108.53648       27.718109  -0.00059244201      0.28825632      0.71226211      0.81130668     0.046413875      0.24052584      0.79526862       13.640371        147.3417       69.945634   2.1257042e-09       8.5123444       18.828134       1034.9002       6.2668048       1408.9804       -2.034333        -2.034333                           -0       2563.9141                                 94.938596          6.2668048             1408.9804          18.828134                      23.233258                      398.68256                                603.69451                        9.2898852
              1       1278.8648      -103.68514      -80.849118       1.0420861     0.022675077      0.11776211     0.063213903       3.0555195      0.96714577       1.0022933      -103.68514       22.836017  -0.00056596116      0.28889785      0.71159396      0.81107142      0.04643266      0.24114617      0.79592222       13.644282       147.35415       69.881562   2.1232213e-09       8.4386444       18.059689       1033.8936       6.5159935       1408.7958      -2.0465259       -2.0465259                           -0       2561.8226                                  94.55755          6.5159935             1408.7958          18.059689                      23.338093                      398.37324                                602.88084                        9.3014293
              3       1271.5882      -103.68514      -80.849118       1.0420861     0.022675077      0.11776211     0.063213903       3.0555195      0.96714577       1.0003022      -103.68514       22.836017  -0.00056596116      0.28889785      0.71159396      0.81107142      0.04643266      0.24114617      0.79592222       13.644282       147.35415       69.881562   2.1232213e-09       8.4386444       18.059689       1020.1672       6.5159935       1408.7958      -2.4599415       -2.4599415                           -0       2548.0962                                  94.55755          6.5159935             1408.7958          18.059689                      23.648924                      398.38419                                 589.3394                        8.7946566
              2       1270.3242      -63.183319      -59.696676       1.0420318     0.022828171       0.1178109     0.058257491       3.0516329       0.9674938       1.0026286      -63.183319        3.486643  -0.00034488362      0.29178615      0.70848394      0.80801473     0.047146044       0.2433098      0.79687645       13.659674       147.17157       69.584567   2.1149852e-09       7.9311676       12.868448       1023.0644       7.7345307       1407.9884      -1.4653719       -1.4653719                           -0       2543.5791                                 91.923308          7.7345307             1407.9884          12.868448                      23.237371                      396.68298                                594.28382                        8.8602198
              1       1270.0059       -92.87741      -61.586898       1.0419832     0.022820341      0.11803215     0.057133261       3.0492313      0.96672206       1.0022963       -92.87741       31.290513  -0.00050696763      0.29250362      0.70792849      0.80778256     0.047174497      0.24399755       0.7976263       13.657861       147.12128       69.551647    2.109912e-09        7.825882       12.487852       1023.0893       7.8760223       1407.8102      -1.6233992       -1.6233992                           -0       2543.2587                                  91.99527          7.8760223             1407.8102          12.487852                      23.428936                      396.43164                                594.38891                        8.8398637
              3       1269.9339      -79.283994      -67.245952       1.0419968     0.022811855      0.11816998     0.055603993       3.0464914      0.96651869       1.0022965      -79.283994       12.038042  -0.00043276851      0.29267349      0.70768444      0.80731317     0.047141251      0.24420112      0.79739426       13.654021       147.09389       69.563232   2.1041388e-09        7.679184       12.580382       1023.0244       7.8260841       1407.7658      -1.6522158       -1.6522158                           -0       2543.1721                                 91.975539          7.8260841             1407.7658          12.580382                      23.499013                      396.17592                                594.44375                        8.9056677
              1       1269.1454      -79.283994      -67.245952       1.0419968     0.022811855      0.11816998     0.055603993       3.0464914      0.96651869         1.00162      -79.283994       12.038042  -0.00043276851      0.29267349      0.70768444      0.80731317     0.047141251      0.24420112      0.79739426       13.654021       147.09389       69.563232   2.1041388e-09        7.679184       12.580382       1021.8714       7.8260841       1407.7658      -1.8641871       -1.8641871                           -0       2542.0192                                 91.975539          7.8260841             1407.7658          12.580382                      23.604114                      396.18452                                593.32258                         8.760216
              2       1268.4445      -42.500294      -55.761958       1.0422128     0.022763525      0.11871478      0.05906858       3.0529856      0.96427752       1.0007126      -42.500294      -13.261663  -0.00023198616      0.29719277       0.7029635      0.81087475     0.047600894      0.24824492      0.80707197       13.673289       147.00297       69.153188   2.1178481e-09       8.0406647       10.399399       1021.7959       9.6903453       1406.6699      -2.1880234       -2.1880234                           -0        2541.265                                 92.709505          9.6903453             1406.6699          10.399399                      24.004608                       397.0485                                592.24934                        8.4934253
              2        1268.884      -30.107451      -50.999795       1.0423534     0.022730926      0.11865408     0.062328873       3.0579622       0.9644577       1.0001296      -30.107451      -20.892345  -0.00016434032      0.29741941       0.7026691      0.81274908     0.047600221      0.24847032      0.80924591       13.678943       147.05526       69.104142    2.128414e-09       8.3628387       10.362166       1022.2358       9.9266581        1406.615      -2.3218941       -2.3218941                           -0       2542.4118                                 93.272111          9.9266581              1406.615          10.362166                      23.987738                      398.21698                                591.55993                        8.4711671
              1       1267.5872      -36.447227       -41.92952       1.0421316      0.02266011      0.11894874     0.061336504       3.0534046      0.96715324       0.9991233      -36.447227      -5.4822928  -0.00019894573      0.30116156      0.69896072      0.81251023     0.047973365      0.25182451      0.81408168       13.704416       147.05516       68.727559   2.1187356e-09       8.2898407       10.875492        1016.749       11.835933       1405.8317      -2.4404802       -2.4404802                           -0       2540.0554                                 94.763257          11.835933             1405.8317          10.875492                      23.176202                      397.79035                                587.15678                        8.6256756
              2       1267.9917      -36.447227       -41.92952       1.0421316      0.02266011      0.11894874     0.061336504       3.0534046      0.96715324      0.99812556      -36.447227      -5.4822928  -0.00019894573      0.30116156      0.69896072      0.81251023     0.047973365      0.25182451      0.81408168       13.704416       147.05516       68.727559   2.1187356e-09       8.2898407       10.875492       1017.1187       11.835933       1405.8317      -2.2208854       -2.2208854                           -0       2540.4251                                 94.763257          11.835933             1405.8317          10.875492                      23.325342                      397.82081                                587.36563                        8.6069493
              3       1266.6454      -42.206521      -48.423518       1.0420135       0.0225864       0.1187533     0.061660382       3.0543928      0.96723393      0.99872214      -42.206521      -6.2169966  -0.00023038261      0.29999915      0.70015472      0.81275114     0.047723044       0.2509151      0.81274998       13.706982       147.18843       68.795407   2.1208305e-09       8.3340607       10.448854       1014.8751       11.479552       1406.0673      -2.5184611       -2.5184611                           -0       2538.3277                                  95.45686          11.479552             1406.0673          10.448854                      23.296989                      397.93925                                585.03562                        8.6032512
              2       1266.8655      -42.206521      -48.423518       1.0420135       0.0225864       0.1187533     0.061660382       3.0543928      0.96723393      0.99857449      -42.206521      -6.2169966  -0.00023038261      0.29999915      0.70015472      0.81275114     0.047723044       0.2509151      0.81274998       13.706982       147.18843       68.795407   2.1208305e-09       8.3340607       10.448854       1015.2514       11.479552       1406.0673      -2.4865286       -2.4865286                           -0        2538.704                                  95.45686          11.479552             1406.0673          10.448854                      23.319263                      397.94819                                585.37917                         8.604802
              1        1267.342      -8.1860765      -45.891313       1.0419928     0.022641834      0.11850342      0.06399576       3.0584139      0.96690812       0.9983814      -8.1860765      -37.705237  -4.4683371e-05      0.29916052      0.70080776      0.81291447     0.047771859       0.2500296       0.8117763       13.706662       147.19369       68.844577   2.1293757e-09       8.5411224       10.377546       1017.2049        11.22468       1406.2332       -2.332558        -2.332558                           -0       2539.3491                                 94.308791           11.22468             1406.2332          10.377546                      23.467558                      398.87649                                586.34144                        8.5194165
              4       1266.8067      -72.596503      -32.632872       1.0418969     0.022646248      0.11817968     0.062767571       3.0531682       0.9684305      0.99758882      -72.596503       39.963631  -0.00039626511      0.29855909      0.70176076      0.80979277     0.047792748      0.24940695      0.80784569       13.715402       147.27477       68.836237   2.1182349e-09       8.4175873       10.363926       1017.0587       11.267707       1406.3687      -2.0675662       -2.0675662                           -0       2537.7486                                 92.689591          11.267707             1406.3687          10.363926                      23.068025                      398.26276                                 587.1764                        8.5514739
              3       1267.5223      -82.537613      -44.250872       1.0417546     0.022672799      0.11867279     0.059696249       3.0477287      0.96669998      0.99722491      -82.537613       38.286741  -0.00045052826      0.29985277      0.70052128      0.80903132     0.047880237      0.25061226      0.80883278       13.705526       147.11414       68.813622   2.1067439e-09       8.1213837        10.53174       1017.9506       11.384799       1406.1036      -1.8565493       -1.8565493                           -0       2538.7577                                 92.787018          11.384799             1406.1036           10.53174                      23.408986                       397.2385                                588.75027                        8.5527955
              2       1267.4795      -82.537613      -44.250872       1.0417546     0.022672799      0.11867279     0.059696249       3.0477287      0.96669998      0.99893642      -82.537613       38.286741  -0.00045052826      0.29985277      0.70052128      0.80903132     0.047880237      0.25061226      0.80883278       13.705526       147.11414       68.813622   2.1067439e-09       8.1213837        10.53174       1018.9162       11.384799       1406.1036      -2.3821418       -2.3821418                           -0       2539.7234                                 92.787018          11.384799             1406.1036           10.53174                      23.151864                      397.19898                                589.81981                        8.7455786
              5       1267.9431      -75.377743      -39.820118       1.0417673     0.022680942      0.11864462     0.060472703       3.0487267      0.96694253      0.99870784      -75.377743       35.557624  -0.00041144639      0.30027676      0.70005809      0.80918006     0.047971927      0.25094244      0.80955322        13.70982        147.1127       68.760174   2.1088476e-09       8.1950836       10.724384       1019.3996       11.663939       1406.0144       -2.319619        -2.319619                           -0       2540.5254                                 92.723113          11.663939             1406.0144          10.724384                      23.096737                      397.45871                                590.11327                        8.7309124
              1       1268.5586      -38.460778       -44.20773       1.0416963     0.022694853      0.11874304     0.060886369       3.0512199      0.96529615      0.99921376      -38.460778      -5.7469526  -0.00020993662       0.3008499      0.69928336      0.80990405     0.048054947      0.25143104      0.81105047       13.709968       147.07132       68.721817   2.1141118e-09       8.2336884       10.950991       1020.4707       11.866347       1405.8942      -2.3694064       -2.3694064                           -0       2541.8559                                 92.673656          11.866347             1405.8942          10.950991                      23.488497                      397.64042                                590.77686                        8.5649545
              2       1268.5886      -37.920527      -44.215495       1.0417002     0.022698819      0.11871793     0.061068131       3.0514942      0.96541086      0.99919832      -37.920527      -6.2949683  -0.00020698768      0.30068566      0.69944468      0.80994954     0.048044255      0.25127803       0.8108746       13.709331       147.07362       68.735468   2.1146918e-09       8.2498322       10.891714       1020.5965       11.794108       1405.9267      -2.3573964       -2.3573964                           -0        2541.892                                 92.682972          11.794108             1405.9267          10.891714                      23.469821                      397.71938                                 590.8427                        8.5645945
              2         1268.51      -43.724917       -55.69669       1.0417786     0.022673706      0.11903826     0.058286891       3.0431025      0.96440795      0.99752717      -43.724917      -11.971773  -0.00023867071      0.30076011      0.69940206      0.80800522     0.047903437      0.25149579      0.80902819       13.697943       147.01621       68.798334   2.0970202e-09       7.9894257       10.658966       1020.5552       11.464297       1405.9168      -1.9813042       -1.9813042                           -0       2540.9826                                 92.387305          11.464297             1405.9168          10.658966                      23.673966                      396.83788                                591.28836                        8.7550335
              2        1268.207      -26.906911      -55.643179       1.0417881     0.022641271      0.11897788       0.0593371       3.0442241      0.96468582      0.99724927      -26.906911      -28.736268   -0.0001468703      0.30082658      0.69924372      0.80840086     0.047876697      0.25158781      0.80951377       13.702646       147.06804       68.768304   2.0993736e-09       8.0989227       10.673758       1019.5915       11.621262       1405.9004       -1.938025        -1.938025                           -0         2540.29                                 92.503126          11.621262             1405.9004          10.673758                      23.590942                      397.18324                                590.05423                        8.7630398
              4       1268.5318      -34.672954      -48.490099       1.0418399     0.022659402      0.11900603     0.058256557       3.0415658      0.96684676      0.99710842      -34.672954      -13.817145  -0.00018926093      0.30153729      0.69857524      0.80781206     0.048012617      0.25215983      0.80987916         13.7065        147.0405       68.698386   2.0938002e-09       7.9901276       11.032556       1019.3074       11.990844       1405.7604      -1.8346712       -1.8346712                           -0        2540.733                                 92.641808          11.990844             1405.7604          11.032556                      23.041244                      396.80512                                590.50641                        8.9546213
              3       1267.8742      -34.672954      -48.490099       1.0418399     0.022659402      0.11900603     0.058256557       3.0415658      0.96684676      0.99609513      -34.672954      -13.817145  -0.00018926093      0.30153729      0.69857524      0.80781206     0.048012617      0.25215983      0.80987916         13.7065        147.0405       68.698386   2.0938002e-09       7.9901276       11.032556       1016.8903       11.990844       1405.7604       -1.283728        -1.283728                           -0       2538.3159                                 92.641808          11.990844             1405.7604          11.032556                      23.190201                      396.81784                                588.10507                        8.7772168
              2       1267.4821      -8.0376458      -23.267536       1.0419902      0.02256998      0.11871874      0.05590337       3.0388877      0.96619264       0.9974163      -8.0376458      -15.229891  -4.3873168e-05       0.3036109      0.69635551      0.80493515     0.048279816      0.25395321       0.8097649        13.74047       147.21525       68.372709   2.0882003e-09       7.7746429       12.818967       1014.6527       13.788604       1405.3622      -2.1424232       -2.1424232                           -0       2539.2491                                 92.626578          13.788604             1405.3622          12.818967                       23.19413                      396.28518                                586.17075                        9.0026872
              7       1266.6431      -3.4755337      -21.571304       1.0420193     0.022559399      0.11831529     0.058111867       3.0427796      0.96720292      0.99770694      -3.4755337       -18.09577  -1.8971062e-05      0.30169152      0.69825025      0.80541446     0.048092396      0.25222595      0.80768189       13.740991       147.33443       68.489746   2.0963431e-09       7.9901276       11.613475       1014.7967         13.1281       1405.7164       -2.272409        -2.272409                           -0       2537.8309                                 92.576194            13.1281             1405.7164          11.613475                      23.038676                      396.77792                                 585.9415                        9.0386498
              2       1266.7542      -5.5225968      -24.331376       1.0420201     0.022515108      0.11824449     0.055997681       3.0375994      0.96705374      0.99744251      -5.5225968      -18.808779  -3.0144874e-05       0.3011994      0.69875362      0.80334308     0.047958683      0.25186866      0.80494735       13.742153       147.40221       68.517798   2.0855119e-09        7.788681       11.224947       1014.8887       12.972201       1405.8129      -2.2303799       -2.2303799                           -0       2537.9692                                 93.070467          12.972201             1405.8129          11.224947                      22.972991                      396.28976                                586.22256                        9.4034263
              1       1266.7261      -5.5225968      -24.331376       1.0420201     0.022515108      0.11824449     0.055997681       3.0375994      0.96705374      0.99761038      -5.5225968      -18.808779  -3.0144874e-05       0.3011994      0.69875362      0.80334308     0.047958683      0.25186866      0.80494735       13.742153       147.40221       68.517798   2.0855119e-09        7.788681       11.224947       1014.9653       12.972201       1405.8129      -2.2968186       -2.2968186                           -0       2538.0458                                 93.070467          12.972201             1405.8129          11.224947                      22.948977                      396.28307                                586.27389                         9.459344
              4       1266.2461      -178.22011      -18.527128       1.0420604     0.022448579      0.11870026     0.053682145       3.0381738      0.96392374      0.99938829      -178.22011       159.69298  -0.00097280736      0.30245906      0.69843651      0.80501259     0.047885136      0.25319991      0.80830514       13.739157       147.35446       68.469012   2.0867101e-09       7.5753021       11.474551        1014.685       13.243932        1405.601      -2.7877768       -2.7877768                           -0       2538.0679                                 93.063315          13.243932              1405.601          11.474551                      23.636181                      395.94477                                586.10327                        9.0008101
              2       1266.6211       -182.4047      -17.938854       1.0419723     0.022436618      0.11875386     0.054124253       3.0392054      0.96319356      0.99939663       -182.4047       164.46585  -0.00099564876      0.30310665      0.69781162      0.80535078     0.047948012      0.25378209      0.80950994       13.743594       147.35351       68.405874   2.0888639e-09       7.6237335       11.881454        1014.725       13.599791       1405.4815      -2.7966781       -2.7966781                           -0       2538.8355                                 93.147766          13.599791             1405.4815          11.881454                      23.807321                      396.02162                                586.01678                        8.8792903
              2       1267.1123       -182.4047      -17.938854       1.0419723     0.022436618      0.11875386     0.054124253       3.0392054      0.96319356       0.9986756       -182.4047       164.46585  -0.00099564876      0.30310665      0.69781162      0.80535078     0.047948012      0.25378209      0.80950994       13.743594       147.35351       68.405874   2.0888639e-09       7.6237335       11.881454        1015.485       13.599791       1405.4815      -2.6854792       -2.6854792                           -0       2539.5955                                 93.147766          13.599791             1405.4815          11.881454                      23.923353                      396.04022                                586.78129                        8.7400986
              1       1267.8386      -200.10045      -6.4533494       1.0420084     0.022444865      0.11875527     0.055799345       3.0408788      0.96408064      0.99795068      -200.10045        193.6471   -0.0010922403      0.30417444      0.69684014      0.80592872     0.048131336      0.25466181      0.81151652       13.752269       147.34413       68.288023   2.0923624e-09       7.7907867       12.939721       1014.9521       14.276639       1405.2894       -2.484359        -2.484359                           -0       2540.6459                                 93.188095          14.276639             1405.2894          12.939721                      23.762949                      396.30327                                586.15389                        8.7319463
              1       1266.5341        -185.869     -0.25851249       1.0419182     0.022465111      0.11830549     0.058892279       3.0498097      0.96755435      0.99995096        -185.869       185.61049   -0.0010145585      0.30285579      0.69808122      0.80859535     0.048111596       0.2533647      0.81243486       13.758631        147.4417       68.332829   2.1111326e-09       8.0869904       12.407841       1014.1166       14.017367       1405.5229      -2.8046167       -2.8046167                           -0       2538.6774                                 92.612686          14.017367             1405.5229          12.407841                      23.097833                      396.98263                                585.40415                        8.6319859
              1       1266.8021      -148.61697      -3.5967628       1.0418574     0.022481575      0.11796561     0.062725218         3.05312      0.96838242      0.99838169      -148.61697       145.02021  -0.00081121981      0.30117251      0.69956142      0.80885687     0.047989008      0.25180853      0.81043598       13.757157       147.51447       68.445119   2.1181327e-09       8.4512787       11.479942       1015.5516       13.378042       1405.8377      -2.5804611       -2.5804611                           -0        2538.765                                 92.517787          13.378042             1405.8377          11.479942                      23.003344                      398.34482                                585.57344                        8.6299679
              1       1266.8027      -148.53061      -3.6093144       1.0418576     0.022481615      0.11796585     0.062719365        3.053112      0.96838305      0.99838304      -148.53061        144.9213   -0.0008107484      0.30117262      0.69956083      0.80885481     0.047989017      0.25180864      0.81043407       13.757145       147.51436       68.445174   2.1181159e-09       8.4505768       11.479817       1015.5541       13.377736       1405.8377      -2.5807732       -2.5807732                           -0       2538.7669                                 92.517506          13.377736             1405.8377          11.479817                      23.003363                      398.34482                                 585.5756                        8.6303533
              5       1265.7138      -170.32816      -38.237906       1.0418226     0.022327019      0.11838399       0.0579072       3.0455321      0.96657028      0.99913647      -170.32816       132.09025  -0.00092972944      0.29977511      0.70107783      0.80875503     0.047349422      0.25105965      0.80845183        13.73662       147.57432       68.668574   2.1021213e-09       8.0196075       10.357952       1015.3234       12.150188       1406.1344      -2.7916209       -2.7916209                           -0       2537.0109                                 93.044968          12.150188             1406.1344          10.357952                      23.186434                      396.80355                                 586.5757                        8.7577276
              7       1268.1007      -88.622453       -50.49333       1.0416438     0.022238587      0.11915125     0.057749969       3.0449289      0.96363023      0.99823852      -88.622453       38.129123  -0.00048374212      0.30449301       0.6959131      0.81053192     0.047675172      0.25543694      0.81657891       13.750809       147.46831       68.297917   2.1008537e-09       8.0371552       11.901058       1015.6458       14.219181       1405.2281      -2.5596438       -2.5596438                           -0       2541.3207                                 94.326571          14.219181             1405.2281          11.901058                      23.797728                      396.87286                                586.29046                        8.6848038
              1       1268.4541      -126.28296      -56.553053       1.0415334      0.02219853      0.11878454     0.056319521       3.0435042      0.96558311      0.99958233      -126.28296       69.729907  -0.00068931048      0.30178252      0.69882963      0.80980661     0.047301141      0.25310884      0.81220887       13.745545       147.61054       68.505635   2.0978628e-09       7.8960724       10.613655       1017.9747        13.03968       1405.7321      -2.7554525       -2.7554525                           -0       2542.4192                                 95.059059           13.03968             1405.7321          10.613655                      23.359508                      396.47374                                589.39168                        8.7497249
              1        1266.797      -143.65699      -54.706179       1.0416616     0.022263457      0.11868461     0.055466717       3.0414233       0.9670602      0.99943349      -143.65699       88.950808  -0.00078414592      0.30047262      0.70023468      0.80893936     0.047245251      0.25186045      0.80957631       13.734261       147.56472       68.646314   2.0935018e-09       7.7942963       10.397817        1015.761       12.269854       1405.9926       -2.800175        -2.800175                           -0       2539.1943                                 94.772941          12.269854             1405.9926          10.397817                      23.074047                      396.26413                                 587.5723                        8.8505725
              2       1267.1389      -130.67316       -59.45237       1.0417361     0.022236603      0.11881165     0.055117571       3.0408827      0.96687678      0.99940255      -130.67316        71.22079  -0.00071327422      0.30064269      0.69999375      0.80940977     0.047181589      0.25209437       0.8102763       13.731597       147.56073        68.65117   2.0923704e-09        7.766922       10.410458       1015.6104       12.243701       1405.9576      -2.7776844       -2.7776844                           -0       2539.8333                                 95.611116          12.243701             1405.9576          10.410458                      23.138648                      396.23926                                587.35552                        8.8769549
              4       1267.4113      -167.35992       -49.93045       1.0418452     0.022197419      0.11870855     0.054683689       3.0403981      0.96657805      0.99971634      -167.35992       117.42946   -0.0009135274      0.30075058        0.700086      0.80880831     0.047162713      0.25221928      0.80981947       13.738865       147.63192       68.604381   2.0913567e-09        7.730423       10.419103       1017.1434       12.496871       1405.9398       -2.761738        -2.761738                           -0        2540.346                                 94.346942          12.496871             1405.9398          10.419103                      23.123252                      396.15714                                588.94313                        8.9198489
              4       1267.4423      -171.12047      -50.110961       1.0418366     0.022196861      0.11871611     0.054628271       3.0405047      0.96652191      0.99980701      -171.12047       121.00951  -0.00093405425      0.30074848      0.70010864      0.80887877     0.047158861       0.2522211      0.80988718       13.738629       147.63052        68.60632   2.0915796e-09       7.7248077       10.418328       1017.1486        12.48633       1405.9409      -2.7645722       -2.7645722                           -0       2540.4137                                 94.419492           12.48633             1405.9409          10.418328                      23.140742                      396.14514                                588.95329                         8.909423
              1       1266.9269      -216.57516      -83.116081       1.0419015     0.022309159      0.11952937      0.04709999       3.0254221      0.95953363      0.99804502      -216.57516       133.45908   -0.0011821669      0.29927452      0.70183159      0.80455959     0.046858772      0.25106279      0.80358619       13.686053       147.28849       68.999532   2.0602699e-09        6.930954       10.899755       1019.1476       10.440195       1406.2633      -2.5413579       -2.5413579                           -0       2538.9365                                 92.185704          10.440195             1406.2633          10.899755                      25.676389                      396.11138                                588.43767                        8.9221566
              2       1266.3599       -234.0947      -64.747233       1.0420675     0.022399298      0.11899506     0.045037613       3.0250526      0.96249621        1.000269       -234.0947       169.34747   -0.0012777966      0.29757447      0.70362746        0.802634     0.046927134      0.24929786      0.79938273       13.687565       147.33007       69.088409   2.0595088e-09       6.6859894       11.021048       1018.7663       10.003067       1406.6281      -2.8385399       -2.8385399                           -0       2538.3969                                 91.978441          10.003067             1406.6281          11.021048                       24.54807                      396.38126                                588.60969                        9.2272663
              3        1266.474       -234.0947      -64.747233       1.0420675     0.022399298      0.11899506     0.045037613       3.0250526      0.96249621       1.0001862       -234.0947       169.34747   -0.0012777966      0.29757447      0.70362746        0.802634     0.046927134      0.24929786      0.79938273       13.687565       147.33007       69.088409   2.0595088e-09       6.6859894       11.021048       1019.0004       10.003067       1406.6281      -2.8415545       -2.8415545                           -0        2538.631                                 91.978441          10.003067             1406.6281          11.021048                      24.562397                      396.38126                                588.85158                        9.2051569
              3        1266.293      -236.28649      -62.680765       1.0420569     0.022405886       0.1189964     0.045239655       3.0251802      0.96251312       1.0000462      -236.28649       173.60573   -0.0012897604      0.29782233      0.70339151      0.80258236      0.04697741      0.24949439      0.79966412       13.689379       147.32241       69.061582   2.0597715e-09       6.7063446       10.876603       1018.6607       10.134025       1406.5729      -2.8416264       -2.8416264                           -0       2538.2693                                 92.025015          10.134025             1406.5729          10.876603                      24.518703                      396.34515                                588.59794                        9.1989582
              1       1268.5402      -203.01158      -64.446291       1.0418249     0.022261422      0.11875551     0.040522578       3.0142447      0.96408455       1.0001771      -203.01158       138.56529   -0.0011081306      0.29829415      0.70273773      0.79818228     0.046875633      0.25006217      0.79590975       13.712197       147.54687       68.913274   2.0373697e-09       6.2143097       10.757153       1022.2538       10.873385       1406.4634      -2.8220398       -2.8220398                           -0       2542.7245                                 92.376661          10.873385             1406.4634          10.757153                      23.912994                      397.54191                                590.61966                        10.179278
              2       1269.3628      -198.53604      -68.480943       1.0418576     0.022296983      0.11860525     0.039397212       3.0102421      0.96470066      0.99948765      -198.53604        130.0551    -0.001083701      0.29668833      0.70431947      0.79630498       0.0467356      0.24860259      0.79189761       13.702101       147.54724        69.07154   2.0292312e-09        6.080246       11.420359       1023.3066       10.085312       1406.8215      -2.8219378       -2.8219378                           -0       2544.3696                                 92.735751          10.085312             1406.8215          11.420359                       23.86771                      397.92274                                590.78523                        10.730969
              1       1269.0618      -198.53604      -68.480943       1.0418576     0.022296983      0.11860525     0.039397212       3.0102421      0.96470066      0.99972746      -198.53604        130.0551    -0.001083701      0.29668833      0.70431947      0.79630498       0.0467356      0.24860259      0.79189761       13.702101       147.54724        69.07154   2.0292312e-09        6.080246       11.420359       1022.7347       10.085312       1406.8215      -2.8369961       -2.8369961                           -0       2543.7976                                 92.735751          10.085312             1406.8215          11.420359                      23.829429                      397.91558                                590.13844                        10.851203
              1        1268.395      -289.14414      -48.212284       1.0418121     0.022312131      0.11823052     0.045868651       3.0245335       0.9637689        1.000636      -289.14414       240.93185   -0.0015782817      0.29620725      0.70529506      0.79992984     0.046810434      0.24804543       0.7948572       13.713406        147.6309       69.039747   2.0584401e-09       6.7807465       11.215949       1020.9429       10.241248       1406.9441      -2.8156048       -2.8156048                           -0       2542.4212                                 93.076993          10.241248             1406.9441          11.215949                       23.87249                      396.21154                                591.04713                        9.8117942
             16         1271.04      -347.26619       -53.05013       1.0419393     0.022186708      0.11861676     0.045007113       3.0175886       0.9616838      0.99795299      -347.26619       294.21606   -0.0018955386      0.29723287      0.70458658      0.79891221     0.046622345      0.24925696      0.79521919       13.713483       147.66761       68.984159   2.0441939e-09        6.718277        11.32811       1025.0568       10.516755       1406.7239      -2.4205983       -2.4205983                           -0       2546.9212                                 93.295577          10.516755             1406.7239           11.32811                      24.465285                      396.34992                                594.07454                        10.167099
              2       1269.2163      -304.57647      -53.624385       1.0420114     0.022278748      0.11870765     0.047185229       3.0227171      0.96107451      0.99790625      -304.57647       250.95208   -0.0016625185      0.29745434      0.70413212      0.80059534     0.046790126      0.24931139      0.79719137       13.705888       147.54084       69.003049   2.0547045e-09       6.9344635       11.062996       1022.1459       10.422721       1406.6655      -2.4839592       -2.4839592                           -0       2543.4004                                 93.103325          10.422721             1406.6655          11.062996                      24.675714                      396.03629                                591.78482                        9.6491269
              2       1270.1436      -191.40083      -94.991125       1.0416531     0.022253597      0.11949337      0.03708856       3.0052711      0.95949821      0.99838036      -191.40083        96.40971   -0.0010447538      0.29889201      0.70207673      0.79675245     0.046712346      0.25082756      0.79527977        13.68806       147.35904       69.021481   2.0191689e-09       5.8359833        11.19394       1025.4562       10.331376       1406.3434      -2.6094026       -2.6094026                           -0       2545.5059                                 92.181077          10.331376             1406.3434           11.19394                       25.94486                      398.64428                                590.77446                        10.092547
              1       1270.0162      -184.60302      -94.036071       1.0416763     0.022266537      0.11936427     0.037051803       3.0053536      0.96022247      0.99860722      -184.60302       90.566954   -0.0010076482      0.29826033      0.70267141      0.79647903     0.046678808      0.25023117      0.79416632       13.686964       147.37893       69.066343   2.0193355e-09       5.8282623       11.395915       1025.1939        10.11072       1406.4777      -2.6725749       -2.6725749                           -0       2545.3776                                  92.19932           10.11072             1406.4777          11.395915                      25.696965                      398.71097                                590.56057                        10.225438
              5       1269.3251      -162.46368      -93.704369       1.0416326     0.022240482      0.11920696     0.039676391       3.0122314      0.96034851      0.99961066      -162.46368       68.759311   -0.0008868015      0.29804256      0.70276829      0.79868625     0.046650267      0.25004119      0.79607634       13.692973       147.44991       69.047035    2.033272e-09       6.1293793       11.431429       1024.2829       10.205397       1406.5205      -2.7972708       -2.7972708                           -0       2544.2446                                 91.804372          10.205397             1406.5205          11.431429                       25.55085                      397.84089                                591.11295                        9.7782395
              1        1269.102      -162.46368      -93.704369       1.0416326     0.022240482      0.11920696     0.039676391       3.0122314      0.96034851       1.0004462      -162.46368       68.759311   -0.0008868015      0.29804256      0.70276829      0.79868625     0.046650267      0.25004119      0.79607634       13.692973       147.44991       69.047035    2.033272e-09       6.1293793       11.431429       1023.8293       10.205397       1406.5205      -2.7934732       -2.7934732                           -0        2543.791                                 91.804372          10.205397             1406.5205          11.431429                      25.393416                      397.81212                                590.52292                        10.100842
              1       1268.8068      -221.12395      -79.918311       1.0414939     0.022237874      0.11871271     0.041084894       3.0120056      0.96480333       1.0000059      -221.12395       141.20564   -0.0012069962      0.29687648      0.70425459      0.79789574     0.046625339       0.2489006      0.79373113       13.704251       147.58457        69.06144   2.0328129e-09       6.2802887       11.590991       1023.1124       10.134722       1406.7878      -2.8072838       -2.8072838                           -0       2543.2282                                 91.602355          10.134722             1406.7878          11.590991                       23.89656                      397.44757                                590.97463                        10.793665
              1       1269.0426      -277.24227      -74.113505       1.0415789       0.0223431      0.11873429     0.037233495       3.0064862      0.96544057       1.0007266      -277.24227       203.12877   -0.0015133158      0.29613541      0.70530224      0.79563521     0.046687212      0.24810224      0.79049393       13.691029       147.46134       69.178755   2.0216238e-09       5.8275604       11.830496       1023.3198       9.5682925       1406.9681      -2.8107911       -2.8107911                           -0       2543.7068                                 92.020004          9.5682925             1406.9681          11.830496                      23.844603                      398.77131                                589.39369                        11.310233
              1       1266.8772      -332.59694      -51.049308       1.0417443     0.022359338      0.11845371     0.042791869       3.0190078       0.9659616       1.0016104      -332.59694       281.54763   -0.0018154671      0.29638391      0.70535568      0.79921666     0.046847731      0.24818658      0.79438532       13.703694       147.51847       69.085227    2.047097e-09       6.4417267       11.209625       1018.7184       10.018552       1406.9137      -2.6454263       -2.6454263                           -0       2539.0452                                 92.184946          10.018552             1406.9137          11.209625                      23.354229                      396.94726                                587.95141                        10.465476
              1       1267.0499      -309.69308      -47.092231       1.0418289      0.02242552      0.11795857      0.04725799       3.0233055      0.96724245      0.99993908      -309.69308       262.60085   -0.0016904473      0.29391108       0.7077039      0.79917821     0.046736098      0.24583256      0.79102641       13.697982       147.57736       69.269976   2.0559138e-09       6.9021759       12.345793       1018.3396       9.1391035       1407.4997      -2.8320769       -2.8320769                           -0        2539.764                                 92.439791          9.1391035             1407.4997          12.345793                      23.032841                      396.07577                                588.48984                        10.741153
              2       1266.7384      -287.47016      -41.379432       1.0417665     0.022459092       0.1178459     0.048507681        3.026315      0.96746013       1.0002419      -287.47016       246.09073   -0.0015691444       0.2943452      0.70714832      0.79953105     0.046901504      0.24609854      0.79195989       13.704705       147.57021       69.199461   2.0621103e-09       7.0250092       11.673133       1017.8311       9.4700092       1407.3851      -2.8050556       -2.8050556                           -0       2539.0869                                 92.727519          9.4700092             1407.3851          11.673133                       22.91026                      395.89226                                588.49589                        10.532721
              2       1265.8574      -249.05435      -45.972934       1.0420213      0.02258603      0.11924521      0.05459356       3.0470983      0.96389647       1.0020128      -249.05435       203.08142   -0.0013594532      0.30024209      0.70104105      0.81128945     0.047596134      0.25128855      0.81161673       13.690495       147.05786       68.886499   2.1054164e-09       7.6433868       10.384491       1014.4164       11.009639       1406.0566      -2.3256114       -2.3256114                           -0        2536.366                                 94.498936          11.009639             1406.0566          10.384491                       23.98616                      396.13837                                585.67274                        8.6191162
              1         1265.95      -246.83388      -46.914324        1.042031     0.022586408      0.11917355     0.055354174       3.0487443       0.9636964       1.0021258      -246.83388       199.91955   -0.0013473328      0.29972986      0.70154125      0.81168654     0.047539512      0.25083458      0.81132101       13.688898       147.07647       68.928087   2.1088845e-09       7.7184906       10.339993       1014.6088       10.798365       1406.1617      -2.2875428       -2.2875428                           -0        2536.475                                  94.56618          10.798365             1406.1617          10.339993                      24.066722                      396.24905                                585.69686                        8.5961779
              1       1266.3818      -229.68761      -52.272509       1.0420422     0.022500344       0.1195772     0.053181796       3.0457638      0.96107653       1.0023126      -229.68761       177.41511   -0.0012537407      0.30191635      0.69926079      0.81153277     0.047597685      0.25295605      0.81412061       13.695947       147.06457       68.754584   2.1026085e-09       7.5240631       10.627987        1015.141       11.693326       1405.7239      -2.3428047       -2.3428047                           -0       2537.4492                                 94.263033          11.693326             1405.7239          10.627987                      24.685346                      395.97675                                585.85524                        8.6236922
              4       1266.2887      -241.32502      -53.566027        1.042027     0.022491523      0.11963179     0.053197295       3.0452746      0.96084968       1.0020276      -241.32502       187.75899    -0.001317263       0.3019874      0.69925326      0.81157669     0.047574968      0.25304993      0.81426048       13.694968       147.05989       68.757516   2.1015801e-09       7.5282745        10.62207       1015.0301       11.677906       1405.7127      -2.4511646       -2.4511646                           -0       2537.4797                                 94.436852          11.677906             1405.7127           10.62207                      24.770432                      395.98237                                585.64056                        8.6367244
              2       1266.2956       -219.3356      -57.039872       1.0419235     0.022478575      0.11960538     0.053741358       3.0461197       0.9609366       1.0020214       -219.3356       162.29572   -0.0011972346      0.30207263      0.69904796      0.81185753     0.047574114      0.25313526      0.81465718       13.697744       147.08123       68.738339   2.1033569e-09       7.5858307       10.646135       1014.5868       11.778948       1405.6936      -2.4659261       -2.4659261                           -0       2537.5231                                 94.817707          11.778948             1405.6936          10.646135                      24.750616                      396.09535                                 585.0998                        8.6410195
              2       1264.4649       -196.7828      -49.283188       1.0419543     0.022436998      0.11877478      0.05649394       3.0458673      0.96481804       1.0006948       -196.7828       147.49961   -0.0010741311      0.29905167      0.70194612      0.80992118      0.04730026      0.25039348      0.80864004       13.707641       147.34773       68.873254   2.1028261e-09       7.8595734       10.354241        1013.081       11.077354       1406.2945      -2.7869363       -2.7869363                           -0       2534.5036                                 93.696531          11.077354             1406.2945          10.354241                      23.647683                       396.4594                                584.24412                        8.7297534
              1       1264.4599      -199.45745      -49.060303       1.0419473     0.022435618       0.1187902      0.05646602       3.0456368      0.96479423       1.0006028      -199.45745       150.39714   -0.0010887305      0.29915857      0.70185381       0.8098754     0.047309576      0.25049071      0.80873885       13.708067       147.34516       68.864356   2.1023414e-09       7.8567657       10.349136       1013.0764       11.122966       1406.2724      -2.7973662       -2.7973662                           -0       2534.5146                                 93.693686          11.122966             1406.2724          10.349136                      23.650679                       396.4634                                584.22979                        8.7325364
              3       1264.6129      -204.92215      -34.488452       1.0420693     0.022449696      0.11868599     0.057355274        3.048011        0.965601       1.0009695      -204.92215       170.43369   -0.0011185593      0.29996854       0.7010734      0.81021304     0.047497608      0.25110811      0.81017056       13.718215       147.35734       68.749472   2.1073388e-09       7.9416962        10.38315       1013.1458       11.720239       1406.1001       -2.741708        -2.741708                           -0       2534.7092                                 93.360012          11.720239             1406.1001           10.38315                      23.393648                      396.64456                                584.38317                        8.7243861
              1       1264.5329       -209.3673      -34.013454       1.0420724     0.022454888      0.11866926     0.057483613        3.048272      0.96579243       1.0009914       -209.3673       175.35385    -0.001142823       0.2998421      0.70122413      0.81030322     0.047492435      0.25098731      0.81008995       13.717534       147.35604       68.761166   2.1078889e-09       7.9529266       10.368694       1012.9461       11.658726       1406.1267      -2.7343969       -2.7343969                           -0       2534.5346                                 93.434308          11.658726             1406.1267          10.368694                      23.357732                      396.65074                                584.21043                        8.7272462
              2        1264.507      -206.07695      -33.732142       1.0420697     0.022466001      0.11864674     0.057618359       3.0483974       0.9658352       1.0009257      -206.07695       172.34481   -0.0011248628      0.29974247      0.70130583      0.81021541      0.04750397      0.25087648      0.80986757       13.716955       147.34972       68.769828   2.1081531e-09       7.9634552       10.362068       1013.0254       11.613271       1406.1466      -2.7355026       -2.7355026                           -0        2534.485                                 93.337679          11.613271             1406.1466          10.362068                      23.353975                      396.69301                                584.25455                        8.7238361
              4       1264.7173      -220.91076      -25.746527       1.0420781     0.022494879      0.11835878     0.059765804       3.0521081      0.96703694       1.0009883      -220.91076       195.16424   -0.0012058326      0.29883667      0.70229269      0.81073375     0.047508125      0.24996816       0.8091603       13.719391       147.39455       68.811003   2.1159905e-09       8.1634979       10.306425       1013.4485       11.398399       1406.3367      -2.6983979       -2.6983979                           -0       2534.8315                                 93.341459          11.398399             1406.3367          10.306425                      23.134263                      397.29195                                584.32436                        8.6978793
              1       1264.6477      -220.91076      -25.746527       1.0420781     0.022494879      0.11835878     0.059765804       3.0521081      0.96703694       1.0006472      -220.91076       195.16424   -0.0012058326      0.29883667      0.70229269      0.81073375     0.047508125      0.24996816       0.8091603       13.719391       147.39455       68.811003   2.1159905e-09       8.1634979       10.306425       1013.3984       11.398399       1406.3367       -2.743032        -2.743032                           -0       2534.7814                                 93.341459          11.398399             1406.3367          10.306425                      23.184629                      397.27499                                584.28365                        8.6551547
              1        1264.747      -180.79214      -40.211189       1.0419186     0.022518261      0.11828965      0.06025721       3.0480249       0.9676698      0.99846789      -180.79214       140.58095  -0.00098684664      0.29746484      0.70344585      0.80920267     0.047354501      0.24875577      0.80577632       13.709196       147.38706       68.958339    2.107368e-09       8.2042084       10.380681       1013.7871       10.645971       1406.6323      -2.5620129       -2.5620129                           -0        2534.618                                 93.171911          10.645971             1406.6323          10.380681                      23.061551                      397.37701                                584.54523                        8.8033105
              2       1264.6995      -193.71367      -35.163618       1.0418284     0.022555164      0.11842154     0.057122569       3.0427352      0.96883409        0.998801      -193.71367       158.55005   -0.0010573783      0.29870994      0.70227106      0.80750253     0.047573872      0.24977745      0.80576445       13.713075       147.31075       68.855517   2.0962502e-09       7.8904572        10.30207       1013.9163       11.168363       1406.3616      -2.5844625       -2.5844625                           -0       2534.5679                                 92.819558          11.168363             1406.3616           10.30207                      22.734593                      396.46493                                585.74295                         8.973826
              1       1264.4958      -150.98984      -35.964687        1.041957     0.022540138      0.11883592     0.054760708         3.04091      0.96701553      0.99952209      -150.98984       115.02515    -0.000824172      0.30108615      0.69966126      0.80763579     0.047785621      0.25193494      0.80909649       13.716712       147.21706       68.679903   2.0924276e-09       7.6658478       10.742316       1013.0326       12.089514       1405.8657       -2.702892        -2.702892                           -0       2534.3973                                   92.6672          12.089514             1405.8657          10.742316                      23.058195                      396.10143                                584.99538                        8.8775603
              1       1265.5156      -135.74065      -21.487629       1.0421137     0.022601694       0.1184705     0.059175128       3.0487953      0.96906587      0.99944435      -135.74065       114.25302  -0.00074093493      0.30032987      0.70033432      0.80944529     0.047898247      0.25106655      0.80989019       13.721011        147.2464       68.692716   2.1089922e-09       8.0855865        10.74961       1014.5467       12.021069        1406.009      -2.5971306       -2.5971306                           -0       2536.2255                                 92.899191          12.021069              1406.009           10.74961                      22.733982                      397.01272                                586.00849                        8.7915016
              2       1266.5347      -213.74369       -7.333315       1.0422535     0.022470236      0.11856556     0.056737561       3.0416628       0.9711291      0.99876681      -213.74369       206.41038   -0.0011667114      0.30198245      0.69910708       0.8079831     0.047893987      0.25271552      0.81064835       13.738891       147.36655       68.495702   2.0940034e-09       7.8764191         11.3511       1015.2539       13.094922       1405.6941      -2.6787425       -2.6787425                           -0       2538.4269                                 93.032842          13.094922             1405.6941            11.3511                      22.204344                      396.38393                                587.39581                        9.2698414
              1       1266.8387      -201.40247      -14.571593       1.0422847     0.022477524      0.11871628      0.05532286       3.0381472      0.97127442      0.99828138      -201.40247       186.83087   -0.0010993473      0.30190117       0.6991211      0.80735483      0.04784327      0.25268686      0.80990899       13.731327       147.31825       68.543111   2.0866547e-09       7.7353363       11.158284       1015.9602       12.832317       1405.7097      -2.5575172       -2.5575172                           -0       2538.7924                                 93.131883          12.832317             1405.7097          11.158284                      22.140561                      396.10483                                588.30192                        9.4128962
              1       1266.9697      -201.40247      -14.571593       1.0422847     0.022477524      0.11871628      0.05532286       3.0381472      0.97127442      0.99795395      -201.40247       186.83087   -0.0010993473      0.30190117       0.6991211      0.80735483      0.04784327      0.25268686      0.80990899       13.731327       147.31825       68.543111   2.0866547e-09       7.7353363       11.158284       1016.0251       12.832317       1405.7097      -2.4589016       -2.4589016                           -0       2538.8572                                 93.131883          12.832317             1405.7097          11.158284                      22.181474                      396.09202                                588.42662                        9.3249544
              1       1267.1451      -142.92027      -18.000346       1.0422761     0.022456886      0.11838619     0.054301366       3.0375314      0.97316986      0.99916449      -142.92027       124.91993   -0.0007801246      0.30058973      0.70011346      0.80651777      0.04770968      0.25151159       0.8073101       13.734314       147.42892       68.607488     2.08537e-09       7.6321564       10.691196       1017.7459       12.479981       1405.9569      -2.7556323       -2.7556323                           -0       2539.8015                                 92.927544          12.479981             1405.9569          10.691196                      21.808497                      395.93981                                590.39818                        9.5994117
              1       1267.6561      -204.66105      -18.766235       1.0424444     0.022497255       0.1183285     0.051591013       3.0364576      0.97345735       1.0010687      -204.66105       185.89482   -0.0011171342      0.29866182      0.70237886      0.80627165     0.047494708      0.24980726      0.80447142       13.717394       147.39926       68.824356    2.083132e-09       7.3464813       10.299612       1019.7391       11.329149       1406.3683      -2.6826423       -2.6826423                           -0       2540.6776                                 92.941327          11.329149             1406.3683          10.299612                      21.788904                      395.76308                                592.49452                        9.6926421
              2       1267.4854      -194.77443      -21.906741       1.0425066     0.022469278      0.11826182      0.05246847       3.0371059       0.9728677       1.0006382      -194.77443       172.86769   -0.0010631684      0.29801224       0.7029746      0.80637258     0.047364165      0.24929027      0.80369668       13.715696       147.44816        68.87627   2.0844829e-09       7.4412384       10.323639       1019.8014       11.061917       1406.5079      -2.7686609       -2.7686609                           -0       2540.5081                                 92.813211          11.061917             1406.5079          10.323639                      21.896282                      395.80156                                 592.3862                        9.7173917
              2       1267.0911      -184.11375      -33.013391       1.0424428     0.022424542      0.11853663     0.051581095       3.0340448      0.97177914      0.99981042      -184.11375       151.10036   -0.0010049776      0.29864984      0.70227877      0.80627027     0.047294032       0.2499973       0.8044539       13.712615       147.42452       68.858669   2.0781118e-09        7.363327       10.347993        1018.751       11.152164       1406.3718       -2.830035        -2.830035                           -0       2539.8423                                 93.219335          11.152164             1406.3718          10.347993                      22.077188                      395.78097                                591.18835                        9.7045347
              1       1266.1022      -196.50189      -31.293017       1.0422749     0.022495958      0.11912469     0.049731945       3.0318839      0.96934459       0.9995561      -196.50189       165.20887   -0.0010725977      0.30195235      0.69904339      0.80618466     0.047746936      0.25283826      0.80880367       13.713904       147.18894        68.64035   2.0736261e-09         7.16539       10.882935       1015.8505       12.302016       1405.7043       -2.759633        -2.759633                           -0       2537.7236                                   92.9838          12.302016             1405.7043          10.882935                      22.526492                      395.75829                                588.25366                         9.312068
              1       1265.1813      -115.55697      -37.673209       1.0419621     0.022564134      0.11844046     0.052408814       3.0362628      0.97089099      0.99989743      -115.55697       77.883757  -0.00063076307      0.29904373      0.70151058      0.80542998     0.047636592      0.25004726      0.80414527       13.713567       147.29538       68.823855   2.0827261e-09       7.4166718       10.336393       1015.4286       11.331742       1406.2761      -2.6848921       -2.6848921                           -0       2535.7324                                 92.359566          11.331742             1406.2761          10.336393                      22.275793                      395.77696                                588.06552                         9.310321
              1       1265.3132      -268.39636      -30.220499       1.0417626     0.022529231       0.1181441     0.052102692       3.0313891      0.96998704      0.99833963      -268.39636       238.17586   -0.0014650308      0.29724369      0.70414517      0.80253088     0.047387433       0.2485014      0.79883567       13.713966       147.41297       68.951163   2.0726003e-09       7.3864899       10.350726       1015.9369       10.682023       1406.6964       -2.515333        -2.515333                           -0        2535.657                                 91.991013          10.682023             1406.6964          10.350726                      22.443955                      395.75707                                588.00922                        9.7266585
              1       1266.8003      -268.39636      -30.220499       1.0417626     0.022529231       0.1181441     0.052102692       3.0313891      0.96998704       1.0000577      -268.39636       238.17586   -0.0014650308      0.29724369      0.70414517      0.80253088     0.047387433       0.2485014      0.79883567       13.713966       147.41297       68.951163   2.0726003e-09       7.3864899       10.350726       1019.3517       10.682023       1406.6964      -2.7356117       -2.7356117                           -0       2539.0718                                 91.991013          10.682023             1406.6964          10.350726                      22.223189                      395.78349                                590.90516                        10.439849
              1       1266.5803      -284.56968      -39.332612       1.0417249     0.022521735       0.1183191     0.049615437       3.0296626      0.96905519       1.0013064      -284.56968       245.23707   -0.0015533122      0.29694378      0.70453353        0.802592     0.047267842      0.24832405      0.79849337       13.704782       147.37444       69.026847    2.069025e-09       7.1345062       10.508167       1018.8415       10.304853       1406.7708      -2.6089464       -2.6089464                           -0       2538.3785                                 91.953218          10.304853             1406.7708          10.508167                      22.467783                      395.81722                                590.28323                        10.273222
              4       1266.2912      -266.89681      -43.772405       1.0418135     0.022557168      0.11832685     0.051356113       3.0328869      0.96746417       1.0009334      -266.89681        223.1244   -0.0014568456      0.29616153      0.70521954      0.80345476     0.047203082      0.24761053      0.79829815       13.695071       147.33325       69.128496    2.075707e-09       7.3064728        10.77563       1018.3326       9.8089621       1406.9482      -2.6267605       -2.6267605                           -0        2537.836                                 91.970584          9.8089621             1406.9482           10.77563                      22.881138                      395.77858                                589.72899                         9.943897
              1       1266.3111      -291.38687      -23.976766       1.0419392     0.022600937      0.11807395     0.056333603       3.0435801      0.96793431        1.001423      -291.38687        267.4101   -0.0015905236      0.29643109      0.70508348      0.80626722     0.047407774      0.24767217      0.80145704       13.705145       147.35253       69.045988    2.098022e-09       7.7957001       10.442618       1017.7429       10.210544       1406.8837      -2.4612164       -2.4612164                           -0       2537.5446                                  92.26496          10.210544             1406.8837          10.442618                      22.783713                      396.30296                                  589.242                        9.4142019
              1       1266.1526      -289.91644       -19.50271       1.0419671     0.022562909      0.11797176     0.056319284       3.0430576      0.96846087       1.0014339      -289.91644       270.41373   -0.0015824973      0.29661657      0.70488985      0.80586213     0.047404657      0.24785858      0.80130494        13.71303       147.42194       68.990143   2.0969261e-09       7.8013153       10.390658       1017.3575        10.48692       1406.8391      -2.5231618       -2.5231618                           -0       2537.3515                                 92.277362           10.48692             1406.8391          10.390658                      22.629256                      396.29144                                  588.851                        9.5858406
              2       1266.4291       -260.6631      -24.899758       1.0421002     0.022544129      0.11854284      0.05447074       3.0383585      0.96614523       1.0001842       -260.6631       235.76334   -0.0014228191      0.29906295      0.70228346      0.80549912     0.047569752      0.25013402      0.80424014       13.711229       147.29048       68.841653   2.0870956e-09       7.6300507       10.319587        1018.078       11.239759       1406.2964      -2.7128474       -2.7128474                           -0        2538.284                                 92.350293          11.239759             1406.2964          10.319587                      23.074052                      396.00059                                589.48582                        9.5174949
              4       1266.3488      -246.90512      -26.161951       1.0420831     0.022537174      0.11856143     0.054776519       3.0393898      0.96587627       1.0003574      -246.90512       220.74317   -0.0013477217      0.29927037      0.70200089      0.80589666     0.047584154      0.25032622      0.80491606       13.712626       147.29327       68.820616   2.0892491e-09       7.6630402       10.338888       1017.8457       11.348525       1406.2503      -2.7150297       -2.7150297                           -0       2538.1277                                 92.344231          11.348525             1406.2503          10.338888                      23.134474                      396.06873                                589.22614                        9.4163306
              1       1265.6031      -246.90512      -26.161951       1.0420831     0.022537174      0.11856143     0.054776519       3.0393898      0.96587627      0.99804215      -246.90512       220.74317   -0.0013477217      0.29927037      0.70200089      0.80589666     0.047584154      0.25032622      0.80491606       13.712626       147.29327       68.820616   2.0892491e-09       7.6630402       10.338888       1015.7614       11.348525       1406.2503      -2.4185943       -2.4185943                           -0       2536.0434                                 92.344231          11.348525             1406.2503          10.338888                      23.482626                      396.09491                                587.35551                        8.8283906
              4       1265.2134      -176.54428      -36.091466        1.041978     0.022435149      0.11867717     0.053671614       3.0417067      0.96487282       1.0001919      -176.54428       140.45281  -0.00096365989      0.30044405      0.70044286      0.80732361     0.047549914      0.25152893      0.80792088       13.723681        147.3755       68.689382   2.0940953e-09        7.576004       10.476585       1015.1755        12.03886       1405.9985      -2.8237791       -2.8237791                           -0       2536.0743                                  92.38484           12.03886             1405.9985          10.476585                      23.646973                      395.97476                                586.87162                        8.6821957
             12         1265.99      -159.10744      -48.326751       1.0421111     0.022476438      0.11922579     0.050531606       3.0391284      0.96278097       1.0009779      -159.10744       110.78069  -0.00086848158      0.30139397      0.69939784      0.80786684     0.047589996      0.25244013      0.80974157       13.706355        147.1838       68.723602   2.0887029e-09         7.25383       10.577264        1016.655       11.856887       1405.8109      -2.7183145       -2.7183145                           -0       2537.4166                                 92.516549          11.856887             1405.8109          10.577264                      24.247645                      395.78687                                587.98589                        8.6346239
              8       1265.0893      -159.10744      -48.326751       1.0421111     0.022476438      0.11922579     0.050531606       3.0391284      0.96278097       1.0019905      -159.10744       110.78069  -0.00086848158      0.30139397      0.69939784      0.80786684     0.047589996      0.25244013      0.80974157       13.706355        147.1838       68.723602   2.0887029e-09         7.25383       10.577264       1014.3728       11.856887       1405.8109      -2.4778581       -2.4778581                           -0       2535.1343                                 92.516549          11.856887             1405.8109          10.577264                      24.079417                      395.78831                                585.77599                        8.7290641
              2       1265.5957      -186.32439      -41.529637       1.0421652     0.022575674      0.11914589     0.050987263       3.0386337      0.96327816       1.0012047      -186.32439       144.79475   -0.0010170442      0.30073332      0.70020723      0.80704214     0.047688855      0.25168379       0.8080279       13.698358       147.09528       68.803719     2.08767e-09       7.2790985       10.504612        1016.082       11.436266       1405.9442      -2.5510997       -2.5510997                           -0       2536.2935                                 92.326486          11.436266             1405.9442          10.504612                      23.989884                       395.7543                                 587.5855                        8.7523164
              1       1265.4541      -184.48262      -40.037548       1.0421904     0.022574458       0.1190529     0.050833287       3.0380349      0.96394953       1.0012202      -184.48262       144.44507    -0.001006991      0.30038169      0.70054884      0.80665227     0.047662069      0.25135964      0.80716526       13.699075       147.12124       68.821197   2.0864202e-09       7.2622528       10.445445        1015.923       11.345514        1406.014       -2.550076        -2.550076                           -0       2536.0083                                 92.280439          11.345514              1406.014          10.445445                      23.808195                      395.77538                                587.51344                        8.8259576
              6       1265.7615      -184.48262      -40.037548       1.0421904     0.022574458       0.1190529     0.050833287       3.0380349      0.96394953        1.001762      -184.48262       144.44507    -0.001006991      0.30038169      0.70054884      0.80665227     0.047662069      0.25135964      0.80716526       13.699075       147.12124       68.821197   2.0864202e-09       7.2622528       10.445445       1016.2793       11.345514        1406.014       -2.420811        -2.420811                           -0       2536.3646                                 92.280439          11.345514              1406.014          10.445445                      23.722214                      395.77428                                587.85405                        8.9287114
              1       1265.7925      -183.78778      -39.710419       1.0421963     0.022572564      0.11906186     0.050755687       3.0379477      0.96391439       1.0017831      -183.78778       144.07736   -0.0010031982      0.30047472        0.700452      0.80663326     0.047670463      0.25144392      0.80727122       13.699593       147.12095        68.81225   2.0862383e-09       7.2545319       10.463389       1016.2876       11.391924       1405.9949      -2.4179362       -2.4179362                           -0       2536.4209                                 92.283085          11.391924             1405.9949          10.463389                      23.725266                        395.774                                587.85894                        8.9293702
              1       1266.2409      -60.947626      -62.334205       1.0421342     0.022532592      0.11920273     0.046944605        3.023251      0.96423341      0.99856249      -60.947626      -1.3865787  -0.00033268018      0.30031547      0.69994083        0.801769     0.047527122       0.2514297      0.80219045       13.693931        147.1275       68.854894   2.0558018e-09       6.8677826       10.390223       1018.0776       11.171565       1406.0113      -2.5661218       -2.5661218                           -0        2537.614                                 91.963338          11.171565             1406.0113          10.390223                      23.622571                      396.03769                                588.60085                        9.8164747
              1       1266.2635      -65.154532      -62.522136       1.0421065     0.022527855      0.11924775     0.046793974       3.0229012      0.96397461      0.99849196      -65.154532       2.6323953  -0.00035564341      0.30059123      0.69968799      0.80172107      0.04754731       0.2516844      0.80251068       13.694889       147.12081       68.833039   2.0550827e-09       6.8530426       10.419606       1017.9903        11.28423       1405.9567      -2.5557394       -2.5557394                           -0       2537.6385                                 91.987733           11.28423             1405.9567          10.419606                      23.682399                      396.06121                                588.45967                        9.7869689
              1       1265.9643      -65.154532      -62.522136       1.0421065     0.022527855      0.11924775     0.046793974       3.0229012      0.96397461      0.99771369      -65.154532       2.6323953  -0.00035564341      0.30059123      0.69968799      0.80172107      0.04754731       0.2516844      0.80251068       13.694889       147.12081       68.833039   2.0550827e-09       6.8530426       10.419606       1016.9193        11.28423       1405.9567      -2.3194953       -2.3194953                           -0       2536.5676                                 91.987733           11.28423             1405.9567          10.419606                      23.805527                      396.05957                                587.53481                        9.5193802
              5       1265.6351      -15.289115      -78.856856       1.0420942     0.022476051      0.11984932     0.045861918        3.022927       0.9630317      0.99800787      -15.289115      -63.567741  -8.3455022e-05      0.30270115      0.69730564      0.80408926     0.047587254       0.2537501      0.80770109       13.691049       147.01893       68.724989   2.0551357e-09       6.7730255       10.749304       1016.0175       11.849541       1405.5459       -2.477687        -2.477687                           -0       2536.2256                                 92.063253          11.849541             1405.5459          10.749304                      24.181025                      396.22142                                586.42027                         9.194793
              1       1265.6672      -15.289115      -78.856856       1.0420942     0.022476051      0.11984932     0.045861918        3.022927       0.9630317      0.99842167      -15.289115      -63.567741  -8.3455022e-05      0.30270115      0.69730564      0.80408926     0.047587254       0.2537501      0.80770109       13.691049       147.01893       68.724989   2.0551357e-09       6.7730255       10.749304       1016.3182       11.849541       1405.5459      -2.5958845       -2.5958845                           -0       2536.5263                                 92.063253          11.849541             1405.5459          10.749304                      24.112515                      396.24104                                586.67182                        9.2928462
              1       1268.0067      -48.936791      -103.33589       1.0421703     0.022262802      0.12048645     0.042059257       3.0148077      0.96088588      0.99786032      -48.936791      -54.399095  -0.00026711951      0.30349004      0.69670043      0.80436924     0.047118901      0.25500784      0.80903452       13.683615       147.08641       68.737278    2.038517e-09       6.4087372       10.753922       1019.4281       11.784547       1405.4147      -2.4591749       -2.4591749                           -0       2540.9317                                  93.55044          11.784547             1405.4147          10.753922                      25.204911                      397.07891                                587.66079                        9.4835182
              2       1268.7063      -111.63009      -91.216437       1.0421081      0.02227419      0.11920668     0.046616714       3.0147584      0.96729721      0.99556834      -111.63009       20.413653  -0.00060932838      0.29741423      0.70311932      0.80179112     0.046611509      0.24945478      0.79832823       13.683303         147.413       69.128061   2.0384165e-09       6.8839264       11.826324       1018.9061       9.8110568       1406.6479       -1.261046        -1.261046                           -0       2539.9347                                 92.743334          9.8110568             1406.6479          11.826324                      23.393778                      396.26459                                588.53638                        10.711401
              5       1268.0152      -143.33454      -83.014238       1.0419368     0.022234892      0.11915143     0.047801076       3.0175167      0.96714719      0.99594431      -143.33454       60.320297  -0.00078238583      0.29856337       0.7021429      0.80246629     0.046740144      0.25046918      0.80054256       13.698794       147.47152       68.971948   2.0440468e-09       7.0158844       11.084027       1018.0082       10.577767       1406.3998      -1.4889192       -1.4889192                           -0       2539.0082                                  92.93841          10.577767             1406.3998          11.084027                      23.255892                      396.05998                                588.26027                        10.432036
              3       1266.5951      -164.15963      -53.215005       1.0418699     0.022403845      0.11861424     0.049870867       3.0211133      0.96920644      0.99601475      -164.15963       110.94462  -0.00089605876      0.29855118      0.70226856      0.80084395     0.047215794      0.24997788      0.79890782       13.711816       147.42672       68.883884   2.0514118e-09       7.1906586       10.400353       1016.8062       11.022993       1406.3961      -1.5720409       -1.5720409                           -0       2536.3342                                  91.70857          11.022993             1406.3961          10.400353                      22.495974                      395.86134                                587.82631                         10.62261
              5       1266.5966      -180.49042      -50.410779       1.0418855     0.022399815      0.11858662     0.050047525       3.0215055      0.96946317      0.99608747      -180.49042       130.07964  -0.00098519972      0.29853207       0.7023768      0.80097685     0.047214828      0.24995952      0.79901482       13.713083       147.43857       68.878394   2.0522164e-09         7.20961       10.394587       1016.8381       11.051055       1406.4025      -1.6195109       -1.6195109                           -0       2536.4323                                 91.746044          11.051055             1406.4025          10.394587                      22.433081                      395.83081                                587.93652                        10.637685
              5       1265.6888      -154.73592      -36.300266       1.0419613     0.022324422      0.11855695     0.050633285        3.029225      0.96621029      0.99898035      -154.73592       118.43565  -0.00084461982      0.30075637       0.7000113       0.8026554     0.047441708       0.2519458       0.8036666       13.737492       147.53042       68.597763   2.0681199e-09       7.2861176        10.51019       1015.6501       12.532892       1405.9318        -2.76764         -2.76764                           -0       2536.9129                                 92.287932          12.532892             1405.9318           10.51019                      22.962889                       395.7802                                587.06896                         9.838096
              2       1267.8188       -197.3984      -29.492391       1.0420415      0.02230646      0.11822576     0.049452988       3.0219872      0.96868832      0.99732931       -197.3984       167.90601   -0.0010774913      0.29915922      0.70184154      0.79945926     0.047268419      0.25052585      0.79833819       13.738294       147.63879       68.695738   2.0532052e-09       7.1618805       10.318408       1018.8945       12.004956        1406.265      -2.2756758       -2.2756758                           -0       2540.1889                                 92.705992          12.004956              1406.265          10.318408                      22.384735                      395.77103                                589.65317                          11.0856
              8       1267.5646      -245.21763      -15.369039       1.0420399     0.022340472      0.11812954     0.050490056       3.0250727      0.96898627      0.99782527      -245.21763        229.8486   -0.0013385107       0.2996342      0.70162742       0.7999676     0.047436558      0.25082992      0.79947973       13.744916       147.62667       68.626143   2.0595502e-09       7.2615509       10.396323       1017.9721         12.3788       1406.1702      -2.4745172       -2.4745172                           -0       2540.0782                                 93.160804            12.3788             1406.1702          10.396323                      22.334737                      395.73863                                589.03236                        10.866324
              1       1267.8099      -245.21763      -15.369039       1.0420399     0.022340472      0.11812954     0.050490056       3.0250727      0.96898627      0.99816966      -245.21763        229.8486   -0.0013385107       0.2996342      0.70162742       0.7999676     0.047436558      0.25082992      0.79947973       13.744916       147.62667       68.626143   2.0595502e-09       7.2615509       10.396323       1018.6834         12.3788       1406.1702      -2.5848617       -2.5848617                           -0       2540.7895                                 93.160804            12.3788             1406.1702          10.396323                      22.290653                       395.7444                                589.60187                        11.046449
              1       1268.8532      -234.94787      -16.119797       1.0419487     0.022309995       0.1180584     0.051248972       3.0240356      0.96917316      0.99720473      -234.94787       218.82807   -0.0012824536      0.29973909      0.70146639       0.7993955     0.047422576      0.25094733      0.79904782       13.750793       147.67976       68.589425   2.0574154e-09       7.3450775       10.418839       1019.7272       12.578343       1406.1468      -2.2222745       -2.2222745                           -0       2542.1509                                 93.279796          12.578343             1406.1468          10.418839                      22.221745                      395.73059                                590.50839                        11.266462
              2       1267.9484      -167.03516      -26.962361       1.0419108     0.022443696      0.11794915     0.055450885       3.0304111      0.96862178      0.99603782      -167.03516        140.0728  -0.00091175475      0.29797968      0.70285557      0.80094434     0.047418523      0.24920024      0.79824284       13.731956       147.56032       68.797582   2.0705742e-09       7.7423553       10.286593       1017.9048       11.468215       1406.5111      -1.5652316       -1.5652316                           -0       2539.0273                                 92.856587          11.468215             1406.5111          10.286593                      22.491134                      396.13114                                588.65131                        10.631237
              1       1268.1901       -217.5116      -33.616723       1.0419183     0.022399379      0.11863063     0.057334565       3.0380819      0.96213084      0.99666868       -217.5116       183.89487   -0.0011872784      0.30037412      0.70073639      0.80503337     0.047490625      0.25151781      0.80553518       13.727563       147.42796       68.677431   2.0865184e-09        7.950119       10.449081       1018.8657       12.102739       1406.0195      -1.9564823       -1.9564823                           -0       2540.2932                                 92.856138          12.102739             1406.0195          10.449081                      24.077183                       396.6929                                588.96426                        9.1313852
              2       1269.2072      -160.88446      -52.057844       1.0416881     0.022346815      0.11876541     0.059543375       3.0400119      0.96147531      0.99556266      -160.88446       108.82662  -0.00087818141      0.30045493       0.7003465      0.80656343     0.047364442      0.25172523      0.80717475       13.726114       147.45073       68.688115   2.0905491e-09       8.1810455       10.405516       1020.2182       12.045624       1405.9986      -1.2779711       -1.2779711                           -0       2540.9704                                 92.302405          12.045624             1405.9986          10.405516                      24.313293                      397.43038                                 589.5643                         8.910269
              2       1269.4942      -166.45058      -54.132095       1.0416508     0.022356949      0.11874125     0.059176442        3.038901       0.9612681      0.99538545      -166.45058       112.31849  -0.00090856384      0.30003147      0.70080044      0.80600479     0.047323816      0.25134418      0.80604706       13.723041       147.44585       68.733173   2.0882281e-09       8.1417389       10.362362        1020.753       11.806241       1406.0864      -1.1495021       -1.1495021                           -0       2541.2875                                 92.279461          11.806241             1406.0864          10.362362                      24.389791                      397.28643                                590.12896                         8.947853
              1        1269.669      -166.45058      -54.132095       1.0416508     0.022356949      0.11874125     0.059176442        3.038901       0.9612681      0.99553953      -166.45058       112.31849  -0.00090856384      0.30003147      0.70080044      0.80600479     0.047323816      0.25134418      0.80604706       13.723041       147.44585       68.733173   2.0882281e-09       8.1417389       10.362362       1021.3263       11.806241       1406.0864      -1.2613633       -1.2613633                           -0       2541.8607                                 92.279461          11.806241             1406.0864          10.362362                      24.363268                      397.27911                                590.69986                        8.9840772
              2       1272.6086      -117.36478      -54.285607       1.0417088     0.022297808      0.11875822     0.059149558       3.0361072      0.96007302       0.9942999      -117.36478       63.079169  -0.00064063093      0.30092433      0.69963939      0.80464763     0.047353178      0.25220323      0.80588628       13.732827       147.50715       68.620918   2.0824021e-09       8.1543732       10.470047       1024.2769       12.407096       1405.8973     -0.24395964      -0.24395964                           -0       2545.7051                                  92.65367          12.407096             1405.8973          10.470047                      24.556892                      397.33935                                593.21706                        9.1636417
              2       1272.8428      -124.13155       -55.68348       1.0417077     0.022294396       0.1188912     0.058441545        3.034343       0.9598526      0.99399175      -124.13155       68.448068  -0.00067756709      0.30139914      0.69920147      0.80441956     0.047377317      0.25265299      0.80629321       13.731708       147.47546       68.598186   2.0787316e-09       8.0876923       10.544336       1024.1015       12.530589       1405.8057     0.046015681      0.046015681                           -0       2545.5935                                 92.611388          12.530589             1405.8057          10.544336                      24.613717                      397.16389                                593.13601                        9.1878402
              4        1271.715      -157.71598      -34.892634       1.0417525     0.022382391      0.11777691     0.061245422       3.0388323      0.96466296      0.99481575      -157.71598       122.82334  -0.00086088636       0.2969917      0.70379281      0.80289453     0.047210384      0.24842266      0.79885881       13.734411       147.67526       68.854839   2.0880847e-09       8.3235321       10.410629         1023.15       11.171849       1406.7313     -0.69926008      -0.69926008                           -0       2544.8286                                 93.364765          11.171849             1406.7313          10.410629                      23.417461                      397.82222                                592.03994                        9.8703527
              1       1271.7081      -157.71598      -34.892634       1.0417525     0.022382391      0.11777691     0.061245422       3.0388323      0.96466296       0.9948104      -157.71598       122.82334  -0.00086088636       0.2969917      0.70379281      0.80289453     0.047210384      0.24842266      0.79885881       13.734411       147.67526       68.854839   2.0880847e-09       8.3235321       10.410629       1023.1273       11.171849       1406.7313     -0.69482019      -0.69482019                           -0       2544.8059                                 93.364765          11.171849             1406.7313          10.410629                      23.418286                      397.82222                                592.01868                        9.8681414
              5       1271.0735      -217.57286      -23.298396       1.0419329     0.022377745      0.11786146     0.063693794       3.0417311      0.96722469      0.99398492      -217.57286       194.27446   -0.0011876127      0.29764708      0.70346403      0.80512415     0.047277914      0.24900829      0.80196061       13.736703       147.65803       68.798506   2.0941463e-09       8.5628815       10.318308       1021.2862       11.463402       1406.5933     0.044098422      0.044098422                           -0       2542.0589                                 92.397722          11.463402             1406.5933          10.318308                      22.917587                      398.73646                                589.81422                        9.8179358
              2       1272.1164       -230.3104      -19.238263       1.0419974      0.02236332      0.11792071     0.064134429       3.0413859      0.96719627      0.99337606       -230.3104       211.07213   -0.0012571401      0.29820909      0.70297143      0.80519298      0.04732159      0.24952448      0.80278599       13.739849        147.6583       68.744581   2.0934237e-09       8.6099091       10.291832        1021.934       11.746009       1406.4712      0.65757524       0.65757524                           -0       2542.9177                                 92.474594          11.746009             1406.4712          10.291832                      22.929994                      398.95239                                590.18924                        9.8624148
              2       1271.9969      -250.99269      -14.305614       1.0419887     0.022437181      0.11803311     0.062605879       3.0391636      0.96631482      0.99337258      -250.99269       236.68707   -0.0013700335      0.29876818      0.70252519      0.80399783     0.047504115       0.2499003       0.8023455       13.736124       147.54579       68.725599   2.0887765e-09       8.4477692       10.324984       1020.9982       11.846313       1406.3533      0.68836626       0.68836626                           -0        2542.617                                 93.094193          11.846313             1406.3533          10.324984                      23.144684                      398.33819                                589.64583                        9.8695075
              1       1271.5895      -250.99269      -14.305614       1.0419887     0.022437181      0.11803311     0.062605879       3.0391636      0.96631482      0.99288446      -250.99269       236.68707   -0.0013700335      0.29876818      0.70252519      0.80399783     0.047504115       0.2499003       0.8023455       13.736124       147.54579       68.725599   2.0887765e-09       8.4477692       10.324984       1019.1103       11.846313       1406.3533        1.225024         1.225024                           -0        2540.729                                 93.094193          11.846313             1406.3533          10.324984                      23.217827                      398.34739                                587.86642                        9.6786173
              7         1271.52      -233.16975      -17.719766       1.0420694     0.022463637      0.11805163     0.062699166       3.0394264      0.96649026      0.99282378      -233.16975       215.44998   -0.0012727477      0.29826758      0.70292865      0.80423906     0.047465308      0.24944122      0.80191357       13.729005       147.51142       68.794209   2.0893256e-09       8.4505768        10.28838       1019.2884       11.485795       1406.4586       1.3138129        1.3138129                           -0       2540.4123                                 92.891118          11.485795             1406.4586           10.28838                      23.206236                      398.35867                                588.04949                        9.6740086
              1       1270.7877      -292.59786      -12.253703       1.0421133     0.022452248      0.11790172     0.063215256        3.040816      0.96761057      0.99325337      -292.59786       280.34415   -0.0015971337      0.29733796      0.70418281      0.80476085     0.047347488      0.24863212      0.80118239       13.727978       147.56419       68.862288   2.0922309e-09       8.4997101       10.320615       1019.1201       11.133577       1406.6737      0.82634553       0.82634553                           -0       2539.9227                                 92.674739          11.133577             1406.6737          10.320615                      22.988264                      398.50074                                587.88477                        9.7463455
              3       1271.6646      -292.59786      -12.253703       1.0421133     0.022452248      0.11790172     0.063215256        3.040816      0.96761057      0.99404094      -292.59786       280.34415   -0.0015971337      0.29733796      0.70418281      0.80476085     0.047347488      0.24863212      0.80118239       13.727978       147.56419       68.862288   2.0922309e-09       8.4997101       10.320615        1022.475       11.133577       1406.6737     0.025815575      0.025815575                           -0       2543.2776                                 92.674739          11.133577             1406.6737          10.320615                      22.874696                      398.47416                                591.05944                        10.066725
              1       1270.6063      -286.81088      -14.695478       1.0421374     0.022330232      0.11792567     0.064419255       3.0460774      0.96786415      0.99564343      -286.81088        272.1154   -0.0015655457      0.29786464      0.70362436      0.80764281     0.047206419       0.2492965      0.80476332       13.738368        147.6939       68.777453    2.103268e-09       8.6450043       10.330073       1022.9235       11.573328       1406.5565      -1.3333998       -1.3333998                           -0       2543.8794                                 92.495961          11.573328             1406.5565          10.330073                      22.787573                      399.04758                                591.43784                        9.6505028
              2       1269.7164      -302.71713      -22.678013        1.042157     0.022444281      0.11802166     0.065193103       3.0591571      0.96215585       1.0000215      -302.71713       280.03911   -0.0016523693      0.29643439       0.7051419      0.81142792      0.04714941      0.24793183      0.80659145       13.715378       147.54119       68.994539   2.1309588e-09       8.6906281       10.625711       1024.3451       10.465031       1406.8848      -2.8207023       -2.8207023                           -0       2545.0742                                 92.753654          10.465031             1406.8848          10.625711                      24.391401                      399.62232                                591.80835                        8.5229833
              1       1272.4965      -234.61227      -56.362139       1.0420394     0.022485355       0.1186559     0.068385786       3.0622497      0.95985912      0.99762534      -234.61227       178.25013   -0.0012806217      0.29643429      0.70477062      0.81495512     0.047010698      0.24807688      0.81009749       13.686784       147.32684        69.15945   2.1375592e-09       8.9875336        11.12276       1027.4076       9.6603831        1406.883      -2.3351695       -2.3351695                           -0       2549.6634                                 94.589697          9.6603831              1406.883           11.12276                       25.34506                      401.37755                                592.25647                        8.4285223
              2       1273.4876      -277.86269      -53.988104        1.041839     0.022463585      0.11855556     0.069792239       3.0638783      0.95941121      0.99727572      -277.86269       223.87459   -0.0015167024      0.29636878      0.70507217      0.81514259     0.046995278      0.24802593       0.8101943       13.692698       147.37783       69.137301   2.1410432e-09       9.1201935       11.091335       1029.0143       9.7665834       1406.9065      -2.2123501       -2.2123501                           -0          2551.4                                 94.621296          9.7665834             1406.9065          11.091335                      25.520265                      402.19996                                592.88923                        8.4048059
              1       1273.3357      -277.86269      -53.988104        1.041839     0.022463585      0.11855556     0.069792239       3.0638783      0.95941121      0.99540401      -277.86269       223.87459   -0.0015167024      0.29636878      0.70507217      0.81514259     0.046995278      0.24802593       0.8101943       13.692698       147.37783       69.137301   2.1410432e-09       9.1201935       11.091335       1026.5181       9.7665834       1406.9065      -1.1162336       -1.1162336                           -0       2548.9039                                 94.621296          9.7665834             1406.9065          11.091335                      25.885055                      402.24901                                589.82047                        8.5636097
              2        1274.986      -294.22861       -51.43836       1.0419395     0.022496129      0.11784207     0.073150887        3.068241      0.96193045      0.99518514      -294.22861       242.79025   -0.0016060351      0.29217994      0.70935105      0.81514761     0.046622278      0.24422271      0.80445328       13.682777       147.53234       69.463579   2.1504043e-09       9.4051666       13.841583       1027.2748       8.2608552       1407.9384     -0.92058292      -0.92058292                           -0       2551.8131                                 94.497394          8.2608552             1407.9384          13.841583                      25.329333                      403.92834                                589.63451                        8.3826059
              2       1276.1743      -318.58437      -61.309746       1.0414899      0.02246411       0.1189858      0.07074957       3.0655063      0.95830975      0.99485051      -318.58437       257.27462     -0.00173898      0.29822617      0.70343681      0.81711924     0.047147544      0.24972672      0.81469994       13.692997       147.26297       69.026376   2.1445316e-09       9.2135468       10.568647       1028.7003       10.307181       1406.5008     -0.68426413      -0.68426413                           -0       2553.7172                                 97.640305          10.307181             1406.5008          10.568647                      26.389551                      402.92488                                590.38252                        9.0033178
              1       1276.3702      -294.02729      -63.811386        1.041467     0.022453985      0.11904027     0.069934467        3.063333      0.95757181      0.99451465      -294.02729       230.21591   -0.0016049362      0.29864602      0.70288283      0.81619877     0.047177915      0.25011471      0.81435483       13.694897       147.25964       68.988601    2.139876e-09       9.1419525       10.495341        1029.754       10.494605       1406.4057      -0.4065861       -0.4065861                           -0       2553.5536                                 96.403951          10.494605             1406.4057          10.495341                      26.561721                      402.48506                                 591.7893                        8.9179469
              5       1276.3275      -243.72169       -72.14253       1.0415477     0.022517244      0.11921102     0.069359067       3.0621498      0.95788398      0.99416471      -243.72169       171.57916   -0.0013303451      0.29849756      0.70275686      0.81632619     0.047209589      0.24993748      0.81427949       13.682332       147.14428       69.062534   2.1373457e-09       9.0759735       10.561338       1028.3738       10.129364       1406.4305    -0.026994349     -0.026994349                           -0        2552.709                                 97.213942          10.129364             1406.4305          10.561338                      26.551459                      402.16192                                590.68764                         8.972769
              2       1276.2863      -243.72169       -72.14253       1.0415477     0.022517244      0.11921102     0.069359067       3.0621498      0.95788398       0.9941899      -243.72169       171.57916   -0.0013303451      0.29849756      0.70275686      0.81632619     0.047209589      0.24993748      0.81427949       13.682332       147.14428       69.062534   2.1373457e-09       9.0759735       10.561338       1028.3384       10.129364       1406.4305    -0.050465757     -0.050465757                           -0       2552.6736                                 97.213942          10.129364             1406.4305          10.561338                      26.546226                      402.16192                                590.66362                        8.9666766
              3       1271.9987      -226.39531      -76.544816       1.0416352     0.022543249      0.11920568     0.064046285       3.0544675      0.95914357      0.99553882      -226.39531       149.85049   -0.0012357697      0.29767982      0.70348025       0.8136556     0.047127788      0.24920543      0.81050311       13.673447       147.11642       69.162348   2.1209887e-09       8.5720062       10.838965       1023.3727       9.6465266       1406.6075      -1.1246385       -1.1246385                           -0       2546.2466                                 95.780993          9.6465266             1406.6075          10.838965                      26.080689                      399.32702                                589.28281                        8.6821586
              1       1271.9965      -153.51625      -74.345844       1.0415818      0.02255513       0.1186714     0.067014699       3.0593698      0.96106586      0.99578185      -153.51625       79.170402  -0.00083796228      0.29616553      0.70459684      0.81388748     0.047085507      0.24773534      0.80866937       13.681026       147.24528       69.211625   2.1314122e-09       8.8408356       11.145444        1023.651       9.4125073       1406.9343      -1.2760968       -1.2760968                           -0       2546.5453                                 95.402038          9.4125073             1406.9343          11.145444                      25.420563                      400.64121                                 589.0297                        8.5595095
              1       1271.4141      -153.51625      -74.345844       1.0415818      0.02255513       0.1186714     0.067014699       3.0593698      0.96106586      0.99630507      -153.51625       79.170402  -0.00083796228      0.29616553      0.70459684      0.81388748     0.047085507      0.24773534      0.80866937       13.681026       147.24528       69.211625   2.1314122e-09       8.8408356       11.145444       1023.1485       9.4125073       1406.9343        -1.60732         -1.60732                           -0       2546.0428                                 95.402038          9.4125073             1406.9343          11.145444                      25.321275                       400.6325                                  588.689                        8.5056826
              1       1271.9722        -118.219      -83.073873       1.0415815     0.022569371      0.11893191     0.065991071       3.0568369       0.9602925      0.99571152        -118.219       35.145126  -0.00064529368      0.29678369        0.703786      0.81365443     0.047122315      0.24831649      0.80928106       13.674694       147.16029       69.206425   2.1260202e-09       8.7460785       11.025471        1023.461        9.437065       1406.7882      -1.2061568       -1.2061568                           -0       2546.3567                                 95.644976           9.437065             1406.7882          11.025471                       25.60832                      400.15591                                589.14459                        8.5522012
              3       1272.9017      -117.43822      -79.937849       1.0415927     0.022617113      0.11879817     0.067007228       3.0592234      0.95979356      0.99584594      -117.43822       37.500375  -0.00064103185      0.29617832      0.70438721      0.81368499     0.047154202      0.24768116      0.80848563       13.672132       147.14308       69.256156   2.1311001e-09       8.8267975       11.128713       1026.3119       9.2034928       1406.9257      -1.2121165       -1.2121165                           -0       2548.2276                                 94.657803          9.2034928             1406.9257          11.128713                      25.778879                      400.65356                                591.36831                        8.5112019
              1       1273.6449      -167.42319      -65.276077       1.0413683     0.022593048      0.11871279     0.067955722       3.0575473      0.96094888       0.9945339      -167.42319       102.14711  -0.00091387277      0.29784085      0.70299704      0.81258394     0.047404957      0.24908436      0.80965451       13.692922       147.19243       69.035986   2.1275312e-09       8.9208527       10.396456       1026.5454       10.259771       1406.5555     -0.24719638      -0.24719638                           -0       2547.7841                                 94.026932          10.259771             1406.5555          10.396456                      25.224774                      401.08258                                591.78483                         8.453257
              1       1273.6198      -167.42319      -65.276077       1.0413683     0.022593048      0.11871279     0.067955722       3.0575473      0.96094888      0.99457556      -167.42319       102.14711  -0.00091387277      0.29784085      0.70299704      0.81258394     0.047404957      0.24908436      0.80965451       13.692922       147.19243       69.035986   2.1275312e-09       8.9208527       10.396456       1026.5679       10.259771       1406.5555     -0.28349437      -0.28349437                           -0       2547.8066                                 94.026932          10.259771             1406.5555          10.396456                      25.216967                      401.08258                                  591.818                        8.4503107
              4       1272.1348      -118.33524      -73.923475       1.0412535     0.022540174      0.11812179     0.066495598       3.0542047      0.96412494      0.99544454      -118.33524        44.41177   -0.0006459282      0.29481426      0.70575612      0.81043395     0.047026735      0.24644363      0.80339891       13.693572       147.40808       69.231895   2.1204316e-09        8.786087       11.480371       1024.6324        9.317077       1407.2456      -1.0609364       -1.0609364                           -0       2546.3914                                 93.715909           9.317077             1407.2456          11.480371                      24.297652                      400.14036                                 591.7504                        8.4439685
              1       1271.3405      -112.06888      -69.834455       1.0413072     0.022532256      0.11807319     0.066576634       3.0543818      0.96443148      0.99552819      -112.06888       42.234423  -0.00061172349       0.2950681      0.70546798      0.81031356     0.047069519      0.24665299      0.80362531       13.698023       147.42983       69.188268    2.120807e-09       8.7959137       11.264485       1023.5213       9.5230735       1407.1817      -1.1321202       -1.1321202                           -0       2544.9451                                 93.454585          9.5230735             1407.1817          11.264485                      24.149459                      400.14524                                590.77169                        8.4549335
              2        1271.093      -124.22949      -83.747338       1.0413603     0.022563493      0.11834337     0.058522809       3.0362894      0.96399513      0.99419642      -124.22949       40.482156  -0.00067810173       0.2941422      0.70646065      0.80437141     0.046886816      0.24591688      0.79647962       13.676754       147.32246       69.370975   2.0827816e-09       8.0210114       12.304453        1022.014       8.6754052       1407.4146    0.0077915066     0.0077915066                           -0       2542.1705                                 91.761958          8.6754052             1407.4146          12.304453                      24.367698                       397.0078                                  591.667                        8.9715489
              4        1271.077      -124.22949      -83.747338       1.0413603     0.022563493      0.11834337     0.058522809       3.0362894      0.96399513      0.99422813      -124.22949       40.482156  -0.00067810173       0.2941422      0.70646065      0.80437141     0.046886816      0.24591688      0.79647962       13.676754       147.32246       69.370975   2.0827816e-09       8.0210114       12.304453       1022.0407       8.6754052       1407.4146    -0.021579875     -0.021579875                           -0       2542.1971                                 91.761958          8.6754052             1407.4146          12.304453                      24.362228                       397.0078                                591.69136                        8.9793145
              1       1271.1425      -148.44635      -69.582541       1.0413945      0.02244844      0.11840003     0.061508798       3.0403438      0.96309558      0.99349688      -148.44635       78.863807  -0.00081028845      0.29660839      0.70412599      0.80593731     0.047058259      0.24819984      0.80136865        13.70281       147.43525       69.067726   2.0912432e-09       8.3396759       10.867882        1021.285       10.103957       1406.8294      0.56543134       0.56543134                           -0       2541.1541                                  92.06791          10.103957             1406.8294          10.867882                      24.318034                      398.02087                                590.13079                        8.8152541
              3       1271.2431       -141.8464      -68.622276       1.0414004     0.022449897      0.11834275     0.061359142       3.0397837      0.96319743      0.99343971       -141.8464       73.224125  -0.00077426291      0.29648897      0.70420938      0.80547638     0.047060931      0.24807776      0.80074909       13.703965       147.44888       69.068005   2.0900721e-09        8.324234        10.87629       1021.4217       10.102592        1406.855       0.6262346        0.6262346                           -0       2541.2337                                 91.978145          10.102592              1406.855           10.87629                      24.262002                      397.96752                                590.32393                        8.8682539
              2       1271.5963       -141.8464      -68.622276       1.0414004     0.022449897      0.11834275     0.061359142       3.0397837      0.96319743       0.9943744       -141.8464       73.224125  -0.00077426291      0.29648897      0.70420938      0.80547638     0.047060931      0.24807776      0.80074909       13.703965       147.44888       69.068005   2.0900721e-09        8.324234        10.87629       1023.9506       10.102592        1406.855     -0.28497055      -0.28497055                           -0       2543.7626                                 91.978145          10.102592              1406.855           10.87629                      24.103343                      397.94838                                592.79983                        9.0990677
              1       1269.7616      -78.876222      -99.584203       1.0413134     0.022391813      0.11872208      0.05320735       3.0286549      0.96232515       0.9964343      -78.876222      -20.707981   -0.0004305427      0.29580344      0.70455154      0.80319728     0.046724516      0.24773482      0.79755972       13.685326       147.41166       69.226476   2.0669412e-09       7.5359955       12.022899       1023.0836       9.3425399        1407.012      -1.8296809       -1.8296809                           -0       2543.1826                                 91.721613          9.3425399              1407.012          12.022899                      24.732482                      396.04012                                 592.8892                        9.4217815
              3       1269.5715      -80.417546      -101.58509       1.0414389     0.022362742      0.11863535      0.05432632        3.029495      0.96383387      0.99605448      -80.417546      -21.167546  -0.00043895596      0.29482507      0.70553851      0.80403587     0.046547538      0.24693678      0.79707099       13.681363       147.46719       69.312916   2.0686783e-09       7.6539154       12.981167       1020.8884       8.9404858       1407.2455      -1.6072431       -1.6072431                           -0       2542.3574                                 92.301855          8.9404858             1407.2455          12.981167                      24.387968                      396.18641                                590.74272                         9.571297
              1       1268.9817      -64.094556      -103.58157       1.0415148     0.022370874      0.11875937     0.053248483       3.0275716      0.96348543      0.99592834      -64.094556      -39.487013  -0.00034985757      0.29516672      0.70510774      0.80361836     0.046574969       0.2472507      0.79711855       13.678401       147.42502       69.305099   2.0647033e-09       7.5451202       12.816381       1019.9517       8.9764804       1407.1607      -1.5253424       -1.5253424                           -0       2541.0141                                 92.108793          8.9764804             1407.1607          12.816381                       24.51167                      396.06576                                589.75203                         9.622285
              1       1267.8274      -149.52775      -103.69772        1.041603     0.022401242       0.1191374     0.049175461       3.0231359      0.96324739      0.99707635      -149.52775        45.83003  -0.00081619125      0.29557305      0.70516786      0.80340624     0.046568252      0.24766575      0.79745647       13.665097       147.29044       69.357124    2.055565e-09       7.1253815       12.900583       1018.6427       8.7382807       1407.0834      -2.1597982       -2.1597982                           -0       2539.9743                                 92.609353          8.7382807             1407.0834          12.900583                      24.876229                      396.02296                                588.11913                        9.6243788
              1       1270.5767      -221.18199      -104.19454       1.0415735     0.022273524      0.11920913     0.043505812       3.0083758      0.96369462      0.99592439      -221.18199       116.98746   -0.0012073131      0.29575809      0.70537387      0.79873025     0.046349986      0.24806769      0.79306324       13.671596       147.41285       69.321772   2.0254475e-09       6.5470123       13.390536       1023.2968       8.8997928       1407.0558      -1.5029954       -1.5029954                           -0       2544.1593                                  91.51643          8.8997928             1407.0558          13.390536                      24.877696                      396.92725                                590.51401                        10.977834
              1       1270.4601      -253.44136      -102.25433       1.0415783     0.022273839      0.11919996     0.041456266       3.0057886      0.96468615      0.99669569      -253.44136       151.18704   -0.0013833996      0.29551315      0.70579495      0.79804871     0.046315143      0.24785862      0.79205835       13.670026       147.41479       69.348334    2.020214e-09        6.321701       13.641553       1023.7647       8.7783007       1407.1201      -1.9585411       -1.9585411                           -0       2544.8373                                 91.532653          8.7783007             1407.1201          13.641553                      24.679069                      397.44981                                590.37277                        11.263062
              1       1266.3535      -244.67505      -71.933458       1.0417924     0.022340629      0.11872152     0.048326976       3.0226254      0.96586717      0.99842015      -244.67505        172.7416    -0.001335549       0.2961691      0.70509077       0.8021228     0.046692382      0.24813046      0.79698492        13.69089       147.46832       69.171101    2.054516e-09       7.0425568       11.819194        1017.702       9.6047514       1406.9524      -2.6532106       -2.6532106                           -0       2538.0135                                 91.935148          9.6047514             1406.9524          11.819194                      23.538445                      396.03311                                587.87361                        10.256849
              5       1266.2337      -261.79898      -70.991562       1.0418055      0.02238577      0.11868321     0.049023335       3.0242582      0.96540313      0.99840861      -261.79898       190.80742   -0.0014290193      0.29555015      0.70580334      0.80237242     0.046686701      0.24752007      0.79639946       13.684549       147.42838       69.245161   2.0578733e-09       7.1057281       12.131597       1017.3815       9.2548829       1407.1009      -2.6459296       -2.6459296                           -0       2537.7593                                 91.890376          9.2548829             1407.1009          12.131597                      23.708926                      395.95195                                587.62081                        10.099832
              1       1267.4123      -310.26723      -68.569401       1.0418284     0.022293356      0.11888311     0.045523881       3.0196474      0.96260466      0.99925725      -310.26723       241.69783   -0.0016935813      0.29678578      0.70483202      0.80085511     0.046652961      0.24878485      0.79655336       13.692702       147.47768       69.127065   2.0484067e-09       6.7561798       11.683142       1020.1719       9.8158559       1406.8233      -2.7973519       -2.7973519                           -0       2540.4193                                 91.925173          9.8158559             1406.8233          11.683142                      24.384321                      396.34906                                589.24684                        10.191684
              5       1267.4379      -306.28567      -70.135759       1.0418345     0.022294572      0.11890856     0.045412817       3.0198297      0.96243838      0.99938956      -306.28567       236.14991   -0.0016718481      0.29673885      0.70485724      0.80101033     0.046639359      0.24875198      0.79664474       13.691115       147.46954        69.13903   2.0487803e-09       6.7449493       11.754729       1020.2521       9.7582711       1406.8337      -2.8121722       -2.8121722                           -0       2540.5001                                 91.901268          9.7582711             1406.8337          11.754729                      24.464418                      396.34769                                589.30744                        10.132558
              1       1269.1284       -260.8124      -81.883176       1.0420047     0.022192928      0.11936301     0.045034864       3.0201017      0.96010956       0.9994225       -260.8124       178.92922   -0.0014236341      0.29831584      0.70303183      0.80276933     0.046557654      0.25040688      0.80051285       13.690924       147.46176       69.041745   2.0493375e-09       6.7309113        11.56276        1023.487       10.231413       1406.4768      -2.7364151       -2.7364151                           -0       2543.7297                                 91.971654          10.231413             1406.4768           11.56276                      25.243677                      396.40234                                592.05671                         9.784321
              3       1270.1761      -326.87235      -76.271156       1.0420463     0.022151731      0.11909972     0.046010915        3.020928      0.96184708      0.99956828      -326.87235        250.6012   -0.0017842197      0.29686586       0.7048426      0.80303939      0.04634459      0.24917365      0.79883365       13.691676       147.57789       69.136011   2.0510315e-09       6.8397064        12.49455       1024.4926       9.7727862       1406.8114      -2.6947195       -2.6947195                           -0       2545.7416                                 92.170193          9.7727862             1406.8114           12.49455                      24.726187                      396.30089                                593.36203                         10.10354
              1       1270.1808      -326.87235      -76.271156       1.0420463     0.022151731      0.11909972     0.046010915        3.020928      0.96184708      0.99957112      -326.87235        250.6012   -0.0017842197      0.29686586       0.7048426      0.80303939      0.04634459      0.24917365      0.79883365       13.691676       147.57789       69.136011   2.0510315e-09       6.8397064        12.49455       1024.5025       9.7727862       1406.8114      -2.6949152       -2.6949152                           -0       2545.7514                                 92.170193          9.7727862             1406.8114           12.49455                      24.725683                      396.30089                                593.37123                        10.104668
              6       1270.0371       -320.3417      -79.078855       1.0419965     0.022162506      0.11919195     0.046580828       3.0233752      0.96048485      0.99990657       -320.3417       241.26284   -0.0017485723      0.29716008      0.70451271       0.8039079     0.046379418      0.24943268       0.8000938       13.690011       147.54134       69.126852   2.0560571e-09       6.9000702       12.330738       1024.3663       9.8168821       1406.7443      -2.7241124       -2.7241124                           -0       2545.5224                                 92.264118          9.8168821             1406.7443          12.330738                      25.188714                      396.16221                                593.30468                        9.7107297
              4       1270.7296      -217.87362      -89.202806       1.0419887     0.022112288      0.11939944     0.045085889       3.0205622      0.95977232      0.99974955      -217.87362       128.67081   -0.0011892544      0.29863287      0.70248032      0.80339364     0.046452224      0.25082748      0.80156097       13.696429       147.54203       68.994359   2.0502816e-09       6.7526703       11.673121       1026.0907       10.465925       1406.4021      -2.6418055       -2.6418055                           -0       2546.7428                                 92.110909          10.465925             1406.4021          11.673121                      25.376812                      396.43675                                594.53361                        9.7435431
              3        1270.529      -164.45055      -88.551536       1.0419389     0.022109993       0.1197675     0.038575121       3.0049219      0.96127187      0.99817456      -164.45055       75.899018  -0.00089764677      0.30164689      0.69917412      0.79849043     0.046795778       0.2534878      0.80067914       13.707463       147.44625       68.737062    2.018464e-09       6.0346222       10.695087        1025.895       11.785691       1405.7755      -2.3762399       -2.3762399                           -0       2545.8105                                 91.659186          11.785691             1405.7755          10.695087                      24.759477                      398.10304                                592.18989                        10.842607
              4       1271.0334      -164.45055      -88.551536       1.0419389     0.022109993       0.1197675     0.038575121       3.0049219      0.96127187      0.99850898      -164.45055       75.899018  -0.00089764677      0.30164689      0.69917412      0.79849043     0.046795778       0.2534878      0.80067914       13.707463       147.44625       68.737062    2.018464e-09       6.0346222       10.695087       1027.0813       11.785691       1405.7755      -2.4649687       -2.4649687                           -0       2546.9967                                 91.659186          11.785691             1405.7755          10.695087                      24.700636                      398.10304                                593.27173                        11.005869
              3        1267.864       -114.2231      -46.613069        1.041923     0.022307054      0.11954204     0.053292807        3.037224      0.96693537      0.99993129       -114.2231       67.610033  -0.00062348223      0.30552331      0.69502253      0.80968541     0.047829116      0.25631308      0.81710498       13.738778       147.28798       68.292803   2.0847291e-09       7.5788116       12.510713       1013.6166       14.248867       1405.0558      -2.8460905       -2.8460905                           -0       2541.4202                                 95.988193          14.248867             1405.0558          12.510713                      22.790402                      395.96276                                585.73568                        9.1277058
              4        1268.252        -69.2528      -35.446151       1.0419713      0.02229978      0.11949094     0.052649899       3.0372125      0.96701628       1.0004571        -69.2528       33.806649  -0.00037801364      0.30715758      0.69314234      0.80895457     0.048088979      0.25767954      0.81854795       13.754694       147.30956       68.096927   2.0847051e-09       7.5149384       14.395645       1013.2825       15.409087        1404.783      -2.8272769       -2.8272769                           -0       2542.1585                                 94.288338          15.409087              1404.783          14.395645                      22.696256                       395.8879                                585.56931                         9.129015
              1       1268.2734        -67.4522      -34.977414       1.0419736     0.022305374      0.11948338     0.053033845       3.0380987      0.96694358       1.0004948        -67.4522       32.474786  -0.00036818514      0.30715812      0.69313198      0.80921783     0.048101788      0.25766724      0.81881505       13.754674       147.30538       68.096399   2.0865535e-09       7.5535431       14.438198       1013.2126       15.412276       1404.7825      -2.8263468       -2.8263468                           -0       2542.1995                                 94.353923          15.412276             1404.7825          14.438198                      22.720465                      395.90367                                585.49888                        9.0895505
              4       1268.1425      -60.328209      -38.592151       1.0419885     0.022273789      0.11946458     0.053795206       3.0398678      0.96599972       1.0006511      -60.328209       21.736058  -0.00032929912      0.30683122      0.69342004       0.8098338     0.047999531      0.25744359      0.81900215       13.754322       147.34554       68.120613    2.090248e-09       7.6377716       13.905571       1013.3999       15.266373       1404.8335      -2.7980744       -2.7980744                           -0       2541.8811                                 94.475752          15.266373             1404.8335          13.905571                      22.927428                      396.01405                                585.44132                        9.0171396
              3       1267.6515      -14.354606      -55.077317       1.0419056     0.022294267       0.1195502     0.055965257        3.044386      0.96388974       1.0004386      -14.354606      -40.722711   -7.835404e-05      0.30590229      0.69409832      0.81159673     0.047862546      0.25665688      0.81954164       13.741691       147.30026       68.249379   2.0997134e-09       7.8539581       12.787825       1013.1955       14.502159       1404.9801      -2.8264722       -2.8264722                           -0       2540.9559                                 95.490405          14.502159             1404.9801          12.787825                      23.516766                      396.43387                                584.43606                        8.8087912
              2       1268.6074      -14.354606      -55.077317       1.0419056     0.022294267       0.1195502     0.055965257        3.044386      0.96388974      0.99845809      -14.354606      -40.722711   -7.835404e-05      0.30590229      0.69409832      0.81159673     0.047862546      0.25665688      0.81954164       13.741691       147.30026       68.249379   2.0997134e-09       7.8539581       12.787825       1014.7577       14.502159       1404.9801      -2.6516619       -2.6516619                           -0       2542.5181                                 95.490405          14.502159             1404.9801          12.787825                      23.828499                      396.43679                                 585.7049                        8.7875076
              1       1267.8296      -41.441688       -57.39651       1.0420162     0.022299291      0.11939813     0.056354412       3.0445545      0.96448516      0.99843207      -41.441688      -15.954822   -0.0002262078      0.30404416       0.6961047      0.81163916     0.047631691      0.25503658      0.81709151       13.731514       147.33505       68.422278   2.1000672e-09       7.8890533       11.448347       1014.8445       13.506881       1405.3009      -2.6471402       -2.6471402                           -0       2540.9535                                  95.85293          13.506881             1405.3009          11.448347                      23.742553                      396.52476                                585.80666                        8.7705064
              1       1267.6879       -38.70442      -59.089606       1.0419868     0.022289897      0.11937332       0.0555666       3.0433114      0.96457118      0.99863939       -38.70442      -20.385186  -0.00021126653      0.30387132      0.69626262      0.81114667     0.047595995      0.25489989      0.81636357        13.73167       147.35201       68.433511   2.0974583e-09        7.811142       11.339829       1015.0327       13.443443       1405.3315      -2.6919103       -2.6919103                           -0       2540.7597                                 95.612183          13.443443             1405.3315          11.339829                      23.713929                      396.35132                                 586.1982                        8.7692945
              4       1267.5894      -68.547304      -71.645416        1.042007     0.022293071      0.11980728     0.051476669       3.0345684      0.96416149      0.99790032      -68.547304      -3.0981126  -0.00037416272      0.30411169      0.69618533      0.80959369     0.047494539      0.25524484      0.81512281       13.715866       147.23307       68.511443   2.0792002e-09       7.3991241       11.153251       1014.4653       13.007438       1405.2976      -2.4886741       -2.4886741                           -0       2540.1561                                  96.23253          13.007438             1405.2976          11.153251                      23.924577                      395.88116                                585.77328                        8.8862307
              1        1268.138      -22.142166       -74.85836       1.0422221     0.022281629      0.11985628     0.050581967       3.0330984      0.96373774      0.99790424      -22.142166      -52.716193  -0.00012086213      0.30397259      0.69607118      0.80919578     0.047435969       0.2551653      0.81453583       13.712087       147.23273       68.536131   2.0761461e-09       7.3099823       11.036143          1016.6       12.870813       1405.3154      -2.4847543       -2.4847543                           -0       2541.2456                                 95.423175          12.870813             1405.3154          11.036143                      24.019187                      395.84946                                587.81624                         8.915121
              5       1268.2224      -41.155597       -78.76693        1.042233     0.022293709      0.11988385     0.051731061       3.0362485      0.96224808       0.9981302      -41.155597      -37.611334  -0.00022464618      0.30324037      0.69690739      0.81031253     0.047334212      0.25453852      0.81467696       13.704088       147.21212       68.628354   2.0826963e-09       7.4272003       10.764924       1017.1873       12.366831       1405.4512      -2.5619382       -2.5619382                           -0       2541.5686                                 95.798318          12.366831             1405.4512          10.764924                       24.52862                      395.96224                                587.85379                        8.8426443
              1       1268.3747      -41.155597       -78.76693        1.042233     0.022293709      0.11988385     0.051731061       3.0362485      0.96224808      0.99805876      -41.155597      -37.611334  -0.00022464618      0.30324037      0.69690739      0.81031253     0.047334212      0.25453852      0.81467696       13.704088       147.21212       68.628354   2.0826963e-09       7.4272003       10.764924       1017.4484       12.366831       1405.4512      -2.5401568       -2.5401568                           -0       2541.8297                                 95.798318          12.366831             1405.4512          10.764924                      24.541009                      395.96224                                588.10325                        8.8419119
              3        1268.309      -54.752289      -74.276697        1.042157     0.022293359      0.11993396     0.050869545       3.0371708      0.96199303      0.99914342      -54.752289      -19.524407  -0.00029886318      0.30417103      0.69605073      0.81058013     0.047462205      0.25533747       0.8161956       13.710463       147.19917       68.535218   2.0846182e-09       7.3380585       11.102322       1017.1567       12.875851       1405.2857      -2.7827887       -2.7827887                           -0       2542.1835                                 95.762951          12.875851             1405.2857          11.102322                      24.557913                      395.87915                                587.87993                        8.8397449
              1       1268.1752      -55.463535      -75.169645       1.0421605     0.022293712      0.11990006     0.050474858       3.0365156      0.96200341      0.99923787      -55.463535       -19.70611  -0.00030274549      0.30384372        0.696382      0.81024792     0.047423017       0.2550505      0.81542201       13.709013       147.20772       68.564073   2.0832527e-09       7.2966461       10.973607       1017.4267       12.717052       1405.3439      -2.7951648       -2.7951648                           -0       2541.9407                                 95.479324          12.717052             1405.3439          10.973607                      24.571124                      395.84545                                588.18167                        8.8284993
              2       1268.2181      -49.689503      -76.114476        1.042149      0.02229367      0.11987968     0.050926239       3.0374592      0.96189849      0.99927416      -49.689503      -26.424973  -0.00027122817      0.30371917      0.69647505      0.81053173     0.047410265      0.25493907      0.81554043        13.70878        147.2132       68.573228   2.0852194e-09       7.3436737        10.93177       1017.4246       12.666877       1405.3655       -2.799468        -2.799468                           -0       2542.0352                                 95.646534          12.666877             1405.3655           10.93177                      24.611009                       395.8923                                588.09712                        8.8241279
              1        1267.713      -38.771106      -75.606819       1.0419965     0.022271375      0.11954185     0.049473892       3.0314897      0.96626004      0.99874886      -38.771106      -36.835712  -0.00021163053      0.30269312      0.69744157      0.80822272     0.047322174      0.25400228      0.81184234       13.715571       147.32736       68.602694   2.0728089e-09       7.1913605       10.688471       1015.9484       12.506048       1405.5505      -2.7053972       -2.7053972                           -0       2540.8367                                 96.143302          12.506048             1405.5505          10.688471                      23.439088                       395.8842                                587.62288                        9.0022579
              4       1268.7473      -100.11941      -79.273004       1.0419227     0.022235508      0.11990019     0.047594658       3.0258888      0.96572962      0.99767558      -100.11941       20.846409  -0.00054649782      0.30379301      0.69667644      0.80750223     0.047310547      0.25511194      0.81259098       13.713103       147.27206       68.555854   2.0612318e-09       7.0046539       10.893651       1016.1462       12.762183       1405.3617      -2.3730931       -2.3730931                           -0       2542.2407                                 97.077078          12.762183             1405.3617          10.893651                      23.644497                      396.05417                                587.33082                        9.1166714
              1       1267.1273      -190.57761      -67.525521       1.0420518     0.022275745      0.11957385     0.048680839       3.0288722      0.96566774      0.99831266      -190.57761       123.05209   -0.0010402603      0.30172204      0.69924154      0.80749081     0.047167573      0.25319055      0.80980505       13.706585       147.31395       68.721772   2.0673903e-09       7.1064301       10.510182       1015.8052       11.866583        1405.759      -2.6052965       -2.6052965                           -0       2539.4652                                 95.524179          11.866583              1405.759          10.510182                      23.657178                      395.92433                                587.15793                        9.0657889
              4       1266.4541      -190.57761      -67.525521       1.0420518     0.022275745      0.11957385     0.048680839       3.0288722      0.96566774      0.99873859      -190.57761       123.05209   -0.0010402603      0.30172204      0.69924154      0.80749081     0.047167573      0.25319055      0.80980505       13.706585       147.31395       68.721772   2.0673903e-09       7.1064301       10.510182       1014.6598       11.866583        1405.759      -2.7057726       -2.7057726                           -0       2538.3198                                 95.524179          11.866583              1405.759          10.510182                      23.590562                      395.93645                                586.00098                        9.1318492
              2        1266.434      -190.57761      -67.525521       1.0420518     0.022275745      0.11957385     0.048680839       3.0288722      0.96566774      0.99875559      -190.57761       123.05209   -0.0010402603      0.30172204      0.69924154      0.80749081     0.047167573      0.25319055      0.80980505       13.706585       147.31395       68.721772   2.0673903e-09       7.1064301       10.510182       1014.6265       11.866583        1405.759      -2.7091811       -2.7091811                           -0       2538.2865                                 95.524179          11.866583              1405.759          10.510182                      23.587914                      395.93645                                585.96743                        9.1347005
              3       1267.3981      -193.21278      -74.575936       1.0420443     0.022233934      0.11987217     0.047285372       3.0252827      0.96480093      0.99814139      -193.21278       118.63685   -0.0010546443      0.30264852      0.69832935      0.80723513     0.047138744      0.25414412       0.8107906        13.70473        147.2812       68.678239   2.0599827e-09       6.9716644       10.614188       1015.3832       12.098416       1405.5855      -2.5276495       -2.5276495                           -0       2539.8515                                  96.17015          12.098416             1405.5855          10.614188                       23.87616                      396.07887                                 586.2295                        9.1986457
              1       1267.1306      -134.90812      -79.167151       1.0418884     0.022214476      0.11976455     0.046622565       3.0209423       0.9646638      0.99692633      -134.90812       55.740968  -0.00073639057      0.30282838      0.69783112      0.80494212      0.04716747      0.25429323      0.80872769       13.711942       147.33129       68.627274    2.051061e-09       6.9035797        10.64917       1015.6665       12.372676       1405.5432      -2.0303291       -2.0303291                           -0       2538.3218                                 94.090289          12.372676             1405.5432           10.64917                      23.849548                      396.12278                                586.31665                        9.3774805
              1       1266.9307      -138.22572      -71.133885       1.0420652     0.022254691      0.11983404     0.045309726        3.019217      0.96430946      0.99701484      -138.22572       67.091834  -0.00075449956      0.30345043      0.69722708      0.80404905     0.047313529      0.25476747      0.80865969       13.711537        147.2681       68.583258   2.0475253e-09       6.7554779       10.816675        1016.298       12.612015       1405.4273      -2.1071312       -2.1071312                           -0       2538.0757                                  92.92163          12.612015             1405.4273          10.816675                      23.828796                      396.30983                                586.72455                        9.4348768
              3       1267.1221      -169.73457      -70.752325       1.0420812     0.022232695      0.11964423     0.046794355       3.0198643      0.96405323      0.99629286      -169.73457       98.982247  -0.00092648937        0.302124      0.69872573      0.80383596     0.047130093      0.25362843      0.80667651       13.709296       147.34296       68.682629   2.0488511e-09        6.916214       10.555184        1016.671       12.074937       1405.6792      -1.7035154       -1.7035154                           -0       2537.6513                                 92.671011          12.074937             1405.6792          10.555184                      23.917703                      396.09404                                 587.1244                        9.5348794
              1       1267.7714      -268.48003      -74.269614       1.0422035     0.022268723      0.12006997     0.045634998       3.0190975      0.96348533      0.99645878      -268.48003       194.21042   -0.0014654875      0.30204562      0.69934337      0.80533707     0.047041806       0.2536431      0.80807809       13.689449       147.19011       68.802729   2.0472807e-09       6.7905731       10.596328       1017.0718       11.441415        1405.713      -1.8258558       -1.8258558                           -0       2539.1945                                 94.371968          11.441415              1405.713          10.596328                      24.359807                      396.30967                                587.00465                        9.3976561
              4       1267.8219      -216.39495      -76.453011       1.0422494     0.022306918      0.12007814     0.049205051       3.0270599      0.96261076      0.99661082      -216.39495       139.94194   -0.0011811832      0.30212281      0.69898188      0.80803906     0.047119253      0.25364294      0.81089288       13.687068       147.14587       68.805093   2.0636469e-09       7.1625824         10.5826       1016.1952       11.429116       1405.6896      -1.9275041       -1.9275041                           -0       2539.4989                                 95.602394          11.429116             1405.6896            10.5826                      24.589069                       395.9256                                586.62451                        9.0560063
              3       1267.7884      -218.54302      -76.085512        1.042243     0.022304858      0.12010768      0.04921316       3.0270381      0.96235522      0.99654547      -218.54302       142.45751   -0.0011929084      0.30233801      0.69877837      0.80804511     0.047139403      0.25383728      0.81118769       13.687875       147.14035        68.78721   2.0636021e-09       7.1639862       10.591981       1016.1046       11.522319        1405.649      -1.8910617       -1.8910617                           -0       2539.3589                                 95.491088          11.522319              1405.649          10.591981                      24.649383                      395.93973                                586.47089                        9.0445556
              5         1267.86      -223.06173      -75.515372       1.0422381     0.022303111      0.12004365     0.049435104       3.0270614      0.96297946      0.99650075      -223.06173       147.54635   -0.0012175735      0.30202953      0.69911156      0.80803647     0.047109281      0.25355968      0.81076508       13.687981       147.15923       68.806503     2.06365e-09       7.1864471       10.576517       1015.9567       11.421782       1405.7083      -1.8655952       -1.8655952                           -0       2539.4512                                 95.787888          11.421782             1405.7083          10.576517                       24.47639                       395.9477                                586.45404                        9.0786076
              1       1268.4448      -223.89912      -78.936963       1.0422833     0.022278617      0.12002455     0.049867495       3.0276323      0.96257961      0.99644837      -223.89912       144.96216   -0.0012221444      0.30145749      0.69968829      0.80836994     0.046982741      0.25311635      0.81033122       13.685005       147.19149       68.861256   2.0648285e-09       7.2362823       10.641194       1016.8281       11.138877       1405.8202      -1.8254663       -1.8254663                           -0       2540.5406                                 96.112159          11.138877             1405.8202          10.641194                      24.653413                      395.96104                                587.13122                        9.0824206
              5       1268.0049      -188.55717      -75.699841       1.0423373     0.022297544      0.11982386     0.050568898       3.0296218       0.9632578      0.99687846      -188.55717       112.85732   -0.0010292317      0.30099695      0.69995593      0.80838844     0.047010591      0.25262831      0.80973053       13.687685       147.22364        68.87009   2.0689407e-09       7.3029633       10.608727       1017.0603       11.093561       1405.9033       -2.063635        -2.063635                           -0        2540.137                                 95.471168          11.093561             1405.9033          10.608727                      24.367178                      395.88881                                587.73753                        9.0667693
              4       1266.6713      -288.62518      -47.199351       1.0422224     0.022396193      0.11970998     0.050033762       3.0274459      0.96540425      0.99639862      -288.62518       241.42583    -0.001575449      0.30260536      0.69889333      0.80656397     0.047475959      0.25376395      0.81005871       13.702012       147.14436       68.683153   2.0644437e-09         7.22435       10.707755       1014.8373       12.072135        1405.602      -1.8078151       -1.8078151                           -0       2536.9582                                  93.73898          12.072135              1405.602          10.707755                       23.54627                      395.86944                                 586.2525                        9.1691455
              1        1266.926      -305.78428      -32.711623       1.0422646     0.022351727      0.11949413      0.05020217       3.0289449      0.96743356      0.99743016      -305.78428       273.07266   -0.0016691113      0.30324591      0.69834614      0.80677746     0.047568741      0.25430632      0.81113026       13.718843       147.25083       68.547988   2.0675406e-09       7.2489166       11.045227       1015.2631       12.805451       1405.4818      -2.3248658       -2.3248658                           -0       2538.5016                                 93.906142          12.805451             1405.4818          11.045227                      22.934494                      395.80569                                587.22871                        9.2941683
              3       1267.1148      -305.78428      -32.711623       1.0422646     0.022351727      0.11949413      0.05020217       3.0289449      0.96743356      0.99727031      -305.78428       273.07266   -0.0016691113      0.30324591      0.69834614      0.80677746     0.047568741      0.25430632      0.81113026       13.718843       147.25083       68.547988   2.0675406e-09       7.2489166       11.045227       1015.5053       12.805451       1405.4818       -2.257095        -2.257095                           -0       2538.7439                                 93.906142          12.805451             1405.4818          11.045227                      22.957326                      395.80569                                 587.4828                        9.2594951
              2       1268.2456      -325.66166      -35.419274       1.0422237     0.022302257      0.11981489     0.047004863       3.0225016      0.96722577      0.99702642      -325.66166       290.24239   -0.0017776112      0.30480553      0.69689476      0.80554755     0.047616912      0.25581335      0.81197372       13.722142       147.22049       68.437446   2.0542617e-09       6.9267426       11.629705       1016.5257       13.421255       1405.2083      -2.1375033       -2.1375033                           -0       2540.7661                                 93.981191          13.421255             1405.2083          11.629705                      22.958241                      396.02967                                 588.0846                        9.4531591
              4       1268.7522      -309.99077       -35.67612       1.0422553     0.022297606      0.11980147     0.048288262       3.0229241      0.96708718      0.99609051      -309.99077       274.31465   -0.0016920722        0.304835      0.69677974      0.80561648     0.047617611       0.2558418      0.81208245       13.722958       147.22931       68.429807   2.0551297e-09       7.0636139       11.648983       1016.5687       13.464343       1405.2008       -1.620448        -1.620448                           -0       2540.7454                                 93.862611          13.464343             1405.2008          11.648983                      22.973954                      395.88118                                588.24194                        9.4715909
              2       1268.3949      -320.61342      -41.093051       1.0419711     0.022311663      0.12003999     0.050712754       3.0269684      0.96469499      0.99531142      -320.61342       279.52037   -0.0017500556      0.30608733      0.69558521      0.80724526     0.047758869      0.25694967      0.81539408       13.724293       147.15081       68.350068   2.0634581e-09       7.3170013       12.428428       1013.0228       13.918249       1404.9932      -1.0892108       -1.0892108                           -0       2538.9682                                 94.605542          13.918249             1404.9932          12.428428                      23.592944                      395.84187                                584.51741                        9.0705769
              3       1268.5532      -322.59954      -45.037693       1.0421192     0.022265831      0.12004667     0.048317651       3.0221538      0.96461046       0.9953943      -322.59954       277.56184   -0.0017608967      0.30539739      0.69628615      0.80579448     0.047566361      0.25645497      0.81301081       13.720118       147.19969       68.417861   2.0535473e-09       7.0762482       11.731764       1015.0835       13.531864       1405.1094      -1.1303354       -1.1303354                           -0        2539.367                                  93.91039          13.531864             1405.1094          11.731764                      23.613161                       395.9076                                 586.2688                        9.2939553
              2       1268.3647      -315.07675      -39.683727       1.0421309     0.022267035      0.11999622     0.047297428       3.0219522      0.96517087      0.99626158      -315.07675       275.39302   -0.0017198338      0.30588207      0.69576025      0.80547141     0.047660844      0.25684251      0.81332948       13.726152       147.21162        68.35186   2.0531333e-09       6.9667511       12.166407       1015.4394       13.907968       1405.0258      -1.7100013       -1.7100013                           -0       2540.1494                                 93.609809          13.907968             1405.0258          12.166407                      23.412101                      395.93778                                586.77329                        9.3162699
              1        1268.358      -306.89724      -33.394336       1.0422024     0.022289292      0.11986329     0.049037929       3.0250657      0.96559331      0.99619328      -306.89724        273.5029   -0.0016751863      0.30572582      0.69587184      0.80609886      0.04772107      0.25662567      0.81375513       13.728686       147.22224       68.342845   2.0595357e-09       7.1450348       12.261073        1015.275       13.959739       1405.0487      -1.6804517       -1.6804517                           -0        2540.077                                 93.532437          13.959739             1405.0487          12.261073                      23.285495                      395.83494                                 586.8918                        9.2628105
              1       1267.0405      -196.42799      -47.796665       1.0421873     0.022321642      0.11963259     0.050986108       3.0296176      0.96548126      0.99659047      -196.42799       148.63133   -0.0010721943       0.3038824      0.69711262      0.80707437     0.047568245      0.25494148       0.8122799       13.719762       147.24758       68.502197    2.068932e-09       7.3394623       11.219934       1014.5582        13.05879       1405.3526      -1.9202734       -1.9202734                           -0       2537.9216                                 93.732059           13.05879             1405.3526          11.219934                      23.416835                      395.80557                                586.23072                        9.1050955
              1       1267.0919      -213.13753      -49.920616       1.0422792     0.022364503      0.11968091     0.050018744       3.0292267      0.96590562      0.99713501      -213.13753       163.21692   -0.0011634027      0.30310328      0.69798321      0.80728593     0.047507013      0.25422798      0.81145057       13.708449       147.18718       68.612108   2.0681233e-09       7.2299652       10.870252       1015.5897       12.454886       1405.4972      -2.1957811       -2.1957811                           -0       2538.5754                                 94.163388          12.454886             1405.4972          10.870252                      23.398293                      395.85308                                587.22301                        9.1152751
              2       1267.8543      -229.16743      -48.211537       1.0422582     0.022315409      0.11949367     0.052425463        3.033306      0.96746354      0.99736776      -229.16743       180.95589   -0.0012509013      0.30246031      0.69871371      0.80897326     0.047380649      0.25371201       0.8122837        13.71354       147.29145       68.628093   2.0765772e-09       7.4861603       10.669452        1015.346       12.368246        1405.619      -2.2945408       -2.2945408                           -0       2540.2977                                 96.294971          12.368246              1405.619          10.669452                      23.035988                      395.88939                                587.29517                        9.1255052
              1        1267.452      -229.16743      -48.211537       1.0422582     0.022315409      0.11949367     0.052425463        3.033306      0.96746354       0.9978475      -229.16743       180.95589   -0.0012509013      0.30246031      0.69871371      0.80897326     0.047380649      0.25371201       0.8122837        13.71354       147.29145       68.628093   2.0765772e-09       7.4861603       10.669452       1014.9086       12.368246        1405.619      -2.4781743       -2.4781743                           -0       2539.8603                                 96.294971          12.368246              1405.619          10.669452                      22.966748                      395.88828                                586.84599                        9.2075511
              4       1267.7183      -188.93564      -40.205287       1.0420532     0.022195235      0.11918089     0.054992906       3.0371023      0.96415678      0.99762348      -188.93564       148.73035   -0.0010312976      0.30368444      0.69726942      0.80821959     0.047460466      0.25484661      0.81316751       13.744218       147.50846       68.385476   2.0844754e-09       7.7704315        11.22586       1016.5039       13.715764       1405.3845      -2.3138942       -2.3138942                           -0       2540.0643                                 93.234338          13.715764             1405.3845           11.22586                      23.551706                      396.25007                                587.71041                        8.9917011
              3       1267.7059      -185.54596      -37.586055       1.0419681     0.022209982      0.11904241     0.056217372       3.0372548      0.96485392      0.99678869      -185.54596        147.9599   -0.0010127952      0.30348562      0.69744972      0.80777051     0.047502292      0.25460566      0.81244959       13.747711         147.529       68.378067   2.0847933e-09       7.8890533       11.253188       1015.8586       13.758008       1405.4189      -1.9566006       -1.9566006                           -0       2539.3249                                 93.036263          13.758008             1405.4189          11.253188                      23.376877                      396.43999                                586.99777                        9.0439219
              3       1266.5113      -160.07611      -48.639176       1.0421623     0.022375111      0.11900211     0.054027312       3.0315514      0.96851278      0.99604997      -160.07611       111.43694  -0.00087376906      0.30058191      0.70021522      0.80630589     0.047355933      0.25186269      0.80708751       13.713981       147.35581       68.737764   2.0729366e-09       7.6300507       10.407034        1014.639        11.78198       1405.9718      -1.6026844       -1.6026844                           -0        2536.228                                 93.428165           11.78198             1405.9718          10.407034                      22.719559                      396.01457                                586.41242                        9.4924874
              2       1266.4209      -203.22968      -51.743265       1.0422077     0.022362662       0.1186081     0.053922548       3.0326764      0.96963615       0.9972758      -203.22968       151.48642   -0.0011093211      0.29741988      0.70361339       0.8061929     0.046966105      0.24910096      0.80271862       13.703408        147.4745       69.003239   2.0752701e-09       7.6153107       10.830494       1015.8117       10.421775       1406.6512      -2.2589172       -2.2589172                           -0       2537.3596                                 93.644443          10.421775             1406.6512          10.830494                      22.564252                      396.00881                                587.53454                        9.7040619
              2       1265.4701      -68.932744      -57.601101       1.0421847      0.02252582      0.11844352     0.058904893       3.0521838      0.96607732       1.0007812      -68.932744       11.331643  -0.00037626663      0.29664248      0.70365794      0.81133151     0.047185588       0.2481076      0.80677862       13.693221       147.33758       69.093249   2.1161507e-09       8.0736542       10.765914          1014.8       9.9795265       1406.8002      -2.6914743       -2.6914743                           -0       2536.3232                                 93.977572          9.9795265             1406.8002          10.765914                      23.572177                      397.01918                                585.61577                        8.5928292
              3       1266.2342      -68.932744      -57.601101       1.0421847      0.02252582      0.11844352     0.058904893       3.0521838      0.96607732       1.0002306      -68.932744       11.331643  -0.00037626663      0.29664248      0.70365794      0.81133151     0.047185588       0.2481076      0.80677862       13.693221       147.33758       69.093249   2.1161507e-09       8.0736542       10.765914       1016.4173       9.9795265       1406.8002      -2.7360467       -2.7360467                           -0       2537.9405                                 93.977572          9.9795265             1406.8002          10.765914                      23.658511                      397.02027                                587.17577                        8.5627462
              5       1265.9834      -33.796315      -59.600673       1.0422738     0.022505582      0.11837527     0.057685217       3.0478288      0.96650575      0.99949654      -33.796315      -25.804358  -0.00018447584      0.29632824      0.70378041      0.80955066       0.0471227      0.24785683      0.80458128       13.693763       147.37809       69.108273   2.1069548e-09         7.95784       10.917504       1016.7703       9.9066444       1406.8652      -2.7445199       -2.7445199                           -0       2537.4559                                 92.996199          9.9066444             1406.8652          10.917504                      23.494843                      396.67592                                587.92784                        8.6716958
              6       1266.2229      -115.94708      -54.326084       1.0422789     0.022506092      0.11798984     0.056892039       3.0437112      0.96841096      0.99903413      -115.94708       61.620995  -0.00063289249       0.2938713       0.7066862      0.80731119     0.046860503      0.24566962      0.79902236        13.68847       147.48023       69.302128   2.0982971e-09       7.8722076       12.241988       1016.7565       8.9901804       1407.4675      -2.6895856       -2.6895856                           -0        2537.825                                 92.368787          8.9901804             1407.4675          12.241988                      23.054839                      396.45542                                 588.2251                        9.0211645
              3       1265.7717      -145.32504      -41.095941       1.0419965     0.022460523      0.11840653     0.051216411        3.029011       0.9699916      0.99730468      -145.32504        104.2291  -0.00079325094       0.2985421      0.70217475      0.80284929     0.047384322      0.24979887      0.80089613       13.716489        147.4192       68.848201   2.0676773e-09       7.3155975        10.31191       1016.2244       11.206007       1406.3899      -2.2274091       -2.2274091                           -0       2535.9983                                 91.866029          11.206007             1406.3899           10.31191                      22.465554                      395.82711                                588.25369                        9.6780399
              3       1265.7686      -129.85006      -54.677777       1.0419143      0.02244693      0.11864223     0.048862991       3.0244089      0.96803487      0.99696815      -129.85006       75.172286  -0.00070878138      0.29857135      0.70206115      0.80166562     0.047286069      0.24992836      0.79975452       13.707973       147.37133       68.898834   2.0581834e-09        7.077652       10.375174       1016.2613       10.946763       1406.3854      -2.0835213       -2.0835213                           -0       2535.7042                                 91.735572          10.946763             1406.3854          10.375174                      22.935141                      395.88756                                587.74759                        9.6910197
              2       1265.5514      -94.487038      -58.708614       1.0420031     0.022473993      0.11846938     0.051164057        3.029639      0.96952286      0.99749666      -94.487038       35.778423  -0.00051575372      0.29715048      0.70328927      0.80360982     0.047166294      0.24863234      0.79978422       13.700463       147.38751       69.027834   2.0689763e-09       7.3085785       10.649314       1016.0546       10.299979       1406.6912      -2.2957159       -2.2957159                           -0       2535.6943                                 91.999227          10.299979             1406.6912          10.649314                      22.687965                      395.80717                                588.01796                        9.5414594
              3       1265.8052      -120.67506      -57.203022       1.0421251     0.022470003      0.11849759     0.051482715       3.0291237      0.96952843      0.99698405      -120.67506       63.472042  -0.00065870001      0.29681201      0.70377079      0.80368507     0.047096148      0.24836578      0.79940343       13.696262       147.38445       69.073089   2.0679103e-09       7.3422699        10.82567       1016.0315        10.07775       1406.7725      -2.0729304       -2.0729304                           -0       2535.7562                                 92.048763           10.07775             1406.7725           10.82567                      22.697769                      395.78911                                587.89392                        9.6506897
              2       1265.2421      -120.67506      -57.203022       1.0421251     0.022470003      0.11849759     0.051482715       3.0291237      0.96952843      0.99743778      -120.67506       63.472042  -0.00065870001      0.29681201      0.70377079      0.80368507     0.047096148      0.24836578      0.79940343       13.696262       147.38445       69.073089   2.0679103e-09       7.3422699        10.82567       1015.3103        10.07775       1406.7725      -2.2754124       -2.2754124                           -0       2535.0351                                 92.048763           10.07775             1406.7725           10.82567                      22.635876                      395.78911                                587.07664                         9.808711
              1        1266.851      -152.01389       -55.94483       1.0423235      0.02266911      0.11838874     0.052425879       3.0374692      0.96794588      0.99967152      -152.01389       96.069057  -0.00082976172      0.29422426      0.70653032      0.80562921      0.04706922      0.24581758      0.79783634       13.666132       147.19299       69.398284   2.0852403e-09       7.3949127        11.92132       1018.7892       8.5520975       1407.3897       -2.472654        -2.472654                           -0       2538.6473                                 91.995046          8.5520975             1407.3897           11.92132                      23.216701                      395.84943                                590.58452                        9.1385463
              6       1266.7813      -145.79513      -59.657373       1.0423134     0.022660819       0.1184697        0.052296       3.0374839        0.967324      0.99968104      -145.79513        86.13776   -0.0007958169      0.29432562      0.70639502      0.80587017      0.04704409       0.2459443      0.79821243       13.664157       147.18062       69.404122    2.085271e-09       7.3850861       11.982428       1018.6181       8.5258504       1407.3649      -2.4922214       -2.4922214                           -0        2538.547                                 92.055723          8.5258504             1407.3649          11.982428                      23.389836                      395.84392                                590.31303                        9.0713118
              1       1265.3721       -8.969224      -62.329131       1.0421572     0.022436558      0.11840525      0.04781593       3.0254595       0.9685105      0.99899657       -8.969224      -53.359907   -4.895815e-05      0.29721043      0.70276246      0.80145161     0.047131037       0.2487263      0.79771674       13.704452       147.44587       68.996112   2.0603469e-09       6.9681549       10.666511       1016.8887       10.457203       1406.6612      -2.7452904       -2.7452904                           -0       2536.2347                                 91.561118          10.457203             1406.6612          10.666511                      22.771454                      395.95226                                588.13722                        10.027777
              8       1264.8559      -43.282753      -72.020979       1.0418202     0.022320668       0.1187993     0.052500127       3.0344032      0.96551893      0.99865701      -43.282753      -28.738226  -0.00023625717      0.29931107      0.70084874      0.80618213     0.047126337      0.25082474      0.80525592       13.714735       147.47016       68.821123   2.0788568e-09       7.4826508       10.439772       1014.4011       11.345895       1406.2175      -2.7057719       -2.7057719                           -0       2535.1233                                 92.718996          11.345895             1406.2175          10.439772                      23.507465                      395.92369                                585.91422                        9.0557667
              2       1265.1996      -19.542078       -77.14426       1.0421679     0.022369117      0.11864303     0.049922328       3.0308073      0.96725893      0.99944997      -19.542078      -57.602182  -0.00010666965      0.29675872      0.70327209      0.80496635     0.046861532      0.24854778      0.80060601       13.694468       147.45768       69.090156   2.0713948e-09       7.2053986       11.293455       1015.6077        9.994565       1406.7706      -2.8276672       -2.8276672                           -0       2536.0545                                 92.388196           9.994565             1406.7706          11.293455                      23.223238                      395.88096                                587.03515                        9.4683786
              1       1265.8381      -20.732662      -66.964116       1.0422548     0.022335108      0.11849963     0.050855177       3.0305123      0.96735435      0.99871924      -20.732662      -46.231454  -0.00011316841      0.29725744      0.70277964      0.80418964     0.046927692      0.24897637      0.80050531       13.706367       147.53383       68.988933   2.0707839e-09       7.3071747       10.930984       1017.1811       10.492951       1406.6548      -2.7211674       -2.7211674                           -0       2537.1185                                   91.8587          10.492951             1406.6548          10.930984                      23.032571                      395.81905                                588.64423                        9.6852047
              1       1266.2089      -20.732662      -66.964116       1.0422548     0.022335108      0.11849963     0.050855177       3.0305123      0.96735435      0.99997246      -20.732662      -46.231454  -0.00011316841      0.29725744      0.70277964      0.80418964     0.046927692      0.24897637      0.80050531       13.706367       147.53383       68.988933   2.0707839e-09       7.3071747       10.930984       1018.1849       10.492951       1406.6548      -2.8523335       -2.8523335                           -0       2538.1224                                   91.8587          10.492951             1406.6548          10.930984                      22.854241                      395.82739                                589.34524                        10.158042
              2       1266.1207      -20.355125      -67.901201       1.0422576     0.022340719      0.11846428     0.051336219       3.0316102       0.9673714       1.0000666      -20.355125      -47.546076  -0.00011110764      0.29690766      0.70312743      0.80453223     0.046894104      0.24866149      0.80037502       13.704412       147.53706       69.022303   2.0730587e-09       7.3556061       11.076113       1017.8867       10.327307       1406.7336      -2.8525346       -2.8525346                           -0       2537.9464                                 91.922771          10.327307             1406.7336          11.076113                       22.87221                      395.82271                                589.09634                        10.095409
              7       1265.7941      -20.355125      -67.901201       1.0422576     0.022340719      0.11846428     0.051336219       3.0316102       0.9673714        0.998752      -20.355125      -47.546076  -0.00011110764      0.29690766      0.70312743      0.80453223     0.046894104      0.24866149      0.80037502       13.704412       147.53706       69.022303   2.0730587e-09       7.3556061       11.076113       1016.9851       10.327307       1406.7336      -2.7282884       -2.7282884                           -0       2537.0448                                 91.922771          10.327307             1406.7336          11.076113                      23.059943                      395.83828                                588.47438                        9.6124709
             10       1265.8006      -38.597147      -82.550855       1.0417894     0.022334292      0.11837219      0.05297944       3.0336371      0.96527821      0.99828347      -38.597147      -43.953708  -0.00021068098      0.29566879      0.70446614      0.80468342     0.046717539      0.24760389      0.79885355       13.699608       147.56894       69.142665   2.0772647e-09       7.5219574       11.848442       1016.2607       9.7408097        1407.028      -2.6165847       -2.6165847                           -0       2536.8343                                  91.95625          9.7408097              1407.028          11.848442                      23.745882                      395.99476                                587.27531                        9.2447915
              5       1266.0682      -33.674635      -84.915498       1.0417812     0.022330774      0.11836579     0.053098834        3.033455      0.96522452      0.99811789      -33.674635      -51.240864  -0.00018381165       0.2954276      0.70468052      0.80465519     0.046675353      0.24740588      0.79849964       13.697922       147.57457       69.168456   2.0768865e-09       7.5345917       12.065576       1016.5384       9.6173656       1407.0846      -2.5684669       -2.5684669                           -0       2537.2733                                 91.967335          9.6173656             1407.0846          12.065576                      23.788792                      395.97819                                587.51295                        9.2584389
              4       1266.0848      -49.697564      -91.650064       1.0418339     0.022365903      0.11848801     0.051369367       3.0318968       0.9647258      0.99868946      -49.697564      -41.952499  -0.00027127217      0.29459257      0.70560331      0.80455412     0.046564803       0.2466867       0.7972702       13.683397        147.5027       69.304962   2.0736528e-09       7.3520966       12.974234       1016.3153       8.9771108       1407.2907      -2.7148803       -2.7148803                           -0       2537.5993                                 92.041985          8.9771108             1407.2907          12.974234                      24.139247                      395.95986                                586.98614                        9.2300232
              5       1266.0188      -49.697564      -91.650064       1.0418339     0.022365903      0.11848801     0.051369367       3.0318968       0.9647258       0.9997071      -49.697564      -41.952499  -0.00027127217      0.29459257      0.70560331      0.80455412     0.046564803       0.2466867       0.7972702       13.683397        147.5027       69.304962   2.0736528e-09       7.3520966       12.974234       1016.4444       8.9771108       1407.2907      -2.8454172       -2.8454172                           -0       2537.7285                                 92.041985          8.9771108             1407.2907          12.974234                      23.970811                       395.9113                                587.02775                        9.5345785
              1       1266.1654      -43.573476      -93.311622       1.0418335     0.022347653       0.1185249     0.050330045       3.0304261      0.96440059      0.99994612      -43.573476      -49.738146  -0.00023784408       0.2947575      0.70540492       0.8041041     0.046546724      0.24686914      0.79704728       13.684316       147.51308       69.290134   2.0706053e-09       7.2489166       12.946998       1016.8967       9.0455924       1407.2501      -2.8529518       -2.8529518                           -0       2538.0367                                 91.897315          9.0455924             1407.2501          12.946998                      24.065777                      395.93817                                587.30565                        9.5870918
              1       1266.2008      -29.728596      -92.183673       1.0418567     0.022351945       0.1184476     0.050880368       3.0306676      0.96464151      0.99964253      -29.728596      -62.455077  -0.00016227235      0.29458595      0.70550091      0.80390306     0.046552586      0.24669181      0.79661608       13.685539       147.52897       69.292425   2.0711054e-09       7.3043671       12.980302        1017.022       9.0349961        1407.288      -2.8429678       -2.8429678                           -0       2538.0875                                 91.762233          9.0349961              1407.288          12.980302                      23.950376                       395.9085                                587.50117                        9.6619127
              2       1265.5844      -1.4513525      -85.033507          1.0416     0.022338396      0.11860079     0.050669307        3.030111      0.96411023      0.99936437      -1.4513525      -83.582155  -7.9221498e-06      0.29761985      0.70231195      0.80342494     0.046957155      0.24930867      0.80023147       13.707628       147.50318       68.972363    2.069953e-09       7.2875214        10.82985       1017.1578       10.575687        1406.577      -2.8203908       -2.8203908                           -0       2536.8095                                 91.669218          10.575687              1406.577           10.82985                      23.827403                      395.86042                                588.01046                        9.4594924
              3       1265.5986      -1.4513525      -85.033507          1.0416     0.022338396      0.11860079     0.050669307        3.030111      0.96411023      0.99866152      -1.4513525      -83.582155  -7.9221498e-06      0.29761985      0.70231195      0.80342494     0.046957155      0.24930867      0.80023147       13.707628       147.50318       68.972363    2.069953e-09       7.2875214        10.82985       1016.9643       10.575687        1406.577       -2.709391        -2.709391                           -0       2536.6161                                 91.669218          10.575687              1406.577           10.82985                      23.940895                      395.84803                                 587.9258                        9.2495826
              3       1265.6563      -77.654754      -85.490337       1.0415138     0.022400463      0.11890907     0.049451416       3.0258846      0.96617265      0.99762521      -77.654754      -7.8355831  -0.00042387537      0.29809918      0.70224865      0.80344949     0.047040416      0.24970609      0.80090008       13.696592       147.35199       69.006963   2.0612231e-09       7.1513519       10.727506       1016.0442       10.403288       1406.4878      -2.3927328       -2.3927328                           -0       2536.0981                                 92.435249          10.403288             1406.4878          10.727506                      23.598613                      395.91144                                587.13647                        9.3977287
              1       1265.9187      -42.816728      -94.960791       1.0415536     0.022382646      0.11906932     0.047491927       3.0221745      0.96644517      0.99759396      -42.816728      -52.144063   -0.0002337134      0.29813998      0.70201775      0.80293035     0.046962314      0.24982617      0.80043737       13.690913       147.32903        69.03685   2.0535898e-09       6.9520111       10.895485       1016.2593       10.255512       1406.4752      -2.3861878       -2.3861878                           -0       2536.6098                                 92.724252          10.255512             1406.4752          10.895485                      23.664768                      396.13483                                586.89626                         9.563472
              1       1265.0524      -38.753677      -89.413682       1.0417207      0.02241638      0.11914881     0.049515229       3.0264092      0.96594601      0.99742013      -38.753677      -50.660005   -0.0002115354      0.29866664      0.70146885      0.80450375     0.047078662      0.25023517      0.80271394       13.689689       147.27064       69.003431   2.0623045e-09       7.1590729       10.676354        1014.221       10.420821       1406.3589      -2.3046505       -2.3046505                           -0        2534.714                                 93.036887          10.420821             1406.3589          10.676354                      23.691097                      395.90909                                585.30532                        9.3154933
              2       1268.1845      -173.96592      -107.53187       1.0414748     0.022283111      0.12053176     0.040090086       3.0111692      0.95990364      0.99748612      -173.96592       66.434047  -0.00094958602      0.30349362      0.69737936      0.80279566     0.047140866      0.25499006      0.80745657       13.684379       147.05182       68.752601   2.0311135e-09       6.1841278       10.725937       1019.6958       11.703763       1405.4365      -2.3312967       -2.3312967                           -0       2541.0316                                 93.469608          11.703763             1405.4365          10.725937                      26.095291                      397.72981                                586.65499                        9.2156865
              2       1269.2651      -173.96592      -107.53187       1.0414748     0.022283111      0.12053176     0.040090086       3.0111692      0.95990364      0.99896459      -173.96592       66.434047  -0.00094958602      0.30349362      0.69737936      0.80279566     0.047140866      0.25499006      0.80745657       13.684379       147.05182       68.752601   2.0311135e-09       6.1841278       10.725937       1022.6967       11.703763       1405.4365      -2.7510971       -2.7510971                           -0       2544.0325                                 93.469608          11.703763             1405.4365          10.725937                      25.805757                      397.71563                                589.61799                        9.5572736
              1       1270.1956      -127.60314       -126.5072       1.0416983     0.022263673      0.12087376     0.038357773       3.0110195      0.95829606      0.99995298      -127.60314       1.0959366  -0.00069651664      0.30276437      0.69785589      0.80424276     0.046881163      0.25452683      0.80793964       13.664013       146.98314       68.912693   2.0308093e-09       5.9967194       10.901895       1023.5294        10.87633       1405.5684      -2.8258094       -2.8258094                           -0       2546.0428                                 95.166774           10.87633             1405.5684          10.901895                      27.102844                      398.32374                                588.69251                        9.4103088
              1       1270.3443      -100.30314       -127.7191       1.0416325     0.022286821      0.12101056     0.037115392       3.0116739      0.95841734       1.0010967      -100.30314      -27.415953  -0.00054750069       0.3038049      0.69666617       0.8047516     0.047038863      0.25540651      0.80983885       13.666156       146.92147       68.832835   2.0321387e-09       5.8521271       10.839642       1022.7572       11.285283       1405.3739      -2.7424121       -2.7424121                           -0       2546.1735                                 95.917484          11.285283             1405.3739          10.839642                      27.067508                      398.76002                                 587.6497                        9.2799398
              6        1270.211      -89.701464      -114.45527       1.0416175     0.022228586       0.1209341     0.041004266       3.0193545      0.95826465         1.00129      -89.701464       -24.75381  -0.00048963185      0.30582872       0.6945839      0.80712976     0.047272725      0.25718614      0.81493293       13.689761       147.00627       68.572598   2.0478069e-09       6.3020477       11.269816       1019.9537       12.670324         1405.02       -2.666237        -2.666237                           -0       2545.7545                                 96.840737          12.670324               1405.02          11.269816                      26.282866                      397.34592                                587.23807                        9.0868151
              1       1269.3914      -89.701464      -114.45527       1.0416175     0.022228586       0.1209341     0.041004266       3.0193545      0.95826465      0.99988376      -89.701464       -24.75381  -0.00048963185      0.30582872       0.6945839      0.80712976     0.047272725      0.25718614      0.81493293       13.689761       147.00627       68.572598   2.0478069e-09       6.3020477       11.269816       1018.5785       12.670324         1405.02      -2.7982838       -2.7982838                           -0       2544.3794                                 96.840737          12.670324               1405.02          11.269816                      26.567328                      397.39472                                585.62147                          8.99501
              1       1267.3976      -92.982464       -91.51464       1.0414309     0.022335632      0.11996934     0.050443976       3.0330498      0.95899061      0.99853307      -92.982464       1.4678239  -0.00050754106      0.30352979      0.69690086      0.80815696     0.047426178      0.25473589      0.81289743       13.704306        147.1429       68.626217   2.0760452e-09       7.2833099       10.861905        1017.461       12.378396       1405.4114      -2.6802992       -2.6802992                           -0       2540.1558                                 94.043166          12.378396             1405.4114          10.861905                      25.581856                      395.94172                                587.23231                        8.7050728
              1         1267.41      -114.61252      -83.947869       1.0415281     0.022344655      0.12000877     0.052157276       3.0361012      0.95874404      0.99823461      -114.61252       30.664653  -0.00062560787      0.30412379      0.69642481      0.80927886     0.047522076      0.25523178      0.81482203       13.707081       147.12263       68.570785   2.0823896e-09        7.458786       11.112376       1016.6215       12.680256       1405.3067      -2.6037704       -2.6037704                           -0       2540.0276                                 94.306683          12.680256             1405.3067          11.112376                      25.539582                      395.99185                                586.39056                        8.6995528
              1       1266.2788      -136.13611      -73.081886       1.0417229     0.022344185      0.11963974     0.050723422       3.0368113      0.95898607       1.0001355      -136.13611       63.054227  -0.00074309352      0.30266828      0.69799797      0.80824277     0.047416167      0.25388521      0.81182918       13.709112       147.22066       68.646601   2.0838688e-09       7.3064728       10.702923       1016.8204        12.26831       1405.5714      -2.8516113       -2.8516113                           -0       2538.2609                                 92.897872           12.26831             1405.5714          10.702923                      25.342145                      395.88628                                 586.9626                        8.6294012
              3       1266.2612      -103.27415       -67.07991       1.0417138     0.022366634      0.11940211     0.053903944       3.0441228       0.9600499       1.0008821      -103.27415       36.194243  -0.00056371784      0.30250056      0.69798624      0.81023239     0.047509183      0.25362317      0.81360211       13.715954       147.25901        68.61381   2.0991609e-09       7.6244354       10.763697       1015.8335       12.445644       1405.5951      -2.7899398       -2.7899398                           -0       2538.1024                                 93.464499          12.445644             1405.5951          10.763697                      24.949615                      396.14984                                 586.1421                        8.5919091
              1       1266.2123      -122.06947      -62.637672       1.0417407     0.022434746      0.11934483     0.052603358       3.0434203      0.96002876       1.0015633      -122.06947       59.431793  -0.00066631129      0.30203213      0.69855739      0.80939929     0.047576446      0.25308969        0.812136       13.710493       147.19857        68.66961   2.0976868e-09       7.4763336       10.694343       1016.3118       12.144634       1405.6856      -2.6314678       -2.6314678                           -0       2537.6876                                 92.851188          12.144634             1405.6856          10.694343                      24.974575                      395.95496                                586.83409                        8.5481866
              1       1266.5101      -122.06947      -62.637672       1.0417407     0.022434746      0.11934483     0.052603358       3.0434203      0.96002876       1.0012493      -122.06947       59.431793  -0.00066631129      0.30203213      0.69855739      0.80939929     0.047576446      0.25308969        0.812136       13.710493       147.19857        68.66961   2.0976868e-09       7.4763336       10.694343       1017.0488       12.144634       1405.6856       -2.702121        -2.702121                           -0       2538.4245                                 92.851188          12.144634             1405.6856          10.694343                      25.031308                      395.94587                                587.51906                        8.5525417
              2        1266.893      -15.560216      -75.639919       1.0415215     0.022464141      0.11980596     0.046695945       3.0298974      0.96177054       1.0001712      -15.560216      -60.079703  -8.4934817e-05      0.30473932       0.6952684       0.8057491     0.047900806      0.25546501      0.81208866       13.713269       147.04359       68.481536    2.069511e-09       6.8621674        11.94328       1016.6571       13.173907       1405.1809      -2.8032775       -2.8032775                           -0       2539.3926                                 92.437343          13.173907             1405.1809           11.94328                      24.470017                      396.06694                                 587.4014                         8.718769
              1       1269.9395      -67.685319      -60.594745       1.0418613     0.022411253      0.12056236     0.041561538       3.0245713      0.96129147       1.0014846      -67.685319       7.0905736  -0.00036945761      0.30946009      0.69083134      0.80609438     0.048290608      0.25978153      0.81870528       13.724421        146.9022        68.12425   2.0585178e-09       6.3252106       15.885467       1016.7357       15.244518       1404.4488      -2.6631887       -2.6631887                           -0       2545.2055                                 92.890979          15.244518             1404.4488          15.885467                      24.410016                      397.01749                                586.45399                        8.8542231
