#        weight    minuslogpost          a_samp               s              H0         omega_b       omega_cdm           a_exo           b_exo        Omega_x0             A_s         Omega_m    Omega_Lambda          sigma8         Omega_b       Omega_cdm              S8             age         rs_drag       chi2__BAO        chi2__H0        chi2__SN   minuslogprior minuslogprior__0 minuslogprior__h2_positivity            chi2 chi2__H0.riess2020 chi2__sn.pantheonplus chi2__bao.desi_dr2
              1       744.58284      -42.797869       -159.1876       71.251107     0.022161087      0.12184501      -42.797869      -116.38973  -0.00023361046   2.0989032e-09      0.28492852      0.71523376      0.83073459      0.04365237      0.24000734      0.80959837       13.446814       146.84289        63.17975       2.2474459       1410.0015       6.8684742        6.8684742                           -0       1475.4287          2.2474459             1410.0015           63.17975
              6       744.78688      -51.756149      -166.50187       71.251107     0.022164128      0.12159799      -51.756149      -114.74572  -0.00028250887   2.0989032e-09      0.28444793      0.71576325      0.82964803      0.04365836      0.23952076      0.80785728       13.454803       146.90428       63.438471       2.2474459       1410.1592       6.8643121        6.8643121                           -0       1475.8451          2.2474459             1410.1592          63.438471
              1       741.77561      -60.764495      -184.10281       71.251107     0.022253119       0.1229096      -60.764495      -123.33831  -0.00033168057   2.0989032e-09       0.2872068      0.71305355      0.83486066     0.043833652      0.24210434      0.81686583       13.422075       146.46367       58.434066       2.2474459       1409.3249       6.7724113        6.7724113                           -0       1470.0064          2.2474459             1409.3249          58.434066
              1       742.23879       -95.15149      -127.42146       71.251107     0.022275247      0.12228249       -95.15149      -32.269971   -0.0005193806   2.0989032e-09      0.28601511      0.71443294      0.83186982     0.043877239      0.24086907      0.81224909        13.42795       146.60259       59.048104       2.2474459       1409.6649         6.75854          6.75854                           -0       1470.9605          2.2474459             1409.6649          59.048104
              4       733.76725      -221.46285      -492.12799       71.251107     0.022657341      0.12469873      -221.46285      -270.66515   -0.0012088461   2.0989032e-09      0.29152721      0.70961031      0.84070178     0.044629879      0.24562852      0.82874493       13.436233       145.56182       42.833792       2.2474459        1408.287       7.0831214        7.0831214                           -0       1453.3683          2.2474459              1408.287          42.833792
              2       730.02104      -203.24429      -456.40637       70.386673     0.022241558      0.11972879      -203.24429      -253.16208   -0.0011094008   2.0989032e-09      0.28786095      0.71317536      0.81937881      0.04489359       0.2416672      0.80263017       13.641347       147.31132       32.494339       4.6833188       1409.3023       6.7810803        6.7810803                           -0       1446.4799          4.6833188             1409.3023          32.494339
              1       727.67141      -225.06339      -550.00124       70.386673     0.022305772      0.12151063      -225.06339      -324.93786   -0.0012284995   2.0989032e-09      0.29158712      0.70956829      0.82698735     0.045023202      0.24526376      0.81530933       13.615347       146.77067       28.872319       4.6833188       1408.2966       6.7452753        6.7452753                           -0       1441.8523          4.6833188             1408.2966          28.872319
              3       726.99218      -217.79439      -535.74872       70.041774     0.022139879      0.11952768      -217.79439      -317.95433    -0.001188822   2.0989032e-09      0.29008569      0.71102932       0.8184316     0.045129547      0.24364315      0.80479434       13.698825       147.47791       25.581856       5.9020083       1408.7017       6.8993828        6.8993828                           -0       1440.1856          5.9020083             1408.7017          25.581856
              1       724.74909      -116.59429      -406.71579       70.041774     0.022044958      0.12595058      -116.59429       -290.1215  -0.00063642525   2.0989032e-09      0.30298455      0.69757806      0.84656434     0.044936061      0.25673549      0.85076495       13.494418       145.90777       23.828199       5.9020083        1405.612       7.0779799        7.0779799                           -0       1435.3422          5.9020083              1405.612          23.828199
              1       724.56618      -113.78042      -401.19856       69.908261      0.02198074      0.12518297      -113.78042      -287.41814  -0.00062106586   2.0989032e-09      0.30244088      0.69810609      0.84334026     0.044976464       0.2561464      0.84676414        13.52589       146.17506       22.535649       6.4115651       1405.7129       7.2361328        7.2361328                           -0       1434.6601          6.4115651             1405.7129          22.535649
              3        724.0092      -32.090066      -412.23948       69.908261     0.022149909      0.12266425      -32.090066      -380.14942  -0.00017516234   2.0989032e-09      0.29763328      0.70246779      0.83137021     0.045322613      0.25099265      0.82808435       13.588263       146.64116       21.137542       6.4115651       1406.7006       6.8843561        6.8843561                           -0       1434.2497          6.4115651             1406.7006          21.137542
              5       724.13744      -22.440422      -363.78876       69.908261     0.022148417      0.12259856      -22.440422      -341.34834  -0.00012249014   2.0989032e-09      0.29749581      0.70255258      0.83099626     0.045319561      0.25085824      0.82752071       13.579335       146.65994        21.37864       6.4115651       1406.7116       6.8865447        6.8865447                           -0       1434.5018          6.4115651             1406.7116           21.37864
              2       724.28814      -7.9700519       -335.4163       69.221671     0.021818175      0.11865111      -7.9700519      -327.44625  -4.3504209e-05   2.0989032e-09      0.29449922      0.70546871      0.81403818     0.045533839      0.24762109      0.80654058       13.747086       148.07288       16.267418       9.3651492       1407.4014       7.7711384        7.7711384                           -0        1433.034          9.3651492             1407.4014          16.267418
              5       723.14668      -64.322077       -283.7087       69.221671     0.022161389      0.11612057      -64.322077      -219.38663  -0.00035109948   2.0989032e-09      0.28993435      0.71034118      0.80045959     0.046250116      0.24233994      0.78691644       13.798834       148.36915       14.604692       9.3651492       1408.5874       6.8680579        6.8680579                           -0       1432.5572          9.3651492             1408.5874          14.604692
              6       723.06542      -22.925703      -61.388927       69.221671     0.022066291      0.11756098      -22.925703      -38.463224  -0.00012513903   2.0989032e-09      0.29274196       0.7073076      0.80705338     0.046051648      0.24534602       0.7972309        13.71797       148.08666       14.969436       9.3651492        1407.732       7.0321079        7.0321079                           -0       1432.0666          9.3651492              1407.732          14.969436
              2       720.97426      -138.29619      -167.60206       69.221671     0.022220891       0.1202023      -138.29619      -29.305867  -0.00075488421   2.0989032e-09      0.29857696      0.70210235      0.81796253     0.046374295      0.25085838      0.81602024       13.664224       147.20892       12.559396       9.3651492       1406.4259       6.7990112        6.7990112                           -0       1428.3505          9.3651492             1406.4259          12.559396
              3       720.26149      -96.007365      -250.58912       69.221671      0.02229469      0.12193789      -96.007365      -154.58175  -0.00052405236   2.0989032e-09       0.3023531      0.69809538      0.82514566      0.04652831       0.2544805      0.82837542       13.630126       146.67111       11.980386       9.3651492       1405.6788        6.749304         6.749304                           -0       1427.0244          9.3651492             1405.6788          11.980386
              3       720.22998      -61.014802      -92.332478       69.221671     0.022595615      0.12011586      -61.014802      -31.317676  -0.00033304686   2.0989032e-09      0.29917861      0.70107887      0.81493371     0.047156331      0.25067798      0.81381731       13.641071       146.81754       10.921813       9.3651492       1406.2561       6.9584618        6.9584618                           -0        1426.543          9.3651492             1406.2561          10.921813
              1       720.65506      -108.74311      -604.45712       69.221671     0.022270626      0.12902376      -108.74311      -495.71401  -0.00059356994   2.0989032e-09      0.31709087      0.68342713      0.85586431     0.046478089      0.26926849      0.87990576       13.519078       144.88513       14.765722       9.3651492        1403.657       6.7611414        6.7611414                           -0       1427.7878          9.3651492              1403.657          14.765722
              2       722.62975      -249.37928      -653.31568       69.221671     0.022859987      0.13073019      -249.37928       -403.9364   -0.0013612268   2.0989032e-09      0.32188211      0.67940355      0.85912833     0.047708067      0.27282975      0.88990947        13.47538       143.83376       17.235677       9.3651492       1403.2826       7.6880458        7.6880458                           -0       1429.8834          9.3651492             1403.2826          17.235677
              2       722.63136      -249.33731      -653.23339        69.21968     0.022859029      0.13071874      -249.33731      -403.89608   -0.0013609977   2.0989032e-09      0.32187473      0.67941069      0.85908157     0.047708813      0.27282155      0.88985085       13.475837       143.83758       17.236165        9.374527       1403.2831        7.684481         7.684481                           -0       1429.8938           9.374527             1403.2831          17.236165
              1       722.73463       -254.6741      -665.50262        69.21968     0.022940664      0.12994329       -254.6741      -410.82852   -0.0013901284   2.0989032e-09      0.32042669      0.68088786      0.85539686     0.047879193      0.27120313      0.88403889       13.497097       143.94233        16.68102        9.374527        1403.389       8.0123607        8.0123607                           -0       1429.4445           9.374527              1403.389           16.68102
              3       725.17562      -70.616302      -870.63019        69.21968     0.023132133      0.13155978      -70.616302      -800.01389  -0.00038545626   2.0989032e-09      0.32420006      0.67610982      0.86092218     0.048278804      0.27457689      0.89497276       13.501295       143.34492       19.878522        9.374527       1403.1535       8.9723588        8.9723588                           -0       1432.4065           9.374527             1403.1535          19.878522
              1       723.59424      -82.183474      -694.26247        69.21968     0.023191097      0.12750621      -82.183474      -612.07899   -0.0004485952   2.0989032e-09      0.31586297      0.68451005      0.84362945     0.048401868      0.26611673      0.86564626       13.556759       144.28218       15.377119        9.374527        1403.793       9.3219306        9.3219306                           -0       1428.5446           9.374527              1403.793          15.377119
              1       723.65322      -104.27672      -304.79974        69.21968     0.022204586      0.13429668      -104.27672      -200.52302  -0.00056919032   2.0989032e-09      0.32797633      0.67251728      0.87716181     0.046342933      0.28028903      0.91714994       13.327133       143.65543       21.330535        9.374527       1402.9707       6.8153595        6.8153595                           -0       1433.6757           9.374527             1402.9707          21.330535
              2       723.56335      -112.78858      -321.48918        69.62355     0.022398843      0.13661867      -112.78858       -208.7006  -0.00061565195   2.0989032e-09      0.32937323      0.67116772       0.8864322     0.046207583      0.28183683      0.92881462       13.236744       142.89133       23.121807       7.5686351       1402.9426       6.7468439        6.7468439                           -0        1433.633          7.5686351             1402.9426          23.121807
              4       723.18671       -102.5141      -361.32891        69.62355     0.022329867      0.13590601       -102.5141      -258.81481  -0.00055956911   2.0989032e-09      0.32776075      0.67272412      0.88413985     0.046065289      0.28036664      0.92414222       13.262294       143.13443       22.347051       7.5686351       1402.9785       6.7396113        6.7396113                           -0       1432.8942          7.5686351             1402.9785          22.347051
              1       723.73215      -88.464653      -333.78177       68.956932     0.022009231      0.13207339      -88.464653      -245.31712  -0.00048288077   2.0989032e-09      0.32539401      0.67501272      0.86874266     0.046285932      0.27775344      0.90476397       13.413119       144.40804       19.430257       10.653033       1403.0565       7.1622483        7.1622483                           -0       1433.1398          10.653033             1403.0565          19.430257
              2       721.08439      -34.004002      -294.68203       68.956932     0.022214059      0.12707011      -34.004002      -260.67802  -0.00018560948   2.0989032e-09      0.31530275       0.6848067      0.84674413     0.046716689      0.26723143       0.8680714       13.526487       145.43843       14.126053       10.653033       1403.7784       6.8056254        6.8056254                           -0       1428.5575          10.653033             1403.7784          14.126053
              6       720.63397      -42.438858      -311.22048       69.357149     0.022406558       0.1293711      -42.438858      -268.78162  -0.00023165081   2.0989032e-09      0.31685795      0.68329843       0.8562362     0.046579271      0.26893963      0.87996471        13.43279       144.65236       15.402556       8.7381676       1403.6276       6.7498141        6.7498141                           -0       1427.7683          8.7381676             1403.6276          15.402556
              2       721.81539      -60.134084        -345.916       70.196752     0.022810398      0.13419828      -60.134084      -285.78192  -0.00032823949   2.0989032e-09      0.31993937      0.68031538       0.8758776      0.04629124      0.27234093      0.90451679       13.242152       143.04174       19.896465       5.3369805       1403.3727        7.512294         7.512294                           -0       1428.6062          5.3369805             1403.3727          19.896465
              1       721.79557      -59.913523      -344.93377       70.196752     0.022819062      0.13413509      -59.913523      -285.02025  -0.00032703557   2.0989032e-09      0.31982871      0.68042483      0.87556331     0.046308823      0.27221269      0.90403585       13.243285       143.04792       19.789789       5.3369805        1403.381       7.5417055        7.5417055                           -0       1428.5077          5.3369805              1403.381          19.789789
              3       722.13558      -55.604093      -397.03608       70.196752     0.023013976      0.13472286      -55.604093      -341.43199  -0.00030351272   2.0989032e-09      0.32141708      0.67881294      0.87672925      0.04670438       0.2734055      0.90748477        13.23396       142.70374       18.963836       5.3369805       1403.2737       8.3482979        8.3482979                           -0       1427.5746          5.3369805             1403.2737          18.963836
              2       721.72174       -52.64953      -391.24299       70.056564     0.022946547      0.13391686       -52.64953      -338.59346  -0.00028738535   2.0989032e-09      0.32092511      0.67928849      0.87348258     0.046754097      0.27285857      0.90343201       13.265121       142.96753       18.214621       5.8468575       1403.3063       8.0378686        8.0378686                           -0       1427.3677          5.8468575             1403.3063          18.214621
              1       721.73312      -31.582679      -345.54692       70.056564     0.022915026      0.13391283      -31.582679      -313.96425  -0.00017239279   2.0989032e-09      0.32085266      0.67924595      0.87357589     0.046689872      0.27285035      0.90342651       13.256974       143.00137       18.506334       5.8468575       1403.3048       7.9041438        7.9041438                           -0       1427.6579          5.8468575             1403.3048          18.506334
              2       720.99474      -11.681888      -306.52689       69.112311     0.022460852      0.12848398      -11.681888      -294.84501  -6.3765117e-05   2.0989032e-09      0.31736334      0.68262461      0.85144988     0.047023547      0.26899124      0.87574334        13.47255       144.81584       14.959084       9.8870999       1403.5773       6.7830107        6.7830107                           -0       1428.4235          9.8870999             1403.5773          14.959084
              3       719.91897      -5.1570059      -443.24038       69.112311     0.022379547      0.12419558      -5.1570059      -438.08338  -2.8149311e-05   2.0989032e-09      0.30821503       0.6917373      0.83425224      0.04685333      0.26001316      0.84559744       13.613239       145.99264        11.75386       9.8870999       1404.7143       6.7413195        6.7413195                           -0       1426.3553          9.8870999             1404.7143           11.75386
              2       719.89251      -6.0235679      -451.50296       69.112311     0.022436374      0.12420565      -6.0235679      -445.47939  -3.2879404e-05   2.0989032e-09      0.30835507      0.69160199      0.83393579       0.0469723      0.26003423       0.8454687       13.613257       145.92808       11.671906       9.8870999       1404.6953       6.7653785        6.7653785                           -0       1426.2543          9.8870999             1404.6953          11.671906
              3       719.92756      -61.552654      -471.85218       69.112311     0.022414083      0.12472707      -61.552654      -410.29953   -0.0003359827   2.0989032e-09      0.30940005      0.69086012      0.83636742     0.046925634      0.26112586      0.84936951       13.605953       145.81846       11.908748       9.8870999        1404.553       6.7531296        6.7531296                           -0       1426.3489          9.8870999              1404.553          11.908748
              1       719.84351      -86.016941      -524.33687       69.112311     0.022429618      0.12412523      -86.016941      -438.31993  -0.00046952003   2.0989032e-09      0.30817256      0.69222114      0.83381925     0.046958156      0.25986586      0.84510034       13.634228       145.95613       11.524534       9.8870999       1404.7528       6.7612828        6.7612828                           -0       1426.1645          9.8870999             1404.7528          11.524534
              2       720.57524       -45.97429      -339.54265       69.112311     0.022492334      0.11854372       -45.97429      -293.56836  -0.00025094882   2.0989032e-09      0.29661854      0.70355659      0.80888575     0.047089458      0.24818054      0.80431414       13.742704       147.34765       10.732367       9.8870999       1406.9068       6.8121226        6.8121226                           -0       1427.5262          9.8870999             1406.9068          10.732367
              5       720.57589      -45.582892      -340.37731       69.112311     0.022495084      0.11853604      -45.582892      -294.79442  -0.00024881239   2.0989032e-09      0.29660821      0.70356479      0.80883517     0.047095214      0.24816445      0.80424984       13.743005       147.34665       10.725278       9.8870999       1406.9094       6.8150091        6.8150091                           -0       1427.5218          9.8870999             1406.9094          10.725278
              1       720.00619      -27.637153      -394.12002       69.112311     0.022624551      0.12210152      -27.637153      -366.48287  -0.00015085629   2.0989032e-09      0.30434389      0.69573115      0.82360897     0.047366264      0.25562908      0.82955032       13.653003       146.26669       10.754749       9.8870999       1405.3437       7.0134347        7.0134347                           -0       1425.9855          9.8870999             1405.3437          10.754749
              1       719.96015      -17.264281      -657.21346       69.112311     0.022623968      0.12268028      -17.264281      -639.94918  -9.4236387e-05   2.0989032e-09      0.30555433      0.69446409      0.82655061     0.047365044      0.25684074      0.83416708       13.699642       146.11724       10.803322       9.8870999       1405.2053       7.0122668        7.0122668                           -0       1425.8958          9.8870999             1405.2053          10.803322
              1       720.76907      -23.784271      -652.31944       69.112311     0.022169168      0.12800469      -23.784271      -628.53517  -0.00012982549   2.0989032e-09      0.31574924      0.68430477      0.85201742     0.046412884      0.26798781      0.87409574       13.566554       145.25076       14.144009       9.8870999       1403.7919       6.8575621        6.8575621                           -0        1427.823          9.8870999             1403.7919          14.144009
              4       720.48319      -223.37004      -896.32508       69.112311     0.022121117      0.12736547      -223.37004      -672.95504   -0.0012192564   2.0989032e-09       0.3143104      0.68683304      0.85016901     0.046312287      0.26664956      0.87020989       13.666171       145.46446       13.202212       9.8870999       1404.0181       6.9294649        6.9294649                           -0       1427.1074          9.8870999             1404.0181          13.202212
              4        721.1452      -233.69729       -824.0174       69.112311     0.022049462      0.12888516      -233.69729      -590.32011   -0.0012756273   2.0989032e-09      0.31734196      0.68385785      0.85685764     0.046162272      0.26983114      0.88127571       13.601618       145.15868       14.588456       9.8870999       1403.6788       7.0680169        7.0680169                           -0       1428.1544          9.8870999             1403.6788          14.588456
              6       722.83838      -198.63776      -849.35747       69.112311     0.022131844      0.13308045      -198.63776      -650.71971   -0.0010842563   2.0989032e-09      0.32629761      0.67471084      0.87340715     0.046334743      0.27861432      0.91088397       13.493529       144.02937       18.907821       9.8870999       1403.0579       6.9119517        6.9119517                           -0       1431.8529          9.8870999             1403.0579          18.907821
              2        723.0678       -195.8378      -850.39149       69.112311     0.022153725      0.13350297       -195.8378      -654.55369   -0.0010689728   2.0989032e-09        0.327228      0.67376516      0.87495584     0.046380553       0.2794989      0.91379913       13.482037       143.90273       19.468625       9.8870999       1403.0222       6.8788318        6.8788318                           -0       1432.3779          9.8870999             1403.0222          19.468625
              5       721.89204      -128.41615      -349.61027       69.112311     0.022434318       0.1306547      -128.41615      -221.19411  -0.00070095443   2.0989032e-09      0.32185236      0.67877278      0.86069438     0.046967998      0.27353581      0.89149044       13.429143       144.30387       17.124039       9.8870999       1403.2447       6.7640973        6.7640973                           -0       1430.2559          9.8870999             1403.2447          17.124039
              3       723.31717      -14.534419      -473.33338       69.112311     0.022808069      0.13099116      -14.534419      -458.79896  -7.9335545e-05   2.0989032e-09      0.32333924      0.67666429      0.85973891     0.047750474      0.27424021      0.89255535       13.432181       143.82443       18.575976       9.8870999       1403.1623       7.5044831        7.5044831                           -0       1431.6254          9.8870999             1403.1623          18.575976
              1       723.16114      -13.391752      -469.33795       69.112311     0.022815613      0.13065698      -13.391752      -455.94619  -7.3098342e-05   2.0989032e-09      0.32265541      0.67734187      0.85832091     0.047766267       0.2735406      0.89014046       13.439612       143.89861       18.174541       9.8870999       1403.2008       7.5299317        7.5299317                           -0       1431.2624          9.8870999             1403.2008          18.174541
              1       722.93622      -3.6345173      -282.90645       69.112311     0.021940564      0.13071432      -3.6345173      -279.27194  -1.9838867e-05   2.0989032e-09      0.32094347      0.67900056      0.86402387     0.045934283      0.27366063      0.89367453       13.424887       144.81885        17.99501       9.8870999       1403.2895       7.3503961        7.3503961                           -0       1431.1716          9.8870999             1403.2895           17.99501
              1       722.41733      -157.93812      -359.66324       69.112311     0.021936925      0.12979408      -157.93812      -201.72513  -0.00086209889   2.0989032e-09      0.31900926      0.68177703      0.86052317     0.045926665      0.27173405      0.88736764       13.466162       145.05255       16.770381       9.8870999       1403.4545       7.3613269        7.3613269                           -0        1430.112          9.8870999             1403.4545          16.770381
              6       722.12932      -163.12541      -369.83412       69.358438     0.022055309      0.13120915      -163.12541      -206.70871  -0.00089041354   2.0989032e-09      0.31993686      0.68087828      0.86630158     0.045847381      0.27275048      0.89462415       13.409244       144.57232        18.03267        8.732306        1403.383        7.055307         7.055307                           -0        1430.148           8.732306              1403.383           18.03267
              1       721.33068      -134.23316      -366.06759       69.358438     0.022041404      0.12408904      -134.23316      -231.83443  -0.00073270634   2.0989032e-09      0.30510704      0.69555039      0.83667401     0.045818476      0.25794957       0.8437655       13.591956       146.39064       14.537832        8.732306       1405.2193       7.0859456        7.0859456                           -0       1428.4895           8.732306             1405.2193          14.537832
              1       723.20196      -158.88475      -414.40266       70.528107        0.022604      0.13081388      -158.88475       -255.5179  -0.00086726608   2.0989032e-09      0.30972134      0.69107313      0.86464957     0.045442357      0.26298403      0.87854714       13.319639       144.08406       23.725057       4.2242672       1404.5071       6.9737635        6.9737635                           -0       1432.4564          4.2242672             1404.5071          23.725057
              1       722.28022      -244.08294      -741.66672       70.528107      0.02265404      0.13043536      -244.08294      -497.58378    -0.001332317   2.0989032e-09      0.30906097      0.69219855      0.86340221     0.045542955      0.26222307      0.87634398       13.410698       144.12432       21.489741       4.2242672       1404.6949       7.0757503        7.0757503                           -0       1430.4089          4.2242672             1404.6949          21.489741
              9       723.03671      -106.75463      -807.36692       70.528107     0.023534589      0.12873898      -106.75463      -700.61229  -0.00058271588   2.0989032e-09      0.30742084      0.69308908      0.85054718     0.047313182       0.2588127      0.86100254       13.447826       143.61556       13.173846       4.2242672       1404.9488       11.863225        11.863225                           -0        1422.347          4.2242672             1404.9488          13.173846
              1       723.07069      -204.83131      -992.91744       70.528107     0.023353456      0.12435125      -204.83131      -788.08613   -0.0011180635   2.0989032e-09      0.29823576      0.70280951      0.83344484     0.046949039      0.24999177      0.83099056       13.657933       144.90331       14.268693       4.2242672        1406.817       10.415722        10.415722                           -0       1425.3099          4.2242672              1406.817          14.268693
              1       723.45545      -137.55386      -873.13827       70.528107     0.023144318      0.12319517      -137.55386      -735.58441  -0.00075083222   2.0989032e-09      0.29549116      0.70518687      0.82964612     0.046528594      0.24766762      0.82338795       13.637043       145.42162       17.196101       4.2242672       1407.4055       9.0425164        9.0425164                           -0       1428.8259          4.2242672             1407.4055          17.196101
              1       723.94336      -140.03984       -878.0126       70.646062     0.023201053      0.12387334      -140.03984      -737.97276  -0.00076440187   2.0989032e-09      0.29597774      0.70471411      0.83253238     0.046487027      0.24820008      0.82693244       13.609532       145.18752       17.970847        3.859526       1407.2894       9.3834586        9.3834586                           -0       1429.1198           3.859526             1407.2894          17.970847
              1        722.0084      -202.38386      -872.26387       70.646062     0.023165663      0.12969833      -202.38386      -669.88001   -0.0011047042   2.0989032e-09      0.30757814      0.69345401      0.85747565     0.046416119      0.25987139      0.86823823       13.449554       143.76574       16.865997        3.859526       1404.9552       9.1680307        9.1680307                           -0       1425.6807           3.859526             1404.9552          16.865997
              3       722.25696      -269.63395      -794.62364       70.646062     0.023128459      0.12848747      -269.63395      -524.98969   -0.0014717861   2.0989032e-09      0.30507743       0.6963218        0.852592     0.046341574      0.25744523      0.85977669        13.45836       144.10428       17.380183        3.859526       1405.3714       8.9514191        8.9514191                           -0       1426.6111           3.859526             1405.3714          17.380183
              3         723.399      -262.69538      -790.50738       70.852007     0.023229643      0.12921804      -262.69538        -527.812   -0.0014339122   2.0989032e-09      0.30496336      0.69639842      0.85556718     0.046274125      0.25740609      0.86261562       13.419165       143.81692       19.017881       3.2621733       1405.3896       9.5641757        9.5641757                           -0       1427.6696          3.2621733             1405.3896          19.017881
              5       719.76612      -293.35707      -808.69723       69.941933      0.02278251      0.12598963      -293.35707      -515.34016   -0.0016012778   2.0989032e-09       0.3054377      0.69608955      0.84236502     0.046572152       0.2575488      0.84996495       13.594586       145.09862       13.093559       6.2810665       1405.3149        7.421347         7.421347                           -0       1424.6895          6.2810665             1405.3149          13.093559
              4       720.00023      -337.70773       -869.7772       69.941933     0.022543926      0.12624388      -337.70773      -532.06947   -0.0018433641   2.0989032e-09      0.30546972      0.69629962       0.8451326     0.046084437      0.25806854       0.8528022       13.618281         145.291       14.634049       6.2810665       1405.3344       6.8754834        6.8754834                           -0       1426.2495          6.2810665             1405.3344          14.634049
              2       719.58438      -320.78035      -911.62305       69.941933     0.022684476      0.12915848      -320.78035      -590.84271   -0.0017509667   2.0989032e-09      0.31171509      0.68996185      0.85645494     0.046371751      0.26402659      0.87301721       13.548757       144.40838        14.23082       6.2810665       1404.3634       7.1467296        7.1467296                           -0       1424.8753          6.2810665             1404.3634           14.23082
              3       719.83893      -142.32453      -798.92812       69.941933     0.022859611      0.12613391      -142.32453      -656.60359  -0.00077687275   2.0989032e-09      0.30589024       0.6948126      0.84235688     0.046729762      0.25784374      0.85058616       13.579453       144.97943       12.815294       6.2810665       1405.2082       7.6866442        7.6866442                           -0       1424.3046          6.2810665             1405.2082          12.815294
              6       722.11322      -15.956719      -299.89119       69.941933     0.023099799       0.1203699      -15.956719      -283.93448  -8.7099112e-05   2.0989032e-09      0.29459841      0.70541466      0.81500758     0.047220756      0.24606091      0.80763702        13.59721       146.19997        12.99717       6.2810665       1407.3653       8.7914475        8.7914475                           -0       1426.6436          6.2810665             1407.3653           12.99717
              2       721.48172      -82.396178      -319.06448       69.941933     0.022888891      0.12142201      -82.396178       -236.6683  -0.00044975624   2.0989032e-09      0.29631802      0.70405771      0.82106059     0.046789617      0.24821166      0.81600649       13.580513       146.15521       14.107585       6.2810665       1406.9773       7.7987709        7.7987709                           -0       1427.3659          6.2810665             1406.9773          14.107585
              2       721.83051      -129.02609      -346.72738       68.557904     0.022208897      0.11651229      -129.02609      -217.70129  -0.00070428375   2.0989032e-09      0.29651022      0.70411702      0.80037812       0.0472511      0.24788868      0.79570927       13.859114       148.20943       10.336252       12.750921       1406.9521       6.8108488        6.8108488                           -0       1430.0393          12.750921             1406.9521          10.336252
              2       720.66957      -95.518382      -326.84915       69.552451     0.022697532      0.12004036      -95.518382      -231.33076  -0.00052138327   2.0989032e-09       0.2963943      0.70405223      0.81527757     0.046919543      0.24814322      0.81036335       13.657488       146.72541       12.143054       7.8725535        1406.965       7.1792513        7.1792513                           -0       1426.9806          7.8725535              1406.965          12.143054
              1       721.59878      -242.83628      -356.57065       69.552451      0.02265731      0.11802511      -242.83628      -113.73438   -0.0013255121   2.0989032e-09      0.29214529      0.70910537      0.80680939     0.046836397      0.24397736      0.79617725        13.72442       147.30293       13.092538       7.8725535       1408.0664       7.0830526        7.0830526                           -0       1429.0314          7.8725535             1408.0664          13.092538
              2       721.12889      -255.12973      -405.01624       69.552451     0.022632034      0.11896028      -255.12973      -149.88651   -0.0013926154   2.0989032e-09      0.29402619      0.70729157        0.811211     0.046784147      0.24591051      0.80309369       13.710505       147.08247       12.722773       7.8725535       1407.6052        7.028647         7.028647                           -0       1428.2005          7.8725535             1407.6052          12.722773
              3       720.57498       -309.2848      -650.80756       69.552451     0.022674227      0.11985841       -309.2848      -341.52277   -0.0016882187   2.0989032e-09         0.29597      0.70564336      0.81535282     0.046871367       0.2477671      0.80985785       13.749775       146.79885       11.794563       7.8725535       1407.2387       7.1220733        7.1220733                           -0       1426.9058          7.8725535             1407.2387          11.794563
              3        720.6478      -184.27762       -761.4587       69.552451     0.022480136      0.12034722      -184.27762      -577.18108    -0.001005872   2.0989032e-09      0.29657922      0.70435179      0.81886016     0.046470148      0.24877754      0.81417821       13.772102       146.88387       12.714527       7.8725535       1407.1086       6.7999838        6.7999838                           -0       1427.6956          7.8725535             1407.1086          12.714527
              6       719.70481      -204.73977      -481.07623       69.552451     0.022566856      0.12749687      -204.73977      -276.33645   -0.0011175639   2.0989032e-09      0.31153801       0.6895047       0.8483941     0.046649413      0.26355706      0.86455481       13.499028        144.9498       13.439363       7.8725535       1404.2779       6.9098858        6.9098858                           -0       1425.5898          7.8725535             1404.2779          13.439363
              1        719.8116      -236.50432      -530.85856       69.552451      0.02255688      0.12850243      -236.50432      -294.35424   -0.0012909494   2.0989032e-09      0.31359605      0.68762005      0.85275702      0.04662879      0.26563572      0.87186645       13.485199       144.70824       13.928117       7.8725535       1404.0336       6.8944462        6.8944462                           -0       1425.8343          7.8725535             1404.0336          13.928117
              1       720.11245       -329.6704      -753.56357       69.552451     0.022847737      0.12154245       -329.6704      -423.89317   -0.0017994927   2.0989032e-09      0.29980985      0.70191478      0.82173676      0.04723004      0.25124828       0.8214763       13.730219       146.16866       10.660095       7.8725535       1406.4063       7.6429588        7.6429588                           -0        1424.939          7.8725535             1406.4063          10.660095
              5        720.2927      -188.06114      -629.77127       69.552451     0.022759921      0.12069771      -188.06114      -441.71013   -0.0010265242   2.0989032e-09      0.29788212      0.70306955      0.81835002      0.04704851      0.24950207      0.81545629       13.713424       146.48467       11.251537       7.8725535       1406.7576       7.3518454        7.3518454                           -0       1425.8817          7.8725535             1406.7576          11.251537
              2       719.50944      -108.43516       -715.8549       69.552451     0.022629757      0.12399254      -108.43516      -607.41974  -0.00059188897   2.0989032e-09        0.304424      0.69609303      0.83351533     0.046779439      0.25631303      0.83963863       13.647706       145.77262       11.660419       7.8725535        1405.438       7.0239737        7.0239737                           -0       1424.9709          7.8725535              1405.438          11.660419
              8       721.02289      -138.79604       -733.8663       68.651305      0.02218701      0.12079581      -138.79604      -595.07027  -0.00075761262   2.0989032e-09      0.30474623      0.69593454      0.82021588     0.047076177      0.25630334      0.82667864       13.828926       147.08983       10.742829       12.242973       1405.3897       6.8351565        6.8351565                           -0       1428.3755          12.242973             1405.3897          10.742829
              1       719.89354      -125.57645      -726.02387       69.043678     0.022379789      0.12218771      -125.57645      -600.44741  -0.00068545404   2.0989032e-09      0.30461662      0.69599287      0.82602497     0.046947033      0.25631835      0.83235644       13.749277       146.51233       10.673722       10.221903       1405.4087       6.7413718        6.7413718                           -0       1426.3043          10.221903             1405.4087          10.673722
              1       720.50758      -96.935907      -822.78955       69.043678     0.022147261      0.12073337      -96.935907      -725.85364  -0.00052912077   2.0989032e-09      0.30107799      0.69937517      0.82139126     0.046459249      0.25326751      0.82286569       13.828819       147.15039       10.899652       10.221903       1406.1171        6.888252         6.888252                           -0       1427.2387          10.221903             1406.1171          10.899652
              3       720.48932      -10.036055      -988.98138       69.043678     0.022101835      0.12649041      -10.036055      -978.94533  -5.4781406e-05   2.0989032e-09      0.31305949      0.68691932      0.84641716     0.046363957      0.26534431      0.86464388       13.725138        145.7078       12.665656       10.221903        1404.165       6.9630612        6.9630612                           -0       1427.0525          10.221903              1404.165          12.665656
              1       720.38844      -31.769092      -972.27925       69.043678     0.022140628      0.12641775      -31.769092      -940.51016  -0.00017341032   2.0989032e-09      0.31298844      0.68710901      0.84584905     0.046445334      0.26519188      0.86396547        13.71985       145.68404       12.585416       10.221903       1404.1731       6.8982361        6.8982361                           -0       1426.9804          10.221903             1404.1731          12.585416
              1        722.1072      -112.37403      -941.52837       69.043678     0.021745546      0.12557256      -112.37403      -829.15434  -0.00061338915   2.0989032e-09      0.31038667      0.69015075      0.84494151     0.045616555      0.26341888      0.85944393       13.746371       146.33368       13.318964       10.221903       1404.5284       8.0725523        8.0725523                           -0       1428.0693          10.221903             1404.5284          13.318964
              6       722.04818       -117.9431      -969.43915       69.043678     0.021750224      0.12561442       -117.9431      -851.49605  -0.00064378769   2.0989032e-09       0.3104843      0.69008352      0.84512185     0.045626369       0.2635067      0.85976256       13.757255       146.31774       13.248778       10.221903       1404.5217       8.0519755        8.0519755                           -0       1427.9924          10.221903             1404.5217          13.248778
              4       720.79678      -26.798459      -940.17867       69.043678      0.02225488      0.11863459      -26.798459      -913.38021  -0.00014627831   2.0989032e-09      0.29690105      0.70316926      0.81159704     0.046685006      0.24886482      0.80739433       13.934462       147.58752       10.762835       10.221903       1407.0665       6.7711765        6.7711765                           -0       1428.0512          10.221903             1407.0665          10.762835
              6       720.46367      -13.438431      -932.25292       69.440218     0.022449706      0.12004128      -13.438431      -918.81449   -7.335314e-05   2.0989032e-09      0.29684112      0.70315713       0.8175409     0.046557377       0.2489479      0.81322533       13.851443       146.99804       11.939073       8.3644718       1407.0749       6.7744394        6.7744394                           -0       1427.3785          8.3644718             1407.0749          11.939073
             10       719.68921      -29.330536      -966.00703       69.440218     0.022493898      0.12215874      -29.330536      -936.67649  -0.00016009956   2.0989032e-09      0.30132407      0.69876093      0.82651109     0.046649024       0.2533392      0.82833301       13.802984        146.3947       11.284375       8.3644718       1406.1021       6.8137574        6.8137574                           -0       1425.7509          8.3644718             1406.1021          11.284375
              1       719.57923      -90.206954      -951.16048       69.440218     0.022770309      0.12504671      -90.206954      -860.95352  -0.00049239105   2.0989032e-09      0.30788653      0.69253076      0.83707565     0.047222259      0.25932843      0.84800697       13.705703       145.35112       11.118718       8.3644718       1404.9086       7.3833439        7.3833439                           -0       1424.3918          8.3644718             1404.9086          11.118718
              2         719.614      -128.12395      -822.77014       69.440218      0.02275964       0.1236209      -128.12395      -694.64619  -0.00069935944   2.0989032e-09      0.30490748      0.69571678      0.83093091     0.047200135       0.2563715      0.83769964       13.698452       145.72728       10.775938       8.3644718       1405.3856       7.3510064        7.3510064                           -0        1424.526          8.3644718             1405.3856          10.775938
              1       719.83162      -203.50898      -960.37633       69.440218     0.022853991      0.12505197      -203.50898      -756.86735   -0.0011108456   2.0989032e-09      0.30807098      0.69296477      0.83662581     0.047395805      0.25933933       0.8478051       13.712386        145.2597       11.068576       8.3644718       1404.8985       7.6658422        7.6658422                           -0       1424.3316          8.3644718             1404.8985          11.068576
              5        720.3707      -314.95682      -911.36726       69.440218     0.022789008      0.12005606      -314.95682      -596.41044   -0.0017191792   2.0989032e-09      0.29757544      0.70406865       0.8155416     0.047261039      0.24897855      0.81223936       13.845497       146.62096       10.531708       8.3644718       1406.9612       7.4420312        7.4420312                           -0       1425.8573          8.3644718             1406.9612          10.531708
              2       719.96669      -313.06707      -803.91482       69.440218     0.022620988        0.120877      -313.06707      -490.84775   -0.0017088641   2.0989032e-09      0.29892948      0.70270428      0.82008859     0.046912591      0.25068105      0.81862408       13.781692       146.58991       10.943048       8.3644718       1406.6132        7.006336         7.006336                           -0       1425.9207          8.3644718             1406.6132          10.943048
              2       720.02205      -308.28131       -801.0757       69.582265     0.022690778      0.12138089      -308.28131      -492.79439   -0.0016827412   2.0989032e-09      0.29889514      0.70271281      0.82220054     0.046865392      0.25069935      0.82068512       13.752827       146.38188       11.356281       7.7443817       1406.6189       7.1622709        7.1622709                           -0       1425.7196          7.7443817             1406.6189          11.356281
              4       720.07037      -297.26396      -812.59343       69.582265     0.022675677      0.12122894      -297.26396      -515.32947   -0.0016226034   2.0989032e-09      0.29855011       0.7029977      0.82164831     0.046834203      0.25038551      0.81966041       13.761469       146.43803       11.447524       7.7443817       1406.6978       7.1255134        7.1255134                           -0       1425.8897          7.7443817             1406.6978          11.447524
              1       719.94764      -283.61522      -778.21034       69.582265     0.022701508      0.12167077      -283.61522      -494.59512   -0.0015481024   2.0989032e-09        0.299516      0.70195731      0.82333977     0.046887554      0.25129806      0.82267535       13.735052       146.29466        11.30283       7.7443817       1406.4693       7.1894006        7.1894006                           -0       1425.5165          7.7443817             1406.4693           11.30283
              4       719.93378      -290.25686      -921.89167       69.582265     0.022857132      0.12228982      -290.25686      -631.63481   -0.0015843555   2.0989032e-09      0.30111601      0.70039356      0.82519237     0.047208979      0.25257663      0.82672581       13.769733       145.96471       10.587572       7.7443817       1406.1807       7.6774389        7.6774389                           -0       1424.5127          7.7443817             1406.1807          10.587572
              1        720.1436      -283.61347      -917.95052       69.779448     0.022954011      0.12298931      -283.61347      -634.33705   -0.0015480928   2.0989032e-09      0.30105215      0.70042157      0.82810982     0.047141513      0.25258775      0.82956071       13.729683       145.67941       11.031331       6.9231794       1406.1915       8.0705962        8.0705962                           -0        1424.146          6.9231794             1406.1915          11.031331
              1       720.19257      -277.03739      -915.61762       69.779448     0.022981475      0.12308447      -277.03739      -638.58023   -0.0015121975   2.0989032e-09        0.301304      0.70013383      0.82833301     0.047197917      0.25278319      0.83013129        13.72474       145.62532       10.935657       6.9231794       1406.1372       8.1945245        8.1945245                           -0       1423.9961          6.9231794             1406.1372          10.935657
              1       721.67308      -317.93061      -440.29745       69.779448     0.023116977      0.12008737      -317.93061      -122.36685   -0.0017354115   2.0989032e-09      0.29542702      0.70623402      0.81370402     0.047476204      0.24662793      0.80747845       13.657326       146.25505        11.36122       6.9231794       1407.2885       8.8866128        8.8866128                           -0       1425.5729          6.9231794             1407.2885           11.36122
              2       720.83048      -261.89653      -330.20693       69.779448     0.022942131      0.12146105      -261.89653      -68.310393   -0.0014295517   2.0989032e-09      0.29788911      0.70346607      0.82059564     0.047117115      0.24944911      0.81770356       13.598947        146.0872       12.039035       6.9231794       1406.6614       8.0186968        8.0186968                           -0       1425.6236          6.9231794             1406.6614          12.039035
              4       720.57494      -267.89466      -333.49093       69.779448     0.022896026       0.1221151      -267.89466      -65.596269   -0.0014622923   2.0989032e-09      0.29913767      0.70225025      0.82374454     0.047022427      0.25079236      0.82255979       13.583572       145.96772       12.182197       6.9231794       1406.3904       7.8270429        7.8270429                           -0       1425.4958          6.9231794             1406.3904          12.182197
              3       720.40715      -52.875225      -317.19108       69.779448     0.022790621      0.12293295      -52.875225      -264.31586   -0.0002886173   2.0989032e-09      0.30060086      0.69961339      0.82779214     0.046805952      0.25247202       0.8286207       13.555433       145.87078       12.959413       6.9231794       1406.0373       7.4472123        7.4472123                           -0       1425.9199          6.9231794             1406.0373          12.959413
              3       720.28717      -50.869243      -312.02214       69.779448     0.022763373      0.12353388      -50.869243       -261.1529  -0.00027766773   2.0989032e-09      0.30177904      0.69842426      0.83054386     0.046749994      0.25370616      0.83300283       13.539253       145.74561       13.125732       6.9231794        1405.801       7.3622267        7.3622267                           -0       1425.8499          6.9231794              1405.801          13.125732
              6       720.31383      -26.389438       -332.6591       69.779448     0.022738675      0.12344759      -26.389438      -306.26966  -0.00014404569   2.0989032e-09      0.30155111      0.69851856      0.83035857      0.04669927      0.25352895      0.83250243       13.545628       145.79454       13.277045       6.9231794       1405.8477       7.2898785        7.2898785                           -0       1426.0479          6.9231794             1405.8477          13.277045
              1       720.28493      -217.00127      -320.30625       69.779448     0.022488583      0.12768748      -217.00127      -103.30497   -0.0011844928   2.0989032e-09      0.30974511      0.69136502      0.85008247     0.046185647      0.26223657      0.86377904       13.444893         144.986       15.540958       6.9231794       1404.4892       6.8082743        6.8082743                           -0       1426.9533          6.9231794             1404.4892          15.540958
              1       720.05094      -222.01759      -369.68434       69.779448     0.022576928      0.12821615      -222.01759      -147.66676   -0.0012118741   2.0989032e-09      0.31101228      0.69012522      0.85180105     0.046367084      0.26332231      0.86729394       13.438955       144.75844       15.000386       6.9231794       1404.3259        6.926211         6.926211                           -0       1426.2495          6.9231794             1404.3259          15.000386
              2       720.91533      -253.41042      -388.30795       68.847673     0.022119133      0.12491076      -253.41042      -134.89752   -0.0013832307   2.0989032e-09      0.31154844       0.6897584      0.83830652     0.046664817      0.26352468      0.85428937       13.618594       146.09331       12.494042       11.208727       1404.2623        6.932797         6.932797                           -0       1427.9651          11.208727             1404.2623          12.494042
              1       720.65124      -247.21803      -400.38027       68.847673     0.022141867      0.12336277      -247.21803      -153.16224   -0.0013494297   2.0989032e-09       0.3083306      0.69294243      0.83160532     0.046712779      0.26025889      0.84307255       13.661727       146.46833       11.580494       11.208727       1404.7206       6.8963457        6.8963457                           -0       1427.5098          11.208727             1404.7206          11.580494
              2       719.76221      -228.73967       -389.4181       69.396132     0.022411333      0.12530838      -228.73967      -160.67843   -0.0012485663   2.0989032e-09      0.30807578      0.69309759      0.83961742     0.046536869      0.26020137      0.85084332       13.554266       145.67265       12.704379       8.5617819       1404.7545         6.75187          6.75187                           -0       1426.0207          8.5617819             1404.7545          12.704379
              2       719.62671      -140.37808      -546.43072       69.396132      0.02265524      0.12564551      -140.37808      -406.05264  -0.00076624813   2.0989032e-09       0.3092823      0.69140876      0.83965731      0.04704334      0.26090142      0.85254828       13.571081       145.32281       11.935761       8.5617819        1404.599       7.0784219        7.0784219                           -0       1425.0966          8.5617819              1404.599          11.935761
              2       719.74143      -81.951397      -381.53953       69.396132     0.022688594      0.12525166      -81.951397      -299.58813  -0.00044732842   2.0989032e-09      0.30853374      0.69183839      0.83743898     0.047112598       0.2600836      0.84926627       13.542843       145.38703        11.94541       8.5617819        1404.662       7.1568519        7.1568519                           -0       1425.1692          8.5617819              1404.662           11.94541
              5       720.08091      -77.623483      -327.48111       69.396132     0.022329983      0.12579044      -77.623483      -249.85762  -0.00042370468   2.0989032e-09      0.30890786      0.69144065      0.84197783     0.046367947      0.26120237      0.85438676       13.527288       145.63797       13.528148       8.5617819       1404.5927       6.7395942        6.7395942                           -0       1426.6826          8.5617819             1404.5927          13.528148
              4       719.81796      -68.772815      -358.96976       69.396132     0.022449544      0.12599656      -68.772815      -290.19695  -0.00037539366   2.0989032e-09      0.30958412      0.69071608      0.84210913     0.046616213      0.26163037      0.85545484       13.524756       145.45581       13.024415       8.5617819       1404.5011       6.7743212        6.7743212                           -0       1426.0873          8.5617819             1404.5011          13.024415
              1       720.37731      -24.481042      -323.79209       69.396132     0.022588322      0.12884792      -24.481042      -299.31105  -0.00013362879   2.0989032e-09      0.31579311      0.68426532      0.85300027     0.046904384      0.26755119      0.87516486       13.440077       144.58833       14.569535       8.5617819       1403.7322        6.945572         6.945572                           -0       1426.8635          8.5617819             1403.7322          14.569535
              8       720.76623      -24.798748      -288.50078       69.080683     0.022419741      0.12758831      -24.798748      -263.70203  -0.00013536297   2.0989032e-09      0.31569099      0.68436849      0.84788884     0.046980468      0.26736074      0.86977994       13.496157       145.08506       14.243374       10.040692       1403.7366       6.7558948        6.7558948                           -0       1428.0207          10.040692             1403.7366          14.243374
              1       720.46245         -50.147      -357.82046       69.080683     0.022437102      0.12671438         -50.147      -307.67346  -0.00027372539   2.0989032e-09      0.31389606      0.68630178      0.84427376     0.047016847      0.26552943      0.86360589        13.53192       145.28709       13.407528       10.040692        1403.945       6.7658398        6.7658398                           -0       1427.3932          10.040692              1403.945          13.407528
              1       720.45279      -16.129313      -274.45435       69.080683     0.022688022      0.12453677      -16.129313      -258.32504  -8.8041212e-05   2.0989032e-09      0.30985868      0.69015348      0.83328037     0.047542649      0.26096624      0.84686143       13.565396       145.57004       12.118352       10.040692       1404.4357       7.1554378        7.1554378                           -0       1426.5947          10.040692             1404.4357          12.118352
             10       720.78114      -16.316538      -253.65708       68.894789     0.022588676      0.12379447      -16.316538      -237.34054  -8.9063172e-05   2.0989032e-09       0.3097599      0.69025287        0.830218     0.047590256      0.26081257      0.84361466       13.599367       145.86814       12.257876       10.967364       1404.4447       6.9461891        6.9461891                           -0       1427.6699          10.967364             1404.4447          12.257876
              2       720.92511      -125.59733      -579.14411       68.894789     0.022663085      0.12305878      -125.59733      -453.54678  -0.00068556801   2.0989032e-09       0.3083667      0.69224258      0.82724388     0.047747021       0.2592626      0.83870005       13.689104       145.97681       11.948206       10.967364       1404.7424       7.0961368        7.0961368                           -0        1427.658          10.967364             1404.7424          11.948206
              1       720.49776      -37.002362      -774.12758       68.894789      0.02254807       0.1223673      -37.002362      -737.12522  -0.00020197591   2.0989032e-09      0.30666755      0.69345814      0.82529058     0.047504705      0.25780576      0.83441129       13.763106        146.2812       11.213269       10.967364       1405.0521       6.8814163        6.8814163                           -0       1427.2327          10.967364             1405.0521          11.213269
              8       721.50087      -31.204664      -743.72837       68.894789     0.022777033      0.12319892      -31.204664      -712.52371  -0.00017032941   2.0989032e-09      0.30890202      0.69119202       0.8272991     0.047987089      0.25955785      0.83948376       13.723645       145.81697       12.537701       10.967364       1404.6884        7.404153         7.404153                           -0       1428.1934          10.967364             1404.6884          12.537701
              2       720.71786      -56.227656       -679.1616       68.894789     0.022637185      0.12118808      -56.227656      -622.93395  -0.00030691641   2.0989032e-09       0.3043709      0.69585973      0.81949525     0.047692455      0.25532136      0.82544354       13.766055       146.49082       10.962274       10.967364       1405.4274       7.0393554        7.0393554                           -0        1427.357          10.967364             1405.4274          10.962274
              1       720.52554      -58.944786      -744.43467       68.894789     0.022567151      0.12124831      -58.944786      -685.48988  -0.00032174776   2.0989032e-09      0.30435025      0.69589521      0.82031619     0.047544907      0.25544826      0.82624242       13.785856       146.55181       10.811989       10.967364        1405.451        6.910354         6.910354                           -0       1427.2304          10.967364              1405.451          10.811989
              1       720.24645      -58.009026      -848.38047         69.8239     0.023063685      0.12495832      -58.009026      -790.37145  -0.00031663995   2.0989032e-09      0.30493261      0.69530976      0.83571382     0.047306463      0.25630494      0.84255622       13.629238        145.0586       11.174644        6.744408        1405.377       8.5984146        8.5984146                           -0       1423.2961           6.744408              1405.377          11.174644
              1       720.04914      -1.1898221       -763.5195         69.8239      0.02297652      0.12487669      -1.1898221      -762.32968  -6.4945965e-06   2.0989032e-09      0.30458639      0.69534583      0.83577596     0.047127678      0.25613751      0.84214038       13.603262       145.17271       11.605697        6.744408       1405.4047       8.1717575        8.1717575                           -0       1423.7548           6.744408             1405.4047          11.605697
              1       719.95216      -88.985264      -485.99799         69.8239     0.022761731      0.12848859      -88.985264      -397.01272   -0.0004857225   2.0989032e-09      0.31155429      0.68885716      0.85197095     0.046687119      0.26354596      0.86822248       13.444189       144.49291       14.182706        6.744408       1404.2626       7.3572777        7.3572777                           -0       1425.1898           6.744408             1404.2626          14.182706
              1       719.90138      -111.38352      -442.31305         69.8239     0.022745873        0.126626      -111.38352      -330.92953  -0.00060798251   2.0989032e-09      0.30770134      0.69283236      0.84421404     0.046654594      0.25972555      0.85498134       13.483867       144.97712       13.628163        6.744408       1404.8092       7.3105042        7.3105042                           -0       1425.1818           6.744408             1404.8092          13.628163
              5       720.52372      -249.42206       -483.4806         69.8239     0.022805343      0.12231606      -249.42206      -234.05854   -0.0013614603   2.0989032e-09      0.29898311      0.70230407      0.82559517     0.046776572      0.25088534      0.82419475       13.609695       146.01414       12.839036        6.744408       1406.4732       7.4953873        7.4953873                           -0       1426.0567           6.744408             1406.4732          12.839036
              2       720.31023      -180.42404      -803.93506         69.8239     0.022689956      0.12259778      -180.42404      -623.51102   -0.0009848374   2.0989032e-09      0.29932428      0.70158628       0.8280606     0.046539899      0.25146318      0.82712751        13.69523       146.06671         13.0563        6.744408       1406.4993       7.1602265        7.1602265                           -0          1426.3           6.744408             1406.4993            13.0563
              2       720.08372      -180.86407      -755.05536       69.386993     0.022456465      0.12085318      -180.86407      -574.19128  -0.00098723931   2.0989032e-09      0.29899707      0.70191495       0.8207667     0.046642869      0.25101631      0.81939361       13.768997       146.77697       11.452266       8.6029732       1406.5531       6.7795287        6.7795287                           -0       1426.6084          8.6029732             1406.5531          11.452266
              3       719.65584       -243.5523       -873.8582       69.386993     0.022534797      0.12192338       -243.5523      -630.30591   -0.0013294205   2.0989032e-09      0.30138262      0.69987159      0.82510042     0.046805567      0.25323916      0.82699956        13.78188       146.41114       10.882741       8.6029732       1406.1003       6.8628561        6.8628561                           -0        1425.586          8.6029732             1406.1003          10.882741
              6       719.62816      -243.38797      -892.11187       69.550152     0.022621992      0.12257489      -243.38797       -648.7239   -0.0013285235   2.0989032e-09      0.30149736      0.69975631      0.82781389     0.046766479      0.25339925      0.82987721       13.755486       146.14668       11.274226       7.8824806        1406.083       7.0083259        7.0083259                           -0       1425.2397          7.8824806              1406.083          11.274226
              1       719.23624      -207.48219      -959.88019       69.550152     0.022571444      0.12552744      -207.48219      -752.39801   -0.0011325332   2.0989032e-09      0.30749668      0.69356099      0.84082028     0.046661981      0.25950308      0.85126105       13.698762       145.44332       11.763375       7.8824806       1404.9922         6.91723          6.91723                           -0        1424.638          7.8824806             1404.9922          11.763375
              5        719.6201      -151.57027       -514.8397       69.550152     0.022583059      0.12686324      -151.57027      -363.26943  -0.00082734027   2.0989032e-09       0.3102822      0.69047028      0.84565378     0.046685993      0.26226458      0.86002366       13.521342        145.0921        13.03519       7.8824806       1404.4495       6.9365109        6.9365109                           -0       1425.3672          7.8824806             1404.4495           13.03519
              3       719.63745       -151.6871      -501.86216       69.434153     0.022521067      0.12640005       -151.6871      -350.17506  -0.00082797798   2.0989032e-09      0.31023045      0.69052242      0.84375873      0.04671353      0.26218085      0.85802484       13.541638       145.27608       12.739639       8.3914815       1404.4538       6.8450117        6.8450117                           -0       1425.5849          8.3914815             1404.4538          12.739639
              1        719.6854      -143.50286       -649.9249       69.434153     0.022395053      0.12668334      -143.50286      -506.42204   -0.0007833046   2.0989032e-09      0.31055669      0.69015151      0.84603335      0.04645215      0.26276846      0.86079016       13.573134       145.34039       13.047317       8.3914815       1404.4409       6.7455443        6.7455443                           -0       1425.8797          8.3914815             1404.4409          13.047317
              6       719.95466      -104.01171      -591.36631       69.434153     0.022345745      0.12758205      -104.01171       -487.3546  -0.00056774378   2.0989032e-09      0.31231851      0.68817412      0.84999571     0.046349874      0.26463256       0.8672713       13.534596       145.16643       13.853633       8.3914815       1404.1878        6.738197         6.738197                           -0       1426.4329          8.3914815             1404.1878          13.853633
              1        719.7402      -171.85082      -711.32556       69.434153     0.022625485      0.12779943      -171.85082      -539.47474  -0.00093804084   2.0989032e-09      0.31334966      0.68751327      0.84929161     0.046930114      0.26508347      0.86798219        13.55462        144.8109       12.966714       8.3914815       1404.0916       7.0153109        7.0153109                           -0       1425.4498          8.3914815             1404.0916          12.966714
              1       719.56403      -170.83757      -943.46032       69.434153     0.022753246      0.12552612      -170.83757      -772.62275  -0.00093251003   2.0989032e-09      0.30889931      0.69195808      0.83923948     0.047195118      0.26036812      0.85159627       13.693093       145.24758       11.313471       8.3914815       1404.7591       7.3320209        7.3320209                           -0        1424.464          8.3914815             1404.7591          11.313471
              4       719.81713       -171.1034      -913.93093       69.170207     0.022612188      0.12447216       -171.1034      -742.82753  -0.00093396108   2.0989032e-09       0.3087636      0.69209468      0.83490701     0.047261167      0.26015614      0.84701388       13.734909       145.66868       11.274384        9.609014       1404.7725       6.9891999        6.9891999                           -0       1425.6559           9.609014             1404.7725          11.274384
              1       719.74486      -194.90967      -734.95694       69.170207     0.022527603      0.12484207      -194.90967      -540.04727   -0.0010639066   2.0989032e-09      0.30935996      0.69162826      0.83679764     0.047084378      0.26092929      0.84975137       13.666064       145.66569       11.533316        9.609014       1404.6407       6.8533348        6.8533348                           -0       1425.7831           9.609014             1404.6407          11.533316
              6       719.98935      -194.06482      -828.80378        70.00905     0.022975895      0.12819164      -194.06482      -634.73896   -0.0010592951   2.0989032e-09      0.30973964      0.69124577      0.85050774      0.04687746      0.26154795      0.86420353       13.527023       144.33928       13.008432       6.0249492       1404.6075       8.1689004        8.1689004                           -0       1423.6409          6.0249492             1404.6075          13.008432
              4       719.95111      -136.17902      -716.02542        70.00905     0.022819962      0.12858892      -136.17902       -579.8464  -0.00074332772   2.0989032e-09      0.31023207      0.69043738      0.85298166     0.046559311      0.26235853      0.86740597       13.483649       144.40594       14.286335       6.0249492       1404.5014       7.5447932        7.5447932                           -0       1424.8126          6.0249492             1404.5014          14.286335
              2       720.26592      -69.770909      -638.60852        70.00905     0.022823644       0.1256106      -69.770909      -568.83761  -0.00038084172   2.0989032e-09      0.30416293      0.69614402      0.84026127     0.046566823      0.25628189       0.8460711       13.539205       145.15046       13.935845       6.0249492       1405.4561       7.5574818        7.5574818                           -0       1425.4169          6.0249492             1405.4561          13.935845
              3       719.98808      -70.705944      -534.74323       69.080658     0.022327495      0.12190346      -70.705944      -464.03729  -0.00038594557   2.0989032e-09      0.30358534      0.69672473      0.82489788     0.046787202      0.25544835      0.82981246        13.70209       146.64396       10.924915       10.040818       1405.5305       6.7399807        6.7399807                           -0       1426.4962          10.040818             1405.5305          10.924915
              4       720.10221      -111.62289      -933.87405       69.080658     0.022144514      0.12425267      -111.62289      -822.25116  -0.00060928906   2.0989032e-09      0.30812466      0.69240874      0.83679458     0.046403766      0.26037111      0.84805001       13.767201       146.23506       11.509884       10.040818        1404.869       6.8923473        6.8923473                           -0       1426.4197          10.040818              1404.869          11.509884
              3       719.96134      -111.56057      -940.79598       69.142529     0.022177579      0.12449973      -111.56057      -829.23541  -0.00060894892   2.0989032e-09      0.30815941      0.69237379       0.8378121      0.04638992      0.26042212      0.84912909       13.757333       146.13509       11.622461        9.741463       1404.8653       6.8467099        6.8467099                           -0       1426.2293           9.741463             1404.8653          11.622461
              2       720.16954      -137.95139      -667.23748       69.142529     0.022204091      0.12598722      -137.95139      -529.28608  -0.00075300216   2.0989032e-09      0.31132633      0.68935092      0.84354578     0.046445376      0.26353358      0.85932205       13.624785       145.72469       12.627614        9.741463       1404.3382       6.8158859        6.8158859                           -0       1426.7073           9.741463             1404.3382          12.627614
              3       720.48492       -214.6367      -725.56392       69.142529     0.022364375      0.12836997       -214.6367      -510.92722   -0.0011715858   2.0989032e-09      0.31664571      0.68445013      0.85256391      0.04678065      0.26851769      0.87589716       13.574681        144.9481       14.020267        9.741463       1403.7303       6.7388856        6.7388856                           -0       1427.4921           9.741463             1403.7303          14.020267
              5       719.95295      -214.15616      -778.94277       69.619652     0.022619358      0.13027515      -214.15616      -564.78661   -0.0011689628   2.0989032e-09      0.31677727      0.68431698      0.86026443     0.046667719      0.26878059      0.88399202       13.495332       144.20076       14.588549       7.5851445        1403.726       7.0031183        7.0031183                           -0       1425.8997          7.5851445              1403.726          14.588549
              1       719.96031       -134.2296      -382.61856       69.619652     0.022496299      0.12771023       -134.2296      -248.38896   -0.0007326869   2.0989032e-09      0.31123149      0.68942649      0.84972259     0.046413827       0.2634887      0.86548253       13.467281       144.97198       14.414453       7.5851445       1404.2884       6.8163024        6.8163024                           -0        1426.288          7.5851445             1404.2884          14.414453
              5       719.81228      -258.62401       -261.1194       69.619652     0.022605666       0.1266346      -258.62401      -2.4953895   -0.0014116888   2.0989032e-09      0.30923793      0.69209905      0.84434698     0.046639471      0.26126949      0.85724845       13.471909       145.12554       13.532071       7.5851445       1404.5536       6.9768644        6.9768644                           -0       1425.6708          7.5851445             1404.5536          13.532071
              1       719.96196      -243.75161      -287.01713       69.619652     0.022520542      0.12759117      -243.75161      -43.265517   -0.0013305084   2.0989032e-09      0.31103586      0.69021994      0.84895789     0.046463844      0.26324305      0.86443184        13.45407       144.97586       14.342746       7.5851445       1404.3073        6.844356         6.844356                           -0       1426.2352          7.5851445             1404.3073          14.342746
              1       719.58195      -306.03492       -504.1983       69.619652     0.022573328      0.12600778      -306.03492      -198.16338   -0.0016704794   2.0989032e-09      0.30787796      0.69371781      0.84240194     0.046572752      0.25997624      0.85339094       13.540536       145.31918       12.912225       7.5851445        1404.826       6.9202905        6.9202905                           -0       1425.3233          7.5851445              1404.826          12.912225
              1       719.61881      -221.12172      -574.05811       69.619652     0.022760695       0.1245145      -221.12172       -352.9364    -0.001206984   2.0989032e-09      0.30518364      0.69594863      0.83490492     0.046959322      0.25689535      0.84208711       13.589561       145.49723       11.664364       7.5851445       1405.2798       7.3541645        7.3541645                           -0       1424.5293          7.5851445             1405.2798          11.664364
              3       719.67287      -221.51893      -529.93461       69.225257     0.022549923      0.12293966      -221.51893      -308.41568   -0.0012091522   2.0989032e-09      0.30494483      0.69618876      0.82838051     0.047056098      0.25654458       0.8351796       13.659166       146.13084       10.920315       9.3482729       1405.3089       6.8841109        6.8841109                           -0       1425.5775          9.3482729             1405.3089          10.920315
              2        720.1433      -149.91837      -399.92909       69.225257     0.022551349      0.12008762      -149.91837      -250.01071  -0.00081832344   2.0989032e-09      0.29899631      0.70174645      0.81575017     0.047059073      0.25059308      0.81438442       13.704974       146.87371       10.745876       9.3482729         1406.42       6.8861999        6.8861999                           -0       1426.5142          9.3482729               1406.42          10.745876
              3       721.17523      -224.57646      -335.97855       69.225257      0.02229218      0.11855668      -224.57646      -111.40209   -0.0012258416   2.0989032e-09      0.29526081      0.70588947      0.81065697     0.046518252       0.2473984      0.80422838       13.742583       147.56674       12.235814       9.3482729       1407.2657        6.750341         6.750341                           -0       1428.8498          9.3482729             1407.2657          12.235814
              2       721.32978      -182.64095      -185.14361       69.225257     0.022768695      0.11709718      -182.64095      -2.5026636  -0.00099693833   2.0989032e-09      0.29320956      0.70771181      0.80076755     0.047512622      0.24435279      0.79165307       13.738015       147.42734       10.851643       9.3482729       1407.7029       7.3784007        7.3784007                           -0       1427.9028          9.3482729             1407.7029          10.851643
              1       721.45657       -237.8426      -290.44732       69.225257     0.022841006      0.11718581       -237.8426      -52.604714   -0.0012982543   2.0989032e-09      0.29354539       0.7076773      0.80093033     0.047663516      0.24453772      0.79226732       13.756138       147.32368       10.652927       9.3482729       1407.6746       7.6186528        7.6186528                           -0       1427.6758          9.3482729             1407.6746          10.652927
              1       721.51185      -237.64446      -312.45735       69.421992     0.022946145      0.11797139      -237.64446      -74.812887   -0.0012971728   2.0989032e-09      0.29373218      0.70748986      0.80427586     0.047611908      0.24478372      0.79582974       13.719309       146.99872       10.869012       8.4457655       1407.6367       8.0361161        8.0361161                           -0       1426.9515          8.4457655             1407.6367          10.869012
              1       720.44896      -112.94518      -734.14688       69.421992     0.022964788       0.1255829      -112.94518       -621.2017  -0.00061650675   2.0989032e-09      0.30956431      0.69097706      0.83772696     0.047650591      0.26057717      0.85097599       13.610786       145.00617       11.616033       8.4457655        1404.599       8.1185686        8.1185686                           -0       1424.6608          8.4457655              1404.599          11.616033
              3       720.36319       -103.3161        -673.794       69.421992     0.022964978      0.12450316       -103.3161       -570.4779   -0.0005639468   2.0989032e-09       0.3073243      0.69316451      0.83305047     0.047650986      0.25833677      0.84315832        13.62269       145.28014       11.113832       8.4457655       1404.9279       8.1194229        8.1194229                           -0       1424.4875          8.4457655             1404.9279          11.113832
              1       720.39797      -107.01991      -684.49614       69.637971     0.023058486      0.12557033      -107.01991      -577.47624  -0.00058416387   2.0989032e-09      0.30781438      0.69269511       0.8375954     0.047548692      0.25893742      0.84843408       13.577145       144.90916       11.292325        7.507722       1404.8531        8.571413         8.571413                           -0       1423.6531           7.507722             1404.8531          11.292325
              1       720.35779      -143.90752      -482.70316       69.637971     0.023003619       0.1268443      -143.90752      -338.79564  -0.00078551342   2.0989032e-09      0.31032827      0.69038257      0.84299618     0.047435551      0.26156446      0.85738455       13.496319       144.64676       12.176192        7.507722       1404.4347       8.2984598        8.2984598                           -0       1424.1187           7.507722             1404.4347          12.176192
              1       720.47573      -133.34611        -427.553       69.637971     0.023058836      0.12494737      -133.34611      -294.20689  -0.00072786438   2.0989032e-09      0.30653049       0.6941227       0.8345218     0.047549413      0.25765281      0.84355596       13.532168       145.06657       11.301064        7.507722       1404.9962       8.5732229        8.5732229                           -0        1423.805           7.507722             1404.9962          11.301064
              3       720.33258      -1.3560329      -635.90511       69.637971      0.02302959      0.12605157      -1.3560329      -634.54907  -7.4018512e-06   2.0989032e-09      0.30874715      0.69118558      0.83966826     0.047489105      0.25992978      0.85182148       13.548626       144.81852       11.626347        7.507722       1404.6812       8.4249169        8.4249169                           -0       1423.8153           7.507722             1404.6812          11.626347
              2       719.77774       -16.13959      -707.91953       69.637971     0.022875119      0.12455051       -16.13959      -691.77994  -8.8097309e-05   2.0989032e-09       0.3053333      0.69468012      0.83445077     0.047170573      0.25683446      0.84183539        13.61337       145.36468       11.298956        7.507722       1405.2583       7.7452544        7.7452544                           -0        1424.065           7.507722             1405.2583          11.298956
              2       719.87925      -18.086111        -713.544       69.751478     0.022924262      0.12511136      -18.086111      -695.45789  -9.8722311e-05   2.0989032e-09      0.30559414      0.69443016      0.83684378     0.047118184      0.25715201       0.8446101       13.589482       145.16914       11.621565       7.0368666       1405.2149       7.9425766        7.9425766                           -0       1423.8734          7.0368666             1405.2149          11.621565
              1       719.73998      -43.663893      -771.20944       69.751478     0.022848081      0.12466871      -43.663893      -727.54554  -0.00023833762   2.0989032e-09      0.30452774      0.69563617      0.83556882     0.046961602      0.25624219       0.8418506       13.622133       145.36365       11.729979       7.0368666       1405.4247        7.644211         7.644211                           -0       1424.1915          7.0368666             1405.4247          11.729979
              2       719.79508      -40.426086      -722.70004       69.751478      0.02282062       0.1242624      -40.426086      -682.27396  -0.00022066417   2.0989032e-09      0.30363617      0.69651007      0.83393806      0.04690516      0.25540706      0.83897674       13.618967       145.49698       11.885781       7.0368666       1405.5734       7.5470553        7.5470553                           -0        1424.496          7.0368666             1405.5734          11.885781
              2       719.81897      -78.645892      -862.35409       69.751478      0.02271389      0.12345731      -78.645892       -783.7082  -0.00042928546   2.0989032e-09      0.30176204      0.69859282      0.83142476     0.046685788       0.2537523      0.83386285       13.693105        145.8189       12.169411       7.0368666       1405.9881       7.2217548        7.2217548                           -0       1425.1944          7.0368666             1405.9881          12.169411
              1        719.4957      -46.229474      -906.68183       69.751478     0.022562675      0.12671946      -46.229474      -860.45236  -0.00025234173   2.0989032e-09       0.3081562      0.69202171      0.84633055     0.046374984      0.26045727      0.85775814       13.620742       145.15037       13.300286       7.0368666       1404.8476       6.9033275        6.9033275                           -0       1425.1847          7.0368666             1404.8476          13.300286
              4       719.88993       -50.99233       -920.4441       70.029213     0.022682921      0.12809178       -50.99233      -869.45177   -0.0002783396   2.0989032e-09      0.30876026      0.69144424      0.85212535     0.046253062      0.26119373      0.86447723       13.564137       144.67618       14.787304       5.9490475       1404.7576        7.142939         7.142939                           -0        1425.494          5.9490475             1404.7576          14.787304
              1       720.18826      -19.367111      -924.79619       70.029213     0.022584898      0.12717074      -19.367111      -905.42908   -0.0001057146   2.0989032e-09      0.30668229      0.69334959      0.84889778     0.046053181      0.25931564          0.8583       13.593016       145.01254       15.459389       5.9490475       1405.0888       6.9396537        6.9396537                           -0       1426.4972          5.9490475             1405.0888          15.459389
              1       720.61779      -29.361202      -671.66922       70.029213      0.02256969      0.12674698      -29.361202      -642.30802  -0.00016026695   2.0989032e-09      0.30578718      0.69429924      0.84683398      0.04602217      0.25845155      0.85496293       13.521689       145.13586       16.285873       5.9490475       1405.1719       6.9144039        6.9144039                           -0       1427.4068          5.9490475             1405.1719          16.285873
              2       720.18217      -25.000017      -659.06758         69.7749     0.022459585       0.1254904      -25.000017      -634.06757  -0.00013646159   2.0989032e-09       0.3052131      0.69484898      0.84149698     0.046132105      0.25775794      0.84877684       13.574877       145.57384       14.591911       6.9416016       1405.2668       6.7819907        6.7819907                           -0       1426.8004          6.9416016             1405.2668          14.591911
              4       720.16871      -31.044863      -643.89867         69.7749     0.022466032      0.12553467      -31.044863       -612.8538  -0.00016945714   2.0989032e-09      0.30531728       0.6947778      0.84162017     0.046145347      0.25784887      0.84904596       13.569627       145.55557       14.575918       6.9416016       1405.2453        6.787303         6.787303                           -0       1426.7628          6.9416016             1405.2453          14.575918
              1       720.10168      -34.019393      -651.16522         69.7749     0.022494374      0.12531601      -34.019393      -617.14582  -0.00018569349   2.0989032e-09      0.30492636      0.69518496      0.84051919     0.046203562      0.25739974      0.84739225       13.576794       145.58064       14.316715       6.9416016       1405.3165       6.8142586        6.8142586                           -0       1426.5748          6.9416016             1405.3165          14.316715
              1       720.66003      -18.936473      -607.58313       68.895375     0.022113582      0.12097019      -18.936473      -588.64666  -0.00010336398   2.0989032e-09      0.30280355      0.69722353      0.82185346     0.046588526      0.25485797      0.82568471       13.766034       147.12534       10.780603       10.964379       1405.6905       6.9422704        6.9422704                           -0       1427.4355          10.964379             1405.6905          10.780603
              1       720.54176      -264.86294      -351.37245       68.895375     0.022210588      0.12426625      -264.86294      -86.509515   -0.0014457437   2.0989032e-09      0.30995201      0.69141745      0.83505221     0.046792896      0.26180206      0.84878994        13.62212       146.15911         12.0279       10.964379        1404.473       6.8091159        6.8091159                           -0       1427.4653          10.964379              1404.473            12.0279
              1       720.44624      -257.12702      -170.57756       68.895375     0.022233449       0.1228484      -257.12702        86.54946   -0.0014035175   2.0989032e-09      0.30701307      0.69431415      0.82852094     0.046841059      0.25881496      0.83814913        13.62479        146.5012       11.483997       10.964379       1404.8686       6.7877443        6.7877443                           -0        1427.317          10.964379             1404.8686          11.483997
              2       720.22244      -102.02961      -880.17143       68.895375     0.022370245      0.12197405      -102.02961      -778.14182  -0.00055692455   2.0989032e-09       0.3054592      0.69502143      0.82495648     0.047129258      0.25697289      0.83242865       13.819249       146.57852       10.701809       10.964379       1405.2994       6.7396277        6.7396277                           -0       1426.9656          10.964379             1405.2994          10.701809
              1       720.22435      -92.504289      -862.70361       68.895375     0.022373143      0.12190639      -92.504289      -770.19932  -0.00050493096   2.0989032e-09      0.30532278      0.69510586      0.82461791     0.047135363      0.25683036      0.83190117       13.814076       146.59299       10.687246       10.964379       1405.3169       6.7400869        6.7400869                           -0       1426.9685          10.964379             1405.3169          10.687246
              1       720.30202      -84.030185      -874.10076       68.895375     0.022399422      0.12337287      -84.030185      -790.07057  -0.00045867541   2.0989032e-09      0.30846768      0.69191471      0.83073957     0.047190728       0.2599199      0.84238205       13.774654       146.18317       11.350112       10.964379       1404.7954       6.7470516        6.7470516                           -0       1427.1099          10.964379             1404.7954          11.350112
              1       719.40382      -93.291895      -900.86246        69.43545     0.022633248      0.12604143      -93.291895      -807.57057  -0.00050923008   2.0989032e-09      0.30970772       0.6907264      0.84210932     0.046944463      0.26142723      0.85562577       13.661165         145.246       11.744256       8.3857025       1404.6154       7.0311526        7.0311526                           -0       1424.7453          8.3857025             1404.6154          11.744256
              1       719.70505      -62.871545      -802.76931        69.43545     0.022337288      0.12465812      -62.871545      -739.89777  -0.00034318181   2.0989032e-09      0.30622468       0.6940434      0.83805583     0.046330601      0.25855805      0.84670557       13.672204       145.91981       12.408067       8.3857025       1405.1389       6.7387211        6.7387211                           -0       1425.9327          8.3857025             1405.1389          12.408067
              3       719.78996      -60.668341      -796.40316       69.306975     0.022281664      0.12402331      -60.668341      -735.73481  -0.00033115571   2.0989032e-09      0.30592367       0.6943321      0.83534342     0.046386728      0.25819596      0.84355027         13.6994       146.14396        11.91357       8.9678358       1405.1881       6.7551862        6.7551862                           -0       1426.0695          8.9678358             1405.1881           11.91357
              2       719.85589      -89.779615      -928.07298       69.306975     0.022217647      0.12445543      -89.779615      -838.29337  -0.00049005844   2.0989032e-09      0.30668999      0.69372468      0.83780397     0.046253454      0.25909555      0.84709396        13.73888       146.10261       12.040636       8.9678358       1405.0991       6.8021095        6.8021095                           -0       1426.1076          8.9678358             1405.0991          12.040636
              1       719.88134      -90.167973      -867.03344       69.306975     0.022218961      0.12476382      -90.167973      -776.86547  -0.00049217827   2.0989032e-09      0.30733475      0.69308204      0.83902795      0.04625619      0.25973758      0.84922279       13.706015       146.02181        12.21758       8.9678358       1404.9756       6.8008453        6.8008453                           -0        1426.161          8.9678358             1404.9756           12.21758
              2       719.99009      -100.21852      -896.07449        69.89305     0.022472703      0.12765968      -100.21852      -795.85597  -0.00054703877   2.0989032e-09       0.3086496      0.69182331      0.85130893     0.046003124      0.26132789       0.8634942       13.584606       145.01007       15.147321        6.470959       1404.7757       6.7931196        6.7931196                           -0       1426.3939           6.470959             1404.7757          15.147321
              3       719.92437      -110.60058      -895.34917        69.89305     0.022493159      0.12762727      -110.60058      -784.74859  -0.00060370883   2.0989032e-09      0.30862514      0.69190444      0.85104281     0.046044999      0.26126155      0.86319007       13.585088       144.99622       14.971026        6.470959       1404.7808       6.8129828        6.8129828                           -0       1426.2228           6.470959             1404.7808          14.971026
              2       720.04264      -126.90152      -776.90519        69.89305     0.022519286      0.12969611      -126.90152      -650.00367  -0.00069268686   2.0989032e-09      0.31291367      0.68770489      0.85931619     0.046098483      0.26549659       0.8776162        13.48873       144.45085       15.774876        6.470959       1404.1539       6.8427976        6.8427976                           -0       1426.3997           6.470959             1404.1539          15.774876
              1       720.19694      -168.39137      -751.65692        69.89305     0.022451027      0.12901562      -168.39137      -583.26555  -0.00091915756   2.0989032e-09      0.31138094      0.68946409      0.85693761     0.045958752       0.2641036       0.8730409       13.502516        144.6934        16.01835        6.470959       1404.3538       6.7754076        6.7754076                           -0       1426.8431           6.470959             1404.3538           16.01835
              1       720.11159      -169.47232      -754.45875        69.89305     0.022523531      0.13031703      -169.47232      -584.98644  -0.00092505786   2.0989032e-09      0.31419343       0.6866575      0.86184157     0.046107174      0.26676766      0.88199345       13.467013       144.29234       16.057069        6.470959       1403.9989       6.8481132        6.8481132                           -0       1426.5269           6.470959             1403.9989          16.057069
              1       720.10122      -181.03516      -930.87033        69.89305      0.02247652      0.13111332      -181.03516      -749.83517  -0.00098817318   2.0989032e-09      0.31572725       0.6851868       0.8656914     0.046010938      0.26839772      0.88809312       13.506065       144.14566       16.279113        6.470959       1403.8592       6.7965941        6.7965941                           -0       1426.6092           6.470959             1403.8592          16.279113
              2       719.95937      -142.09226      -971.94389        69.89305     0.022509498      0.13088826      -142.09226      -829.85162  -0.00077560494   2.0989032e-09      0.31533404      0.68536743      0.86457632     0.046078447      0.26793701      0.88639671       13.526142        144.1661       15.879676        6.470959        1403.906       6.8310442        6.8310442                           -0       1426.2566           6.470959              1403.906          15.879676
              2       719.79244      -137.31168      -958.13039       69.614281     0.022388805      0.12951083      -137.31168      -820.81871  -0.00074951031   2.0989032e-09      0.31477324      0.68590155      0.85883502     0.046199176      0.26724489       0.8797272       13.581925       144.63654       14.523123       7.6079183       1403.9666       6.7436306        6.7436306                           -0       1426.0976          7.6079183             1403.9666          14.523123
              1       719.81157      -135.90681      -926.98907       69.614281     0.022447036      0.12992525      -135.90681      -791.08226  -0.00074184191   2.0989032e-09      0.31574854      0.68491858      0.86011666     0.046319335      0.26810004      0.88240388       13.556487       144.47111       14.618749       7.6079183       1403.8514       6.7725206        6.7725206                           -0       1426.0781          7.6079183             1403.8514          14.618749
              3       719.57109      -298.54891      -688.66111       69.614281     0.022572477      0.12415041      -298.54891       -390.1122   -0.0016296173   2.0989032e-09      0.30409104      0.69746385      0.83481908     0.046578182      0.25618369      0.84049194       13.638594       145.79426       12.172951       7.6079183       1405.5235        6.918905         6.918905                           -0       1425.3044          7.6079183             1405.5235          12.172951
              2       719.87614      -303.59061       -703.2291       69.908276     0.022699762      0.12560307      -303.59061      -399.63849   -0.0016571372   2.0989032e-09      0.30477159      0.69681145       0.8410205     0.046447691      0.25700589      0.84768245        13.57671       145.28563       13.566211       6.4115064       1405.4047       7.1849305        7.1849305                           -0       1425.3824          6.4115064             1405.4047          13.566211
              1       720.28797      -224.34911      -468.71735       69.908276     0.022774314      0.13051902      -224.34911      -244.36824   -0.0012246006   2.0989032e-09      0.31498303      0.68616748      0.86059427     0.046600237      0.26706477      0.88182295       13.385456       143.97624       15.510598       6.4115064       1403.8624       7.3957013        7.3957013                           -0       1425.7845          6.4115064             1403.8624          15.510598
              3       720.28122      -203.66771      -523.51972       69.908276     0.022781146       0.1307251      -203.66771      -319.85202    -0.001111712   2.0989032e-09       0.3154187      0.68561892      0.86148147     0.046614215      0.26748647       0.8833423       13.391358       143.91828       15.493951       6.4115064       1403.8229       7.4170443        7.4170443                           -0       1425.7283          6.4115064             1403.8229          15.493951
              2        721.7452      -273.90417      -501.47941       69.908276     0.022822933      0.12017815      -273.90417      -227.57524    -0.001495095   2.0989032e-09      0.29392329      0.70749771      0.81643668     0.046699718      0.24590555      0.80812562       13.665756       146.55178       14.293022       6.4115064       1407.6758       7.5550235        7.5550235                           -0       1428.3803          6.4115064             1407.6758          14.293022
              7       721.92523      -257.05468       -452.7928       68.925736     0.022397541      0.11532333      -257.05468      -195.73812   -0.0014031227   2.0989032e-09      0.29124832      0.71007858      0.79504074     0.047145203      0.24274726      0.78335834       13.884292       148.31985       11.195499       10.810254       1408.3519       6.7463856        6.7463856                           -0       1430.3577          10.810254             1408.3519          11.195499
              3       721.95124       -254.4689      -450.58034       68.925736     0.022400449      0.11526724       -254.4689      -196.11144   -0.0013890083   2.0989032e-09      0.29113639      0.71017639      0.79476419     0.047151325      0.24262921      0.78293537       13.885202       148.33183       11.216626       10.810254       1408.3807       6.7474265        6.7474265                           -0       1430.4076          10.810254             1408.3807          11.216626
              2       721.34946      -261.81356      -471.80274       69.354023     0.022585877      0.11738345      -261.81356      -209.98918   -0.0014290989   2.0989032e-09      0.29233687      0.70901695      0.80414396     0.046956275      0.24404143      0.79380708       13.788623        147.5535       11.993632       8.7523878       1408.0702       6.9413372        6.9413372                           -0       1428.8163          8.7523878             1408.0702          11.993632
              2       721.70699      -254.81025      -522.96276       69.354023     0.022526949      0.11687647      -254.81025      -268.15251   -0.0013908716   2.0989032e-09      0.29116033      0.71015526      0.80235457     0.046833763       0.2429874      0.79044527       13.817556       147.75504       12.549472       8.7523878       1408.4071       6.8524879        6.8524879                           -0        1429.709          8.7523878             1408.4071          12.549472
              1       720.73808      -206.79676      -675.75668       69.354023     0.022597034      0.11857294      -206.79676      -468.95992   -0.0011287918   2.0989032e-09      0.29483302      0.70622049      0.80965384      0.04697947      0.24651439      0.80265111       13.808694       147.22391       11.298648       8.7523878       1407.5031        6.961015         6.961015                           -0       1427.5541          8.7523878             1407.5031          11.298648
              3        720.7399      -192.40511      -649.59675       69.354023     0.022586516      0.11859333      -192.40511      -457.19164   -0.0010502356   2.0989032e-09      0.29485354      0.70612141      0.80976133     0.046957604      0.24655677      0.80278561       13.799972       147.23013       11.358528       8.7523878        1407.484       6.9424404        6.9424404                           -0       1427.5949          8.7523878              1407.484          11.358528
              3       721.05154      -268.38743      -901.56525       69.354023     0.022728447       0.1305842      -268.38743      -633.17781   -0.0014649821   2.0989032e-09      0.32007775      0.68131194      0.86019702     0.047252679      0.27148591      0.88851559       13.545951       144.00871       15.380262       8.7523878        1403.448        7.261221         7.261221                           -0       1427.5806          8.7523878              1403.448          15.380262
              1       721.66686       -262.6616      -885.02046       69.020135     0.022583889      0.12893442       -262.6616      -622.35886   -0.0014337279   2.0989032e-09      0.31941541       0.6819423      0.85332629     0.047407509      0.27065575      0.88050623       13.614072       144.57148       15.619408       10.338032       1403.5004       6.9379273        6.9379273                           -0       1429.4579          10.338032             1403.5004          15.619408
              1       720.41894      -339.75026      -786.42823       69.020135     0.022089634      0.12233919      -339.75026      -446.67798   -0.0018545132   2.0989032e-09      0.30453335      0.69724515      0.82874979     0.046369982      0.25681122        0.834988        13.78247       146.79253       11.050031       10.338032       1405.4784       6.9857212        6.9857212                           -0       1426.8664          10.338032             1405.4784          11.050031
              5       720.39449      -341.82809      -833.08152       69.020135     0.022155431      0.12097515      -341.82809      -491.25343    -0.001865855   2.0989032e-09      0.30180812      0.69998172      0.82248779       0.0465081      0.25394787      0.82496266       13.837163        147.0776       10.679672       10.338032       1406.0185       6.8763966        6.8763966                           -0       1427.0362          10.338032             1406.0185          10.679672
              3       720.45161       -339.4722      -836.43797       69.020135     0.022137206      0.12096241       -339.4722      -496.96577   -0.0018529954   2.0989032e-09      0.30174311      0.70003387      0.82255573     0.046469842      0.25392112      0.82494194       13.839261       147.10116       10.725833       10.338032       1406.0323        6.903512         6.903512                           -0       1427.0962          10.338032             1406.0323          10.725833
              6       720.48817      -335.18113      -738.88466       69.020135      0.02212914       0.1210692      -335.18113      -403.70354   -0.0018295728   2.0989032e-09      0.30195035      0.69980321      0.82293213      0.04645291      0.25414528       0.8256028       13.801841       147.08198       10.848197       10.338032       1405.9575       6.9162873        6.9162873                           -0       1427.1438          10.338032             1405.9575          10.848197
              1       720.83888      -304.94252      -557.52695       69.020135     0.022028173       0.1219054      -304.94252      -252.58443   -0.0016645165   2.0989032e-09      0.30349374      0.69809476      0.82690496     0.046240962      0.25590063      0.83170601       13.728229       146.97424       11.511547       10.338032       1405.5954       7.1164102        7.1164102                           -0       1427.4449          10.338032             1405.5954          11.511547
              6       722.20115      -190.24057      -888.00827       69.020135     0.022075815      0.13104707      -190.24057      -697.76771   -0.0010384205   2.0989032e-09      0.32278369      0.67817871      0.86531443     0.046340972      0.27509057      0.89757162       13.568511       144.59046       16.793988       10.338032       1403.2449       7.0127019        7.0127019                           -0       1430.3769          10.338032             1403.2449          16.793988
              8       721.71874      -305.89366      -946.89878       69.020135     0.021786895      0.12475442      -305.89366      -641.00512   -0.0016697083   2.0989032e-09      0.30896784      0.69262585      0.84125905     0.045734479      0.26188121      0.85374026       13.781827       146.49918       12.538249       10.338032       1404.7687       7.8962291        7.8962291                           -0        1427.645          10.338032             1404.7687          12.538249
              3       721.75656      -312.41512      -966.01525       69.020135     0.021778427       0.1248019      -312.41512      -653.60013   -0.0017053054   2.0989032e-09      0.30904973      0.69257956      0.84154114     0.045716703      0.26198088       0.8541397       13.789636       146.49626       12.550561       10.338032       1404.7619       7.9313229        7.9313229                           -0       1427.6505          10.338032             1404.7619          12.550561
              6       721.17232      -317.89636      -981.85329       69.339761     0.021916809       0.1263812      -317.89636      -663.95693   -0.0017352245   2.0989032e-09      0.30977968      0.69188023      0.84824703     0.045584023      0.26285595      0.86196214       13.723513       145.93789       14.024439       8.8174246       1404.6558        7.423501         7.423501                           -0       1427.4976          8.8174246             1404.6558          14.024439
             10       721.37717      -310.70977      -947.64644       69.339761     0.021901895      0.12509901      -310.70977      -636.93667   -0.0016959969   2.0989032e-09      0.30708187      0.69453881      0.84288914     0.045553004      0.26018915      0.85277983        13.74542       146.28339       13.920361       8.8174246       1405.0735       7.4715049        7.4715049                           -0       1427.8113          8.8174246             1405.0735          13.920361
              5       720.17846      -331.82362      -891.35087       69.339761     0.022139481      0.12406508      -331.82362      -559.52724    -0.001811246   2.0989032e-09      0.30542559      0.69631034       0.8368557     0.046047151      0.25803872      0.84438918       13.745437       146.28904       12.392338       8.8174246       1405.3472       6.8999938        6.8999938                           -0       1426.5569          8.8174246             1405.3472          12.392338
              2       720.12785      -347.67013      -908.31868       69.339761     0.022140942      0.12429315      -347.67013      -560.64855   -0.0018977435   2.0989032e-09      0.30590299      0.69591944      0.83784886      0.04605019      0.25851308      0.84605172       13.746504       146.22853       12.372395       8.8174246       1405.2704       6.8977551        6.8977551                           -0       1426.4602          8.8174246             1405.2704          12.372395
              1       720.23776      -314.18072        -944.991       69.339761     0.022154256      0.12306024      -314.18072      -630.81028   -0.0017149429   2.0989032e-09      0.30336639      0.69827324      0.83250711      0.04607788      0.25594879      0.83716498       13.797309       146.53328       12.159824       8.8174246       1405.7421       6.8780716        6.8780716                           -0       1426.7194          8.8174246             1405.7421          12.159824
              1       720.18045       -308.0452      -885.01367       69.339761      0.02218228      0.12296214       -308.0452      -576.96847   -0.0016814524   2.0989032e-09      0.30322064       0.6983855      0.83182669     0.046136166      0.25574476       0.8362798       13.772718       146.52792        12.11158       8.8174246       1405.7502       6.8408703        6.8408703                           -0       1426.6792          8.8174246             1405.7502           12.11158
              3       720.19481      -242.18768      -919.07064       69.339761     0.022114841       0.1254688      -242.18768      -676.88296   -0.0013219718   2.0989032e-09      0.30829388      0.69295278      0.84296189     0.045995902      0.26095826      0.85453482       13.713016       145.95471        12.83406       8.8174246       1404.8579       6.9401028        6.9401028                           -0       1426.5094          8.8174246             1404.8579           12.83406
              3       720.82137      -236.12364      -901.54859        68.98615     0.021961745      0.12372157      -236.12364      -665.42495   -0.0012888715   2.0989032e-09      0.30746947      0.69374332       0.8355103     0.046146952      0.25996903       0.8458477       13.787278       146.57373       11.573494       10.506824        1404.985       7.2886872        7.2886872                           -0       1427.0654          10.506824              1404.985          11.573494
              1       720.88829      -184.71289      -769.35359        68.98615     0.021989476      0.12540892      -184.71289       -584.6407   -0.0010082479   2.0989032e-09      0.31107327      0.68985889      0.84226683     0.046205223      0.26351456       0.8576704       13.689906       146.10736       12.442576       10.506824       1404.4015       7.2128478        7.2128478                           -0       1427.3509          10.506824             1404.4015          12.442576
              2       720.19079      -190.20312      -671.27892        68.98615     0.022270828      0.12478546      -190.20312       -481.0758   -0.0010382161   2.0989032e-09      0.31035442      0.69060771       0.8376188     0.046796411      0.26220452      0.85195127        13.67109       145.95962        11.87242       10.506824       1404.4803       6.7610244        6.7610244                           -0       1426.8595          10.506824             1404.4803           11.87242
              4       720.55126       -28.47971      -97.321913        68.98615     0.022179218      0.12273787       -28.47971      -68.842203  -0.00015545536   2.0989032e-09      0.30585944      0.69421993      0.82836736     0.046603916      0.25790204      0.83641785       13.602947       146.58968       11.905349       10.506824        1405.001       6.8446558        6.8446558                           -0       1427.4132          10.506824              1405.001          11.905349
              5       720.42872      -89.653021      -157.78953        68.98615     0.022209574      0.12212853      -89.653021      -68.136508  -0.00048936743   2.0989032e-09      0.30464286      0.69577042      0.82570467     0.046667701      0.25662167      0.83206952       13.630227       146.71515       11.497161       10.506824       1405.2332       6.8101525        6.8101525                           -0       1427.2371          10.506824             1405.2332          11.497161
              1       720.38615      -117.24779      -661.88539        68.98615     0.022168906      0.12129975      -117.24779      -544.63761  -0.00063999236   2.0989032e-09      0.30281592      0.69774798      0.82331734     0.046582248      0.25488019      0.82717231        13.76583       146.97728        10.82673       10.506824       1405.7229       6.8579084        6.8579084                           -0       1427.0565          10.506824             1405.7229           10.82673
              4       720.14155      -118.98128      -663.50053       69.107965     0.022223281      0.12194021      -118.98128      -544.51925  -0.00064945458   2.0989032e-09       0.3032042      0.69736943      0.82606645     0.046532025      0.25532346       0.8304662         13.7369       146.74925        11.13162        9.908134       1405.6498       6.7967788        6.7967788                           -0       1426.6895           9.908134             1405.6498           11.13162
              2       720.13166      -118.70405      -660.70465       69.107965     0.022230016      0.12188845      -118.70405       -542.0006  -0.00064794133   2.0989032e-09      0.30310994      0.69746218      0.82579396     0.046546129      0.25521509      0.83006321       13.737363       146.75536       11.107023        9.908134       1405.6668       6.7907096        6.7907096                           -0       1426.6819           9.908134             1405.6668          11.107023
              3       721.58784      -143.55168      -228.26183       69.107965      0.02203481      0.12013992      -143.55168      -84.710143  -0.00078357113   2.0989032e-09      0.29904005       0.7016677      0.81873304     0.046137397      0.25155393      0.81742208       13.692231       147.43256       12.716687        9.908134       1406.3489       7.1009685        7.1009685                           -0       1428.9737           9.908134             1406.3489          12.716687
              5       721.59913      -153.08713      -237.14622       69.778037     0.022333909      0.12366291      -153.08713      -84.059091  -0.00083561997   2.0989032e-09      0.30117421      0.69958704      0.83384556     0.045869842      0.25398143      0.83547582       13.535478       146.17986       16.876525       6.9288926       1405.9147       6.7390765        6.7390765                           -0       1429.7201          6.9288926             1405.9147          16.876525
              1       721.42822      -145.59846      -230.16885       69.251796     0.022099011      0.12089612      -145.59846      -84.570395  -0.00079474334   2.0989032e-09      0.29950985      0.70120938      0.82199496     0.046079819      0.25208691      0.82132318       13.658161       147.16106       13.445495       9.2238569       1406.2507       6.9682093        6.9682093                           -0         1428.92          9.2238569             1406.2507          13.445495
              2       721.34455      -143.90563      -225.87126       69.251796     0.022105481      0.12107642      -143.90563       -81.96563  -0.00078550314   2.0989032e-09      0.29989929       0.7008107      0.82272677      0.04609331      0.25246286      0.82258867       13.652272       147.10635       13.384654       9.2238569       1406.1676       6.9564998        6.9564998                           -0       1428.7761          9.2238569             1406.1676          13.384654
              1       721.15192      -313.67297      -269.96212       69.251796     0.022068094      0.12236108      -313.67297       43.710853   -0.0017121714   2.0989032e-09      0.30250003      0.69913663       0.8287299     0.046015351      0.25514156      0.83217582       13.631867       146.81067       13.327345       9.2238569       1405.6959       7.0283837        7.0283837                           -0       1428.2471          9.2238569             1405.6959          13.327345
              1        721.0877      -314.96655      -271.16737       69.342697     0.022108669        0.122839      -314.96655       43.799174   -0.0017192323   2.0989032e-09      0.30278578      0.69885814      0.83077206     0.045979172      0.25546701       0.8346204        13.61062        146.6411        13.82746       8.8040145       1405.6422       6.9508427        6.9508427                           -0       1428.2737          8.8040145             1405.6422           13.82746
              3       720.81414       -312.3936      -183.31352       69.342697     0.022157247      0.12347177       -312.3936       129.08008    -0.001705188   2.0989032e-09      0.30420276      0.69742712      0.83299648     0.046080198      0.25678296        0.838811       13.575971       146.42314       13.721566       8.8040145        1405.355       6.8738274        6.8738274                           -0       1427.8806          8.8040145              1405.355          13.721566
              1       721.04769      -312.04388       -174.0942       69.342697     0.022108081      0.12378805      -312.04388       137.94969   -0.0017032791   2.0989032e-09      0.30475828      0.69686969      0.83465702     0.045977948      0.25744073       0.8412502       13.567279       146.39522       14.133312       8.8040145       1405.2543       6.9518813        6.9518813                           -0       1428.1916          8.8040145             1405.2543          14.133312
              3       721.23869      -344.51315      -377.31687       69.342697     0.022026224      0.12727993      -344.51315      -32.803719   -0.0018805112   2.0989032e-09      0.31185007      0.68995513      0.85036265     0.045807711      0.26470276      0.86699476       13.517911       145.58942       15.199304       8.8040145        1404.232       7.1210053        7.1210053                           -0       1428.2354          8.8040145              1404.232          15.199304
              1       721.10527      -161.64802      -385.52599       69.342697     0.022575983      0.13068962      -161.64802      -223.87797  -0.00088234924   2.0989032e-09      0.32008449      0.68072255      0.86069374     0.046951039      0.27179385      0.88903802       13.413461       144.14446       16.183539       8.8040145       1403.3737       6.9246476        6.9246476                           -0       1428.3613          8.8040145             1403.3737          16.183539
              2       720.64003      -214.89406      -454.68945       69.342697     0.022706809      0.12897062      -214.89406      -239.79539   -0.0011729906   2.0989032e-09      0.31678159      0.68431609      0.85292634     0.047223117      0.26821887      0.87645751       13.469059       144.43134       14.396837       8.8040145        1403.673       7.2031153        7.2031153                           -0       1426.8738          8.8040145              1403.673          14.396837
              1       721.56026      -176.84371      -469.64876       69.342697     0.022701459      0.13118196      -176.84371      -292.80505   -0.0009652943   2.0989032e-09      0.32136937      0.67952062      0.86203155      0.04721199      0.27281777      0.89220525       13.414976       143.89019       16.645518       8.8040145       1403.2924       7.1892752        7.1892752                           -0        1428.742          8.8040145             1403.2924          16.645518
              1       723.09158      -296.88228       -319.6675       69.342697     0.022697476      0.13372636      -296.88228      -22.785224   -0.0016205201   2.0989032e-09      0.32665265      0.67489256      0.87214421     0.047203706      0.27810934      0.91006155        13.32631       143.27397       20.005046       8.8040145       1403.0159       7.1791074        7.1791074                           -0       1431.8249          8.8040145             1403.0159          20.005046
              7       722.64678      -272.15122      -161.52323       69.342697     0.022440335       0.1335435      -272.15122         110.628   -0.0014855266   2.0989032e-09      0.32573758      0.67567264      0.87281214     0.046668933      0.27772904      0.90948194       13.309722       143.58901       19.914757       8.8040145       1403.0389        6.767935         6.767935                           -0       1431.7577          8.8040145             1403.0389          19.914757
              3       722.49657      -264.94661      -137.35205       69.342697     0.022447352       0.1332347      -264.94661       127.59456   -0.0014462005   2.0989032e-09      0.32510996      0.67626093      0.87147468     0.046683526      0.27708683      0.90721304       13.313023       143.65675       19.581489       8.8040145       1403.0622        6.772745         6.772745                           -0       1431.4477          8.8040145             1403.0622          19.581489
              2       724.18848      -139.48465      -243.21144       69.342697     0.022583068       0.1355997      -139.48465      -103.72678   -0.0007613714   2.0989032e-09      0.33031067      0.67037539      0.88012816     0.046965774      0.28200529      0.92352061       13.266857       142.94247       22.771044       8.8040145       1402.9289       6.9365268        6.9365268                           -0       1434.5039          8.8040145             1402.9289          22.771044
              1       724.24538      -140.16551      -242.66223       69.342697     0.022575478       0.1356991      -140.16551      -102.49672  -0.00076508785   2.0989032e-09      0.33050162      0.67018816      0.88057178      0.04694999      0.28221203      0.92425313       13.264581       142.92657       22.912079       8.8040145        1402.927       6.9238157        6.9238157                           -0       1434.6431          8.8040145              1402.927          22.912079
              1       725.24264      -146.10602      -331.70161       69.342697     0.022621443      0.13691935      -146.10602      -185.59559  -0.00079751384   2.0989032e-09      0.33313495      0.66758726      0.88524462     0.047045581      0.28474976      0.93285204        13.24937       142.58729       24.743422       8.8040145       1402.9234       7.0072366        7.0072366                           -0       1436.4708          8.8040145             1402.9234          24.743422
              2       723.62418      -286.56671        -359.393       69.342697     0.022592739      0.13502215      -286.56671      -72.826289   -0.0015642129   2.0989032e-09      0.32912967      0.67235924      0.87807764     0.046985887      0.28080418      0.91972037       13.304116       143.07106       21.586646       8.8040145        1402.951       6.9533331        6.9533331                           -0       1433.3417          8.8040145              1402.951          21.586646
              1          723.72      -285.17046      -358.09208       69.244581     0.022548943      0.13450629      -285.17046      -72.921621   -0.0015565916   2.0989032e-09      0.32889584      0.67258523      0.87599449     0.047027794      0.28052464      0.91721244       13.325425       143.24131       21.461382       9.2575995       1402.9557       6.8826828        6.8826828                           -0       1433.6746          9.2575995             1402.9557          21.461382
              1       723.59691      -150.52439      -321.26607       69.244581     0.022481383       0.1344233      -150.52439      -170.74168  -0.00082163136   2.0989032e-09      0.32858186      0.67216425      0.87596057     0.046886893      0.28035157      0.91673903       13.319249       143.33242       21.375599       9.2575995       1402.9583       6.8011754        6.8011754                           -0       1433.5915          9.2575995             1402.9583          21.375599
              3       722.87876      -175.88048      -430.21166       69.244581     0.022285345      0.13365279      -175.88048      -254.33118  -0.00096003656   2.0989032e-09      0.32656604      0.67431847      0.87439957     0.046478037       0.2787446      0.91229399       13.363644       143.72644       19.972098       9.2575995        1403.021       6.7533987        6.7533987                           -0       1432.2507          9.2575995              1403.021          19.972098
              3       721.95966      -127.63659      -866.61333       69.244581     0.022562227      0.13223657      -127.63659      -738.97674  -0.00069669922   2.0989032e-09      0.32418985      0.67643132       0.8675405       0.0470555      0.27579095      0.90183864       13.497327       143.77892        17.69986       9.2575995       1403.1566       6.9026322        6.9026322                           -0       1430.1141          9.2575995             1403.1566           17.69986
              4       721.84525      -333.75768      -739.80993       69.244581     0.021974541      0.13066796      -333.75768      -406.05225    -0.001821803   2.0989032e-09      0.31969271      0.68205357        0.865027      0.04582983      0.27251948      0.89296699       13.523757        144.7937       16.463949       9.2575995        1403.463       7.2529925        7.2529925                           -0       1429.1845          9.2575995              1403.463          16.463949
              3       720.65461      -340.35387      -842.84607       69.244581     0.022283659      0.13003393      -340.35387      -502.49221    -0.001857808   2.0989032e-09      0.31901507      0.68276721      0.86052294     0.046474521      0.27119715      0.88737548       13.563874       144.61899       15.007619       9.2575995       1403.5356       6.7542051        6.7542051                           -0       1427.8008          9.2575995             1403.5356          15.007619
              1       720.57879      -349.72382      -851.57627       69.903023     0.022577567      0.13349578      -349.72382      -501.85245   -0.0019089535   2.0989032e-09      0.32071963      0.68111522      0.87473476     0.046204602      0.27319681      0.90443743       13.417507       143.45586       17.474189       6.4319878       1403.3969       6.9272723        6.9272723                           -0        1427.303          6.4319878             1403.3969          17.474189
              1       719.68941      -221.16972      -984.29091       69.903023     0.022822397      0.12517174      -221.16972      -763.12119   -0.0012072461   2.0989032e-09      0.30418567      0.69694747      0.83869909     0.046705642      0.25616181      0.84452969       13.688952       145.26323       12.257836       6.4319878       1405.5827       7.5531751        7.5531751                           -0       1424.2725          6.4319878             1405.5827          12.257836
              1       719.57935      -219.91229      -983.11934       69.814661     0.022782955      0.12470717      -219.91229      -763.20704   -0.0012003824   2.0989032e-09      0.30392208      0.69720401      0.83672731     0.046743022       0.2558575      0.84217907       13.709412       145.42403       11.900296       6.7813729       1405.6315       7.4227555        7.4227555                           -0       1424.3132          6.7813729             1405.6315          11.900296
              2       720.67315       -191.9098      -814.66438       69.814661     0.023171064      0.12565319       -191.9098      -622.75458    -0.001047532   2.0989032e-09      0.30665927      0.69431397      0.83796791     0.047539292      0.25779843      0.84721728       13.601018       144.76821       11.074855       6.7813729       1405.0894        9.200315         9.200315                           -0       1422.9457          6.7813729             1405.0894          11.074855
              2       721.41925      -331.97752      -837.52439       69.814661     0.023254412      0.12277433      -331.97752      -505.54687    -0.001812086   2.0989032e-09       0.3009238      0.70081399      0.82524501     0.047710293      0.25189196      0.82651464       13.693404        145.4113       10.405757       6.7813729       1406.2002       9.7255676        9.7255676                           -0       1423.3874          6.7813729             1406.2002          10.405757
              1       721.40405      -297.43295      -804.33623       69.814661     0.023284468      0.12401167      -297.43295      -506.90329   -0.0016235258   2.0989032e-09      0.30352407      0.69802516      0.83029331      0.04777196      0.25443056      0.83515576       13.644006       145.06313       10.506703       6.7813729       1405.6652       9.9274338        9.9274338                           -0       1422.9532          6.7813729             1405.6652          10.506703
              2       721.14947      -148.97237      -984.17596       69.814661     0.023126778      0.12150304      -148.97237       -835.2036  -0.00081315971   2.0989032e-09      0.29805368      0.70268518      0.82063057     0.047448433       0.2492837      0.81796423       13.792253       145.87629       10.791056       6.7813729       1406.8428       8.9418729        8.9418729                           -0       1424.4152          6.7813729             1406.8428          10.791056
              3       721.06238      -148.34871      -896.99249       69.814661     0.023062522      0.12117486      -148.34871      -748.64378  -0.00080975552   2.0989032e-09      0.29724854      0.70348692      0.81952702       0.0473166      0.24861039       0.8157602       13.761746        146.0309       11.162949       6.7813729       1406.9957       8.5923582        8.5923582                           -0         1424.94          6.7813729             1406.9957          11.162949
              6       722.54855      -132.42583      -882.15678       68.695733     0.022563067      0.11529195      -132.42583      -749.73094  -0.00072284112   2.0989032e-09      0.29348614      0.70715997      0.79381544     0.047812186        0.244309      0.78515013       14.033686       148.14261       11.371068       12.004981       1407.9132       6.9039362        6.9039362                           -0       1431.2892          12.004981             1407.9132          11.371068
              2       721.67877      -136.15559      -885.63188        68.95783     0.022680059      0.11666996      -136.15559      -749.47629  -0.00074319984   2.0989032e-09      0.29440334      0.70626371      0.79989435     0.047695456      0.24535328      0.79239799        13.96861       147.64013       10.756634       10.648526       1407.6804       7.1360077        7.1360077                           -0       1429.0855          10.648526             1407.6804          10.756634
              2       721.66928      -136.72125      -887.17989        68.95783     0.022679044      0.11668934      -136.72125      -750.45864  -0.00074628749   2.0989032e-09      0.29444195      0.70622818      0.79998941     0.047693322      0.24539403      0.79254414       13.968759       147.63605       10.751537       10.648526       1407.6714       7.1335655        7.1335655                           -0       1429.0714          10.648526             1407.6714          10.751537
              2       720.08351      -2.9140058      -801.43874        68.95783      0.02231336      0.12188211      -2.9140058      -798.52473  -1.5905984e-05   2.0989032e-09      0.30459317      0.69534658      0.82494228       0.0469243      0.25631427      0.83123346       13.786325        146.6651       10.618016       10.648526       1405.4144       6.7430341        6.7430341                           -0       1426.6809          10.648526             1405.4144          10.618016
              2       720.26634      -110.32286      -434.63219        68.95783     0.022362647      0.12431984      -110.32286      -324.30933  -0.00060219291   2.0989032e-09      0.30982329      0.69070275      0.83450409     0.047027949      0.26144075      0.84805667       13.624356       145.97911       11.916724       10.648526         1404.49        6.738715         6.738715                           -0       1427.0553          10.648526               1404.49          11.916724
              1       720.35874      -101.26952      -834.74465        68.95783     0.022218043      0.12056199      -101.26952      -733.47513  -0.00055277561   2.0989032e-09      0.30161656      0.69886006      0.81996328     0.046723851      0.25353811      0.82216951       13.843065       147.11707       10.453423       10.648526       1406.0121       6.8017273        6.8017273                           -0        1427.114          10.648526             1406.0121          10.453423
              1       720.31603       -92.45077      -944.31677        68.95783     0.022119133      0.12371985       -92.45077        -851.866  -0.00050463883   2.0989032e-09      0.30804944      0.69237905      0.83434127     0.046515846      0.26017899      0.84546047       13.796341       146.40072       11.237155       10.648526       1404.8808       6.9327972        6.9327972                           -0       1426.7665          10.648526             1404.8808          11.237155
              2       720.34323      -127.29739      -953.27264        68.95783     0.022104256      0.12363403      -127.29739      -825.97525   -0.0006948477   2.0989032e-09      0.30783767      0.69278103      0.83410463     0.046484561      0.25999851       0.8449301       13.804802       146.43933       11.198188       10.648526       1404.9223       6.9586939        6.9586939                           -0       1426.7691          10.648526             1404.9223          11.198188
              1       720.09542       -125.9637      -845.44997        68.95783     0.022258132      0.12327477       -125.9637      -719.48627   -0.0006875678   2.0989032e-09      0.30740575      0.69320566      0.83141902     0.046808158        0.259243       0.8416186       13.767942       146.36334       11.040878       10.648526       1404.9635       6.7689551        6.7689551                           -0       1426.6529          10.648526             1404.9635          11.040878
              1       720.08765      -122.04057      -849.88922        68.95783     0.022263062      0.12318883      -122.04057      -727.84865  -0.00066615358   2.0989032e-09      0.30723539      0.69335461      0.83102283     0.046818526      0.25906226      0.84098441       13.771715       146.38022       11.003338       10.648526        1404.992       6.7657355        6.7657355                           -0       1426.6438          10.648526              1404.992          11.003338
              1       720.08602      -205.00343      -993.61689        68.95783     0.022356276      0.12151544      -205.00343      -788.61346    -0.001119003   2.0989032e-09      0.30391232      0.69713053      0.82342834     0.047014551      0.25554317      0.82878014       13.884373       146.71373       10.413558       10.648526       1405.6334       6.7382747        6.7382747                           -0       1426.6955          10.648526             1405.6334          10.413558
              1       720.52387      -202.95035      -991.70398       68.813556     0.022291876       0.1207569      -202.95035      -788.75364   -0.0011077963   2.0989032e-09      0.30345014      0.69758118      0.82016356     0.047075899      0.25501396      0.82486621       13.919149       146.98393       10.441345       11.385143       1405.7203       6.7504696        6.7504696                           -0       1427.5468          11.385143             1405.7203          10.441345
              2        720.9658      -217.61301      -915.10335       68.813556     0.022240574      0.11845875      -217.61301      -697.49034   -0.0011878319   2.0989032e-09      0.29848858      0.70262278      0.81038998     0.046967559      0.25016074      0.80834601       13.955105       147.65043       10.250672       11.385143       1406.7321       6.7818639        6.7818639                           -0       1428.3679          11.385143             1406.7321          10.250672
              1       721.10823      -236.00765      -616.16192       68.813556     0.022501166      0.11783183      -236.00765      -380.15427   -0.0012882383   2.0989032e-09      0.29771497       0.7034968      0.80551557     0.047517877      0.24883681        0.802442       13.860621       147.52768       10.388033       11.385143       1406.8001       6.8215905        6.8215905                           -0       1428.5733          11.385143             1406.8001          10.388033
              2       721.15782      -181.77476      -706.38443       68.813556      0.02264837      0.12057673      -181.77476      -524.60967  -0.00099221026   2.0989032e-09      0.30382251      0.69709323       0.8166732     0.047828741      0.25463348      0.82185963       13.801988       146.63854       11.246123       11.385143       1405.5578        7.063275         7.063275                           -0       1428.1891          11.385143             1405.5578          11.246123
              2       722.82836      -282.92837       -907.9907       68.813556     0.022869956      0.11752618      -282.92837      -625.06233   -0.0015443532   2.0989032e-09      0.29784831      0.70361957      0.80219985     0.048296686      0.24819134      0.79931786        13.96433       147.20094       11.931211       11.385143       1406.8893       7.7255466        7.7255466                           -0       1430.2056          11.385143             1406.8893          11.931211
              4       722.07709      -284.20143      -966.14106       69.912676     0.023382075       0.1232319      -284.20143      -681.93963   -0.0015513022   2.0989032e-09      0.30127797      0.70019925      0.82677789       0.0478378      0.25212232      0.82853702       13.723202       145.15758       10.341583       6.3943774       1406.1612       10.628486        10.628486                           -0       1422.8972          6.3943774             1406.1612          10.341583
              1       722.40141      -294.90476      -929.82473       69.912676     0.023431191      0.12333707      -294.90476      -634.91997   -0.0016097258   2.0989032e-09      0.30159362      0.69994202      0.82687856     0.047938288      0.25233748      0.82907186       13.701726       145.07837       10.307204       6.3943774       1406.0861       11.007579        11.007579                           -0       1422.7877          6.3943774             1406.0861          10.307204
              6       722.42125      -243.64632      -872.41831       69.912676     0.023454385      0.12450997      -243.64632      -628.77199   -0.0013299337   2.0989032e-09      0.30404073      0.69721511      0.83164854      0.04798574      0.25473715      0.83723059       13.640777       144.75585       10.483263       6.3943774       1405.5794       11.192717        11.192717                           -0       1422.4571          6.3943774             1405.5794          10.483263
              7       722.00726      -252.40341      -908.01061       69.912676     0.023408039      0.12614877      -252.40341       -655.6072   -0.0013777339   2.0989032e-09      0.30729877      0.69400488      0.83895851     0.047890919         0.25809      0.84910278       13.610364       144.39223       10.948881       6.3943774       1405.0179       10.826684        10.826684                           -0       1422.3612          6.3943774             1405.0179          10.948881
              2       721.61028      -251.88824      -884.47889       69.467895     0.023200799      0.12383984      -251.88824      -632.59065   -0.0013749219   2.0989032e-09      0.30603242      0.69526746      0.82921619     0.048076702      0.25662094      0.83751166       13.705496       145.19633       10.989609       8.2417804       1405.2254       9.3818831        9.3818831                           -0       1424.4568          8.2417804             1405.2254          10.989609
              1       720.34626      -172.43538      -785.94031       69.467895     0.022846572      0.12848614      -172.43538      -613.50493  -0.00094123164   2.0989032e-09      0.31492645      0.68593974      0.85090191     0.047342671        0.266249      0.87181321       13.549366       144.40325        13.25258       8.2417804       1403.9207       7.6387272        7.6387272                           -0       1425.4151          8.2417804             1403.9207           13.25258
              1       719.52013      -169.07607        -662.653       69.467895     0.022705325      0.12442944      -169.07607      -493.57693  -0.00092289499   2.0989032e-09      0.30622748      0.69462038      0.83459498     0.047049981      0.25784272      0.84321286       13.627202       145.57878       11.283539       8.2417804       1405.1164       7.1992564        7.1992564                           -0       1424.6417          8.2417804             1405.1164          11.283539
              1       719.50533      -174.12745      -667.76435       69.467895     0.022696732      0.12445939      -174.12745      -493.63689  -0.00095046774   2.0989032e-09      0.30627174      0.69460369      0.83479052     0.047032175      0.25790479      0.84347137       13.628202       145.58041       11.303275       8.2417804       1405.1112        7.177223         7.177223                           -0       1424.6562          8.2417804             1405.1112          11.303275
              6       719.41156      -137.63771       -887.1357       69.467895     0.022640759      0.12370259      -137.63771      -749.49799  -0.00075128994   2.0989032e-09       0.3045875      0.69608875      0.83223315     0.046916187      0.25633653      0.83857213       13.721751       145.83518       11.023296       8.2417804       1405.4642       7.0469001        7.0469001                           -0       1424.7293          8.2417804             1405.4642          11.023296
              2       719.66187       -280.8919      -810.89816       69.467895     0.022531313      0.12234648       -280.8919      -530.00626   -0.0015332372   2.0989032e-09      0.30155057      0.69990763      0.82711275     0.046689393       0.2535264      0.82924749       13.740946       146.30492       11.313488       8.2417804       1406.0521       6.8581985        6.8581985                           -0       1425.6073          8.2417804             1406.0521          11.313488
              1       719.93622      -326.86862       -863.9006       69.467895     0.022859615      0.12255991      -326.86862      -537.03198   -0.0017841993   2.0989032e-09      0.30267315      0.69903601      0.82597754     0.047369701      0.25396867      0.82964932       13.747295       145.89222        10.40376       8.2417804       1405.8536       7.6866617        7.6866617                           -0       1424.4991          8.2417804             1405.8536           10.40376
              5       720.07979      -327.24518      -881.10069          69.793     0.023011093      0.12424758      -327.24518      -553.85551   -0.0017862547   2.0989032e-09      0.30363561      0.69807631      0.83315304     0.047240395      0.25507284       0.8381862       13.676799       145.29576       10.949274       6.8684321       1405.6732       8.3343479        8.3343479                           -0       1423.4909          6.8684321             1405.6732          10.949274
              2       720.29949      -326.46306      -845.37529       69.117741     0.022696466       0.1207422      -326.46306      -518.91223   -0.0017819855   2.0989032e-09      0.30160121      0.70010498      0.81819572     0.047509359      0.25274351      0.82037632       13.824636       146.54249       10.323302       9.8608492       1406.0617       7.1765493        7.1765493                           -0       1426.2459          9.8608492             1406.0617          10.323302
              1       720.23546      -318.13765      -685.45928       69.117741     0.022125781      0.12390624      -318.13765      -367.32163   -0.0017365417   2.0989032e-09      0.30702975      0.69463099      0.83532951     0.046314772      0.25936664      0.84505977       13.697019       146.34516       11.754715       9.8608492       1405.0119       6.9217478        6.9217478                           -0       1426.6274          9.8608492             1405.0119          11.754715
              1       720.51958      -281.12091      -842.22287       69.117741     0.022115351      0.12740478      -281.12091      -561.10195   -0.0015344873   2.0989032e-09      0.31433122      0.68712746      0.85035036     0.046292939      0.26668995      0.87042435       13.647863       145.46076        13.28821       9.8608492       1404.0116       6.9392277        6.9392277                           -0       1427.1607          9.8608492             1404.0116           13.28821
              1       720.30074      -92.122608      -630.44576       69.117741     0.022239109      0.12671711      -92.122608      -538.32315  -0.00050284757   2.0989032e-09      0.31315081      0.68727624       0.8462115     0.046551995      0.26525048      0.86455986       13.595182       145.50082       13.084127       9.8608492       1404.0904       6.7830428        6.7830428                           -0       1427.0354          9.8608492             1404.0904          13.084127
              4       720.53424      -91.986392      -624.22378       69.000138     0.022184313      0.12610661      -91.986392      -532.23739  -0.00050210404   2.0989032e-09      0.31282181      0.68760424      0.84365947     0.046595724      0.26487314      0.86149958        13.62098       145.71576       12.824842       10.437186       1404.1297       6.8383947        6.8383947                           -0       1427.3917          10.437186             1404.1297          12.824842
              1        720.3757       -93.14138      -676.98061       69.997313     0.022648932      0.13128311       -93.14138      -583.83923   -0.0005084085   2.0989032e-09      0.31548582      0.68494868      0.86511582     0.046225859      0.26794529      0.88716326       13.406857       143.92091       16.721608       6.0693522       1403.8314       7.0645019        7.0645019                           -0       1426.6224          6.0693522             1403.8314          16.721608
              1       720.58662      -56.524266      -729.89764       69.997313     0.022677917      0.13256011      -56.524266      -673.37338  -0.00030853545   2.0989032e-09       0.3181513      0.68208333      0.87019766     0.046285017      0.27055162      0.89613643       13.386137       143.57779       17.269603       6.0693522       1403.5726       7.1308614        7.1308614                           -0       1426.9115          6.0693522             1403.5726          17.269603
              2       720.69165      -59.780958      -709.72298       69.997313     0.022682241      0.13285154      -59.780958      -649.94203  -0.00032631197   2.0989032e-09      0.31875492      0.68149749      0.87132043     0.046293841      0.27114641      0.89814347       13.373324       143.50226       17.514941       6.0693522       1403.5164       7.1412859        7.1412859                           -0       1427.1007          6.0693522             1403.5164          17.514941
              3       720.63517      -59.743745      -708.02321       69.965185     0.022667271      0.13268476      -59.743745      -648.27946  -0.00032610884   2.0989032e-09      0.31867644      0.68157569      0.87064034     0.046305787      0.27105478      0.89733196       13.379995       143.55862       17.344077       6.1917334        1403.523       7.1057748        7.1057748                           -0       1427.0588          6.1917334              1403.523          17.344077
              4       721.03881      -83.422842      -666.91676       69.965185     0.022522074      0.13325576      -83.422842      -583.49392  -0.00045536025   2.0989032e-09      0.31954629       0.6808351      0.87386732     0.046009171      0.27222125      0.90188623       13.359441        143.5727        18.74729       6.1917334       1403.4461       6.8462736        6.8462736                           -0       1428.3851          6.1917334             1403.4461           18.74729
              1       720.39965      -163.38518      -710.76102       69.965185     0.022627322      0.13190852      -163.38518      -547.37584  -0.00089183147   2.0989032e-09      0.31700908      0.68380878      0.86781905     0.046224176      0.26946903      0.89208123       13.404924       143.79037       16.882432       6.1917334       1403.6871       7.0190195        7.0190195                           -0       1426.7613          6.1917334             1403.6871          16.882432
              1       720.11916       -162.7098      -679.91134       69.382084     0.022355634      0.12888154       -162.7098      -517.20154  -0.00088814493   2.0989032e-09      0.31550747      0.68530545      0.85535891     0.046440011      0.26772938       0.8771878       13.528341       144.82928       14.300209       8.6251372       1403.8365       6.7382468        6.7382468                           -0       1426.7618          8.6251372             1403.8365          14.300209
              2       719.87376      -128.57845      -650.81541       69.382084      0.02243115      0.12800734      -128.57845      -522.23695  -0.00070184035   2.0989032e-09      0.31384834      0.68677828      0.85116229     0.046596882      0.26591338      0.87058597       13.540836       144.96733       13.583172       8.6251372       1404.0149       6.7621823        6.7621823                           -0       1426.2232          8.6251372             1404.0149          13.583172
              4       720.70131      -258.24617      -743.27974       69.382084     0.022921229       0.1273191      -258.24617      -485.03357   -0.0014096264   2.0989032e-09       0.3134367      0.68789771      0.84528853     0.047614937      0.26448368        0.864011       13.575681       144.61541       12.820449       8.6251372       1404.0973       7.9298846        7.9298846                           -0       1425.5429          8.6251372             1404.0973          12.820449
              1       720.50225      -263.89974      -733.75694       69.382084     0.022890005      0.12711618      -263.89974       -469.8572   -0.0014404862   2.0989032e-09       0.3129503      0.68841496      0.84463534     0.047550076      0.26406214       0.8626732       13.579413        144.6996       12.616662       8.6251372       1404.1564       7.8031629        7.8031629                           -0       1425.3982          8.6251372             1404.1564          12.616662
              1       720.68821      -263.66541      -723.05347       69.179774     0.022795742      0.12606595      -263.66541      -459.38806   -0.0014392071   2.0989032e-09      0.31239196      0.68897158      0.84024493     0.047631631      0.26341441      0.85742313       13.623259        145.0651       12.660188       9.5634416       1404.2252       7.4637915        7.4637915                           -0       1426.4488          9.5634416             1404.2252          12.660188
              2       720.76918       -311.9303      -767.44567       69.179774     0.022819457      0.12593815       -311.9303      -455.51537   -0.0017026591   2.0989032e-09      0.31217446      0.68945253      0.83964937     0.047681184      0.26314736      0.85651708       13.641029       145.07198       12.619867       9.5634416       1404.2689       7.5430611        7.5430611                           -0       1426.4522          9.5634416             1404.2689          12.619867
             10       720.73407      -311.96054      -768.82662       69.205876     0.022831619      0.12607364      -311.96054      -456.86609   -0.0017028241   2.0989032e-09      0.31224733      0.68937989      0.84021714     0.047670616      0.26323181      0.85719627       13.635357       145.02465       12.598181       9.4396608       1404.2597       7.5853065        7.5853065                           -0       1426.2975          9.4396608             1404.2597          12.598181
              2       720.33493      -220.54043      -622.97054       69.205876     0.022619438      0.12739922      -220.54043      -402.43011   -0.0012038111   2.0989032e-09        0.314572       0.6865562      0.84687218     0.047227599       0.2659995      0.86719601       13.561859       144.91793       13.287935       9.4396608       1403.9357       7.0032764        7.0032764                           -0       1426.6633          9.4396608             1403.9357          13.287935
              1         720.847      -226.86842      -550.51304       69.205876     0.022658771      0.12853025      -226.86842      -323.64462   -0.0012383522   2.0989032e-09      0.31701563      0.68414712      0.85118807     0.047309723        0.268361      0.87499432       13.513986       144.59236       14.415172       9.4396608       1403.6665       7.0863394        7.0863394                           -0       1427.5213          9.4396608             1403.6665          14.415172
              3       721.21469      -170.09686      -553.47486       69.205876     0.022797281      0.12808024      -170.09686      -383.37801  -0.00092846688   2.0989032e-09      0.31636524      0.68448762      0.84837994     0.047598922      0.26742142      0.87121259       13.521144       144.55699       14.326041       9.4396608       1403.7261       7.4688116        7.4688116                           -0       1427.4918          9.4396608             1403.7261          14.326041
              2       721.09902      -170.26633      -561.21624       69.352198     0.022865458      0.12883982      -170.26633       -390.9499  -0.00092939198   2.0989032e-09       0.3167527       0.6841014      0.85152664     0.047540029      0.26787344      0.87497929       13.489579       144.29519       14.331539       8.7606968       1403.6887       7.7085357        7.7085357                           -0        1426.781          8.7606968             1403.6887          14.331539
              1       721.82081      -175.79736      -372.22907       69.352198     0.022982285      0.12892737      -175.79736      -196.43171  -0.00095958285   2.0989032e-09      0.31717763      0.68370666      0.85078726     0.047782925      0.26805547      0.87480574       13.444769       144.14962       14.865695       8.7606968       1403.6187       8.1982617        8.1982617                           -0       1427.2451          8.7606968             1403.6187          14.865695
              3       719.99139      -286.57237      -251.42932       69.352198     0.022791081      0.12252886      -286.57237       35.143043   -0.0015642438   2.0989032e-09      0.30347683      0.69801213      0.82491936     0.047385391       0.2547522      0.82968576       13.595359        145.9746       10.822308       8.7606968       1405.5024       7.4486956        7.4486956                           -0       1425.0854          8.7606968             1405.5024          10.822308
              1        720.2176      -329.53045       -705.2155       69.352198     0.022814598      0.12676863      -329.53045      -375.68506   -0.0017987288   2.0989032e-09       0.3123407      0.68938274      0.84358662     0.047434284      0.26356718      0.86076251       13.587204       144.86752       12.385372       8.7606968       1404.2362       7.5264835        7.5264835                           -0       1425.3822          8.7606968             1404.2362          12.385372
              5       719.95013      -284.21532      -747.83946       69.352198     0.022497719      0.12861488      -284.21532      -463.62414    -0.001551378   2.0989032e-09      0.31552045      0.68595564      0.85340647     0.046775456      0.26740576      0.87520354       13.556768       144.74351       13.644399       8.7606968       1403.8595       6.8178277        6.8178277                           -0       1426.2646          8.7606968             1403.8595          13.644399
             12       720.41416      -285.05488      -786.18827       70.077043      0.02283545      0.13237767      -285.05488      -501.13339   -0.0015559607   2.0989032e-09      0.31737704      0.68410518      0.86889245     0.046500545      0.26956482      0.89370286       13.404245       143.45653       16.185327       5.7709246       1403.6744        7.598838         7.598838                           -0       1425.6306          5.7709246             1403.6744          16.185327
              1       721.28251      -269.63986      -119.04445       70.077043     0.023050668      0.13092099      -269.63986        150.5954   -0.0014718184   2.0989032e-09        0.314849      0.68654908      0.86029299       0.0469388      0.26659853      0.88132669       13.291465       143.58631       15.911886       5.7709246       1403.8199       8.5311746        8.5311746                           -0       1425.5027          5.7709246             1403.8199          15.911886
              1       721.64323      -244.52579      -98.224137       70.077043     0.023011644      0.13247638      -244.52579       146.30166   -0.0013347343   2.0989032e-09      0.31793683      0.68332416      0.86685099     0.046859335      0.26976582      0.89238907       13.250797       143.24798       17.325477       5.7709246        1403.516       8.3370104        8.3370104                           -0       1426.6124          5.7709246              1403.516          17.325477
             24       722.76241      -346.85734      -88.558966       70.077043     0.023061188      0.13505019      -346.85734       258.29837   -0.0018933069   2.0989032e-09      0.32327885      0.67854072      0.87695831     0.046960222      0.27500695        0.910347       13.189062       142.57648       19.433996       5.7709246       1403.1491       8.5854204        8.5854204                           -0        1428.354          5.7709246             1403.1491          19.433996
              4       722.47395      -346.71798       -82.19348       69.956726     0.023005128      0.13442561      -346.71798        264.5245   -0.0018925462   2.0989032e-09      0.32300102      0.67881754      0.87443663     0.047007342      0.27467748      0.90733916       13.213974       142.78422       18.948912        6.224156       1403.1635       8.3056719        8.3056719                           -0       1428.3366           6.224156             1403.1635          18.948912
              5       721.90746      -346.18716       -57.94708       69.498437     0.022791595      0.13204655      -346.18716       288.24008   -0.0018896488   2.0989032e-09       0.3219073      0.67990737      0.86478054     0.047187247      0.27338645      0.89579926       13.310108        143.5834       17.582119       8.1074384       1403.2247       7.4503508        7.4503508                           -0       1428.9142          8.1074384             1403.2247          17.582119
              9       720.53268      -295.13385     -0.43749337       69.498437     0.022981854       0.1252393      -295.13385       294.69636   -0.0016109763   2.0989032e-09      0.30820762      0.69332838      0.83516974     0.047581156      0.25929286      0.84651724       13.464347       145.07496       11.917935       8.1074384       1404.6474       8.1962739        8.1962739                           -0       1424.6728          8.1074384             1404.6474          11.917935
              1       720.72067      -295.34046      -9.8746902       69.676812     0.023064966      0.12616528      -295.34046       285.46577   -0.0016121041   2.0989032e-09      0.30871011      0.69282741      0.83905669     0.047509041      0.25987428      0.85114999        13.42525       144.75213       12.310626        7.344882       1404.5756       8.6050991        8.6050991                           -0       1424.2311           7.344882             1404.5756          12.310626
              3       720.62653      -243.58025      -30.495986       69.676812     0.023010779        0.127067      -243.58025       213.08427   -0.0013295731   2.0989032e-09      0.31045586      0.69079913      0.84320816     0.047397427      0.26173164      0.85777641       13.406017       144.58327       12.913762        7.344882       1404.3288       8.3328292        8.3328292                           -0       1424.5874           7.344882             1404.3288          12.913762
              2       720.34733      -274.42191       -240.3085       69.676812     0.022941399        0.127783      -274.42191       34.113413    -0.001497921   2.0989032e-09      0.31178777      0.68963557      0.84708127      0.04725452      0.26320646      0.86356292       13.425968       144.47787       13.115861        7.344882       1404.2028       8.0155342        8.0155342                           -0       1424.6636           7.344882             1404.2028          13.115861
              1       720.28142       -273.8658      -214.90677       69.196685     0.022717691      0.12529058       -273.8658       58.959035   -0.0014948855   2.0989032e-09      0.31045694      0.69096232      0.83666079     0.047445345      0.26166633      0.85111741       13.530933       145.34576       12.242723       9.4831526       1404.3731       7.2319098        7.2319098                           -0        1426.099          9.4831526             1404.3731          12.242723
              2       720.05588      -246.87198      -570.55748       69.196685     0.022462439      0.12703567      -246.87198       -323.6855   -0.0013475409   2.0989032e-09      0.31356843      0.68770349      0.84629464     0.046912258      0.26531091      0.86522115       13.564405       145.17848       13.014292       9.4831526       1404.0457       6.7843054        6.7843054                           -0       1426.5432          9.4831526             1404.0457          13.014292
              1       719.95421      -252.71934      -509.25495       69.196685     0.022334341      0.12609446      -252.71934      -256.53561   -0.0013794584   2.0989032e-09      0.31133519      0.68996864      0.84309695     0.046644728       0.2633452      0.85887706       13.578641       145.55577       12.630371       9.4831526       1404.3168       6.7390264        6.7390264                           -0       1426.4304          9.4831526             1404.3168          12.630371
              1       720.09016      -232.88602      -479.46997       69.196685     0.022325495      0.12668113      -232.88602      -246.58395    -0.001271199   2.0989032e-09      0.31254198      0.68865359      0.84555101     0.046626252      0.26457047      0.86304485        13.55616       145.41626       13.064843       9.4831526       1404.1517       6.7403241        6.7403241                           -0       1426.6997          9.4831526             1404.1517          13.064843
              1       721.18335      -184.79546      -214.82051       69.196685     0.022326214      0.12961295      -184.79546      -30.025055   -0.0010086986   2.0989032e-09      0.31866651      0.68226656      0.85719393     0.046627755      0.27069349      0.88345955       13.428439       144.67819       15.937759       9.4831526       1403.4654       6.7401972        6.7401972                           -0       1428.8863          9.4831526             1403.4654          15.937759
              3       721.84054      -247.53091      -208.13095       69.196685      0.02218602      0.13067823      -247.53091       39.399963   -0.0013511376   2.0989032e-09      0.32059853      0.68067698      0.86251908     0.046334962      0.27291831      0.89163857       13.405655       144.56366       17.204239       9.4831526        1403.321       6.8363396        6.8363396                           -0       1430.0084          9.4831526              1403.321          17.204239
              3       721.87161      -248.29186      -242.88885       69.853657     0.022492126      0.13408868      -248.29186        5.403003   -0.0013552912   2.0989032e-09      0.32221308        0.679068      0.87640943      0.04609483      0.27479817      0.90827633       13.266496       143.40209       20.274627       6.6260435       1403.2187       6.8119065        6.8119065                           -0       1430.1194          6.6260435             1403.2187          20.274627
              1       720.51214       -291.5727      -330.61531       69.853657     0.022899663      0.13022688       -291.5727      -39.042605   -0.0015915379   2.0989032e-09      0.31513398      0.68638334      0.85818754     0.046930027      0.26688388      0.87956754       13.368226       143.91574       14.886559       6.6260435       1403.8285       7.8415996        7.8415996                           -0       1425.3411          6.6260435             1403.8285          14.886559
              1       721.18579      -291.58372      -350.60402       70.151455     0.023039401      0.13174165      -291.58372        -59.0203   -0.0015915981   2.0989032e-09      0.31582612       0.6856919        0.864412      0.04681638      0.26770084      0.88691945        13.30691       143.39764       16.165195       5.4991886       1403.7592       8.4739752        8.4739752                           -0       1425.4236          5.4991886             1403.7592          16.165195
              1       720.16459      -308.21383      -809.18265       70.151455     0.022732487      0.12883023      -308.21383      -500.96882   -0.0016823728   2.0989032e-09      0.30928641      0.69232238      0.85524404     0.046192727      0.26178479      0.86838008       13.503288       144.43893       15.598618       5.4991886       1404.6865       7.2724504        7.2724504                           -0       1425.7843          5.4991886             1404.6865          15.598618
              3       720.69413      -337.89678      -836.63833       70.151455     0.023114536      0.13102684      -337.89678      -498.74155   -0.0018443961   2.0989032e-09      0.31452628      0.68724454      0.86185937     0.046969055      0.26624833      0.88247873       13.444615       143.49343       14.148811       5.4991886       1403.9943       8.8729589        8.8729589                           -0       1423.6423          5.4991886             1403.9943          14.148811
              2       720.87135      -338.20759      -845.09643       70.151455     0.023229981      0.12834574      -338.20759      -506.88884   -0.0018460926   2.0989032e-09      0.30931285      0.69245966      0.85000981     0.047203641      0.26080031      0.86310233       13.516446       144.03232       12.415159       5.4991886       1404.6956       9.5663536        9.5663536                           -0         1422.61          5.4991886             1404.6956          12.415159
              1       720.99646      -338.20924      -848.09867       70.196183      0.02325097      0.12857326      -338.20924      -509.88943   -0.0018461016   2.0989032e-09      0.30942311      0.69234951      0.85095658     0.047186099      0.26092978      0.86421767       13.507435       143.95385       12.568419        5.339004       1404.6797       9.7028729        9.7028729                           -0       1422.5872           5.339004             1404.6797          12.568419
              5       721.44692      -337.55881       -702.3098       70.196183     0.023323929      0.12799527      -337.55881      -364.75099   -0.0018425513   2.0989032e-09       0.3083982      0.69337087      0.84783788     0.047334164      0.25975681      0.85962315       13.474369       144.02037       12.349635        5.339004       1404.8002       10.202476        10.202476                           -0       1422.4889           5.339004             1404.8002          12.349635
              2       721.45521      -337.55891      -702.49082        70.19888     0.023325194      0.12800899      -337.55891      -364.93191   -0.0018425518   2.0989032e-09       0.3084049      0.69336416      0.84789509     0.047333096      0.25976468      0.85969051       13.473816       144.01563       12.358779       5.3294216       1404.7992       10.211484        10.211484                           -0       1422.4875          5.3294216             1404.7992          12.358779
              3       722.22427      -265.21266      -6.8783053        70.19888     0.023049882      0.12334686      -265.21266       258.33436   -0.0014476527   2.0989032e-09      0.29838551      0.70298866      0.82853639     0.046774412      0.25030398      0.82630395       13.451983       145.48431       15.627994       5.3294216       1406.4368       8.5271544        8.5271544                           -0       1427.3942          5.3294216             1406.4368          15.627994
              5        722.2918      -250.86287      -53.690289        70.19888     0.023061193      0.12304257      -250.86287       197.17259    -0.001369325   2.0989032e-09      0.29779096      0.70350488      0.82723341     0.046797366      0.24968647      0.82418213        13.46698       145.55018       15.502806       5.3294216       1406.5805        8.585448         8.585448                           -0       1427.4127          5.3294216             1406.5805          15.502806
              1       721.67735      -238.46168      -356.88481        70.19888      0.02311105      0.12408286      -238.46168      -118.42313   -0.0013016336   2.0989032e-09      0.30000316      0.70122499      0.83197576     0.046898539       0.2517975      0.83198015       13.495364       145.23051       14.108401       5.3294216       1406.2098        8.853532         8.853532                           -0       1425.6476          5.3294216             1406.2098          14.108401
              5       720.42484      -238.43874      -315.24156       69.578466     0.022819928      0.12092707      -238.43874      -76.802815   -0.0013015083   2.0989032e-09      0.29825713      0.70296958      0.81849328     0.047137286       0.2497893      0.81611227       13.629639       146.35919       11.430415       7.7606572       1406.5693       7.5446775        7.5446775                           -0       1425.7603          7.7606572             1406.5693          11.430415
              1        720.3862      -238.42949      -298.45937        69.32844     0.022702606      0.11965529      -238.42949      -60.029877   -0.0013014579   2.0989032e-09       0.2975222      0.70370392      0.81301263     0.047233798      0.24894824      0.80964819       13.684917       146.82117       10.792056       8.8692193       1406.7267       7.1922262        7.1922262                           -0       1426.3879          8.8692193             1406.7267          10.792056
              9       721.28222       -305.3789      -23.907982        69.32844     0.022376799      0.11870095       -305.3789       281.47092   -0.0016668985   2.0989032e-09      0.29485878      0.70673278      0.81045766     0.046555941      0.24696269      0.80348308       13.669995       147.43409       12.956202       8.8692193       1407.2575       6.7407538        6.7407538                           -0       1429.0829          8.8692193             1407.2575          12.956202
              6       720.47627      -320.19059      -549.30566        69.32844     0.022243153      0.12147642      -320.19059      -229.11507   -0.0017477475   2.0989032e-09      0.30035521       0.7013172      0.82447454     0.046277884      0.25273717       0.8249625       13.707155       146.84878       12.306065       8.8692193       1406.2176       6.7798267        6.7798267                           -0       1427.3929          8.8692193             1406.2176          12.306065
              3       720.31744      -255.21681      -372.94952        69.32844     0.022601554      0.11973324      -255.21681      -117.73271   -0.0013930908   2.0989032e-09      0.29747412      0.70384363      0.81416426     0.047023554      0.24911041      0.81072955       13.701757       146.91179       11.058468       8.8692193       1406.7687       6.9692466        6.9692466                           -0       1426.6964          8.8692193             1406.7687          11.058468
              1        720.2913      -255.21953      -377.88749       69.402007     0.022636075      0.12010744      -255.21953      -122.66796   -0.0013931056   2.0989032e-09      0.29769237      0.70362555      0.81577961     0.046995585      0.24935947      0.81263602       13.685448       146.77526       11.251883       8.5353558       1406.7213       7.0370307        7.0370307                           -0       1426.5085          8.5353558             1406.7213          11.251883
              3       720.24166      -202.96203      -522.49724       69.402007     0.022642112      0.12013472      -202.96203      -319.53521   -0.0011078601   2.0989032e-09      0.29776154      0.70327114      0.81608705     0.047008118       0.2494161      0.81303672       13.716732       146.76145       11.100273       8.5353558       1406.7481       7.0497786        7.0497786                           -0       1426.3838          8.5353558             1406.7481          11.100273
              2       719.82704      -242.51547       -504.8211       69.402007     0.022588047      0.12174007      -242.51547      -262.30563    -0.001323761   2.0989032e-09      0.30098222      0.70026636      0.82341878     0.046895872      0.25274903      0.82476564       13.670869       146.40062       11.170318       8.5353558       1406.0582        6.945093         6.945093                           -0       1425.7639          8.5353558             1406.0582          11.170318
              1       720.54232       -242.4968      -470.92892       68.897071     0.022351112      0.11917168       -242.4968      -228.43212   -0.0013236591   2.0989032e-09      0.29950016      0.70174722      0.81236947      0.04708663      0.25105654      0.81169243       13.782536       147.33743       10.297297        10.95574       1406.3553       6.7381354        6.7381354                           -0       1427.6084           10.95574             1406.3553          10.297297
              5       720.67866      -262.64652      -446.22988       68.897071     0.022403952        0.118506      -262.64652      -183.58336   -0.0014336455   2.0989032e-09       0.2982091      0.70314826      0.80907024     0.047197949      0.24965417      0.80665169       13.794521       147.45581       10.272122        10.95574       1406.6319       6.7487622        6.7487622                           -0       1427.8598           10.95574             1406.6319          10.272122
              1       720.49047      -248.48465      -356.47687       68.897071     0.022452087      0.11939328      -248.48465      -107.99222   -0.0013563435   2.0989032e-09      0.30017972      0.70110034      0.81247762     0.047299352      0.25152338      0.81272095       13.748052       147.16669       10.298859        10.95574        1406.174       6.7761939        6.7761939                           -0       1427.4286           10.95574              1406.174          10.298859
              1       720.70942      -232.90547      -691.81487       68.897071     0.022298405      0.12594129      -232.90547      -458.90939   -0.0012713052   2.0989032e-09      0.31365053      0.68754449      0.84210368     0.046975595      0.26531795      0.86104917       13.652901       145.63382       12.909442        10.95574        1404.058       6.7478533        6.7478533                           -0       1427.9231           10.95574              1404.058          12.909442
              2       720.89415      -286.30651      -828.47598       68.897071     0.022337338      0.12662507      -286.30651      -542.16947   -0.0015627926   2.0989032e-09      0.31517304      0.68631346      0.84494407     0.047057613      0.26675844      0.86604781       13.675954       145.41765       13.442495        10.95574       1403.9126       6.7387164        6.7387164                           -0       1428.3109           10.95574             1403.9126          13.442495
              3       721.03818      -210.21458      -990.86347       68.897071     0.022487777      0.12617673      -210.21458      -780.64889   -0.0011474479   2.0989032e-09      0.31454548      0.68652569      0.84222699     0.047374542      0.26581395      0.86240298       13.743732       145.36868       13.498618        10.95574       1404.0071       6.8074612        6.8074612                           -0       1428.4614           10.95574             1404.0071          13.498618
              2       722.28336      -210.20202      -968.06981       68.557484      0.02232843       0.1244494      -210.20202      -757.86778   -0.0011473793   2.0989032e-09      0.31365517      0.68741516      0.83498333     0.047505999      0.26477871      0.85377494       13.814004        145.9831       14.224132        12.75323       1404.1097       6.7398301        6.7398301                           -0       1431.0871           12.75323             1404.1097          14.224132
              1       722.48835      -208.51977      -972.85578       68.557484     0.022343868      0.12493578      -208.51977      -764.33601   -0.0011381968   2.0989032e-09      0.31472284      0.68633831      0.83693685     0.047538844      0.26581353       0.8572277       13.801207        145.8414       14.764356        12.75323       1403.9826       6.7382682        6.7382682                           -0       1431.5002           12.75323             1403.9826          14.764356
              8       722.59039      -199.12909      -781.66879       68.557484     0.022346865      0.12531232      -199.12909      -582.53971   -0.0010869382   2.0989032e-09      0.31553036      0.68547953      0.83825214     0.047545221      0.26661467      0.85967564       13.720852       145.74173       15.095789        12.75323       1403.8554       6.7381668        6.7381668                           -0       1431.7044           12.75323             1403.8554          15.095789
             10       721.65789      -199.13839      -798.55331       68.809034     0.022464902      0.12659186      -199.13839      -599.41492   -0.0010869889   2.0989032e-09      0.31617933      0.68483118      0.84360229      0.04744753      0.26737133      0.86605178       13.667446       145.28811       14.545371       11.408627       1403.7891       6.7863504        6.7863504                           -0       1429.7431          11.408627             1403.7891          14.545371
              2       721.94838      -205.70083      -745.66587       68.809034     0.022552592      0.12653196      -205.70083      -539.96504   -0.0011228097   2.0989032e-09      0.31623803      0.68480829      0.84269972     0.047632737      0.26724483       0.8652055       13.651095       145.20866       14.937492       11.408627       1403.7746       6.8880344        6.8880344                           -0       1430.1207          11.408627             1403.7746          14.937492
              2       721.61125      -205.70526      -753.70154       68.928752     0.022608768      0.12714092      -205.70526      -547.99628   -0.0011228339   2.0989032e-09      0.31654041      0.68450621      0.84523748     0.047585657      0.26759901      0.86822583        13.62582       144.99441       14.717318       10.795005       1403.7448       6.9826927        6.9826927                           -0       1429.2571          10.795005             1403.7448          14.717318
              3       721.82805      -222.39653      -893.47567       68.928752     0.022612734      0.12764819      -222.39653      -671.07914   -0.0012139426   2.0989032e-09      0.31761644      0.68352129        0.847526     0.047594004      0.26866669      0.87205502       13.657281       144.86253       15.218564       10.795005        1403.662       6.9902461        6.9902461                           -0       1429.6756          10.795005              1403.662          15.218564
              1       721.58235       -211.9214      -911.15778       68.928752     0.022561076       0.1275686       -211.9214      -699.23638   -0.0011567645   2.0989032e-09      0.31734019      0.68374036      0.84755311     0.047485277      0.26849917      0.87170359        13.66698       144.93796       14.877096       10.795005       1403.6909       6.9008522        6.9008522                           -0        1429.363          10.795005             1403.6909          14.877096
              1       721.04618      -211.93044      -927.57367       69.173321     0.022675837      0.12881262      -211.93044      -715.64323   -0.0011568138   2.0989032e-09      0.31793988      0.68314125       0.8527093      0.04738993      0.26920378      0.87783496        13.61686        144.5037       14.610918       9.5941665       1403.6355       7.1258949        7.1258949                           -0       1427.8406          9.5941665             1403.6355          14.610918
              1       720.94673      -211.95745      -976.59535       69.903661      0.02301854      0.13252755      -211.95745       -764.6379   -0.0011569613   2.0989032e-09      0.31963476      0.68144809      0.86796852     0.047106185      0.27121039      0.89592231        13.47142       143.22833       15.232288       6.4294959       1403.4906       8.3705122        8.3705122                           -0       1425.1524          6.4294959             1403.4906          15.232288
              3       721.25865      -251.77482      -922.08966       69.903661      0.02299456      0.13348773      -251.77482      -670.31483   -0.0013743028   2.0989032e-09      0.32155064      0.67974956      0.87196831      0.04705711      0.27317534      0.90274432       13.427093       143.02098       16.240346       6.4294959       1403.3365       8.2555069        8.2555069                           -0       1426.0063          6.4294959             1403.3365          16.240346
              8       721.12111      -250.50111      -554.02129       69.903661     0.023193994      0.12904415      -250.50111      -303.52018   -0.0013673503   2.0989032e-09      0.31286523      0.68842801      0.85189299     0.047465242       0.2640818      0.86996758       13.432379       143.89733         13.0043       6.4294959       1404.1289        9.339762         9.339762                           -0       1423.5627          6.4294959             1404.1289            13.0043
              2       721.13964      -250.50147      -554.65939       69.913168     0.023198455      0.12909251      -250.50147      -304.15793   -0.0013673522   2.0989032e-09      0.31288821      0.68840505      0.85209342     0.047461461      0.26410892      0.87020422       13.430414       143.88068       13.025954        6.392464       1404.1262       9.3673361        9.3673361                           -0       1423.5446           6.392464             1404.1262          13.025954
              4        721.9564      -326.53729      -489.71358       69.913168     0.023182349      0.13212371      -326.53729      -163.17629   -0.0017823908   2.0989032e-09      0.31905677      0.68265154      0.86457919      0.04742851      0.27031043      0.89161658       13.341818       143.15541        15.50185        6.392464       1403.4816       9.2684641        9.2684641                           -0       1425.3759           6.392464             1403.4816           15.50185
              2       722.42667      -307.24477      -464.98964       69.913168      0.02329991      0.13134669      -307.24477      -157.74488   -0.0016770833   2.0989032e-09      0.31770758      0.68389542      0.86058003     0.047669025      0.26872072       0.8856139       13.352558       143.22177       14.798257        6.392464       1403.5952       10.033706        10.033706                           -0       1424.7859           6.392464             1403.5952          14.798257
              3       721.66939      -251.99051      -569.24785       69.913168     0.023326776      0.12771211      -251.99051      -317.25733   -0.0013754801   2.0989032e-09      0.31032661      0.69097478      0.84553216     0.047723992      0.26128479      0.85996151       13.466279       144.08771        12.03153        6.392464       1404.4693       10.222763        10.222763                           -0       1422.8932           6.392464             1404.4693           12.03153
              1       723.12088      -252.00806      -601.09526       70.387641     0.023549417      0.13012556      -252.00806      -349.08721   -0.0013755759   2.0989032e-09      0.31147765      0.68982484      0.85555096     0.047532137      0.26264539      0.87176354       13.368767       143.25991       13.258667       4.6800973       1404.3183       11.992334        11.992334                           -0       1422.2571          4.6800973             1404.3183          13.258667
              3       721.57405      -286.30499      -423.68386       70.387641     0.022818675      0.12927507      -286.30499      -137.37887   -0.0015627843   2.0989032e-09       0.3082861      0.69320359       0.8565342     0.046057207      0.26092877      0.86828251       13.369536       144.23676         18.6476       4.6800973       1404.7396        7.540381         7.540381                           -0       1428.0673          4.6800973             1404.7396            18.6476
              2       719.95104      -286.27691      -372.72271       69.628406     0.022462413      0.12541316      -286.27691      -86.445792   -0.0015626311   2.0989032e-09      0.30634529      0.69514265      0.84039163     0.046332262      0.25868439      0.84923267       13.529113       145.59048       13.749751       7.5480984       1405.0357       6.7842839        6.7842839                           -0       1426.3335          7.5480984             1405.0357          13.749751
              3       720.11601      -277.78969      -331.60464       69.628406     0.022441945      0.12476668      -277.78969      -53.814942   -0.0015163039   2.0989032e-09      0.30496958      0.69647203      0.83769887     0.046290044      0.25735091      0.84460872        13.53797       145.77799        13.88889       7.5480984        1405.257        6.769007         6.769007                           -0        1426.694          7.5480984              1405.257           13.88889
              1       720.17601      -265.01071      -233.55737       69.628406     0.022437575      0.12547485      -265.01071       31.453339   -0.0014465504   2.0989032e-09      0.30642128      0.69495057      0.84053958      0.04628103      0.25881162      0.84948753       13.500416       145.60166       14.289347       7.5480984       1404.9823       6.7661418        6.7661418                           -0       1426.8197          7.5480984             1404.9823          14.289347
              3       720.42515      -152.38158      -429.03063       69.628406     0.022938248      0.12834299      -152.38158      -276.64905  -0.00083176876   2.0989032e-09      0.31336999      0.68738709      0.84956363     0.047313746      0.26472761      0.86828837       13.448938       144.34153       13.266962       7.5480984       1404.0313       8.0019557        8.0019557                           -0       1424.8464          7.5480984             1404.0313          13.266962
              2       721.48586      -71.754546      -409.11031       69.628406     0.023074805      0.12976827      -71.754546      -337.35577  -0.00039166932   2.0989032e-09      0.31659153      0.68372545      0.85447223     0.047595417      0.26766748       0.8777826       13.403092       143.84411       14.438748       7.5480984       1403.6712       8.6568389        8.6568389                           -0        1425.658          7.5480984             1403.6712          14.438748
              1       720.90215      -45.354856      -622.47181       69.628406     0.023066509      0.12833759      -45.354856      -577.11695  -0.00024756767   2.0989032e-09      0.31362342      0.68654945      0.84897113     0.047578306      0.26471649      0.86803361       13.486151       144.20696       13.003045       7.5480984       1404.0268       8.6131699        8.6131699                           -0        1424.578          7.5480984             1404.0268          13.003045
              2        720.8745      -45.342876      -600.72557       69.304423     0.022914485      0.12668963      -45.342876       -555.3827  -0.00024750227   2.0989032e-09      0.31281497      0.68735714      0.84210756     0.047707668      0.26376622      0.85990545       13.554094       144.78067       12.845176       8.9795955       1404.1204        7.901911         7.901911                           -0       1425.9452          8.9795955             1404.1204          12.845176
              1        721.5098      -45.369123      -648.36685       70.014198     0.023247538      0.13029996      -45.369123      -602.99772  -0.00024764554   2.0989032e-09      0.31454918      0.68562459      0.85709055     0.047424714      0.26581044      0.87762777        13.40666       143.53212       13.728812       6.0055237       1403.9246       9.6803289        9.6803289                           -0       1423.6589          6.0055237             1403.9246          13.728812
              1       721.38461      -88.796714       -387.0977       70.014198     0.023210237       0.1296347      -88.796714      -298.30099  -0.00048469331   2.0989032e-09      0.31311597      0.68729485      0.85414756     0.047348621      0.26445332      0.87261944       13.367881       143.73462       13.835511       6.0055237       1404.0465       9.4408613        9.4408613                           -0       1423.8875          6.0055237             1404.0465          13.835511
              5       721.42117      -89.274177       -380.4002       70.014198     0.023174208      0.13053002      -89.274177      -291.12602  -0.00048729952   2.0989032e-09      0.31486892      0.68554451      0.85806475     0.047275123      0.26627977      0.87907176       13.345115        143.5525       14.553063       6.0055237       1403.8453        9.219209         9.219209                           -0       1424.4039          6.0055237             1403.8453          14.553063
              2       720.64897      -282.06139      -672.67877       70.014198     0.022992258      0.12377248      -282.06139      -390.61739   -0.0015396208   2.0989032e-09      0.30071244      0.70075331      0.83151731     0.046903947      0.25249446      0.83250407       13.600554       145.43734       12.624679       6.0055237       1406.1784       8.2446876        8.2446876                           -0       1424.8086          6.0055237             1406.1784          12.624679
              1       720.06164      -282.04289      -639.10767       69.514045     0.022757567      0.12122842      -282.04289      -357.06478   -0.0015395198   2.0989032e-09      0.29930476      0.70215982      0.82064865     0.047095641      0.25087611      0.81969718       13.707604       146.34866       10.929209       8.0392089       1406.4652       7.3448189        7.3448189                           -0       1425.4336          8.0392089             1406.4652          10.929209
              2       719.63719       -271.7641      -564.20664       69.514045     0.022718513      0.12335123       -271.7641      -292.44254   -0.0014834135   2.0989032e-09        0.303617      0.69779147      0.82993261      0.04701482      0.25526917      0.83492073        13.62979        145.8412       11.198043       8.0392089       1405.5689         7.23412          7.23412                           -0       1424.8061          8.0392089             1405.5689          11.198043
              1       719.73537      -311.07993      -561.43267       69.514045     0.022813457      0.12376326      -311.07993      -250.35275   -0.0016980173   2.0989032e-09      0.30466614      0.69695694      0.83109376     0.047211302      0.25612183      0.83753215       13.616583       145.63253       11.003412       8.0392089       1405.3829       7.5226173        7.5226173                           -0       1424.4255          8.0392089             1405.3829          11.003412
              5        719.4593      -336.44424      -670.52648       69.514045     0.022704027      0.12460371      -336.44424      -334.08223   -0.0018364675   2.0989032e-09      0.30617896      0.69558257       0.8355955     0.046984843      0.25786111      0.84415684       13.626586       145.53563       11.334015       8.0392089       1405.1536       7.1958936        7.1958936                           -0       1424.5268          8.0392089             1405.1536          11.334015
              4        720.3413      -336.42044       -627.3266        68.87044     0.022402024      0.12132996      -336.42044      -290.90615   -0.0018363375   2.0989032e-09       0.3043895       0.6973705      0.82167703      0.04723039      0.25580107      0.82766644       13.765582       146.71193        10.63846       11.091769       1405.4563       6.7480156        6.7480156                           -0       1427.1866          11.091769             1405.4563           10.63846
              9       720.33939       -339.9056      -759.07821        68.87044     0.022358869      0.12106114       -339.9056      -419.17261   -0.0018553611   2.0989032e-09      0.30373175      0.69804726      0.82100257     0.047139407      0.25523431      0.82609309       13.814186       146.82994       10.491392       11.091769       1405.6188       6.7384181        6.7384181                           -0       1427.2019          11.091769             1405.6188          10.491392
              6       719.67523      -339.91642      -778.71228       69.162954     0.022496127      0.12254904      -339.91642      -438.79586   -0.0018554202   2.0989032e-09      0.30456542       0.6972143      0.82735901     0.047028453      0.25619039      0.83363064       13.750983       146.29083       10.604281       9.6436317       1405.4703       6.8161193        6.8161193                           -0       1425.7182          9.6436317             1405.4703          10.604281
              5        719.9298      -121.66533      -491.60311       69.162954     0.022443368       0.1212079      -121.66533      -369.93778  -0.00066410535   2.0989032e-09      0.30165145      0.69893695      0.82131149     0.046918159      0.25338672      0.82356898       13.702429        146.6984       10.779528       9.6436317       1405.8965       6.7699704        6.7699704                           -0       1426.3197          9.6436317             1405.8965          10.779528
              1       720.09606      -68.547797      -571.56653       69.162954     0.022267633      0.12195249      -68.547797      -503.01874  -0.00037416541   2.0989032e-09      0.30284066      0.69745781      0.82579303     0.046550782       0.2549433      0.82969347       13.704633       146.69713        11.34142       9.6436317       1405.6813       6.7629094        6.7629094                           -0       1426.6663          9.6436317             1405.6813           11.34142
              3       719.89016      -68.565553      -603.79615       69.643121     0.022492945       0.1243949      -68.565553       -535.2306  -0.00037426233   2.0989032e-09      0.30417934      0.69612026      0.83617764     0.046375635      0.25647563      0.84198194       13.600873       145.81791       13.226482       7.4860277       1405.4423       6.8127595        6.8127595                           -0       1426.1548          7.4860277             1405.4423          13.226482
              3       719.80969      -109.65827      -397.93204       69.643121     0.022578715      0.12524562      -109.65827      -288.27377  -0.00059856528   2.0989032e-09      0.30611018      0.69441373      0.83888525     0.046552473      0.25822963      0.84738508       13.529593       145.50728       13.220953       7.4860277        1405.054        6.929184         6.929184                           -0        1425.761          7.4860277              1405.054          13.220953
              3       720.56719      -61.741134      -467.88441       69.643121     0.022999104      0.12806596      -61.741134      -406.14327  -0.00033701151   2.0989032e-09      0.31279187      0.68747048      0.84806591     0.047419227      0.26404458      0.86595776       13.458922       144.34597       12.995862       7.4860277       1404.0985       8.2769787        8.2769787                           -0       1424.5804          7.4860277             1404.0985          12.995862
              4       721.18809      -175.08607      -994.06614       69.643121     0.022690896      0.13378842      -175.08607      -818.98006  -0.00095570034   2.0989032e-09      0.32395491      0.67692613      0.87441074     0.046783768      0.27584308      0.90865107        13.47014       143.26584       17.381244       7.4860277       1403.1838       7.1625653        7.1625653                           -0       1428.0511          7.4860277             1403.1838          17.381244
              2       721.50008      -181.92507      -972.77017       69.254521     0.022518297      0.13182633      -181.92507       -790.8451  -0.00099303073   2.0989032e-09      0.32314985      0.67776768      0.86637551     0.046950398      0.27485643      0.89918183       13.548111       143.92594       16.875801       9.2111246       1403.2301       6.8415783        6.8415783                           -0        1429.317          9.2111246             1403.2301          16.875801
              3       720.65324       -105.7973      -989.24355       69.254521     0.022842992      0.12657681       -105.7973      -883.44625  -0.00057749032   2.0989032e-09      0.31288164      0.68762035      0.84255871     0.047627383      0.26391124      0.86045781       13.690347       144.88546       12.644621       9.2111246       1404.1992       7.6257898        7.6257898                           -0       1426.0549          9.2111246             1404.1992          12.644621
              2       720.21311      -93.475943      -894.64625       69.254521     0.022728069      0.12670868      -93.475943       -801.1703  -0.00051023469   2.0989032e-09      0.31291696      0.68751777      0.84374718      0.04738777      0.26418617      0.86172017       13.651018       144.97536       12.521257       9.2111246       1404.1735        7.260176         7.260176                           -0       1425.9059          9.2111246             1404.1735          12.521257
              5       720.65079      -97.774316      -881.26153       69.010283     0.022619589      0.12547548      -97.774316      -783.48722  -0.00053369719   2.0989032e-09       0.3123186      0.68813906      0.83855034     0.047496005      0.26347005      0.85559342       13.702633       145.40452       12.659624       10.386822        1404.248       7.0035729        7.0035729                           -0       1427.2944          10.386822              1404.248          12.659624
              3       720.02821      -87.799945      -912.32074       69.577038     0.022871317       0.1283371      -87.799945       -824.5208  -0.00047925249   2.0989032e-09      0.31368246      0.68672199      0.85057337     0.047245374      0.26510649      0.86975367       13.583867       144.41409       12.746706       7.7667764       1404.0815       7.7307202        7.7307202                           -0        1424.595          7.7667764             1404.0815          12.746706
              8        720.0738      -141.07827      -996.60673       69.577038      0.02290509      0.12817318      -141.07827      -855.52846  -0.00077007007   2.0989032e-09      0.31341362      0.68728165      0.84980215     0.047315141      0.26476788      0.86859261        13.62454       144.41906       12.516015       7.7667764       1404.1378       7.8634973        7.8634973                           -0       1424.4206          7.7667764             1404.1378          12.516015
              5       720.08992      -142.75258      -991.39308       69.481902     0.022862835      0.12769283      -142.75258       -848.6405  -0.00077920924   2.0989032e-09      0.31318995      0.68751425      0.84779155     0.047357273      0.26449844      0.86622829        13.64399       144.58403       12.437486       8.1800321        1404.165       7.6986849        7.6986849                           -0       1424.7825          8.1800321              1404.165          12.437486
              4        720.2071      -139.79995      -778.85141       69.481902     0.022952917      0.12553124      -139.79995      -639.05147  -0.00076309242   2.0989032e-09       0.3088991      0.69178899      0.83784421     0.047543866      0.26002099      0.85018015        13.62238       145.03195       11.389269       8.1800321       1404.7133        8.065775         8.065775                           -0       1424.2826          8.1800321             1404.7133          11.389269
              1       720.29414      -258.94149      -909.45056       69.481902     0.022976435      0.12301814      -258.94149      -650.50907   -0.0014134218   2.0989032e-09      0.30374227      0.69759614      0.82723777     0.047592579      0.25481545      0.83238136       13.745287        145.6478        10.41613       8.1800321       1405.6494        8.171368         8.171368                           -0       1424.2456          8.1800321             1405.6494           10.41613
              9       721.04329      -307.87185      -992.19451       69.481902     0.023113451      0.12280984      -307.87185      -684.32266   -0.0016805062   2.0989032e-09      0.30359462      0.69801088      0.82556243     0.047876391      0.25438399      0.83049368       13.789013       145.55367       10.460649       8.1800321       1405.7121       8.8669027        8.8669027                           -0       1424.3528          8.1800321             1405.7121          10.460649
              2       720.82776      -190.66084      -958.92396       69.481902       0.0230576      0.12635097      -190.66084      -768.26312   -0.0010407145   2.0989032e-09      0.31081389      0.69015181      0.84088451     0.047760703      0.26171895      0.85590574       13.664693       144.71322       11.859631       8.1800321       1404.4822        8.566831         8.566831                           -0       1424.5219          8.1800321             1404.4822          11.859631
              2       720.50173      -216.73653       -876.5929       69.481902     0.022439566      0.13152155      -216.73653      -659.85637   -0.0011830477   2.0989032e-09      0.32024388      0.68086416       0.8662749     0.046480529      0.27242911      0.89502573       13.508307        144.0844       15.861135       8.1800321       1403.4274         6.76743          6.76743                           -0       1427.4686          8.1800321             1403.4274          15.861135
              2       719.80804      -208.37258      -943.79912       69.481902     0.022266066      0.12773123      -208.37258      -735.42654   -0.0011373934   2.0989032e-09      0.31203338      0.68902901      0.85188956     0.046121148      0.26457799      0.86880677       13.642271        145.2149       13.595202       8.1800321       1404.3131       6.7638607        6.7638607                           -0       1426.0884          8.1800321             1404.3131          13.595202
              2       719.73072      -214.12663      -970.16532       69.481902     0.022278902      0.12760253      -214.12663      -756.03869   -0.0011688016   2.0989032e-09      0.31179338      0.68930042      0.85130098     0.046147735       0.2643114      0.86787254       13.657117       145.23351       13.416254       8.1800321        1404.352        6.756593         6.756593                           -0       1425.9483          8.1800321              1404.352          13.416254
              7       719.70293      -226.23299      -941.31883       69.481902     0.022294089      0.12752136      -226.23299      -715.08583   -0.0012348838   2.0989032e-09       0.3116567      0.68950318      0.85083456     0.046179193      0.26414327      0.86720691       13.647182       145.23757       13.361054       8.1800321       1404.3657        6.749548         6.749548                           -0       1425.9068          8.1800321             1404.3657          13.361054
              5       719.68323      -228.89014      -943.94525       69.481902     0.022303794      0.12762536      -228.89014      -715.05512   -0.0012493877   2.0989032e-09      0.31189222      0.68928216       0.8512091     0.046199296      0.26435868       0.8679164       13.645162       145.20082       13.359879       8.1800321       1404.3347       6.7459284        6.7459284                           -0       1425.8746          8.1800321             1404.3347          13.359879
              3       719.88552      -232.66442       -932.1925       69.267443     0.022208541      0.12654252      -232.66442      -699.52808   -0.0012699894   2.0989032e-09      0.31137113      0.68982339      0.84665967     0.046287286      0.26374133      0.86255623       13.689826       145.57837       12.594192       9.1508923       1404.4035       6.8112158        6.8112158                           -0       1426.1486          9.1508923             1404.4035          12.594192
              4       720.61294      -214.65263      -988.27945       70.290893     0.022663113      0.13171006      -214.65263      -773.62682   -0.0011716728   2.0989032e-09       0.3137488      0.68734959      0.86820974     0.045869229      0.26657586      0.88788161       13.481359       143.80114       17.922367       5.0076342       1404.1035       7.0962017        7.0962017                           -0       1427.0335          5.0076342             1404.1035          17.922367
              1       719.66856      -228.28479      -945.83025       69.516298     0.022319072      0.12779903      -228.28479      -717.54546   -0.0012460834   2.0989032e-09      0.31197464      0.68919651      0.85193711     0.046185203      0.26445652      0.86877348       13.638047       145.14051       13.500528       8.0293832        1404.324       6.7416245        6.7416245                           -0       1425.8539          8.0293832              1404.324          13.500528
              3       719.34214      -185.31465       -910.3079       69.516298     0.022679101      0.12602272      -185.31465      -724.99325   -0.0010115326   2.0989032e-09      0.30904391      0.69189269      0.84203132     0.046930217      0.26078077      0.85462917       13.661894       145.20139       11.656836       8.0293832       1404.7306       7.1337031        7.1337031                           -0       1424.4169          8.0293832             1404.7306          11.656836
              4       719.43779      -165.92781      -886.16933       69.516298     0.022687223      0.12687451      -165.92781      -720.24152   -0.0009057103   2.0989032e-09      0.31082335      0.69000743      0.84551621     0.046947023       0.2625434      0.86063326        13.62758       144.97735         12.0785       8.0293832       1404.4608        7.153467         7.153467                           -0       1424.5686          8.0293832             1404.4608            12.0785
              1       719.41112      -84.782881       -815.7082       69.516298     0.022627443      0.12422337      -84.782881      -730.92532  -0.00046278397   2.0989032e-09      0.30521359      0.69517426      0.83455088     0.046823321      0.25705735      0.84177132       13.675186       145.71589       11.432627       8.0293832       1405.3217       7.0192661        7.0192661                           -0       1424.7837          8.0293832             1405.3217          11.432627
              1        719.7492      -166.24488      -520.17825       69.516298     0.022600933      0.12781723      -166.24488      -353.93337  -0.00090744102   2.0989032e-09      0.31259557      0.68823693      0.84944389     0.046768462      0.26449419      0.86709261       13.500332       144.83275       13.387229       8.0293832       1404.1456       6.9681069        6.9681069                           -0       1425.5622          8.0293832             1404.1456          13.387229
              3       720.21596      -105.82896      -504.13084       69.516298     0.022636395      0.12955959      -105.82896      -398.30188  -0.00057766313   2.0989032e-09      0.31627445      0.68422828      0.85636237     0.046841844      0.26809968      0.87928366       13.449171       144.35993       14.606045       8.0293832       1403.7211       7.0377001        7.0377001                           -0       1426.3565          8.0293832             1403.7211          14.606045
              2         722.015      -122.37253      -452.61579       68.576274     0.022218877      0.12481329      -122.37253      -330.24326  -0.00066796554   2.0989032e-09      0.31402414      0.68656682      0.83647632     0.047247011      0.26540742      0.85580445       13.651029        146.0092       13.822288       12.650204       1403.9557       6.8009257        6.8009257                           -0       1430.4282          12.650204             1403.9557          13.822288
              2       722.15986      -222.62638      -850.49538       68.576274     0.022028521      0.12541432      -222.62638        -627.869   -0.0012151972   2.0989032e-09      0.31489742      0.68624078      0.84095408     0.046842232      0.26668547      0.86158118       13.748582       146.06318       13.497352       12.650204        1403.941       7.1155908        7.1155908                           -0       1430.0885          12.650204              1403.941          13.497352
              4       721.35483      -333.31427      -664.33253       68.576274     0.022168093      0.12145448      -333.31427      -331.01826   -0.0018193826   2.0989032e-09      0.30677386      0.69496852      0.82299005     0.047139023      0.25826512      0.83222955       13.802957       146.93753       11.290914       12.650204       1405.0506       6.8589857        6.8589857                           -0       1428.9917          12.650204             1405.0506          11.290914
              1       721.46521      -317.37734       -698.6831       68.576274     0.022178172      0.12250709      -317.37734      -381.30575   -0.0017323915   2.0989032e-09      0.30903361      0.69262178      0.82748364     0.047160454      0.26050344      0.83984984       13.782192       146.65096       11.890436       12.650204       1404.6978       6.8459648        6.8459648                           -0       1429.2385          12.650204             1404.6978          11.890436
              2       721.51819       -320.3743      -787.60521       68.576274     0.022320073      0.12144441       -320.3743      -467.23091   -0.0017487503   2.0989032e-09      0.30707563      0.69459612      0.82212025     0.047462197      0.25824372      0.83175878       13.836411       146.77222         11.8714       12.650204        1405.032        6.741402         6.741402                           -0       1429.5536          12.650204              1405.032            11.8714
              1       721.57348      -281.73264      -819.70481       68.576274     0.022363414      0.12089783      -281.73264      -537.97217   -0.0015378264   2.0989032e-09      0.30600552      0.69545531      0.81949788      0.04755436      0.25708145      0.82765975       13.860698       146.86781       11.803198       12.650204        1405.216       6.7387881        6.7387881                           -0       1429.6694          12.650204              1405.216          11.803198
              1       721.93198      -294.37096      -660.27117       68.576274     0.022345446      0.11667472      -294.37096      -365.90021   -0.0016068121   2.0989032e-09      0.29698714      0.70454267      0.80089332     0.047516153      0.24810127      0.79686153       13.933535       148.01222       10.740322       12.650204        1406.997       6.7382066        6.7382066                           -0       1430.3875          12.650204              1406.997          10.740322
              1       720.06262      -281.03018      -701.81305       69.334312     0.022682134      0.12050215      -281.03018      -420.78287    -0.001533992   2.0989032e-09      0.29919084      0.70226783      0.81759716      0.04718321       0.2506677       0.8164938       13.763329       146.62107       10.488758       8.8423321       1406.5121        7.141027         7.141027                           -0       1425.8432          8.8423321             1406.5121          10.488758
              4       719.99109       -272.5814      -792.46861       69.334312     0.022480452      0.12069578       -272.5814      -519.88721   -0.0014878746   2.0989032e-09      0.29917409      0.70223845      0.81989357     0.046763673       0.2510705      0.81876421       13.793506       146.79188       10.992681       8.8423321       1406.5466       6.8002846        6.8002846                           -0       1426.3816          8.8423321             1406.5466          10.992681
              1       720.86923      -193.09736      -411.68936       69.334312     0.022557523       0.1183814      -193.09736      -218.59201   -0.0010540142   2.0989032e-09      0.29452005      0.70645864       0.8085491     0.046923996      0.24625612      0.80113038       13.746664       147.31858       11.635238       8.8423321         1407.47       6.8954204        6.8954204                           -0       1427.9476          8.8423321               1407.47          11.635238
              2       721.13263      -197.49924      -397.98232       69.084192     0.022446431      0.11711851      -197.49924      -200.48308   -0.0010780417   2.0989032e-09      0.29377765      0.70722451      0.80301064     0.047031619      0.24539639      0.79463932       13.803368       147.77979       11.046653       10.023595       1407.6508       6.7720932        6.7720932                           -0       1428.7211          10.023595             1407.6508          11.046653
              3       720.84135      -191.17685      -417.66963       69.443438     0.022605992      0.11893239      -191.17685      -226.49278   -0.0010435312   2.0989032e-09      0.29483821      0.70613023      0.81095676     0.046877144      0.24662535      0.80394984       13.722141       147.11863       11.983858       8.3501539       1407.3937        6.977473         6.977473                           -0       1427.7277          8.3501539             1407.3937          11.983858
              2       721.38704      -71.547485      -418.14305       69.443438     0.022045734      0.12584598      -71.547485      -346.59556  -0.00039053909   2.0989032e-09      0.30801287      0.69230258      0.84439884      0.04571536      0.26096179      0.85560129       13.547477       145.93369       15.522691       8.3501539       1404.7487       7.0762518        7.0762518                           -0       1428.6216          8.3501539             1404.7487          15.522691
              1       721.74042      -63.419721      -443.45211       69.905267     0.022250859      0.12817781      -63.419721      -380.03239  -0.00034617401   2.0989032e-09      0.30914805      0.69112402      0.85420818     0.045533075      0.26229685      0.86713428       13.448864        145.1188       18.925924       6.4232354       1404.5836       6.7740293        6.7740293                           -0       1429.9328          6.4232354             1404.5836          18.925924
              2       721.52118      -12.481946      -248.73716       69.905267     0.023055288      0.12138596      -12.481946      -236.25521  -6.8132205e-05   2.0989032e-09      0.29689567      0.70309836      0.81953874      0.04717922      0.24839832      0.81528752       13.564206       145.98397       12.706802       6.4232354       1406.8025       8.5548979        8.5548979                           -0       1425.9326          6.4232354             1406.8025          12.706802
              7       721.23697      -76.349669      -135.46007       69.905267     0.023195093        0.124553      -76.349669      -59.110399  -0.00041675161   2.0989032e-09      0.30366264      0.69668001      0.83210031     0.047465311       0.2548792      0.83716438       13.459165       145.02101       11.959233       6.4232354       1405.3984        9.346541         9.346541                           -0       1423.7809          6.4232354             1405.3984          11.959233
              3       721.13243        -112.124      -230.82454       69.905267     0.023203386      0.12637839        -112.124      -118.70054  -0.00061202439   2.0989032e-09      0.30741501      0.69312292      0.83999827     0.047482281       0.2586146      0.85031589       13.430211       144.55138       12.245697       6.4232354          1404.8       9.3979858        9.3979858                           -0       1423.4689          6.4232354                1404.8          12.245697
              2        720.4748      -223.14114      -185.54384       69.905267     0.022666059      0.12602603      -223.14114       37.597297    -0.001218007   2.0989032e-09      0.30559439      0.69554952      0.84202457     0.046382721      0.25789354      0.84983932       13.447527       145.21459       15.220266       6.4232354       1405.1002       7.1029714        7.1029714                           -0       1426.7437          6.4232354             1405.1002          15.220266
              4       720.30063      -311.51472      -279.42133       69.905267     0.022650484      0.12644988      -311.51472       32.093384   -0.0017003906   2.0989032e-09      0.30642987      0.69519642      0.84415901     0.046350849      0.25876089      0.85315744       13.456692       145.12403       15.041684       6.4232354       1405.0005          7.0679           7.0679                           -0       1426.4655          6.4232354             1405.0005          15.041684
              1       720.34742      -311.65777      -266.10262       69.905267     0.022615922      0.12705501      -311.65777       45.555151   -0.0017011715   2.0989032e-09      0.30759744      0.69402963      0.84691042     0.046280124      0.25999919       0.8575673       13.439578       145.00839       15.469018       6.4232354       1404.8098       6.9964021        6.9964021                           -0        1426.702          6.4232354             1404.8098          15.469018
              1       720.17193      -313.47403      -260.44696       69.802065     0.022570084      0.12653393      -313.47403       53.027068   -0.0017110855   2.0989032e-09      0.30734413      0.69429263      0.84471553     0.046322997      0.25969911      0.85499252       13.461581       145.18932       14.833483       6.8319318       1404.8484        6.915038         6.915038                           -0       1426.5138          6.8319318             1404.8484          14.833483
              2       719.98256      -346.20603      -407.64909       69.802065     0.022626585      0.12893494      -346.20603      -61.443059   -0.0018897518   2.0989032e-09      0.31238795      0.68942748      0.85468053     0.046438958      0.26462696      0.87214826       13.428549       144.52577       14.928164       6.8319318         1404.17       7.0175286        7.0175286                           -0       1425.9301          6.8319318               1404.17          14.928164
              1       721.01911      -309.48909      -99.360807       69.802065     0.023028807      0.12970621      -309.48909       210.12828   -0.0016893338   2.0989032e-09      0.31479644      0.68681858      0.85460893     0.047264482      0.26620992      0.87543056       13.342155       143.90787       14.538277       6.8319318        1403.826       8.4210332        8.4210332                           -0       1425.1962          6.8319318              1403.826          14.538277
              4       722.28251      -334.42927      -328.64018       69.802065     0.023403317      0.12418899      -334.42927       5.7890869   -0.0018254688   2.0989032e-09      0.30424149      0.69750966      0.82945058     0.048033129      0.25488633      0.83529351       13.514498       144.89143       10.757778       6.8319318       1405.3948       10.790272        10.790272                           -0       1422.9845          6.8319318             1405.3948          10.757778
              2       721.94724      -341.90362      -305.36576       69.377363     0.023214683      0.12204461      -341.90362        36.53786   -0.0018662673   2.0989032e-09      0.30313071      0.69866033      0.82027917     0.048231101      0.25356134      0.82454815       13.606902       145.64156       10.717578       8.6464812       1405.5927       9.4688706        9.4688706                           -0       1424.9567          8.6464812             1405.5927          10.717578
              1       722.13621      -340.22797      -308.07873       69.377363     0.023240866      0.12207104      -340.22797       32.149239   -0.0018571208   2.0989032e-09      0.30324001      0.69854188      0.82022717     0.048285499      0.25361624      0.82464452       13.605999       145.60659       10.779655       8.6464812       1405.5728       9.6367495        9.6367495                           -0       1424.9989          8.6464812             1405.5728          10.779655
              3        722.3085       -344.5747      -294.54344       69.130377     0.023131165      0.12082397       -344.5747       50.031255   -0.0018808472   2.0989032e-09      0.30257167       0.6992334      0.81485968     0.048401594      0.25282224      0.81834481       13.660578       146.04772       11.188089       9.7999007       1405.6953        8.966835         8.966835                           -0       1426.6833          9.7999007             1405.6953          11.188089
              3       722.48498      -186.95349      -220.82698       69.130377     0.022901777      0.12853382      -186.95349      -33.873483   -0.0010204782   2.0989032e-09      0.31822441       0.6827203        0.848759     0.047921602      0.26895496      0.87415915       13.447727       144.33275       15.966288       9.7999007       1403.5036        7.850101         7.850101                           -0       1429.2697          9.7999007             1403.5036          15.966288
              1       721.74416      -138.29186      -990.37165       69.130377     0.021964924      0.13023072      -138.29186      -852.07979  -0.00075486059   2.0989032e-09      0.31981479       0.6808643      0.86316929     0.045961252      0.27250569      0.89121939       13.622083       144.91309        15.65763       9.7999007       1403.4714        7.279708         7.279708                           -0       1428.9289          9.7999007             1403.4714           15.65763
              2       723.05706      -211.18198      -667.52015       69.130377     0.021671505      0.12591956      -211.18198      -456.33816   -0.0011527284   2.0989032e-09       0.3101798      0.69089716      0.84682238     0.045347277      0.26348468      0.86106999       13.644528       146.32611       14.968102       9.7999007       1404.5071       8.4194897        8.4194897                           -0       1429.2751          9.7999007             1404.5071          14.968102
              2       720.42376       -92.93785      -912.13792       69.130377     0.022239877      0.12008807       -92.93785      -819.20007  -0.00050729753   2.0989032e-09      0.29916681      0.70126472      0.81831645     0.046536588      0.25128238       0.8171793       13.874182       147.21804       10.928619       9.7999007       1406.5541       6.7824225        6.7824225                           -0       1427.2827          9.7999007             1406.5541          10.928619
              1       720.53032       -79.70844      -940.39518       69.130377     0.022195128      0.12016996       -79.70844      -860.68674  -0.00043508533   2.0989032e-09      0.29924451       0.7011148      0.81899216      0.04644295      0.25145372      0.81796028       13.885329       147.24607       11.064749       9.7999007       1406.5445       6.8257328        6.8257328                           -0       1427.4092          9.7999007             1406.5445          11.064749
              1       719.84525      -51.479434      -958.55715       69.130377     0.022263953      0.12267255      -51.479434      -907.07772  -0.00028099843   2.0989032e-09      0.30462516      0.69558006       0.8293834     0.046586967      0.25669035      0.83575233       13.814751       146.51338       10.896505       9.7999007       1405.4638       6.7651725        6.7651725                           -0       1426.1602          9.7999007             1405.4638          10.896505
              4       719.59842      -39.106988      -997.08373       69.833393     0.022576203      0.12622217      -39.106988      -957.97674  -0.00021346393   2.0989032e-09       0.3064417      0.69369751      0.84448492     0.046293989      0.25882687       0.8535033       13.667534       145.26168       13.487706       6.7065323       1405.1526       6.9250106        6.9250106                           -0       1425.3468          6.7065323             1405.1526          13.487706
              7       721.67329      -33.983629      -941.82684       69.833393     0.022475732      0.13564184      -33.983629      -907.84321  -0.00018549828   2.0989032e-09      0.32555132      0.67455993      0.88372619     0.046087967      0.27814251      0.92059122       13.387787       143.04475         19.9581       6.7065323       1403.0902       6.7958684        6.7958684                           -0       1429.7548          6.7065323             1403.0902            19.9581
              3        721.7877      -31.853376      -948.46024       69.954437     0.022529494        0.136253      -31.853376      -916.60686  -0.00017387038   2.0989032e-09      0.32578444      0.67431543      0.88620059     0.046038473      0.27842969      0.92349931       13.363907       142.84202       20.550778       6.2329466       1403.0801       6.8558014        6.8558014                           -0       1429.8638          6.2329466             1403.0801          20.550778
              3       721.82293      -93.989021      -816.33492       69.954437     0.022475673      0.13578853      -93.989021       -722.3459  -0.00051303531   2.0989032e-09      0.32472532      0.67571371      0.88455961     0.045928492      0.27748056      0.92028969       13.337496       143.00961       20.698425       6.2329466       1403.1229       6.7958146        6.7958146                           -0       1430.0542          6.2329466             1403.1229          20.698425
              1        721.7406      -94.602132      -747.60006       69.954437      0.02248658      0.13539382      -94.602132      -652.99793  -0.00051638196   2.0989032e-09      0.32394103      0.67650135      0.88280349     0.045950779      0.27667398      0.91735281       13.328223       143.09297       20.477706       6.2329466        1403.158        6.806261         6.806261                           -0       1429.8687          6.2329466              1403.158          20.477706
              4       722.65279      -87.197317      -770.65793       70.375187     0.022673459      0.13751824      -87.197317      -683.46061  -0.00047596307   2.0989032e-09      0.32474592      0.67565693      0.89139583     0.045780302      0.27766503      0.92743146       13.244643       142.39108       23.225551        4.721638       1403.1179       7.1202546        7.1202546                           -0       1431.0651           4.721638             1403.1179          23.225551
              6       723.96072      -64.010489      -123.20093       70.375187     0.022444534      0.12904701      -64.010489      -59.190445  -0.00034939869   2.0989032e-09       0.3071793      0.69309698      0.85729128     0.045318076      0.26056064      0.86748855       13.323623       144.69253       24.855841        4.721638       1404.8024         6.77077          6.77077                           -0       1434.3799           4.721638             1404.8024          24.855841
             11       722.60271      -71.114772      -99.963012        69.92386     0.022247336      0.12668304      -71.114772       -28.84824  -0.00038817714   2.0989032e-09      0.30591925      0.69439486      0.84735249     0.045501659      0.25910017      0.85567115       13.421385       145.50055       20.302205       6.3509413        1404.999       6.7766254        6.7766254                           -0       1431.6522          6.3509413              1404.999          20.302205
              1       723.79236      -144.69472      -113.90724        69.92386     0.022207908      0.13514433      -144.69472       30.787473  -0.00078981032   2.0989032e-09      0.32314417      0.67757158      0.88244899     0.045421018      0.27640572      0.91585589       13.218856       143.44655       24.461865       6.3509413       1403.1482       6.8118708        6.8118708                           -0        1433.961          6.3509413             1403.1482          24.461865
              4         723.339      -196.45479      -87.047296        69.92386     0.022241239      0.13439038      -196.45479        109.4075   -0.0010723406   2.0989032e-09      0.32167032      0.67932796      0.87918558     0.045489187       0.2748637      0.91038569       13.233039       143.59387       23.530835       6.3509413       1403.2335       6.7813341        6.7813341                           -0       1433.1153          6.3509413             1403.2335          23.530835
              2       724.41486      -302.42655      -91.894877        69.92386      0.02198136      0.13087344      -302.42655       210.53167   -0.0016507832   2.0989032e-09      0.31394573      0.68763099      0.86671484     0.044957667      0.26767064      0.88663097       13.327767       144.73524       24.092501       6.3509413       1403.9173       7.2344615        7.2344615                           -0       1434.3608          6.3509413             1403.9173          24.092501
              2       720.34283      -208.39748      -369.88151        69.92386     0.022790098      0.13004445      -208.39748      -161.48402   -0.0011375293   2.0989032e-09      0.31390431      0.68715916      0.85838883     0.046611749      0.26597513      0.87805571       13.375229       144.07661       15.479935       6.3509413       1403.9637       7.4455312        7.4455312                           -0       1425.7946          6.3509413             1403.9637          15.479935
              1       720.32544      -103.68328      -370.52486        69.92386     0.022701438      0.12940892      -103.68328      -266.84158  -0.00056595104   2.0989032e-09      0.31242315      0.68806874      0.85628088     0.046430415       0.2646753      0.87383054       13.390805       144.32811       15.792118       6.3509413       1404.1294        7.189221         7.189221                           -0       1426.2724          6.3509413             1404.1294          15.792118
              1       719.97355      -107.44367      -358.22474       69.684968     0.022597059      0.12815764      -107.44367      -250.78108  -0.00058647695   2.0989032e-09      0.31177719      0.68873472      0.85104981     0.046534356      0.26391636      0.86759396        13.44236       144.75155       14.505277       7.3109185       1404.2088       6.9610603        6.9610603                           -0        1426.025          7.3109185             1404.2088          14.505277
              1       719.81229      -125.79949      -706.01942       69.684968     0.022453936      0.12826245      -125.79949      -580.21993  -0.00068667148   2.0989032e-09      0.31169829      0.68891381      0.85306484     0.046239623      0.26413219      0.86953813       13.524148       144.87879       14.462822       7.3109185       1404.2957       6.7775858        6.7775858                           -0       1426.0694          7.3109185             1404.2957          14.462822
              2       719.42144      -287.38118      -914.99483       69.684968     0.022486602      0.12643225      -287.38118      -627.61364   -0.0015686587   2.0989032e-09      0.30799661      0.69349748      0.84559011     0.046306891      0.26036325      0.85678576       13.649535       145.30513       13.008105       7.3109185       1404.9113        6.806283         6.806283                           -0       1425.2303          7.3109185             1404.9113          13.008105
              5       719.40288       -295.2718      -870.49249       69.684968     0.022515899      0.12657431       -295.2718      -575.22069   -0.0016117293   2.0989032e-09      0.30834947      0.69318769      0.84594127     0.046367223      0.26065577      0.85763242       13.627502       145.23751       12.972908       7.3109185       1404.8446        6.838651         6.838651                           -0       1425.1285          7.3109185             1404.8446          12.972908
              2       719.43046      -304.16682      -877.90476       69.684968     0.022489899      0.12696789      -304.16682      -573.73794   -0.0016602824   2.0989032e-09      0.30910645      0.69247927      0.84778381      0.04631368      0.26146629      0.86055478       13.620369       145.16601       13.200636       7.3109185       1404.7301       6.8096123        6.8096123                           -0       1425.2417          7.3109185             1404.7301          13.200636
              8       720.00887      -314.36891      -844.53399       69.036841     0.022206714      0.12357312      -314.36891      -530.16507   -0.0017159701   2.0989032e-09      0.30722062      0.69441937      0.83337284     0.046593194      0.25927593      0.84334232       13.761905       146.34248       11.113203       10.255558       1405.0228       6.8131158        6.8131158                           -0       1426.3915          10.255558             1405.0228          11.113203
              1       719.59176      -310.65052      -856.69675       69.273066     0.022309927      0.12481043      -310.65052      -546.04623   -0.0016956734   2.0989032e-09      0.30792238      0.69369783      0.83864691     0.046491048      0.26008904      0.84964822       13.709757       145.91054       11.659635       9.1247397       1404.9112       6.7439958        6.7439958                           -0       1425.6955          9.1247397             1404.9112          11.659635
             13       719.66577      -346.74046      -670.81183       69.273066      0.02252299      0.12614601      -346.74046      -324.07136    -0.001892669   2.0989032e-09      0.31114957      0.69066764      0.84262228     0.046935043      0.26287223      0.85813756       13.609171       145.33843       12.122056       9.1247397       1404.3899       6.8474275        6.8474275                           -0       1425.6367          9.1247397             1404.3899          12.122056
              4       720.02403      -270.18717      -243.92044       69.273066     0.022380677      0.12628935      -270.18717       26.266733   -0.0014748059   2.0989032e-09       0.3111517      0.69024765      0.84335875     0.046638481      0.26317092      0.85889053       13.512583       145.45596       13.154465       9.1247397       1404.2857       6.7415679        6.7415679                           -0       1426.5649          9.1247397             1404.2857          13.154465
              1       719.87659      -252.63467      -326.05826       69.273066     0.022401054      0.12580072      -252.63467      -73.423584   -0.0013789963   2.0989032e-09      0.31017592      0.69112762      0.84130997     0.046680944      0.26215268      0.85545949       13.539776       145.55819       12.698822       9.1247397       1404.4343       6.7476506        6.7476506                           -0       1426.2579          9.1247397             1404.4343          12.698822
              1       719.78942      -274.58963      -251.32966       69.273066     0.022644708      0.12377473      -274.58963       23.259976   -0.0014988365   2.0989032e-09      0.30646177      0.69496161      0.83099022     0.047188689      0.25793078      0.83989199       13.572684       145.81235       11.361702       9.1247397       1404.9817       7.0553441        7.0553441                           -0       1425.4682          9.1247397             1404.9817          11.361702
              8       719.86523       -268.3657      -271.68797       69.668465     0.022817469      0.12584576       -268.3657      -3.3222721   -0.0014648634   2.0989032e-09      0.30761588      0.69377438      0.83979323     0.047010513      0.25927826      0.85038603       13.484923       145.09751       12.476363       7.3797272       1404.8018       7.5362587        7.5362587                           -0       1424.6579          7.3797272             1404.8018          12.476363
              5       719.99976      -271.46033      -186.36871       69.668465     0.022858036      0.12475667      -271.46033       85.091619   -0.0014817553   2.0989032e-09      0.30545562      0.69595153      0.83474875     0.047094091      0.25703443      0.84230468       13.496314       145.33053       12.126834       7.3797272       1405.1314       7.6807908        7.6807908                           -0       1424.6379          7.3797272             1405.1314          12.126834
              1        721.1835      -195.64008      -201.79478       69.668465     0.023189094      0.12339468      -195.64008      -6.1546968   -0.0010678935   2.0989032e-09      0.30333161      0.69766168      0.82674767     0.047776166      0.25422834      0.83132567       13.523887       145.32252        10.86937       7.3797272       1405.4986       9.3096391        9.3096391                           -0       1423.7477          7.3797272             1405.4986           10.86937
              4       721.35939      -197.18559      -126.10464       69.668465     0.023219674      0.12506984      -197.18559       71.080946   -0.0010763296   2.0989032e-09      0.30684592       0.6941558      0.83354984     0.047839169      0.25767965      0.84300688       13.466573       144.86383       11.463005       7.3797272       1404.8751       9.5004837        9.5004837                           -0       1423.7178          7.3797272             1404.8751          11.463005
              1       721.35098      -197.70706       -122.3519       69.668465     0.023217828      0.12508305      -197.70706       75.355158   -0.0010791761   2.0989032e-09      0.30686934      0.69413523      0.83361104     0.047835366      0.25770687      0.84310095       13.465655       144.86245       11.474244       7.3797272       1404.8705       9.4887702        9.4887702                           -0       1423.7244          7.3797272             1404.8705          11.474244
              1       721.27116      -138.33179      -160.23484       69.668465     0.023110452      0.12835397      -138.33179      -21.903048  -0.00075507856   2.0989032e-09      0.31338714      0.68729333      0.84808333     0.047614141       0.2644459      0.86679917       13.390732       144.15645       13.486021       7.3797272       1403.9762       8.8502099        8.8502099                           -0       1424.8419          7.3797272             1403.9762          13.486021
              2       721.37857      -132.09514      -141.90374       69.668465     0.023133414      0.12825307      -132.09514       -9.808603  -0.00072103603   2.0989032e-09      0.31322655      0.68741987      0.84747418     0.047661449        0.264238      0.86595463       13.389456       144.15726       13.427376       7.3797272       1403.9907       8.9796834        8.9796834                           -0       1424.7978          7.3797272             1403.9907          13.427376
              9       720.17002      -7.9176291       -102.1763       69.668465     0.022746861      0.12378535      -7.9176291       -94.25867  -4.3218062e-05   2.0989032e-09      0.30322537      0.69674324      0.83099252      0.04686504      0.25503323      0.83544768       13.502954        145.6989        12.87767       7.3797272       1405.4559       7.3133639        7.3133639                           -0       1425.7133          7.3797272             1405.4559           12.87767
              2       720.80414      -1.5403177      -83.135265       69.668465     0.022775645      0.12103634      -1.5403177      -81.594947  -8.4077627e-06   2.0989032e-09      0.29762092      0.70231288      0.81888664     0.046924343      0.24936947      0.81563318       13.570424       146.37903       12.852245       7.3797272       1406.5766       7.3998318        7.3998318                           -0       1426.8086          7.3797272             1406.5766          12.852245
              2       720.74258      -10.314752      -54.434326       69.111036     0.022532089      0.11811662      -10.314752      -44.119574   -5.630266e-05   2.0989032e-09      0.29581853      0.70416196      0.80617003     0.047174429       0.2472955      0.80053202       13.698324       147.41732       10.897391       9.8932714        1406.976       6.8592276        6.8592276                           -0       1427.7667          9.8932714              1406.976          10.897391
              4       720.31584      -19.933483      -55.379577       69.111036      0.02244547      0.11996346      -19.933483      -35.446094  -0.00010880612   2.0989032e-09      0.29950382      0.70052917      0.81485972     0.046993079      0.25116214      0.81418557       13.651365       147.02327       11.028169       9.8932714       1406.1674       6.7714197        6.7714197                           -0       1427.0888          9.8932714             1406.1674          11.028169
              4        721.8851      -209.70677       -29.20953       69.111036     0.023051157      0.12318642      -209.70677       180.49724    -0.001144676   2.0989032e-09      0.30751969      0.69354917      0.82491178      0.04826118      0.25790991      0.83518626       13.550864       145.52407        12.06315       9.8932714       1404.7464        8.533681         8.533681                           -0       1426.7028          9.8932714             1404.7464           12.06315
              1       721.81157      -203.15009       -50.65623       69.527573     0.023233154      0.12536817      -203.15009       152.49386   -0.0011088867   2.0989032e-09      0.30873579      0.69229819      0.83419256     0.048061136      0.25934217      0.84625096       13.458091       144.77408       11.900353       7.9803064       1404.5689       9.5867845        9.5867845                           -0       1424.4496          7.9803064             1404.5689          11.900353
              1       722.09282       -186.0423      -230.82912       69.527573     0.023246095      0.12662708       -186.0423      -44.786823   -0.0010155044   2.0989032e-09      0.31136681      0.68957378      0.83974285     0.048087906      0.26194642      0.85550361       13.456011       144.44371       12.619175       7.9803064       1404.2444         9.67088          9.67088                           -0       1424.8439          7.9803064             1404.2444          12.619175
              1       721.81412      -113.87419       -104.1829       69.527573     0.023003207      0.13015937      -113.87419       9.6912914  -0.00062157772   2.0989032e-09      0.31817142      0.68237525      0.85570744     0.047585456      0.26925347      0.88124215       13.350567       143.82318       15.568798       7.9803064       1403.4862       8.2964913        8.2964913                           -0       1427.0353          7.9803064             1403.4862          15.568798
              6       721.49245      -88.406378      -114.40384       69.527573     0.023001965      0.12935785      -88.406378      -25.997465  -0.00048256268   2.0989032e-09      0.31651077      0.68389689      0.85241952     0.047582888      0.26759539      0.87556219       13.371427       144.02223       14.789261       7.9803064       1403.6342       8.2905716        8.2905716                           -0       1426.4038          7.9803064             1403.6342          14.789261
              2         719.969      -38.312962      -480.43937       69.527573     0.022822577      0.12253398      -38.312962      -442.12641  -0.00020912977   2.0989032e-09      0.30202353      0.69811069      0.82547463     0.047211798      0.25347925      0.82825391       13.620695       145.93908       11.045423       7.9803064       1405.8047       7.5537963        7.5537963                           -0       1424.8304          7.9803064             1405.8047          11.045423
              1       720.05085      -83.737203      -292.39071       69.527573     0.022854448      0.12291243      -83.737203      -208.65351  -0.00045707617   2.0989032e-09      0.30287233      0.69750983      0.82657573     0.047277728      0.25426212       0.8305233       13.571299        145.8069       11.194569       7.9803064       1405.5918       7.6675249        7.6675249                           -0       1424.7667          7.9803064             1405.5918          11.194569
              2       720.88952      -55.688094      -349.34467       69.527573     0.023047269         0.12689      -55.688094      -293.65657  -0.00030397123   2.0989032e-09       0.3114994      0.68872967      0.84228152     0.047676605       0.2624903       0.8582726       13.473118       144.58881       12.534666       7.9803064       1404.2364       8.5138207        8.5138207                           -0       1424.7514          7.9803064             1404.2364          12.534666
              1       720.85454      -39.692909      -316.91596       69.527573     0.023033751      0.12696554      -39.692909      -277.22305  -0.00021666216   2.0989032e-09      0.31162769      0.68851406      0.84261579     0.047648641      0.26264656      0.85879002       13.464901       144.58425       12.626444       7.9803064       1404.2111       8.4456374        8.4456374                           -0       1424.8178          7.9803064             1404.2111          12.626444
              5       720.01611      -30.438884      -780.95396       69.527573     0.022465271      0.12979551      -30.438884      -750.51507  -0.00016614943   2.0989032e-09      0.31630592      0.68378532      0.85892148     0.046472659      0.26850077      0.88195514       13.513563       144.48386       14.721928       7.9803064       1403.7567       6.7866604        6.7866604                           -0       1426.4589          7.9803064             1403.7567          14.721928
              7       720.03009       -21.47936      -732.53438       69.527573     0.022515338      0.12975719       -21.47936      -711.05502  -0.00011724423   2.0989032e-09       0.3163302      0.68371213      0.85834895     0.046576229      0.26842149      0.88140109       13.499199       144.43989       14.658728       7.9803064       1403.7452       6.8379722        6.8379722                           -0       1426.3842          7.9803064             1403.7452          14.658728
              3       720.53798      -47.711086      -662.65561       69.527573     0.022983818      0.12732936      -47.711086      -614.94452  -0.00026042905   2.0989032e-09        0.312277      0.68790851      0.84508618     0.047545349      0.26339917      0.86220468       13.533098       144.54622       12.483661       7.9803064       1404.2013       8.2053546        8.2053546                           -0       1424.6653          7.9803064             1404.2013          12.483661
              9       720.98498      -41.119375      -684.21692       69.946337     0.023166788      0.12952276      -41.119375      -643.09754  -0.00022444846   2.0989032e-09      0.31340623       0.6867442      0.85426982     0.047351732      0.26473792      0.87314877       13.443196       143.80782       13.291811       6.2640971       1404.0646       9.1747361        9.1747361                           -0       1423.6205          6.2640971             1404.0646          13.291811
              3       720.58699      -50.887291      -652.26633       69.325793     0.022895655      0.12627247      -50.887291      -601.37903  -0.00027776624   2.0989032e-09      0.31171497      0.68848745      0.84063427     0.047639082      0.26273563      0.85689043       13.577076       144.90589       12.369152       8.8813502       1404.2723       7.8255644        7.8255644                           -0       1425.5228          8.8813502             1404.2723          12.369152
              1       721.96273      -328.61685       -224.6447       69.325793     0.022011174       0.1296568      -328.61685       103.97215   -0.0017937419   2.0989032e-09      0.31691642      0.68480197      0.85997604     0.045798739      0.26977743      0.88388975       13.429766       145.00657       17.095032       8.8813502       1403.6342       7.1574256        7.1574256                           -0       1429.6106          8.8813502             1403.6342          17.095032
              2       722.12273      -320.75983       -250.3448        69.82494     0.022229265      0.13227124      -320.75983       70.415037   -0.0017508547   2.0989032e-09      0.31821133      0.68346525      0.87078768     0.045593609      0.27129656      0.89682864       13.322594       144.12399       20.402554       6.7402553       1403.5199       6.7913698        6.7913698                           -0       1430.6627          6.7402553             1403.5199          20.402554
              2       722.00894      -302.14059      -197.33193        69.82494     0.022215001       0.1308014      -302.14059       104.80866   -0.0016492223   2.0989032e-09      0.31516735       0.6864076      0.86476283     0.045564352      0.26828183      0.88635357       13.349516       144.50201       19.865448       6.7402553       1403.8028       6.8046929        6.8046929                           -0       1430.4085          6.7402553             1403.8028          19.865448
              6       721.90435      -344.97469       -374.2664        69.82494     0.022154813      0.12946487      -344.97469      -29.291712   -0.0018830305   2.0989032e-09      0.31230259      0.68950617      0.86002016     0.045440902      0.26554052      0.87747711       13.418409       144.89953       19.140191       6.7402553       1404.1737       6.8772768        6.8772768                           -0       1430.0542          6.7402553             1404.1737          19.140191
              2       722.09837       -312.3586      -315.74368        69.82494      0.02214283      0.12916738       -312.3586      -3.3850768   -0.0017049969   2.0989032e-09      0.31166783      0.68996289      0.85873517     0.045416324      0.26493034      0.87527518       13.413952       144.98692       19.427822       6.7402553       1404.2389       6.8948857        6.8948857                           -0        1430.407          6.7402553             1404.2389          19.427822
              7       721.87518      -318.59873      -295.33238       69.428512     0.021969619      0.12709096      -318.59873       23.266354   -0.0017390584   2.0989032e-09      0.31057019      0.69109375      0.85003192     0.045577114      0.26365678      0.86487728       13.500387       145.69915       16.419035       8.4166413       1404.3815       7.2665802        7.2665802                           -0       1429.2172          8.4166413             1404.3815          16.419035
              1       721.97543      -314.05563      -310.19273       69.717129     0.022095724      0.12860269      -314.05563       3.8629016   -0.0017142601   2.0989032e-09      0.31137378      0.69026597      0.85637491     0.045459981      0.26458855       0.8724576         13.4373       145.17961        18.54822       7.1777443       1404.2764       6.9742742        6.9742742                           -0       1430.0023          7.1777443             1404.2764           18.54822
              3       722.74751      -288.92551      -320.02199       69.717129     0.021995268      0.12912244      -288.92551      -31.096489   -0.0015770883   2.0989032e-09      0.31223646      0.68926612      0.85920631     0.045253301      0.26565791      0.87655392       13.427867       145.15778       19.757694       7.1777443       1404.1641       7.1977171        7.1977171                           -0       1431.0996          7.1777443             1404.1641          19.757694
              1       723.39258      -209.83275      -642.96432       69.717129     0.022458111      0.11731902      -209.83275      -433.13157   -0.0011453637   2.0989032e-09      0.28890423      0.71216663      0.80587588     0.046205559      0.24137342      0.79083244       13.809442       147.71292       16.958556       7.1777443       1409.0872       6.7808189        6.7808189                           -0       1433.2235          7.1777443             1409.0872          16.958556
              2       721.90617      -142.17526      -837.82714       69.717129     0.022464792      0.11934827      -142.17526      -695.65188  -0.00077605797   2.0989032e-09      0.29309296      0.70760859      0.81509231     0.046219304      0.24554841      0.80565455       13.815671       147.16455        15.06192       7.1777443       1408.0002       6.7862576        6.7862576                           -0       1430.2398          7.1777443             1408.0002           15.06192
              2       722.05106      -117.34187      -774.47856       69.717129     0.022466226      0.11918237      -117.34187      -657.13669   -0.0006405059   2.0989032e-09       0.2927546      0.70781141      0.81424498     0.046222255      0.24520709      0.80435233       13.795285       147.20693       15.293735       7.1777443       1408.0557       6.7874679        6.7874679                           -0       1430.5272          7.1777443             1408.0557          15.293735
              2       721.30047      -76.220756      -789.80165       69.717129     0.022470902      0.12053898      -76.220756      -713.58089  -0.00041604795   2.0989032e-09      0.29555533      0.70478621       0.8201732     0.046231877       0.2479982      0.81407487       13.759605        146.8436        14.49858       7.1777443       1407.3416       6.7915181        6.7915181                           -0       1429.0179          7.1777443             1407.3416           14.49858
              5       721.38301      -75.714607      -761.53748       69.244429     0.022271246      0.11809415      -75.714607      -685.82288  -0.00041328515   2.0989032e-09      0.29408902      0.70624874      0.80943259     0.046448838      0.24629677      0.80141868       13.864146       147.71372       12.291832        9.258311       1407.6943        6.760783         6.760783                           -0       1429.2445           9.258311             1407.6943          12.291832
              3       721.90425      -76.620098      -812.10146        70.09008     0.022628427       0.1224679      -76.620098      -735.48136  -0.00041822774   2.0989032e-09       0.2966655      0.70367902      0.82857441     0.046061837      0.24929247      0.82395674       13.679014       146.16739       16.958783       5.7228414       1407.0844       7.0212629        7.0212629                           -0        1429.766          5.7228414             1407.0844          16.958783
              1       721.58682      -71.862129      -789.05349        70.09008      0.02263404      0.12317825      -71.862129      -717.19136  -0.00039225656   2.0989032e-09       0.2981229      0.70219565      0.83157262     0.046073262      0.25073845      0.82896696       13.650356       145.97757       16.647153       5.7228414       1406.7381       7.0327933        7.0327933                           -0       1429.1081          5.7228414             1406.7381          16.647153
              2       720.88709      -71.281786      -756.64621       69.548088     0.022405117      0.12037505      -71.281786      -685.36442  -0.00038908878   2.0989032e-09      0.29651888      0.70379535      0.81938412     0.046320882      0.24886629      0.81461628       13.767814        146.9593       13.288449       7.8913963       1407.0959       6.7492261        6.7492261                           -0       1428.2757          7.8913963             1407.0959          13.288449
              2       720.74988      -86.627709      -782.57114       69.548088     0.022727683      0.11938339      -86.627709      -695.94343  -0.00047285388   2.0989032e-09      0.29513559       0.7052624      0.81296819     0.046987763      0.24681612      0.80635024       13.796759       146.86528       11.646277       7.8913963       1407.4439       7.2591113        7.2591113                           -0       1426.9815          7.8913963             1407.4439          11.646277
              1       720.35226      -126.15021      -679.42999       69.548088     0.022624377      0.12054223      -126.15021      -553.27978  -0.00068858588   2.0989032e-09      0.29731783      0.70329589      0.81858887     0.046774186      0.24921194      0.81492133        13.73427       146.67391        11.89515       7.8913963       1406.8918       7.0130866        7.0130866                           -0       1426.6783          7.8913963             1406.8918           11.89515
              1       719.86754      -79.977968      -652.84032       69.548088     0.022616395      0.12222817      -79.977968      -572.86236  -0.00043655654   2.0989032e-09      0.30078688      0.69957481       0.8258908     0.046757683      0.25269749      0.82697322          13.678       146.24271       11.732305       7.8913963       1406.1167       6.9973207        6.9973207                           -0       1425.7404          7.8913963             1406.1167          11.732305
              1       720.01109      -80.199224      -665.19557       69.754722     0.022703671      0.12329689      -80.199224      -584.99635  -0.00043776425   2.0989032e-09      0.30138328      0.69898006      0.83051076     0.046660444      0.25339901      0.83242327       13.633037        145.8713       12.608988       7.0236328       1405.9996       7.1949734        7.1949734                           -0       1425.6322          7.0236328             1405.9996          12.608988
              2       719.98154      -144.51909      -752.82299       69.754722     0.022982818      0.12518833      -144.51909      -608.30389   -0.0007888517   2.0989032e-09      0.30584424      0.69487019      0.83693816     0.047234145      0.25728627      0.84505095       13.601742       145.08684       11.334627       7.0236328       1405.2034       8.2007277        8.2007277                           -0       1423.5616          7.0236328             1405.2034          11.334627
              4       721.47969      -30.656707      -401.23937       69.754722     0.022385906      0.12238055      -30.656707      -370.58266  -0.00016733841   2.0989032e-09      0.29884694      0.70124597      0.82814562     0.046007375      0.25151575       0.8265526       13.599832       146.45541       16.021075       7.0236328        1406.429       6.7428397        6.7428397                           -0       1429.4737          7.0236328              1406.429          16.021075
              1       721.30684      -30.474019       -391.0378       69.584107     0.022313843      0.12149812      -30.474019      -360.56378  -0.00016634122   2.0989032e-09      0.29834294      0.70174861      0.82431606     0.046084434      0.25092819      0.82203634       13.637526       146.76504       14.856535       7.7364976       1406.5348       6.7429056        6.7429056                           -0       1429.1279          7.7364976             1406.5348          14.856535
              3       721.64755      -45.407122      -345.40318       69.584107      0.02222368      0.12206733      -45.407122      -299.99606  -0.00024785296   2.0989032e-09      0.29933232      0.70084075      0.82730302     0.045898221      0.25210377      0.82638188       13.615406       146.71558       15.657369       7.7364976       1406.3084         6.79641          6.79641                           -0       1429.7023          7.7364976             1406.3084          15.657369
              1       723.30333      -11.857839      -294.96407       69.584107     0.022141721      0.11971905      -11.857839      -283.10623  -6.4725541e-05   2.0989032e-09      0.29431317      0.70567677      0.81747869     0.045728952      0.24725389      0.80969352       13.669714       147.42502       17.644938       7.7364976       1407.4321       6.8965687        6.8965687                           -0       1432.8135          7.7364976             1407.4321          17.644938
             10        723.2621      -11.560808      -278.37742       69.306706     0.022024554      0.11828431      -11.560808      -266.81662   -6.310421e-05   2.0989032e-09      0.29344305      0.70654467      0.81116936     0.045851823      0.24625023      0.80225572       13.732509       147.93906       15.663249       8.9690776       1407.6419       7.1249654        7.1249654                           -0       1432.2743          8.9690776             1407.6419          15.663249
              3       722.96175      -65.664705      -130.49499       69.306706     0.022121591      0.11775068      -65.664705      -64.830287  -0.00035842816   2.0989032e-09      0.29253411      0.70774893      0.80791385      0.04605384      0.24513928      0.79779752       13.717394       147.97347       15.272398       8.9690776       1407.8247       6.9286739        6.9286739                           -0       1432.0661          8.9690776             1407.8247          15.272398
              2       723.30439       -65.31369      -110.89382       68.978888      0.02198313      0.11605519       -65.31369       -45.58013  -0.00035651217   2.0989032e-09      0.29146683      0.70881357      0.80039393     0.046201613      0.24391145      0.78892865       13.793031       148.58846       13.511711       10.543069       1408.0946       7.2297082        7.2297082                           -0       1432.1494          10.543069             1408.0946          13.511711
              2       723.54042      -126.83538      -372.80332       68.978888     0.021756738      0.11876398      -126.83538      -245.96794  -0.00069232585   2.0989032e-09      0.29668405      0.70393217      0.81445427     0.045725809      0.24960447      0.80994061       13.777857       148.11188       13.568927       10.543069       1406.9217       8.0235945        8.0235945                           -0       1431.0336          10.543069             1406.9217          13.568927
              2       722.33286      -17.377165      -740.07125       68.978888      0.02194467      0.11795389      -17.377165      -722.69408   -9.485256e-05   2.0989032e-09      0.29537648      0.70464227      0.81019391     0.046120783      0.24790192      0.80392641       13.889722       148.11776       12.095087       10.543069       1407.3512        7.338177         7.338177                           -0       1429.9894          10.543069             1407.3512          12.095087
              1       722.49899      -18.602163      -808.47701       70.122932     0.022427884      0.12387094      -18.602163      -789.87484  -0.00010153916   2.0989032e-09      0.29883307      0.70119483       0.8360044     0.045610849      0.25191226      0.83437689       13.638887        146.0235       19.299237       5.6025708       1406.5756       6.7602851        6.7602851                           -0       1431.4774          5.6025708             1406.5756          19.299237
              4       722.60381      -6.5487501      -869.81872       70.122932      0.02242087       0.1235593      -6.5487501      -863.26997   -3.574609e-05   2.0989032e-09      0.29818502      0.70177708      0.83479034     0.045596586      0.25127848       0.8322613       13.670427       146.11155       19.351967       5.6025708       1406.7401        6.756475         6.756475                           -0       1431.6947          5.6025708             1406.7401          19.351967
              6       722.00086        -6.18567      -849.54378       69.783846      0.02227765      0.12180553        -6.18567      -843.35811  -3.3764232e-05   2.0989032e-09      0.29719445      0.70276495      0.82719162     0.045746678      0.25012505      0.82331465       13.742786        146.7245       16.622756       6.9053874       1406.9591       6.7572491        6.7572491                           -0       1430.4872          6.9053874             1406.9591          16.622756
              2       720.28451      -183.65328      -671.75805       69.783846      0.02264469      0.12275173      -183.65328      -488.10477   -0.0010024641   2.0989032e-09      0.29989117      0.70103693      0.82870901     0.046500386      0.25206807      0.82855868       13.652787       146.07617       13.221935       6.9053874       1406.3311       7.0553036        7.0553036                           -0       1426.4584          6.9053874             1406.3311          13.221935
              3       719.73191      -200.61812      -911.56325       69.783846     0.022453204       0.1289064      -200.61812      -710.94513    -0.001095066   2.0989032e-09      0.31213644      0.68888426      0.85639627     0.046107176      0.26470655       0.8735472       13.568703       144.71834       14.712828       6.9053874       1404.2915        6.777032         6.777032                           -0       1425.9098          6.9053874             1404.2915          14.712828
              4       721.24045       -177.7969      -941.12692       69.783846     0.022144947      0.13130992       -177.7969      -763.33002  -0.00097049724   2.0989032e-09      0.31643901      0.68445712      0.86838626     0.045474176      0.26964212      0.89186132       13.521529       144.45117       18.007601       6.9053874       1403.7845       6.8916983        6.8916983                           -0       1428.6975          6.9053874             1403.7845          18.007601
              2       721.65044      -178.13128      -959.79968       70.096137      0.02227685       0.1329251      -178.13128       -781.6684  -0.00097232249   2.0989032e-09      0.31718142       0.6837172        0.875088      0.04533834      0.27053212      0.89979789        13.45884       143.91306       20.373188        5.700571       1403.7118        6.757674         6.757674                           -0       1429.7855           5.700571             1403.7118          20.373188
              1       720.84323      -209.55429      -795.45097       70.096137     0.022529768      0.13281785      -209.55429      -585.89668   -0.0011438437   2.0989032e-09      0.31747788      0.68359227      0.87274414     0.045853085      0.27031383      0.89780712       13.399492       143.67125       18.614408        5.700571       1403.6592       6.8561612        6.8561612                           -0       1427.9741           5.700571             1403.6592          18.614408
              2       720.12177       -29.29985      -849.87673       70.096137     0.022921493      0.12741311       -29.29985      -820.57688  -0.00015993206   2.0989032e-09      0.30727529      0.69281094      0.84778766     0.046650332        0.259314      0.85800591       13.544108       144.59158       13.709184        5.700571       1404.9718       7.9309896        7.9309896                           -0       1424.3816           5.700571             1404.9718          13.709184
              5       719.65555      -29.033907      -835.02607       69.847769     0.022816589      0.12612854      -29.033907      -805.99216  -0.00015848042   2.0989032e-09      0.30661638      0.69346787      0.84232969     0.046767661      0.25852842      0.85156766       13.595917        145.0269       12.518631       6.6493809       1405.0766       7.5332572        7.5332572                           -0       1424.2446          6.6493809             1405.0766          12.518631
              2       719.63362      -159.77172      -737.92627       69.847769     0.022767162       0.1275533      -159.77172      -578.15455  -0.00087210755   2.0989032e-09      0.30943543      0.69136245      0.84858263     0.046666348      0.26144878      0.86182389       13.532281       144.72106       13.244766       6.6493809       1404.6257       7.3737181        7.3737181                           -0       1424.5198          6.6493809             1404.6257          13.244766
              2       719.63383      -116.53172      -823.52091       69.847769     0.022823178      0.12622785      -116.53172      -706.98919  -0.00063608371   2.0989032e-09      0.30683345      0.69372841      0.84274384     0.046781166      0.25873199      0.85228788       13.592386       144.99473       12.455643       6.6493809       1405.0509        7.555871         7.555871                           -0       1424.1559          6.6493809             1405.0509          12.455643
              3       719.73554      -76.294845      -719.73457       69.847769     0.022698234      0.12617421      -76.294845      -643.43973  -0.00041645236   2.0989032e-09      0.30646739      0.69387484      0.84315561     0.046525066      0.25862203      0.85219551       13.563039       145.14245       13.382303       6.6493809       1405.0773       7.1810346        7.1810346                           -0        1425.109          6.6493809             1405.0773          13.382303
              2       719.78405      -122.20439      -762.86897       69.847769     0.022705411      0.12957378      -122.20439      -640.66458  -0.00066704776   2.0989032e-09      0.31345027      0.68714255      0.85741294     0.046539775       0.2655902      0.87642293       13.486171       144.28296       14.435697       6.6493809       1404.0841       7.1994774        7.1994774                           -0       1425.1691          6.6493809             1404.0841          14.435697
              2       720.03223      -122.37124      -772.18619       70.003594     0.022771227      0.13037971      -122.37124      -649.81495  -0.00066795851   2.0989032e-09      0.31383527      0.68675879      0.86078744      0.04646712      0.26605372      0.88041243       13.453972       144.01384       15.207039       6.0455698       1404.0395       7.3861662        7.3861662                           -0       1425.2921          6.0455698             1404.0395          15.207039
              1       720.72558       -98.69648      -787.98676       70.003594      0.02241791      0.12816019       -98.69648      -689.29028  -0.00053873079   2.0989032e-09      0.30858513      0.69187971      0.85393496     0.045746139      0.26152456      0.86606734       13.526487       144.94317       17.137557       6.0455698       1404.7581       6.7549743        6.7549743                           -0       1427.9412          6.0455698             1404.7581          17.137557
              3       720.49232      -98.544974      -779.52645         69.8621     0.022358147      0.12742838      -98.544974      -680.98147   -0.0005379038   2.0989032e-09      0.30821452      0.69224919      0.85083926     0.045809181      0.26108558      0.86240932       13.556087       145.19182       16.101801       6.5926483       1404.8134       6.7383733        6.7383733                           -0       1427.5079          6.5926483             1404.8134          16.101801
              1       720.22345      -98.354393      -838.78746         69.8621     0.022458205      0.12572436      -98.354393      -740.43306  -0.00053686352   2.0989032e-09       0.3049282      0.69553447      0.84307804     0.046014189      0.25759425      0.84997459       13.620003        145.5157       14.910663       6.5926483       1405.3818       6.7808934        6.7808934                           -0       1426.8851          6.5926483             1405.3818          14.910663
             14       720.58207      -23.479051      -803.33668         69.8621     0.022408442      0.12533031      -23.479051      -779.85763  -0.00012815946   2.0989032e-09      0.30401888      0.69603508      0.84163549      0.04591223       0.2567869      0.84725413       13.617189       145.67019       15.546277       6.5926483        1405.524       6.7506051        6.7506051                           -0       1427.6629          6.5926483              1405.524          15.546277
              1       720.51089      -22.794115       -765.0888       69.222428     0.022138261       0.1220219      -22.794115      -742.29469  -0.00012442076   2.0989032e-09      0.30219536      0.69785349      0.82739606     0.046200838      0.25465026      0.83041793       13.755105       146.82179       11.997084       9.3615859       1405.8594       6.9018753        6.9018753                           -0        1427.218          9.3615859             1405.8594          11.997084
              1       720.50584      -23.416742      -799.85724       69.803909     0.022383863      0.12502935      -23.416742       -776.4405  -0.00012781935   2.0989032e-09      0.30385786      0.69619564      0.84034752     0.045938368      0.25659753      0.84573349       13.629542        145.7739       15.149789       6.8245188       1405.5527        6.742319         6.742319                           -0        1427.527          6.8245188             1405.5527          15.149789
              4       720.38053      -15.934228      -750.31463       69.803909     0.022421866      0.12517078      -15.934228      -734.38041  -8.6976347e-05   2.0989032e-09      0.30422613      0.69578653      0.84061598     0.046016361      0.25688781      0.84651618       13.608394       145.69637       14.953939       6.8245188       1405.4686        6.756994         6.756994                           -0       1427.2471          6.8245188             1405.4686          14.953939
              1       720.33628      -13.210876      -765.21797       69.803909       0.0224279      0.12519649      -13.210876      -752.00709   -7.211104e-05   2.0989032e-09      0.30429126      0.69570653      0.84070702     0.046028745      0.25694056       0.8466985       13.612076       145.68324       14.866729       6.8245188       1405.4607       6.7602946        6.7602946                           -0        1427.152          6.8245188             1405.4607          14.866729
              5       719.33357      -254.04096      -988.16049       69.803909     0.022653537       0.1280987      -254.04096      -734.11952   -0.0013866724   2.0989032e-09      0.31071055       0.6906018      0.85188785     0.046491819      0.26289677      0.86696147       13.619223       144.70586       13.180964       6.8245188       1404.5124       7.0746346        7.0746346                           -0       1424.5179          6.8245188             1404.5124          13.180964
             17       719.39236      -254.10315       -991.6331       69.861986     0.022678067      0.12839908      -254.10315      -737.52995   -0.0013870119   2.0989032e-09      0.31085987      0.69045295      0.85315481     0.046464812       0.2630753      0.86845946       13.607461       144.60452       13.437254       6.5930995       1404.4919       7.1312213        7.1312213                           -0       1424.5223          6.5930995             1404.4919          13.437254
             15       719.38544      -254.84056      -998.62447       69.861986      0.02268077       0.1284134      -254.84056      -743.78391    -0.001391037   2.0989032e-09      0.31089474       0.6904221      0.85320434     0.046470349      0.26310463      0.86855858       13.610334       144.59806       13.413632       6.5930995       1404.4887       7.1377242        7.1377242                           -0       1424.4954          6.5930995             1404.4887          13.413632
              1       719.53711       -200.9375      -955.12221       69.861986     0.022846062      0.12640672       -200.9375      -754.18471   -0.0010968093   2.0989032e-09      0.30712195      0.69390066      0.84361566     0.046809015      0.25899318      0.85357057       13.640479       144.92506       12.155382       6.5930995        1405.052       7.6368805        7.6368805                           -0       1423.8005          6.5930995              1405.052          12.155382
              9       719.59313      -163.53222      -816.97525       69.861986     0.022792498      0.12770189      -163.53222      -653.44304  -0.00089263407   2.0989032e-09      0.30966586      0.69115258      0.84920295     0.046699268      0.26164683      0.86277496       13.551342       144.65675       13.075396       6.5930995       1404.6112       7.4532676        7.4532676                           -0       1424.2797          6.5930995             1404.6112          13.075396
              3       719.37402      -163.20744      -798.83933       69.558674     0.022664387      0.12613315      -163.20744      -635.63189   -0.0008908613   2.0989032e-09       0.3088653      0.69195071      0.84254939     0.046842643      0.26069136      0.85490785       13.615066       145.18924       11.977207       7.8457141       1404.7269       7.0991214        7.0991214                           -0       1424.5498          7.8457141             1404.7269          11.977207
              1       719.47744      -163.42339      -810.89812        69.76035      0.02274957      0.12717622      -163.42339      -647.47473  -0.00089204003   2.0989032e-09      0.30940046      0.69141717      0.84697769      0.04674723      0.26132962       0.8601453       13.572582       144.83457       12.662564        7.000707       1404.6491       7.3212419        7.3212419                           -0       1424.3124           7.000707             1404.6491          12.662564
              4       719.50219      -58.522219      -950.76391        69.76035     0.022805747      0.12776991      -58.522219      -892.24169  -0.00031944119   2.0989032e-09      0.31073584      0.68950919       0.8492179     0.046862668      0.26254957      0.86427945       13.601974       144.62557       12.536316        7.000707       1404.4739       7.4967342        7.4967342                           -0       1424.0109           7.000707             1404.4739          12.536316
              1       720.05484      -4.6510447      -872.10061        69.76035     0.023019782      0.12618931      -4.6510447      -867.44956  -2.5387541e-05   2.0989032e-09      0.30792773      0.69202324       0.8410353      0.04730248      0.25930164      0.85207534       13.607418       144.79426       11.487172        7.000707       1404.8686       8.3765818        8.3765818                           -0       1423.3565           7.000707             1404.8686          11.487172
              5       720.28802      -3.9725751      -834.21384       69.126717     0.022752152      0.12291213      -3.9725751      -830.24127  -2.1684142e-05   2.0989032e-09      0.30618045      0.69376545       0.8270049     0.047613557      0.25721891      0.83548024       13.742297       145.91786       10.955312       9.8175368       1405.1456       7.3288047        7.3288047                           -0       1425.9184          9.8175368             1405.1456          10.955312
              3       720.28612      -3.9737436       -834.2791       69.127808     0.022752613      0.12291778      -3.9737436      -830.30535  -2.1690521e-05   2.0989032e-09      0.30618356      0.69376235      0.82702925     0.047613018       0.2572226      0.83550908       13.742061        145.9159       10.954579       9.8122769       1405.1451       7.3301595        7.3301595                           -0       1425.9119          9.8122769             1405.1451          10.954579
              1        719.9901       -4.239456      -849.11688       69.375961     0.022857426      0.12420123       -4.239456      -844.87742  -2.3140901e-05   2.0989032e-09      0.30688149      0.69306641      0.83254456     0.047490781      0.25805239        0.842039       13.688686       145.47292        10.93822       8.6528261       1405.0321       7.6785309        7.6785309                           -0       1424.6231          8.6528261             1405.0321           10.93822
              3       720.38571      -93.575868      -865.27088       69.375961     0.022756077      0.11976298      -93.575868      -771.69501  -0.00051078013   2.0989032e-09      0.29744958      0.70298596      0.81411226     0.047280207      0.24883106      0.81064433        13.82991       146.73408       10.513233       8.6528261       1406.9246       7.3403896        7.3403896                           -0       1426.0906          8.6528261             1406.9246          10.513233
              5         720.339      -122.56936      -809.47743       69.375961      0.02279083       0.1201256      -122.56936      -686.90807  -0.00066903997   2.0989032e-09      0.29827519      0.70231861      0.81541525     0.047352414      0.24958446      0.81306781       13.797943       146.60071       10.407954       8.6528261       1406.7214       7.4478865        7.4478865                           -0       1425.7822          8.6528261             1406.7214          10.407954
              3       719.97545      -85.532222      -737.34323       69.375961     0.022728872      0.12112458      -85.532222      -651.81101  -0.00046687421   2.0989032e-09      0.30022205      0.70016959      0.82004318     0.047223684      0.25166005      0.82034661       13.745024        146.4071        10.50923       8.6528261       1406.2641       7.2623964        7.2623964                           -0       1425.4261          8.6528261             1406.2641           10.50923
              5       720.03251      -77.757391       -853.0484       69.375961     0.022731594      0.12083943      -77.757391      -775.29101  -0.00042443561   2.0989032e-09      0.29963525      0.70071395      0.81894786     0.047229339      0.25106759      0.81844986        13.79337        146.4786       10.444231       8.6528261       1406.4281       7.2699567        7.2699567                           -0       1425.5251          8.6528261             1406.4281          10.444231
              5       720.61536      -9.8219822      -614.43069       69.375961     0.022586657      0.11904733      -9.8219822      -604.60871  -5.3612897e-05   2.0989032e-09      0.29561067       0.7043677      0.81164311     0.046928204      0.24734415      0.80568362       13.768842       147.10953       11.449475       8.6528261       1407.2431       6.9426832        6.9426832                           -0       1427.3454          8.6528261             1407.2431          11.449475
             11       722.61556       -72.61917      -976.46404       69.375961     0.022949533      0.11604418       -72.61917      -903.84487  -0.00039638884   2.0989032e-09      0.29012498      0.71019618      0.79646189     0.047682151      0.24110451      0.78324374       13.991758       147.50941       11.620326       8.6528261       1408.8561        8.050914         8.050914                           -0       1429.1293          8.6528261             1408.8561          11.620326
              1       724.30008      -70.684669      -941.01782        68.72258     0.022681696      0.11259144      -70.684669      -870.33315  -0.00038582944   2.0989032e-09      0.28779003      0.71251913      0.78090927     0.048026023      0.23840012      0.76485273       14.140824        148.7479       12.935618       11.862304       1409.5223       7.1399655        7.1399655                           -0       1434.3202          11.862304             1409.5223          12.935618
              1       724.22333      -11.302514      -756.85415        68.72258     0.022514727       0.1118245      -11.302514      -745.55163  -6.1694322e-05   2.0989032e-09      0.28581258      0.71417244      0.77822823     0.047672484      0.23677621      0.75960362        14.08504       149.14896       12.889813       11.862304       1410.0201        6.837236         6.837236                           -0       1434.7722          11.862304             1410.0201          12.889813
              5       722.89865       -12.71811      -782.79237         69.2007      0.02271072      0.11435109       -12.71811      -770.07426  -6.9421297e-05   2.0989032e-09      0.28756214      0.71243166      0.78968074     0.047425284      0.23879175      0.77313756       13.972013       148.23314       12.409566       9.4641441       1409.4969       7.2133649        7.2133649                           -0       1431.3706          9.4641441             1409.4969          12.409566
              4        722.9212      -12.868885       -784.4475         69.2007     0.022715516      0.11432663      -12.868885      -771.57862  -7.0244296e-05   2.0989032e-09      0.28752108      0.71247354      0.78954129     0.047435298      0.23874068      0.77294584       13.973254       148.23443       12.416016       9.4641441       1409.5101       7.2260852        7.2260852                           -0       1431.3902          9.4641441             1409.5101          12.416016
              2       723.62757      -11.979464      -768.15048       68.900296     0.022592373      0.11273917      -11.979464      -756.17101  -6.5389426e-05   2.0989032e-09      0.28643037      0.71355874      0.78235904     0.047590435      0.23748307      0.76446043       14.043917       148.80796       12.576416       10.939322        1409.834       6.9526843        6.9526843                           -0       1433.3498          10.939322              1409.834          12.576416
              1       723.60872      -107.04541      -703.02074       68.900296     0.022679264      0.11294441      -107.04541      -595.97534  -0.00058430308   2.0989032e-09      0.28704573      0.71346229      0.78270041      0.04777347       0.2379154      0.76561508       14.015395       148.65346       12.370061       10.939322       1409.6399       7.1340946        7.1340946                           -0       1432.9493          10.939322             1409.6399          12.370061
              9       720.89453       -78.62627      -60.402863       68.900296     0.022305801      0.11813405       -78.62627       18.223407  -0.00042917835   2.0989032e-09      0.29719093      0.70316197      0.80723984     0.046986776       0.2488473      0.80345164       13.725175       147.66447       10.679853       10.939322       1406.6794       6.7452658        6.7452658                           -0       1428.2985          10.939322             1406.6794          10.679853
              5       720.64042      -56.252446      -219.18958       68.900296     0.022219864      0.11992398      -56.252446      -162.93714  -0.00030705173   2.0989032e-09      0.30078035      0.69945042      0.81594504      0.04680575      0.25261774      0.81700556       13.706889        147.2837       10.772879       10.939322       1405.9687       6.7999843        6.7999843                           -0       1427.6809          10.939322             1405.9687          10.772879
              1       720.89031      -214.60912      -681.17596       68.900296     0.022403776      0.11786915      -214.60912      -466.56684   -0.0011714353   2.0989032e-09      0.29683931      0.70425585       0.8066336     0.047193158      0.24828929      0.80237315       13.873619       147.62608       10.321527       10.939322       1407.0224       6.7486927        6.7486927                           -0       1428.2832          10.939322             1407.0224          10.321527
              3       720.03765      -216.48764      -715.59648       69.534771     0.022663863      0.12122198      -216.48764      -499.10883   -0.0011816891   2.0989032e-09      0.29891925      0.70218755      0.82137152     0.046873769      0.25071327      0.81989069       13.729368       146.45277        11.36691       7.9490574       1406.5635       7.0979179        7.0979179                           -0       1425.8795          7.9490574             1406.5635           11.36691
              1       720.61709      -214.93047      -687.06403       69.008831     0.022448267       0.1184427      -214.93047      -472.13356   -0.0011731894   2.0989032e-09      0.29720411      0.70389304      0.80916876     0.047138252      0.24871326      0.80538935       13.848601       147.42342       10.353574       10.394022       1406.9398       6.7733989        6.7733989                           -0       1427.6874          10.394022             1406.9398          10.353574
              4       720.19426      -161.50924      -887.75555       69.008831     0.022424442      0.12012601      -161.50924      -726.24631  -0.00088159172   2.0989032e-09       0.3006888      0.70011675      0.81695174     0.047088224      0.25224798      0.81788906       13.869341       147.00359       10.245216       10.394022       1406.2325       6.7583707        6.7583707                           -0       1426.8718          10.394022             1406.2325          10.245216
             16       720.71268      -59.241847       -917.1054       69.008831     0.022707571       0.1239859      -59.241847      -857.86356  -0.00032336925   2.0989032e-09      0.30938857      0.69085876      0.83168732     0.047682754      0.26035322        0.844601       13.754863       145.68996       11.959233       10.394022       1404.6619        7.205102         7.205102                           -0       1427.0151          10.394022             1404.6619          11.959233
              1       720.31843      -41.293436      -870.20102       69.008831      0.02263852      0.12221133      -41.293436      -828.90759  -0.00022539857   2.0989032e-09      0.30551722      0.69463214      0.82448305     0.047537758      0.25662686      0.83202993       13.789417       146.22292       10.882111       10.394022       1405.2764       7.0421627        7.0421627                           -0       1426.5525          10.394022             1405.2764          10.882111
              3       719.97472       -43.98034      -919.43363       69.916337     0.023010529      0.12700696       -43.98034       -875.4533  -0.00024006493   2.0989032e-09      0.30820901      0.69195698      0.84507799     0.047072718      0.25981858      0.85656204       13.592854       144.59858       12.063737       6.3801424       1404.8423       8.3316265        8.3316265                           -0       1423.2862          6.3801424             1404.8423          12.063737
              2       720.13178      -152.60036      -384.71527       69.916337     0.022823125      0.12806952      -152.60036      -232.11491  -0.00083296295   2.0989032e-09      0.30999929      0.69075959      0.84994364     0.046689343      0.26199224      0.86399226       13.426399       144.53214       14.312396       6.3801424       1404.4596       7.5556868        7.5556868                           -0       1425.1522          6.3801424             1404.4596          14.312396
              1       720.65547      -79.348269      -306.90664       69.916337     0.022853982      0.13065016      -79.348269      -227.55838  -0.00043311935   2.0989032e-09      0.31534166      0.68501738      0.86023327     0.046752469      0.26727148      0.88195471       13.343898       143.85977        15.81792       6.3801424       1403.7813       7.6658089        7.6658089                           -0       1425.9793          6.3801424             1403.7813           15.81792
              2       720.21843      -77.544246      -273.85121       69.307025      0.02260421      0.12743031      -77.544246      -196.30696  -0.00042327216   2.0989032e-09       0.3136875      0.68666039      0.84668623     0.047058147      0.26528837      0.86578583       13.475281       144.92646        13.56475       8.9676043       1403.9562       6.9741533        6.9741533                           -0       1426.4885          8.9676043             1403.9562           13.56475
              1       719.99703      -113.62906      -352.75363       69.307025     0.022320657      0.12532857      -113.62906      -239.12457  -0.00062023966   2.0989032e-09      0.30872173      0.69182312      0.83990437     0.046467838      0.26091291      0.85202593       13.552938       145.76609       12.912639       8.9676043       1404.6313       6.7412754        6.7412754                           -0       1426.5115          8.9676043             1404.6313          12.912639
              1       720.04026      -43.988487      -337.93795       69.307025      0.02254044      0.12095205      -43.988487      -293.94946   -0.0002401094   2.0989032e-09      0.30006809      0.70009663      0.81962115     0.046925387      0.25180172      0.81971416       13.658648       146.65867       11.220414       8.9676043       1406.1513         6.87059          6.87059                           -0       1426.3393          8.9676043             1406.1513          11.220414
              4       721.79419      -47.062336      -394.26062       70.345223     0.022966023      0.12643831      -47.062336      -347.19829  -0.00025688788   2.0989032e-09      0.30322315      0.69696056      0.84331379     0.046410534      0.25551092      0.84783189       13.428655       144.78892       16.966208       4.8223383       1405.5516       8.1241198        8.1241198                           -0       1427.3401          4.8223383             1405.5516          16.966208
              1       722.03008      -43.319724      -456.83939       70.345223     0.022891301      0.12561144      -43.319724      -413.51966  -0.00023645898   2.0989032e-09      0.30140118       0.6987621      0.84041195     0.046259534      0.25383995      0.84237227       13.465342       145.07766       17.700185       4.8223383       1405.9211       7.8082797        7.8082797                           -0       1428.4436          4.8223383             1405.9211          17.700185
              2       721.08007      -121.57792      -742.19567       70.345223     0.022766884      0.12933047      -121.57792      -620.61776   -0.0006636282   2.0989032e-09       0.3086653      0.69192515      0.85744566     0.046008108       0.2613555      0.86974088       13.446627       144.27799       17.854344       4.8223383       1404.7377       7.3728729        7.3728729                           -0       1427.4144          4.8223383             1404.7377          17.854344
              1       721.25979      -213.41614      -668.73056       70.345223     0.022830746      0.12747813      -213.41614      -455.31442   -0.0011649235   2.0989032e-09      0.30505107      0.69604067      0.84920985     0.046137162      0.25761222      0.85632905       13.475848       144.67201       17.203064       4.8223383       1405.3297       7.5822371        7.5822371                           -0       1427.3551          4.8223383             1405.3297          17.203064
              1       722.17283      -248.28057      -518.99156       70.345223     0.023197775      0.12451181      -248.28057        -270.711   -0.0013552295   2.0989032e-09      0.29979833      0.70148372       0.8339583     0.046878868      0.25161777      0.83367794       13.506731       145.02861         14.4862       4.8223383       1406.3109       9.3631233        9.3631233                           -0       1425.6194          4.8223383             1406.3109            14.4862
              6       721.91447      -248.06233      -514.99275       70.271513      0.02316756      0.12412229      -248.06233      -266.93042   -0.0013540383   2.0989032e-09      0.29957761       0.7017031      0.83227718     0.046916076      0.25135711      0.83169107       13.522799       145.15993       14.039324       5.0745785       1406.3564       9.1793426        9.1793426                           -0       1425.4703          5.0745785             1406.3564          14.039324
              1       720.70294      -246.43515      -485.17769       69.721931     0.022942272      0.12121807      -246.43515      -238.74254   -0.0013451564   2.0989032e-09      0.29788126       0.7033894      0.81966338     0.047195177      0.24936102      0.81676384       13.644465       146.15018         11.4925       7.1579673       1406.7168       8.0193095        8.0193095                           -0       1425.3673          7.1579673             1406.7168            11.4925
              1       721.27121      -226.64565      -342.59783       69.721931     0.022576542      0.12053915      -226.64565      -115.95218   -0.0012371362   2.0989032e-09      0.29573228      0.70543036      0.81881455     0.046442823      0.24796439      0.81296957       13.640019       146.72727       14.377241       7.1579673       1407.1561       6.9255719        6.9255719                           -0       1428.6913          7.1579673             1407.1561          14.377241
              1       720.54465      -230.58544      -391.05536       69.721931     0.022483868      0.12326615      -230.58544      -160.46992   -0.0012586414   2.0989032e-09      0.30115142      0.70003273      0.83134419      0.04625218      0.25357417      0.83293804       13.579793       146.11849       14.339992       7.1579673       1405.9842       6.8035821        6.8035821                           -0       1427.4821          7.1579673             1405.9842          14.339992
              1       720.44455      -230.27408      -385.35022       69.616768     0.022440759      0.12271042      -230.27408      -155.07614   -0.0012569419   2.0989032e-09      0.30082635      0.70035588      0.82893706     0.046303074       0.2531942      0.83007792        13.60327       146.30955       13.707418       7.5973689       1406.0479       6.7682154        6.7682154                           -0       1427.3527          7.5973689             1406.0479          13.707418
              5       720.40175      -254.51758      -498.93012       69.616768     0.022333853       0.1241515      -254.51758      -244.41254   -0.0013892741   2.0989032e-09       0.3035792      0.69773535      0.83605242     0.046082491      0.25616764      0.84102497       13.593761       146.05386       14.174917       7.5973689       1405.5531       6.7390831        6.7390831                           -0       1427.3253          7.5973689             1405.5531          14.174917
              1       720.23716      -179.49623      -420.89339       69.616768     0.022380654      0.12478712      -179.49623      -241.39716  -0.00097977299   2.0989032e-09      0.30498728      0.69591777      0.83826001     0.046179057      0.25747915      0.84519902       13.555858       145.83947       14.130468       7.5973689       1405.2634       6.7415628        6.7415628                           -0       1426.9912          7.5973689             1405.2634          14.130468
              4       721.00244      -73.263846      -898.95949       69.616768     0.022285412      0.12177403      -73.263846      -825.69565  -0.00039990777   2.0989032e-09      0.29857371      0.70175148      0.82665488      0.04598254      0.25126209      0.82468745       13.779217       146.72418       14.223573       7.5973689       1406.6772       6.7533669        6.7533669                           -0       1428.4981          7.5973689             1406.6772          14.223573
              1       723.07156      -10.557855      -925.59569       69.616768     0.022275921      0.11802503      -10.557855      -915.03784  -5.7629629e-05   2.0989032e-09      0.29081864      0.70916427      0.81023607     0.045962956      0.24352661      0.79774127       13.902129         147.727       16.408453       7.5973689        1408.621       6.7581738        6.7581738                           -0       1432.6268          7.5973689              1408.621          16.408453
             10       723.07126      -10.207807       -919.1817       69.498538     0.022227455      0.11740026      -10.207807      -908.97389  -5.5718904e-05   2.0989032e-09      0.29041509      0.70956565      0.80745923      0.04601913      0.24306236      0.79445548       13.928636       147.94893       15.718679       8.1069932       1408.7309       6.7929781        6.7929781                           -0       1432.5566          8.1069932             1408.7309          15.718679
              2       723.12193      -9.8982398      -913.50945       69.393982     0.022184595      0.11684774      -9.8982398      -903.61121  -5.4029146e-05   2.0989032e-09      0.29005452      0.70992431      0.80499763     0.046068905      0.24264799      0.79154168       13.952235       148.14605       15.166221       8.5714651       1408.8301       6.8380535        6.8380535                           -0       1432.5678          8.5714651             1408.8301          15.166221
              1       722.97845      -100.49582      -549.31376       69.393982     0.022979121      0.11537266      -100.49582      -448.81794  -0.00054855241   2.0989032e-09      0.28864127      0.71183208      0.79272177     0.047718832      0.23958482      0.77756979       13.846382       147.65735       11.929229       8.5714651       1409.0888       8.1836877        8.1836877                           -0       1429.5895          8.5714651             1409.0888          11.929229
              3       720.45215      -113.61804      -573.95321       69.393982     0.022639129      0.11948204      -113.61804      -460.33517   -0.0006201795   2.0989032e-09      0.29646886      0.70407613      0.81325711     0.047012797      0.24811844      0.80845673       13.746088       146.93667       11.199706       8.5714651       1407.0462       7.0434464        7.0434464                           -0       1426.8174          8.5714651             1407.0462          11.199706
              1       720.05519      -146.28034      -694.65151       69.393982     0.022726312      0.12080644      -146.28034      -548.37117  -0.00079846541   2.0989032e-09      0.29940016       0.7013231      0.81869728     0.047193843       0.2508687       0.8178784       13.741615       146.49301       10.591637       8.5714651       1406.4366       7.2553349        7.2553349                           -0       1425.5997          8.5714651             1406.4366          10.591637
              2       721.17873      -15.456333      -325.66496       69.393982     0.023087322      0.12481978      -15.456333      -310.20863  -8.4367775e-05   2.0989032e-09      0.30848402      0.69152515      0.83284465     0.047943524      0.25920288        0.844539       13.531023       145.06847       11.692259       8.5714651       1404.6464       8.7236835        8.7236835                           -0       1424.9101          8.5714651             1404.6464          11.692259
             12       721.56412      -14.330492      -305.03598       69.013727     0.022931447      0.12281036      -14.330492      -290.70549  -7.8222418e-05   2.0989032e-09       0.3073466      0.69265559      0.82420412     0.048146031      0.25784817      0.83423492       13.615855       145.74986       11.997878       10.369753       1404.8148       7.9729014        7.9729014                           -0       1427.1824          10.369753             1404.8148          11.997878
              3       720.75266      -143.11009      -636.47174       69.013727     0.022681824      0.12494838      -143.11009      -493.36165   -0.0007811607   2.0989032e-09      0.31131142      0.68939371      0.83559104     0.047621933      0.26233708      0.85119815       13.642453       145.47161        12.52096       10.369753       1404.3341       7.1402756        7.1402756                           -0       1427.2248          10.369753             1404.3341           12.52096
              2       720.72641      -133.28805      -653.76549       69.013727     0.022678218       0.1248962      -133.28805      -520.47744  -0.00072754749   2.0989032e-09      0.31119428      0.68945724      0.83541624      0.04761436      0.26222751      0.85085997       13.648174       145.48882       12.467446       10.369753       1404.3525       7.1315813        7.1315813                           -0       1427.1897          10.369753             1404.3525          12.467446
              1       720.94603       -68.08409      -283.98546       69.013727      0.02282413      0.12024401       -68.08409      -215.90137  -0.00037163428   2.0989032e-09      0.30173307      0.69856253       0.8138225     0.047920712      0.25245995       0.8161698       13.684864       146.53321       10.600366       10.369753       1405.8036       7.5591644        7.5591644                           -0       1426.7737          10.369753             1405.8036          10.600366
              3       720.57527      -69.507763      -310.07167       69.494575     0.023021241      0.12278501      -69.507763      -240.56391  -0.00037940534   2.0989032e-09      0.30324156      0.69706286      0.82487314        0.047668      0.25423981      0.82931763       13.576114       145.65942       10.732738       8.1243644        1405.526       8.3837284        8.3837284                           -0       1424.3831          8.1243644              1405.526          10.732738
              6       720.69902      -70.048914      -319.98727       69.677349     0.023096165      0.12375087      -70.048914      -249.93836  -0.00038235919   2.0989032e-09      0.30379651      0.69651126      0.82904524     0.047572572      0.25489717      0.83427454       13.535439        145.3312       11.084579       7.3426431       1405.4276       8.7715936        8.7715936                           -0       1423.8548          7.3426431             1405.4276          11.084579
              1        720.2107      -77.417175      -189.90153       69.677349     0.022714222      0.12313661      -77.417175      -112.48435  -0.00042257855   2.0989032e-09      0.30174458      0.69860341      0.82866409     0.046785862      0.25363195      0.83107005       13.537036       145.90116       12.859919       7.3426431       1405.7736       7.2226379        7.2226379                           -0       1425.9761          7.3426431             1405.7736          12.859919
              2       720.56554      -78.048366      -201.46696       69.890535     0.022801613      0.12426318      -78.048366      -123.41859  -0.00042602388   2.0989032e-09       0.3023918      0.69796009      0.83352606     0.046679783      0.25439333      0.83684217       13.489715       145.51731       14.030782       6.4808024       1405.6534       7.4830322        7.4830322                           -0        1426.165          6.4808024             1405.6534          14.030782
              1         720.748      -43.420093      -283.92126       69.890535     0.022751608      0.12341215      -43.420093      -240.50116  -0.00023700684   2.0989032e-09       0.3005472      0.69961567      0.83034137     0.046577412       0.2526511       0.8310983       13.527767       145.78965       14.325417       6.4808024       1406.0354       7.3272062        7.3272062                           -0       1426.8416          6.4808024             1406.0354          14.325417
              3       720.75775      -5.1752576      -194.50629       69.890535     0.022715585      0.12406378      -5.1752576      -189.33103  -2.8248937e-05   2.0989032e-09      0.30180747      0.69814664      0.83317476     0.046503665      0.25398512      0.83568089       13.493963       145.66134       14.832267       6.4808024       1405.7499       7.2262687        7.2262687                           -0        1427.063          6.4808024             1405.7499          14.832267
              1        720.7951      -11.074935      -116.83077       69.890535     0.022618781       0.1255592      -11.074935      -105.75583  -6.0452091e-05   2.0989032e-09      0.30467074      0.69531558      0.84003934     0.046305488      0.25704657      0.84655342       13.444633        145.3841       15.900964       6.4808024       1405.2045       7.0019854        7.0019854                           -0       1427.5862          6.4808024             1405.2045          15.900964
              2       720.37266       -133.8469      -718.69287       69.890535     0.022564938      0.13172945       -133.8469      -584.84598  -0.00073059792   2.0989032e-09      0.31719233      0.68346413      0.86726717     0.046195259      0.26967839      0.89177157       13.418108        143.9003       16.783098       6.4808024       1403.6677       6.9068604        6.9068604                           -0       1426.9316          6.4808024             1403.6677          16.783098
              1       720.99869      -15.329524      -929.00988       69.890535     0.022302643      0.13222914      -15.329524      -913.68036  -8.3675593e-05   2.0989032e-09      0.31767833      0.68233121      0.87129873     0.045658285      0.27070136      0.89660313       13.473389       144.05617       18.380756       6.4808024       1403.6432       6.7463219        6.7463219                           -0       1428.5047          6.4808024             1403.6432          18.380756
              1       721.52579      -63.501513      -957.10078       69.890535     0.022149702      0.13096354      -63.501513      -893.59927  -0.00034662047   2.0989032e-09      0.31477426      0.68549822       0.8672154     0.045345182       0.2681104      0.88831288       13.524714       144.53186       18.843092       6.4808024       1403.9584       6.8846591        6.8846591                           -0       1429.2823          6.4808024             1403.9584          18.843092
              3       721.39994        -63.1754      -935.55044       69.446424     0.021957349      0.12860142        -63.1754      -872.37504   -0.0003448404   2.0989032e-09      0.31351647      0.68675328      0.85736626     0.045528164      0.26665271      0.87646776       13.619535       145.33002       15.756991       8.3368834       1404.1036       7.3012227        7.3012227                           -0       1428.1974          8.3368834             1404.1036          15.756991
              9       720.39552      -25.787095      -857.74751       69.446424     0.022204707      0.12921625      -25.787095      -831.96042  -0.00014075782   2.0989032e-09      0.31530419      0.68476148       0.8581313     0.046041056      0.26792753       0.8797474       13.566193       144.90794       14.947431       8.3368834       1403.8763        6.815231         6.815231                           -0       1427.1606          8.3368834             1403.8763          14.947431
              6       720.16992      -37.778291      -777.43635       69.446424     0.022277423      0.12880551      -37.778291      -739.65806  -0.00020621129   2.0989032e-09      0.31460331      0.68552782      0.85583568     0.046191832      0.26707587      0.87641823       13.550519       144.93248       14.546837       8.3368834       1403.9414       6.7573688        6.7573688                           -0       1426.8251          8.3368834             1403.9414          14.546837
              2       719.74749      -127.79899      -882.93167       69.446424     0.022782454      0.12262551      -127.79899      -755.13268  -0.00069758568   2.0989032e-09      0.30283637      0.69778613      0.82660859     0.047239003      0.25426176        0.830507       13.748334       145.95898       10.524543       8.3368834       1405.7912       7.4211712        7.4211712                           -0       1424.6526          8.3368834             1405.7912          10.524543
              1       720.07195      -127.57715      -868.27157       69.144307     0.022651602      0.12101863      -127.57715      -740.69442  -0.00069637475   2.0989032e-09      0.30185384      0.69876679      0.81967021     0.047379019      0.25312752      0.82219887       13.816329       146.51931       10.289805       9.7329255       1405.9805       7.0703579        7.0703579                           -0       1426.0032          9.7329255             1405.9805          10.289805
             16        720.7246      -87.509651       -977.0846       69.144307     0.022701743      0.11876465      -87.509651      -889.57495  -0.00047766793   2.0989032e-09       0.2972442      0.70315772      0.80958389     0.047483896      0.24841301       0.8058569       13.930865       147.05741       10.322703       9.7329255       1407.0136       7.1900047        7.1900047                           -0       1427.0692          9.7329255             1407.0136          10.322703
              2       720.56513      -87.579555      -981.70403       69.239505     0.022742975      0.11927098      -87.579555      -894.12448   -0.0004780495   2.0989032e-09      0.29756956      0.70283296      0.81179907     0.047439419      0.24878654        0.808504        13.90933       146.87812       10.304944       9.2813736       1406.9396       7.3021523        7.3021523                           -0       1426.5259          9.2813736             1406.9396          10.304944
             10       722.62969      -109.37786      -842.25629       69.239505     0.022885388      0.11546061      -109.37786      -732.87843  -0.00059703465   2.0989032e-09      0.28991858      0.71060292        0.793795     0.047736477      0.24083851      0.78034339       13.957716       147.73761       11.546105       9.2813736       1408.8618       7.7850261        7.7850261                           -0       1429.6893          9.2813736             1408.8618          11.546105
              8       721.54943      -43.958002      -882.31034       69.239505     0.022815445      0.11712905      -43.958002      -838.35234    -0.000239943   2.0989032e-09      0.29325289      0.70691152      0.80172464     0.047590585       0.2443187      0.79265783       13.922951       147.36709       10.805864       9.2813736       1407.9529       7.5293635        7.5293635                           -0       1428.0401          9.2813736             1407.9529          10.805864
              2       719.58153      -153.22342      -858.08549       69.239505     0.022539428      0.12270875      -153.22342      -704.86207  -0.00083636393   2.0989032e-09       0.3043158      0.69644503      0.82796944     0.047014841      0.25595736      0.83390375       13.760146       146.20207       10.635442       9.2813736       1405.5079       6.8691858        6.8691858                           -0       1425.4247          9.2813736             1405.5079          10.635442
              1       719.64401      -136.03933      -834.37972       69.239505     0.022419194      0.12242858      -136.03933      -698.34038  -0.00074256526   2.0989032e-09       0.3034806      0.69718643      0.82751335     0.046764046      0.25537296      0.83229992       13.762213       146.40638       10.841791       9.2813736       1405.6536       6.7556173        6.7556173                           -0       1425.7768          9.2813736             1405.6536          10.841791
              2       719.56244      -115.34565      -782.46978       69.239505     0.022445471      0.12332921      -115.34565      -667.12413   -0.0006296096   2.0989032e-09      0.30541403      0.69514004      0.83111877     0.046818858      0.25725158      0.83858474       13.717085       146.14412       11.019047       9.2813736       1405.2816       6.7714205        6.7714205                           -0        1425.582          9.2813736             1405.2816          11.019047
              1       719.68709      -115.83726      -814.95679          69.909     0.022735441      0.12689008      -115.83726      -699.11953  -0.00063229305   2.0989032e-09      0.30747168      0.69308652      0.84627801     0.046519732      0.25963396      0.85675172       13.569009       144.92172       13.460364       6.4086858       1404.9437       7.2807342        7.2807342                           -0       1424.8127          6.4086858             1404.9437          13.460364
              5       719.62879      -117.21681       -940.8898          69.909     0.022871249      0.12731934      -117.21681      -823.67299  -0.00063982325   2.0989032e-09      0.30862787      0.69193786      0.84735849     0.046797613      0.26051227      0.85945695       13.600459       144.66863       12.595036       6.4086858       1404.7929        7.730464         7.730464                           -0       1423.7966          6.4086858             1404.7929          12.595036
              1       719.66338      -83.383207      -891.30179          69.909     0.022849906      0.12694488      -83.383207      -807.91858   -0.0004551439   2.0989032e-09      0.30781802      0.69256303      0.84584109     0.046753942      0.25974609      0.85679154       13.590304       144.78543       12.713273       6.4086858       1404.9031       7.6508623        7.6508623                           -0        1424.025          6.4086858             1404.9031          12.713273
              6       719.84517      -123.15622       -741.4421          69.909      0.02264495      0.12900152      -123.15622      -618.28589  -0.00067224328   2.0989032e-09       0.3116068      0.68899135       0.8555929     0.046334574      0.26395423      0.87198699       13.491969       144.48958       14.854584       6.4086858       1404.3153       7.0558642        7.0558642                           -0       1425.5786          6.4086858             1404.3153          14.854584
              2       719.71656      -150.53453      -813.48847          69.909     0.022700858      0.12910237      -150.53453      -662.95394  -0.00082168669   2.0989032e-09      0.31192755      0.68882004      0.85577044     0.046448969      0.26416059       0.8726167       13.510772        144.4049         14.3572       6.4086858       1404.2918       7.1877329        7.1877329                           -0       1425.0576          6.4086858             1404.2918            14.3572
              1        720.3996      -150.76701      -828.85177       70.225609     0.022837986      0.13078633      -150.76701      -678.08476  -0.00082295571   2.0989032e-09      0.31281394      0.68793559      0.86279676     0.046309147      0.26519866      0.88103046       13.443312       143.84317        16.16842       5.2349132       1404.1802        7.607855         7.607855                           -0       1425.5835          5.2349132             1404.1802           16.16842
              2        720.4077      -167.61249      -874.63831       70.225609     0.022733591      0.13069998      -167.61249      -707.02582  -0.00091490605   2.0989032e-09      0.31242715      0.68841432       0.8632123     0.046097462      0.26502356      0.88090967       13.464614       143.97475       16.787887       5.2349132       1404.2415       7.2755377        7.2755377                           -0       1426.2643          5.2349132             1404.2415          16.787887
              1       720.57667      -238.44683       -723.3544       70.225609     0.022739793      0.13075125      -238.44683      -484.90757   -0.0013015525   2.0989032e-09      0.31254369      0.68868443      0.86319332     0.046110038      0.26512752      0.88105458       13.417829       143.95556       17.129192       5.2349132       1404.2031       7.2930561        7.2930561                           -0       1426.5672          5.2349132             1404.2031          17.129192
              3       720.52648       -228.5124      -683.65341       70.225609     0.022809559      0.12938207       -228.5124      -455.14101   -0.0012473258   2.0989032e-09      0.30990885      0.69126505      0.85699522     0.046251505      0.26235122      0.87103331       13.440306        144.2199       16.246268       5.2349132       1404.5528       7.5094773        7.5094773                           -0        1426.034          5.2349132             1404.5528          16.246268
              1       719.49038      -228.03361      -652.01357       69.573572     0.022527151      0.12591406      -228.03361      -423.97996   -0.0012447123   2.0989032e-09      0.30799691        0.693173      0.84238468     0.046539066      0.26012711      0.85353829       13.582397       145.39285       12.659845       7.7816449       1404.8338       6.8527489        6.8527489                           -0       1425.2753          7.7816449             1404.8338          12.659845
              7       720.29769      -127.13297       -411.5729       69.573572     0.022947368      0.12241179      -127.13297      -284.43993  -0.00069395023   2.0989032e-09      0.30162967      0.69898947       0.8241896     0.047407197      0.25289174      0.82642516       13.604016       145.83539       10.854671       7.7816449       1405.8762        8.041449         8.041449                           -0       1424.5125          7.7816449             1405.8762          10.854671
              3       719.57332      -144.44578       -576.8849       69.573572      0.02272788      0.12471794      -144.44578      -432.43912   -0.0007884515   2.0989032e-09      0.30594052      0.69477312      0.83581168     0.046953754      0.25765604      0.84404638       13.587031        145.4807         11.7083       7.7816449       1405.1374       7.2596537        7.2596537                           -0       1424.6273          7.7816449             1405.1374            11.7083
              1       719.54359      -155.82847      -598.93412       69.573572     0.022724409      0.12499222      -155.82847      -443.10564  -0.00085058349   2.0989032e-09      0.30649999      0.69427578      0.83704506     0.046946584      0.25822268      0.84606445       13.585669       145.41449       11.754158       7.7816449       1405.0511       7.2501186        7.2501186                           -0        1424.587          7.7816449             1405.0511          11.754158
              1       719.43037      -106.01478      -760.20768       69.573572     0.022543984      0.12631548      -106.01478       -654.1929  -0.00057867744   2.0989032e-09      0.30886099      0.69164288       0.8440619     0.046573842      0.26095642      0.85643656       13.597963       145.27278       12.618264       7.7816449       1404.7097        6.875566         6.875566                           -0       1425.1096          7.7816449             1404.7097          12.618264
              1       720.98622      -105.34984      -716.26665       68.668031     0.022151778      0.12149914      -105.34984      -610.91681  -0.00057504788   2.0989032e-09      0.30601469      0.69448356      0.82348481     0.046978528       0.2576701      0.83169885       13.801924       146.94386       10.899215       12.153102       1405.1569       6.8816363        6.8816363                           -0       1428.2092          12.153102             1405.1569          10.899215
              6       721.03811      -81.920532      -716.28027       68.668031     0.022247439      0.12257368      -81.920532      -634.35973  -0.00044715994   2.0989032e-09      0.30849639      0.69187397      0.82745323     0.047181402      0.25994894       0.8390887       13.767969       146.55729       11.619478       12.153102       1404.7505       6.7765483        6.7765483                           -0       1428.5231          12.153102             1404.7505          11.619478
              2       721.53565      -192.62094       -694.3253       68.668031     0.022264524        0.124893      -192.62094      -501.70436   -0.0010514137   2.0989032e-09      0.31345132      0.68752329      0.83722398     0.047217633      0.26486763      0.85578779        13.70036       145.93889       13.310701       12.153102       1404.0779       6.7648154        6.7648154                           -0       1429.5417          12.153102             1404.0779          13.310701
              1       722.22233       -133.2603      -529.46546       68.668031     0.021889784      0.11805865       -133.2603      -396.20515  -0.00072739604   2.0989032e-09      0.29816261      0.70248799      0.80993013     0.046422902      0.25037366      0.80744606       13.857363       148.15145        10.62273       12.153102       1406.6455       7.5116834        7.5116834                           -0       1429.4213          12.153102             1406.6455           10.62273
              2       721.54275      -133.41986      -540.00947       68.885323     0.021983897      0.11921437      -133.41986      -406.58961  -0.00072826698   2.0989032e-09      0.29891843      0.70173353      0.81498798     0.046328824      0.25123215      0.81351753       13.806199       147.73572       11.131494       11.015643       1406.4831       7.2276538        7.2276538                           -0       1428.6302          11.015643             1406.4831          11.131494
              1       721.55527      -140.20547      -561.58095       68.885323     0.022000943       0.1188663      -140.20547      -421.37548  -0.00076530595   2.0989032e-09      0.29822081      0.70246818      0.81338935     0.046364746      0.25049861       0.8109738       13.821355       147.80962       11.082769       11.015643       1406.6459       7.1831311        7.1831311                           -0       1428.7443          11.015643             1406.6459          11.082769
              3       721.91837      -148.41539      -490.60272       68.885323     0.022047524      0.11731973      -148.41539      -342.18733  -0.00081011947   2.0989032e-09      0.29505975      0.70567405      0.80613667     0.046462913      0.24723939      0.79947159       13.846358       148.17282       11.318014       11.015643       1407.3585       7.0722852        7.0722852                           -0       1429.6922          11.015643             1407.3585          11.318014
              1       721.51738      -168.16528      -549.25065       68.885323     0.022776128      0.11849919      -168.16528      -381.08537  -0.00091792347   2.0989032e-09       0.2990808      0.70176081      0.80670065     0.047998371      0.24972498      0.80546384       13.807481        147.0458       10.758271       11.015643       1406.4582       7.4013347        7.4013347                           -0       1428.2321          11.015643             1406.4582          10.758271
              2       721.41291      -168.19507      -551.21928       68.925893       0.0227937      0.11871497      -168.19507      -383.02421  -0.00091808608   2.0989032e-09      0.29922002      0.70162185       0.8076448      0.04797887      0.24988529       0.8065942       13.797996        146.9693       10.673265       10.809463       1406.4288       7.4571568        7.4571568                           -0       1427.9115          10.809463             1406.4288          10.673265
              3       721.14844      -103.52644      -692.64222       68.925893     0.022737144      0.11917193      -103.52644      -589.11578  -0.00056509493   2.0989032e-09      0.30006282      0.70042605      0.81020523     0.047859825      0.25084714      0.81029005        13.82366       146.91069       10.630948       10.809463       1406.2854       7.2855386        7.2855386                           -0       1427.7258          10.809463             1406.2854          10.630948
              1       720.51936      -104.10873      -731.12137       69.718875     0.023080598      0.12338959      -104.10873      -627.01264  -0.00056827333   2.0989032e-09      0.30265944      0.69783433      0.82846122     0.047483893      0.25385036      0.83212519       13.643231       145.44032       10.719793       7.1705521       1405.7731       8.6876312        8.6876312                           -0       1423.6635          7.1705521             1405.7731          10.719793
              8         721.043       -74.86521      -815.23984       69.718875     0.023170937      0.12259104       -74.86521      -740.37463  -0.00040864875   2.0989032e-09      0.30120244      0.69913171       0.8245449     0.047669749       0.2522075      0.82619568       13.689717       145.54801       10.431059       7.1705521       1406.0853       9.1995548        9.1995548                           -0       1423.6869          7.1705521             1406.0853          10.431059
              3         721.442      -55.040684      -676.60327       69.718875     0.023271172      0.12533094      -55.040684      -621.56259  -0.00030043737   2.0989032e-09      0.30704546      0.69318047       0.8353745     0.047875963      0.25784432      0.84512691       13.567553       144.74301       11.072083       7.1705521       1404.9667       9.8373195        9.8373195                           -0       1423.2094          7.1705521             1404.9667          11.072083
              4        721.5315      -54.630389      -649.48996       69.160121     0.023029166      0.12235907      -54.630389      -594.85957   -0.0002981978   2.0989032e-09      0.30530763      0.69491486       0.8226659     0.048146722      0.25581423      0.82991134       13.692566       145.76056       11.308115       9.6571723       1405.2521       8.4228157        8.4228157                           -0       1426.2174          9.6571723             1405.2521          11.308115
              3       720.45168      -7.5302898      -919.70058       69.160121     0.022643921      0.12717675      -7.5302898      -912.17029  -4.1103786e-05   2.0989032e-09      0.31457445      0.68539095      0.84595849     0.047341295      0.26588647      0.86626377       13.653212       144.94765       13.170884       9.6571723        1403.968       7.0536507        7.0536507                           -0        1426.796          9.6571723              1403.968          13.170884
              5       720.44613      -10.122665       -901.0589       69.160121     0.022631721       0.1272717      -10.122665      -890.93623  -5.5254161e-05   2.0989032e-09      0.31474745       0.6852321      0.84641241     0.047315789      0.26608497      0.86696687        13.64414       144.93684       13.234173       9.6571723       1403.9449        7.028002         7.028002                           -0       1426.8363          9.6571723             1403.9449          13.234173
             17       721.17322      -44.961557      -811.62905       69.160121     0.022708323      0.12852404      -44.961557       -766.6675  -0.00024542086   2.0989032e-09      0.31752585      0.68264387      0.85100219     0.047475939      0.26870322      0.87550694       13.579266       144.54103       14.633239       9.6571723       1403.6419       7.2070687        7.2070687                           -0       1427.9323          9.6571723             1403.6419          14.633239
              3        720.7609      -28.937276      -889.17794       69.160121     0.022734881      0.12706711      -28.937276      -860.24067  -0.00015795297   2.0989032e-09       0.3145354      0.68554684       0.8448743     0.047531465      0.26565725      0.86509985       13.643444       144.87775       13.337238       9.6571723       1403.9691       7.2791595        7.2791595                           -0       1426.9635          9.6571723             1403.9691          13.337238
              1       720.55851      -29.384268      -918.71628        69.76885     0.022998532      0.13030479      -29.384268      -889.33201  -0.00016039285   2.0989032e-09      0.31626372      0.68382228      0.85841853       0.0472473      0.26769314      0.88137991       13.512303       143.79232       13.817958        6.966148       1403.7844       8.2742673        8.2742673                           -0       1424.5685           6.966148             1403.7844          13.817958
              7       720.64274      -16.094547      -910.80757        69.76885     0.023008178      0.13041999      -16.094547      -894.71303  -8.7851443e-05   2.0989032e-09      0.31652021      0.68349325      0.85880947     0.047267116      0.26792981       0.8821388       13.505535       143.75385       13.923601        6.966148       1403.7551       8.3203037        8.3203037                           -0       1424.6449           6.966148             1403.7551          13.923601
              1        720.6217      -16.077426      -909.67616       69.745534      0.02299808      0.13029598      -16.077426      -893.59873  -8.7757988e-05   2.0989032e-09      0.31645618      0.68355714       0.8582939     0.047277965      0.26785404      0.88152003       13.510483       143.79496       13.876486       7.0611462       1403.7615       8.2721244        8.2721244                           -0       1424.6992          7.0611462             1403.7615          13.876486
              9       720.60383      -18.528988      -907.49179       69.745534     0.022996227      0.13026014      -18.528988       -888.9628  -0.00010113974   2.0989032e-09      0.31637869        0.683648      0.85815738     0.047274156      0.26778036      0.88127191       13.510816       143.80573        13.85037       7.0611462       1403.7694       8.2633658        8.2633658                           -0       1424.6809          7.0611462             1403.7694           13.85037
              6       719.75002      -25.156955       -933.0868       69.745534     0.022875481      0.12838184      -25.156955      -907.92984  -0.00013731823   2.0989032e-09      0.31226918      0.68779369      0.85122301     0.047025934      0.26391908      0.86845495       13.575448       144.39852        12.68869       7.0611462       1404.2569       7.7466413        7.7466413                           -0       1424.0068          7.0611462             1404.2569           12.68869
              3       720.23645      -24.626286       -898.0189       69.022851     0.022562475      0.12453808      -24.626286      -873.39261   -0.0001344216   2.0989032e-09      0.31011736      0.68994105       0.8349808     0.047358827      0.26140649      0.84894372       13.733243        145.7057       11.797174       10.324599       1404.5451       6.9030156        6.9030156                           -0       1426.6669          10.324599             1404.5451          11.797174
              4       719.76082      -24.849334       -912.7584       69.326604     0.022694035      0.12615366      -24.849334      -887.90907  -0.00013563909   2.0989032e-09      0.31104097      0.68901932      0.84183638     0.047218466      0.26248228      0.85718757       13.666185       145.15216       11.885382       8.8776298       1404.4178       7.1704183        7.1704183                           -0       1425.1808          8.8776298             1404.4178          11.885382
             10       719.72492      -8.5394947      -939.38032       69.326604      0.02270787       0.1256708      -8.5394947      -930.84082   -4.661249e-05   2.0989032e-09       0.3100651      0.68990617       0.8397348     0.047247251      0.26147762      0.85370528       13.689362        145.2597       11.599967       8.8776298       1404.5605       7.2058843        7.2058843                           -0       1425.0381          8.8776298             1404.5605          11.599967
              7       719.66553      -38.898089      -831.89052       69.326604     0.022550537      0.12688915      -38.898089      -792.99243  -0.00021232367   2.0989032e-09       0.3122727      0.68786428      0.84576787     0.046919896      0.26401258      0.86289423       13.621522       145.12056        12.44704       8.8776298       1404.2364        6.885009         6.885009                           -0       1425.5611          8.8776298             1404.2364           12.44704
              1       719.67212      -1.4235186      -593.07243       69.326604     0.022654051      0.12493152      -1.4235186      -591.64891  -7.7702192e-06   2.0989032e-09      0.30841493      0.69151749      0.83643816     0.047135271      0.25993944      0.84808798       13.602903       145.50591       11.594202       8.8776298       1404.7209       7.0757745        7.0757745                           -0       1425.1927          8.8776298             1404.7209          11.594202
              3       720.26937      -2.9285019       -582.9088       68.924819     0.022482578      0.12276885      -2.9285019      -579.98029  -1.5985111e-05   2.0989032e-09      0.30710779      0.69283197      0.82720167     0.047325458      0.25842643      0.83694359       13.696666       146.24863       11.195854       10.814894       1404.9233       6.8023266        6.8023266                           -0       1426.9341          10.814894             1404.9233          11.195854
              1       720.72937      -214.33628      -268.00207       68.924819      0.02265517       0.1194327      -214.33628      -53.665791    -0.001169946   2.0989032e-09      0.30044855      0.70064518      0.81121304     0.047688762      0.25140389      0.81181926       13.719946       146.93204       10.405197       10.814894       1406.0821       7.0782645        7.0782645                           -0       1427.3022          10.814894             1406.0821          10.405197
              1       721.18208      -213.83413      -346.05003       68.924819      0.02273611      0.11835369      -213.83413       -132.2159    -0.001167205   2.0989032e-09      0.29834763      0.70274335      0.80609551     0.047859139      0.24913259      0.80387249       13.763387       147.12851       10.429157       10.814894       1406.5549       7.2826184        7.2826184                           -0       1427.7989          10.814894             1406.5549          10.429157
              1       721.16924      -214.19526      -348.59006       68.924819     0.022728122      0.11828963      -214.19526       -134.3948   -0.0011691762   2.0989032e-09      0.29819597      0.70289699      0.80587012     0.047842325      0.24899775      0.80344344       13.765937       147.15434       10.413647       10.814894       1406.5893       7.2603229        7.2603229                           -0       1427.8178          10.814894             1406.5893          10.413647
              1       721.48907      -188.49556      -269.00569       68.924819     0.022764904      0.11734569      -188.49556      -80.510132   -0.0010288955   2.0989032e-09      0.29628641      0.70466626      0.80129759     0.047919752      0.24701076      0.79632267       13.773883       147.36511       10.441686       10.814894       1406.9878       7.3668587        7.3668587                           -0       1428.2444          10.814894             1406.9878          10.441686
              3       721.24088       -188.0387      -272.09102       69.046787     0.022816958       0.1180022       -188.0387       -84.05232   -0.0010264017   2.0989032e-09      0.29672684      0.70422361      0.80418266      0.04785979      0.24751594      0.79978359       13.744387       147.13273       10.319172       10.206613        1406.887       7.5345133        7.5345133                           -0       1427.4127          10.206613              1406.887          10.319172
              3       720.70231      -180.73613      -317.11403       69.046787      0.02270893      0.11892021      -180.73613      -136.37789  -0.00098654095   2.0989032e-09      0.29842582      0.70248477      0.80900657     0.047633196      0.24944151      0.80688124       13.731071       147.00831       10.260104       10.206613       1406.5206       7.2086603        7.2086603                           -0       1426.9873          10.206613             1406.5206          10.260104
              1       720.40311      -230.19047       -454.0049       69.046787     0.022409406      0.11919859      -230.19047      -223.81444   -0.0012564855   2.0989032e-09      0.29838145      0.70279908      0.81246518     0.047004929      0.25002541      0.81027052       13.763178       147.26557       10.507631       10.206613       1406.5899       6.7510203        6.7510203                           -0       1427.3042          10.206613             1406.5899          10.507631
              2       720.92727      -270.70841      -261.76727       69.046787     0.022412602      0.11764373      -270.70841       8.9411328    -0.001477651   2.0989032e-09      0.29512677      0.70627493      0.80526239     0.047011633      0.24676402      0.79869522       13.765687       147.67661       10.864071       10.206613        1407.279       6.7524444        6.7524444                           -0       1428.3496          10.206613              1407.279          10.864071
              3       720.69123      -264.37795      -224.24256       69.046787     0.022378882      0.11846907      -264.37795       40.135387   -0.0014430965   2.0989032e-09      0.29678722      0.70457993      0.80905524     0.046940901       0.2484952      0.80471138       13.736197       147.49356        10.82201       10.206613       1406.8715       6.7411774        6.7411774                           -0       1427.9001          10.206613             1406.8715           10.82201
              1        720.5826      -261.75144      -241.98024       69.747987     0.022678138      0.12224338      -261.75144       19.771193   -0.0014287597   2.0989032e-09       0.2992234      0.70213092      0.82546232     0.046616971      0.25128235       0.8243932       13.570095       146.17141       13.512534        7.051122       1406.3388       7.1313914        7.1313914                           -0       1426.9024           7.051122             1406.3388          13.512534
              3       720.86461      -307.42555      -122.65124       69.747987     0.022610409      0.12207338      -307.42555       184.77431   -0.0016780701   2.0989032e-09      0.29873474       0.7028689      0.82496831     0.046477747      0.25093291      0.82322681       13.555408       146.28946        14.29584        7.051122       1406.4107       6.9858034        6.9858034                           -0       1427.7576           7.051122             1406.4107           14.29584
              1        720.6208      -308.70833      -113.98819       69.405522     0.022464252      0.12023002      -308.70833       194.72014   -0.0016850721   2.0989032e-09      0.29755997      0.70404993      0.81698113     0.046634134      0.24958866      0.81365192       13.635836       146.93225       12.485266       8.5195628       1406.6652       6.7858066        6.7858066                           -0         1427.67          8.5195628             1406.6652          12.485266
              6       719.97138      -338.28246      -388.55638       69.405522     0.022527467      0.12149624      -338.28246      -50.273914   -0.0018465013   2.0989032e-09      0.30031979      0.70145154      0.82262181     0.046765363      0.25221724      0.82306013       13.655038       146.53058        11.54322       8.5195628       1406.1737       6.8531584        6.8531584                           -0       1426.2365          8.5195628             1406.1737           11.54322
              1       720.12021      -337.03878      -396.95537       69.737548     0.022669168      0.12328341      -337.03878      -59.916584   -0.0018397127   2.0989032e-09      0.30143308      0.70033218       0.8303235     0.046612484      0.25349612      0.83230433       13.577423       145.91225       12.976518       7.0938312       1405.9497       7.1101852        7.1101852                           -0         1426.02          7.0938312             1405.9497          12.976518
              2       720.49184      -300.29329      -518.79899       69.737548     0.022342425      0.12575085      -300.29329      -218.50571   -0.0016391389   2.0989032e-09      0.30583479      0.69572989      0.84320476     0.045940632      0.25856968      0.85136514       13.547123       145.63455       15.248937       7.0938312       1405.1642       6.7383404        6.7383404                           -0        1427.507          7.0938312             1405.1642          15.248937
              3       720.40814      -301.74959      -508.96413        69.34876     0.022176499      0.12365814      -301.74959      -207.21454   -0.0016470881   2.0989032e-09      0.30457715      0.69699465      0.83428182     0.046112172      0.25712561      0.84062211       13.637056       146.35367       12.962006       8.7763614       1405.3818       6.8480749        6.8480749                           -0       1427.1201          8.7763614             1405.3818          12.962006
              1       720.25571      -279.93573      -438.35047        69.34876     0.022204602      0.12529516      -279.93573      -158.41474    -0.001528018   2.0989032e-09      0.30803947      0.69341325      0.84091745     0.046170608      0.26052949       0.8521105       13.575795       145.90112       13.324452       8.7763614       1404.7799       6.8153426        6.8153426                           -0       1426.8807          8.7763614             1404.7799          13.324452
              3       719.67431      -240.61568      -412.13514        69.34876     0.022492598      0.12327353      -240.61568      -171.51946   -0.0013133911   2.0989032e-09      0.30443468      0.69680342      0.83033382     0.046769445      0.25632586      0.83644841       13.615161       146.10705       11.578899       8.7763614       1405.3686       6.8123969        6.8123969                           -0       1425.7238          8.7763614             1405.3686          11.578899
              2       719.64909      -240.17564      -415.10683       69.466236     0.022542734      0.12390586      -240.17564      -174.93119   -0.0013109891   2.0989032e-09      0.30482015       0.6964158      0.83304096      0.04671529      0.25677002       0.8397066        13.58783       145.88942       12.000505       8.2491096        1405.301       6.8738003        6.8738003                           -0       1425.5506          8.2491096              1405.301          12.000505
              1       719.55265      -214.04371      -479.90254       69.466236     0.022552664      0.12525999      -214.04371      -265.85883    -0.001168349   2.0989032e-09      0.30764689      0.69344642      0.83883467     0.046735869      0.25957618      0.84945819       13.565143        145.5318       12.237533       8.2491096       1404.8424       6.8881411        6.8881411                           -0        1425.329          8.2491096             1404.8424          12.237533
              1       719.71529      -119.16274      -292.60336       69.466236     0.022594339      0.12552218      -119.16274      -173.44062  -0.00065044504   2.0989032e-09      0.30827659      0.69229881      0.83926146     0.046822232      0.26011952      0.85075973       13.515943       145.41993       12.585062       8.2491096        1404.684       6.9561789        6.9561789                           -0       1425.5182          8.2491096              1404.684          12.585062
              6       722.19681       -123.3355      -264.42333       68.352233     0.022118907      0.11952589       -123.3355      -141.08783  -0.00067322192   2.0989032e-09      0.30455499      0.69604073      0.81352843     0.047343269      0.25583301      0.81968118       13.778344       147.50178       11.337277       13.905823       1405.2842       6.9331786        6.9331786                           -0       1430.5273          13.905823             1405.2842          11.337277
              4       722.26232      -144.95459      -353.99895       68.352233     0.022099984      0.11817709      -144.95459      -209.04436  -0.00079122884   2.0989032e-09       0.3016275      0.69908622      0.80793163     0.047302766      0.25294602      0.81012018       13.835024       147.88318        10.82553       13.905823       1405.8604       6.9664288        6.9664288                           -0       1430.5918          13.905823             1405.8604           10.82553
              3       722.46427      -77.620793      -4.4172016       68.352233     0.022392289      0.11956743      -77.620793       73.203591  -0.00042368999   2.0989032e-09      0.30522903      0.69511715      0.81141101     0.047928415      0.25592191      0.81845196        13.72274       147.18679       12.445593       13.905823       1405.0878       6.7446624        6.7446624                           -0       1431.4392          13.905823             1405.0878          12.445593
              4       720.39459       -72.83927      -36.708357       69.628755     0.022937081       0.1264385       -72.83927       36.130914  -0.00039759024   2.0989032e-09      0.30943617      0.69088673      0.84081372     0.047310864      0.26079669      0.85393477       13.424666       144.81977       12.800599       7.5466209       1404.4481       7.9969468        7.9969468                           -0       1424.7953          7.5466209             1404.4481          12.800599
              1       720.15003      -140.88852      -112.02408       69.628755     0.022895824      0.12429501      -140.88852       28.864441  -0.00076903438   2.0989032e-09      0.30492983      0.69576451      0.83219427     0.047225767      0.25637545      0.83900404       13.494292       145.40759       11.921607       7.5466209       1405.1794       7.8262394        7.8262394                           -0       1424.6476          7.5466209             1405.1794          11.921607
              8       720.04742      -142.28074      -102.62199       69.257075     0.022737199      0.12229439      -142.28074       39.658749  -0.00077663374   2.0989032e-09      0.30370986      0.69699128      0.82362529     0.047403311      0.25496363      0.82870219       13.580413       146.09384       10.933284       9.1992043        1405.391       7.2856958        7.2856958                           -0       1425.5234          9.1992043              1405.391          10.933284
              1       720.02661      -138.82927      -98.859459       69.257075     0.022722856      0.12378136      -138.82927       39.969807  -0.00075779399   2.0989032e-09      0.30678004      0.69390226      0.83008329     0.047373407      0.25806372      0.83941089       13.541259       145.72591        11.49275       9.1992043       1404.8695       7.2458788        7.2458788                           -0       1425.5615          9.1992043             1404.8695           11.49275
              1       720.97347      -103.75768      -157.86146       69.257075     0.022993391      0.12340456      -103.75768      -54.103777  -0.00056635717   2.0989032e-09       0.3065585      0.69393236      0.82679611     0.047937428      0.25727816      0.83578482       13.553279       145.53034       11.332607       9.1992043       1404.9151       8.2500073        8.2500073                           -0       1425.4469          9.1992043             1404.9151          11.332607
              7       720.58411      -70.386419       -292.5151       69.257075     0.022912977       0.1236008      -70.386419      -222.12868  -0.00038420145   2.0989032e-09      0.30679999      0.69350872      0.82838994     0.047769778      0.25768729      0.83772574       13.574014       145.56671        11.27088       9.1992043       1404.9067        7.895703         7.895703                           -0       1425.3768          9.1992043             1404.9067           11.27088
              2       721.43713      -127.03039      -270.37007       69.257075      0.02291421      0.11773309      -127.03039      -143.33968   -0.0006933903   2.0989032e-09      0.29456933      0.70604856      0.80285516      0.04777235      0.24545407      0.79555525        13.72903       147.09712       10.488005       9.1992043       1407.3855       7.9007804        7.9007804                           -0       1427.0727          9.1992043             1407.3855          10.488005
              1        722.8328      -129.35121      -254.69682       68.637486     0.022649783      0.11439806      -129.35121      -125.34561  -0.00070605841   2.0989032e-09      0.29227111      0.70835808      0.78808348     0.048077437       0.2428264      0.77786556       13.880469       148.28859       11.254814       12.317474       1407.9606       7.0663632        7.0663632                           -0       1431.5329          12.317474             1407.9606          11.254814
              1        721.8474      -181.76251      -282.02905       68.637486     0.022386409      0.11578086      -181.76251      -100.26654  -0.00099214339   2.0989032e-09      0.29464726      0.70626802      0.79608022     0.047518387       0.2457616      0.78894624       13.855762        148.2081       10.508278       12.317474       1407.3831       6.7429724        6.7429724                           -0       1430.2089          12.317474             1407.3831          10.508278
              3       721.69589      -181.60327      -283.10444       68.679999     0.022404552      0.11600969      -181.60327      -101.50117  -0.00099127418   2.0989032e-09      0.29480619      0.70610832      0.79709373     0.047498043      0.24594257      0.79016368       13.845291       148.12573       10.460082       12.089002       1407.3447       6.7489999        6.7489999                           -0       1429.8938          12.089002             1407.3447          10.460082
              7       721.25771      -151.10458      -697.09744       68.679999     0.022171271      0.12422465      -151.10458      -545.99286  -0.00082479833   2.0989032e-09      0.31172749      0.68902054      0.83503088     0.047003482      0.26335843      0.85119577       13.719847       146.21294       12.424272       12.089002       1404.2926       6.8548002        6.8548002                           -0       1428.8058          12.089002             1404.2926          12.424272
              1       721.02339      -255.04974      -875.22871       68.679999     0.022310877      0.12199884      -255.04974      -620.17897   -0.0013921788   2.0989032e-09       0.3073047      0.69401071      0.82493353     0.047299451      0.25863967      0.83491628       13.841347       146.63734       11.462559       12.089002       1405.0078        6.743721         6.743721                           -0       1428.5593          12.089002             1405.0078          11.462559
              1       719.62799      -253.11335      -888.30572       69.196954     0.022531503      0.12478143      -253.11335      -635.19237   -0.0013816091   2.0989032e-09      0.30900233      0.69230365      0.83684554      0.04705613      0.26060095      0.84930867       13.719656       145.67698       11.316111       9.4818792       1404.7411       6.8584498        6.8584498                           -0       1425.5391          9.4818792             1404.7411          11.316111
              2       721.20498      -264.74382      -449.65108       69.196954     0.022512064      0.11714969      -264.74382      -184.90726   -0.0014450936   2.0989032e-09      0.29302316      0.70834631      0.80314681     0.047015532      0.24466237      0.79375283       13.805235       147.69824       11.378206       9.4818792       1407.8818       6.8340573        6.8340573                           -0       1428.7418          9.4818792             1407.8818          11.378206
              1       721.06621      -289.89856       -198.9463       69.196954      0.02282454      0.11810094      -289.89856       90.952265   -0.0015823997   2.0989032e-09       0.2956624      0.70584438      0.80488365     0.047668125      0.24664902      0.79904368       13.716919       147.09814       10.399081       9.4818792       1407.1303       7.5605845        7.5605845                           -0       1427.0113          9.4818792             1407.1303          10.399081
              2       721.04887      -299.45037      -185.30092       69.196954      0.02245312      0.12937357      -299.45037       114.14945   -0.0016345379   2.0989032e-09      0.31842912      0.68312979      0.85538811      0.04689243      0.27019144      0.88126997       13.428981       144.60187       15.571652       9.4818792       1403.4903       6.7769683        6.7769683                           -0       1428.5438          9.4818792             1403.4903          15.571652
              1       720.98636      -280.53189      -182.19859       69.196954     0.022394356      0.12921895      -280.53189       98.333294   -0.0015312721   2.0989032e-09      0.31798349      0.68347216      0.85512272     0.046769705      0.26986853      0.88037987        13.43336        144.7034       15.473629       9.4818792       1403.5266       6.7453167        6.7453167                           -0       1428.4821          9.4818792             1403.5266          15.473629
              5       720.91821      -318.31606      -240.25745       69.196954     0.022304407      0.12903046      -318.31606       78.058603   -0.0017375155   2.0989032e-09      0.31740198      0.68425991      0.85507515     0.046581849      0.26947488      0.87952557       13.451367       144.84708       15.272761       9.4818792       1403.5903        6.745723         6.745723                           -0        1428.345          9.4818792             1403.5903          15.272761
              1       721.00951      -147.51658      -333.84259       69.196954     0.022156881      0.12837922      -147.51658      -186.32601  -0.00080521335   2.0989032e-09       0.3157338      0.68499579      0.85342468     0.046273746       0.2681148      0.87551805       13.484515       145.16969       15.036817       9.4818792       1403.7516       6.8743438        6.8743438                           -0       1428.2703          9.4818792             1403.7516          15.036817
              2       720.87904      -146.31089      -341.98502       69.518838     0.022294254      0.13011181      -146.31089      -195.67414  -0.00079863212   2.0989032e-09      0.31668602      0.68403768      0.86064528     0.046130475      0.26922272      0.88425599       13.412019       144.58827       16.582611       8.0183165       1403.6582        6.749481         6.749481                           -0       1428.2591          8.0183165             1403.6582          16.582611
              4       720.89235      -146.16128      -342.99536       69.558778     0.022311299      0.13032679      -146.16128      -196.83407  -0.00079781551   2.0989032e-09        0.316802      0.68392097      0.86153797     0.046112745      0.26935797      0.88533525       13.403099        144.5166        16.80504       7.8452655       1403.6472       6.7436011        6.7436011                           -0       1428.2975          7.8452655             1403.6472           16.80504
              2       720.82209      -139.57593      -466.20993       69.558778     0.022569557      0.13160418      -139.57593      -326.63401  -0.00076186961   2.0989032e-09      0.31997586      0.68071117      0.86526406     0.046646508      0.27199806      0.89360718       13.388531       143.92615       16.580125       7.8452655       1403.3904       6.9141904        6.9141904                           -0       1427.8158          7.8452655             1403.3904          16.580125
              2        719.4474      -81.362863      -734.81079       69.558778     0.022619607      0.12664449      -81.362863      -653.44792  -0.00044411593   2.0989032e-09      0.30982868       0.6905406      0.84484708     0.046749953      0.26174743       0.8585751       13.579694       145.10803       12.486105       7.8452655       1404.5562       7.0036099        7.0036099                           -0       1424.8876          7.8452655             1404.5562          12.486105
              2       719.65078       -105.3019      -981.49129       69.558778     0.022403315      0.12888485       -105.3019      -876.18939  -0.00057478622   2.0989032e-09      0.31401199      0.68648795      0.85598789     0.046302922      0.26637778      0.87574993       13.611547       144.77725        13.90198       7.8452655       1404.0573       6.7485124        6.7485124                           -0       1425.8045          7.8452655             1404.0573           13.90198
              4       721.15248       -108.4066      -960.52428       68.729918     0.022049575      0.12442339       -108.4066      -852.11769  -0.00059173308   2.0989032e-09      0.31143793      0.68907714      0.83715684     0.046677607      0.26339673      0.85296647       13.802331       146.29522       11.961607       11.823452       1404.3844       7.0677691        7.0677691                           -0       1428.1694          11.823452             1404.3844          11.961607
              3       720.99554      -82.899717      -833.98648       68.729918     0.022035899      0.12203711      -82.899717      -751.08676  -0.00045250479   2.0989032e-09      0.30635737      0.69401847      0.82689561     0.046648654      0.25834512      0.83561115        13.82215       146.93113       10.842873       11.823452       1405.1278       7.0984658        7.0984658                           -0       1427.7941          11.823452             1405.1278          10.842873
              1       720.76116      -23.495763      -741.09437       68.729918     0.022286411      0.12229815      -23.495763       -717.5986  -0.00012825068   2.0989032e-09       0.3074403      0.69261129      0.82619282     0.047178972      0.25889773      0.83637528       13.774978       146.58619       11.278549       11.823452       1404.9145       6.7528993        6.7528993                           -0       1428.0165          11.823452             1404.9145          11.278549
              2       720.90031      -106.76602      -664.39774       68.729918     0.022446368       0.1209303      -106.76602      -557.63172  -0.00058277805   2.0989032e-09      0.30488326      0.69562285      0.81918461     0.047517592      0.25600208      0.82582486       13.789724       146.76785       11.093585       11.823452       1405.3395       6.7720487        6.7720487                           -0       1428.2565          11.823452             1405.3395          11.093585
              4       721.71194      -263.46874      -11.467417       68.729918     0.022247379      0.12598746      -263.46874       252.00132   -0.0014381336   2.0989032e-09      0.31516771      0.68619376      0.84095618     0.047096345      0.26670777      0.86195303        13.53047       145.67754       14.280429       11.823452       1403.7668       6.7765936        6.7765936                           -0       1429.8707          11.823452             1403.7668          14.280429
              8       721.14916      -262.55386      -17.645853       68.974162     0.022351617      0.12730214      -262.55386       244.90801   -0.0014331398   2.0989032e-09      0.31592211      0.68543491      0.84648307     0.046982496      0.26758566      0.86865568       13.474436       145.23077        14.56377       10.566693       1403.6916       6.7381404        6.7381404                           -0        1428.822          10.566693             1403.6916           14.56377
              3       721.66535      -224.50511      -89.574878       68.974162     0.022356193      0.12867293      -224.50511       134.93023   -0.0012254521   2.0989032e-09      0.31881309      0.68233624      0.85224467     0.046992114      0.27046702      0.87856064       13.450175       144.88093       15.847699       10.566693       1403.4398       6.7382709        6.7382709                           -0       1429.8542          10.566693             1403.4398          15.847699
              1       721.53981      -331.15408      -749.28321       68.974162     0.021837675      0.12439167      -331.15408      -418.12913   -0.0018075913   2.0989032e-09      0.30872409      0.69300739      0.83900117     0.045902204      0.26146793      0.85111295       13.722518       146.53698       12.359328       10.566693         1404.76       7.6967762        7.6967762                           -0       1427.6861          10.566693               1404.76          12.359328
              1       721.59514       -277.7702      -834.69863       68.974162     0.021824074      0.12500819       -277.7702      -556.92843   -0.0015161975   2.0989032e-09      0.30999141      0.69144867      0.84179301     0.045873615      0.26276384      0.85569603       13.731682       146.39256       12.543923       10.566693        1404.583       7.7483497        7.7483497                           -0       1427.6936          10.566693              1404.583          12.543923
              5       720.92417      -277.66182      -866.92688       68.974162     0.021942476      0.12395733      -277.66182      -589.26506    -0.001515606   2.0989032e-09      0.30803141      0.69340808      0.83658976     0.046122494      0.26055496      0.84771413       13.770115       146.53382       11.701049       10.566693       1404.8912       7.3446883        7.3446883                           -0        1427.159          10.566693             1404.8912          11.701049
              1       720.31094      -312.74194      -841.59082       68.974162     0.022119536      0.12271231      -312.74194      -528.84888   -0.0017070894   2.0989032e-09      0.30578658      0.69584439       0.8300838     0.046494669      0.25793796      0.83805115       13.792992       146.66212       10.925319       10.566693       1405.2656       6.9321173        6.9321173                           -0       1426.7577          10.566693             1405.2656          10.925319
              1       720.12087      -236.87507      -665.02015       68.974162     0.022247759      0.12234564      -236.87507      -428.14509   -0.0012929731   2.0989032e-09      0.30528539      0.69593146      0.82735474      0.04676419      0.25716725      0.83461108       13.740126       146.61637       10.832117       10.566693       1405.2903       6.7763088        6.7763088                           -0       1426.6891          10.566693             1405.2903          10.832117
              3       720.10001      -225.21738      -645.32505       68.974162     0.022261453      0.12302488      -225.21738      -420.10767   -0.0012293401   2.0989032e-09      0.30674192       0.6944113      0.83013745     0.046792974      0.25859499       0.8394135        13.71496       146.42454       11.065719       10.566693       1405.0341       6.7667669        6.7667669                           -0       1426.6665          10.566693             1405.0341          11.065719
              2       720.00961      -205.52719      -823.13662       68.974162     0.022378314      0.12290544      -205.52719      -617.60943   -0.0011218619   2.0989032e-09      0.30673649      0.69430926      0.82911141     0.047038613      0.25834392      0.83836857       13.769038       146.32734        10.88995       10.566693       1405.0805       6.7410589        6.7410589                           -0       1426.5371          10.566693             1405.0805           10.88995
              4       720.78877      -219.19719      -887.00244       68.974162     0.021983986      0.12487138      -219.19719      -667.80525   -0.0011964791   2.0989032e-09      0.31003997       0.6910804      0.84018281     0.046209745      0.26247626      0.85412613       13.747785       146.25173       11.975665       10.566693       1404.5803       7.2274171        7.2274171                           -0       1427.1227          10.566693             1404.5803          11.975665
              1        720.3219       -218.3276      -892.87506       69.206316     0.022083064      0.12612098       -218.3276      -674.54746   -0.0011917325   2.0989032e-09      0.31077929      0.69033684       0.8454847     0.046107107       0.2633273       0.8605402       13.693835       145.82255       12.734138       9.4375826       1404.4753       6.9983751        6.9983751                           -0       1426.6471          9.4375826             1404.4753          12.734138
              3       720.28848      -183.84109      -556.05164       69.206316     0.022175172      0.12616714      -183.84109      -372.21055   -0.0010034892   2.0989032e-09      0.31106797      0.68985991      0.84452314     0.046299419      0.26342367      0.85996065       13.588998       145.71029       13.085416       9.4375826       1404.3544       6.8497623        6.8497623                           -0       1426.8774          9.4375826             1404.3544          13.085416
              1       720.65026      -23.413816      -641.00881       69.206316     0.022061008      0.12483407      -23.413816      -617.59499  -0.00012780338   2.0989032e-09       0.3080463      0.69200589      0.83969639     0.046061056      0.26064036      0.85088264       13.644221       146.17677       12.983724       9.4375826       1404.7929       7.0431577        7.0431577                           -0       1427.2142          9.4375826             1404.7929          12.983724
              1       721.71321      -19.410312      -668.04575        70.27513     0.022517155      0.13058712      -19.410312      -648.63544  -0.00010595041   2.0989032e-09      0.31132022      0.68871241      0.86391084     0.045594263      0.26442166      0.88005935       13.401904       144.23233       20.359267       5.0620498       1404.3247        6.840179         6.840179                           -0       1429.7461          5.0620498             1404.3247          20.359267
              3       721.35115      -68.292047      -601.98592        70.27513     0.022815575      0.12632007      -68.292047      -533.69387  -0.00037276941   2.0989032e-09      0.30328426      0.69701518      0.84400871     0.046198525      0.25578145      0.84861605       13.489816        144.9796       16.973188       5.0620498       1405.6075       7.5298047        7.5298047                           -0       1427.6427          5.0620498             1405.6075          16.973188
              1       721.35156      -69.933521      -599.90641        70.27513     0.022814109      0.12633789      -69.933521      -529.97288  -0.00038172932   2.0989032e-09      0.30331737      0.69699104      0.84409122     0.046195555      0.25581752      0.84874533       13.488903       144.97667       16.990524       5.0620498       1405.6009       7.5248246        7.5248246                           -0       1427.6535          5.0620498             1405.6009          16.990524
              4       723.01818      -100.58376      -791.66835        70.27513      0.02254712      0.12374693      -100.58376      -691.08459  -0.00054903244   2.0989032e-09      0.29753041      0.70294529      0.83512856     0.045654938      0.25057119      0.83168409       13.624649       145.92555       20.333911       5.0620498       1406.8803       6.8800457        6.8800457                           -0       1432.2763          5.0620498             1406.8803          20.333911
              1       723.00996      -100.46128      -791.04519        70.27513     0.022547653      0.12375962      -100.46128      -690.58392  -0.00054836387   2.0989032e-09      0.29755719      0.70291785      0.83517863     0.045656018      0.25059688      0.83177137       13.624055        145.9217       20.322357       5.0620498       1406.8739       6.8808149        6.8808149                           -0       1432.2583          5.0620498             1406.8739          20.322357
              2       722.97923      -100.47457      -790.59706       70.264938      0.02254324      0.12370559      -100.47457      -690.12248  -0.00054843645   2.0989032e-09      0.29752513      0.70294996      0.83494633     0.045660324      0.25056014      0.83149523       13.626316       145.94041       20.230961       5.0973891       1406.8811       6.8745134        6.8745134                           -0       1432.2094          5.0973891             1406.8811          20.230961
              2       722.20006      -293.01747      -511.07118       70.264938     0.022579304      0.12586278      -293.01747      -218.05372   -0.0015994241   2.0989032e-09      0.30196747      0.69955861      0.84358591     0.045733371      0.25492943      0.84634761       13.493315       145.34955       19.569507       5.0973891       1405.8729       6.9301699        6.9301699                           -0       1430.5398          5.0973891             1405.8729          19.569507
              6       721.63672      -308.51529      -610.82988       70.264938     0.022707096      0.12551671      -308.51529      -302.31459   -0.0016840184   2.0989032e-09      0.30152536      0.70008531      0.84145948     0.045992208      0.25422849      0.84359599       13.524853       145.29967       17.771772       5.0973891       1405.9966       7.2038631        7.2038631                           -0       1428.8657          5.0973891             1405.9966          17.771772
              2       721.59625      -286.36327      -769.25445       70.264938     0.022639148      0.12574545      -286.36327      -482.89119   -0.0015631024   2.0989032e-09      0.30185104      0.69963872      0.84313151     0.045854583      0.25469179      0.84572862        13.56696       145.31476       18.029016       5.0973891       1405.9791       7.0434876        7.0434876                           -0       1429.1055          5.0973891             1405.9791          18.029016
              4       721.06817      -51.243698      -626.05262       70.264938     0.023019488      0.12663528      -51.243698      -574.80892  -0.00027971168   2.0989032e-09      0.30442371      0.69578265        0.844001     0.046624944       0.2564941      0.85020092       13.482631       144.68235       14.886555       5.0973891       1405.4021       8.3751448        8.3751448                           -0       1425.3861          5.0973891             1405.4021          14.886555
              2       721.26665      -49.091116      -645.52576       70.264938     0.023189519      0.12700122      -49.091116      -596.43464  -0.00026796189   2.0989032e-09      0.30550929      0.69468532      0.84446021     0.046969334      0.25723529       0.8521789       13.473579       144.40999       13.595773       5.0973891       1405.2157       9.3122444        9.3122444                           -0       1423.9088          5.0973891             1405.2157          13.595773
              1       721.48968      -82.751809      -655.13252       70.264938      0.02321701      0.12587551      -82.751809      -572.38071  -0.00045169744   2.0989032e-09       0.3032849      0.69709345      0.83955765     0.047025017      0.25495521      0.84414157       13.506318       144.66333       13.288498       5.0973891       1405.6263       9.4835911        9.4835911                           -0       1424.0122          5.0973891             1405.6263          13.288498
              1       721.22173      -72.986048      -849.16466       70.264938     0.023173361       0.1258001      -72.986048      -776.17861  -0.00039839142   2.0989032e-09      0.30304375       0.6972813      0.83982642     0.046936606      0.25480247      0.84407603       13.570354       144.72873       13.186852       5.0973891        1405.731       9.2141098        9.2141098                           -0       1424.0152          5.0973891              1405.731          13.186852
              1       720.73236      -273.63791      -959.32651       70.264938     0.022889297      0.13377909      -273.63791       -685.6886   -0.0014936416   2.0989032e-09      0.31862948      0.68279082      0.87504711     0.046361247      0.27096356      0.90180737       13.411164       143.06046       17.184756       5.0973891       1403.5818       7.8003687        7.8003687                           -0        1425.864          5.0973891             1403.5818          17.184756
              2       720.76621      -286.76756      -971.54392       70.264938     0.023025183      0.13309941      -286.76756      -684.77636   -0.0015653092   2.0989032e-09      0.31752805      0.68396391      0.87141386     0.046636479       0.2695869      0.89650948       13.431319       143.08286       15.939319       5.0973891       1403.6895       8.4031142        8.4031142                           -0       1424.7262          5.0973891             1403.6895          15.939319
              3       721.56743      -286.44565      -982.39314       70.511679     0.023132042      0.13440748      -286.44565      -695.94748   -0.0015635521   2.0989032e-09      0.31815556      0.68333516      0.87678566     0.046525587      0.27033442      0.90292685       13.380516       142.65692       17.284207       4.2763739       1403.6306       8.9718392        8.9718392                           -0       1425.1912          4.2763739             1403.6306          17.284207
              1       722.28976      -158.74222      -881.61958       70.511679     0.023169618      0.13581836      -158.74222      -722.87736  -0.00086648806   2.0989032e-09      0.32106885      0.67972481      0.88198812     0.046601163      0.27317213      0.91243343       13.300218       142.28145        18.55928       4.2763739       1403.3606       9.1916476        9.1916476                           -0       1426.1962          4.2763739             1403.3606           18.55928
              1       721.49685      -135.91159       -837.6629       70.511679     0.023029453      0.13324169      -135.91159      -701.75131  -0.00074186797   2.0989032e-09      0.31560446      0.68506457       0.8724494     0.046319249      0.26798966      0.89485195       13.355009       143.04401       18.017306       4.2763739       1403.8515       8.4242383        8.4242383                           -0       1426.1452          4.2763739             1403.8515          18.017306
              3         720.204      -136.45633      -819.30329       70.094132     0.022848621       0.1310281      -136.45633      -682.84696  -0.00074484143   2.0989032e-09      0.31450228      0.68616886      0.86329764     0.046504682      0.26668656      0.88391769       13.442928       143.77258        15.43596       5.7079402       1403.9718       7.6461775        7.6461775                           -0       1425.1157          5.7079402             1403.9718           15.43596
              4       720.09888       -147.2862       -851.3613       70.094132     0.022841021      0.13063584       -147.2862       -704.0751  -0.00080395585   2.0989032e-09      0.31368842      0.68704183      0.86179017     0.046489214      0.26588817      0.88123178       13.464397       143.87697       15.176748       5.7079402       1404.0757       7.6187075        7.6187075                           -0       1424.9604          5.7079402             1404.0757          15.176748
              4       720.11427      -134.21971      -936.85637       70.094132     0.022773936      0.13153484      -134.21971      -802.63666  -0.00073263294   2.0989032e-09      0.31538164      0.68527728      0.86603671     0.046352672      0.26771794      0.88796098       13.472331        143.7271       15.837996       5.7079402       1403.8935        7.394528         7.394528                           -0       1425.4395          5.7079402             1403.8935          15.837996
              1       719.55394      -134.98823      -910.95486       69.505061     0.022518821      0.12841193      -134.98823      -775.96662  -0.00073682786   2.0989032e-09       0.3137577      0.68690417      0.85302743     0.046613615      0.26581073      0.87236768        13.59831       144.77167       13.267534       8.0784454       1404.0774        6.842223         6.842223                           -0       1425.4234          8.0784454             1404.0774          13.267534
              3        719.5491      -144.24215      -953.41405       69.505061     0.022510341      0.12857213      -144.24215       -809.1719  -0.00078734003   2.0989032e-09      0.31407177      0.68664062      0.85380787     0.046596062      0.26614235      0.87360271       13.611128       144.74067       13.306731       8.0784454        1404.049        6.832029         6.832029                           -0       1425.4341          8.0784454              1404.049          13.306731
              2       719.92074        -291.648      -954.40343       69.505061     0.022234667      0.12503052        -291.648      -662.75543   -0.0015919489   2.0989032e-09      0.30617003      0.69534696      0.84085817     0.046025421      0.25881126      0.84946103       13.727841       145.93616       12.961705       8.0784454       1405.2279       6.7867125        6.7867125                           -0       1426.2681          8.0784454             1405.2279          12.961705
              1       719.93429      -278.66754       -815.1822       69.505061     0.022313309      0.12374642      -278.66754      -536.51467   -0.0015210956   2.0989032e-09      0.30367477      0.69777137      0.83467655      0.04618821       0.2561532      0.83977305       13.705766       146.18081       12.667585       8.0784454       1405.6364       6.7430476        6.7430476                           -0       1426.3825          8.0784454             1405.6364          12.667585
              7       720.25166      -245.23815       -860.2698       69.505061     0.022203216      0.12437404      -245.23815      -615.03166   -0.0013386226   2.0989032e-09      0.30474604      0.69651762      0.83812903     0.045960319      0.25745237      0.84473267       13.706289       146.13938       13.345465       8.0784454       1405.4458       6.8168211        6.8168211                           -0       1426.8697          8.0784454             1405.4458          13.345465
              1       720.24376      -245.12693      -864.01813       69.590308     0.022240135      0.12482597      -245.12693       -618.8912   -0.0013380155   2.0989032e-09      0.30500931      0.69625393       0.8400576     0.045924021      0.25775521      0.84704209       13.687307       145.98271       13.813847       7.7099845       1405.3993        6.782215         6.782215                           -0       1426.9231          7.7099845             1405.3993          13.813847
              2        720.1088      -238.21464      -799.84536       69.590308     0.022275148      0.12515594      -238.21464      -561.63072   -0.0013002851   2.0989032e-09      0.30576297      0.69546254      0.84113272     0.045996318      0.25843656      0.84917332       13.653661       145.85987       13.744451       7.7099845        1405.246       6.7585943        6.7585943                           -0       1426.7004          7.7099845              1405.246          13.744451
              2       720.02073       -240.4675       -663.8279       69.590308     0.022350989      0.12460006       -240.4675       -423.3604   -0.0013125822   2.0989032e-09      0.30477172      0.69646609      0.83805469     0.046152923      0.25728871      0.84469333       13.625144       145.91979       13.473005       7.7099845       1405.3822       6.7381344        6.7381344                           -0       1426.5652          7.7099845             1405.3822          13.473005
              3        720.5303      -239.90291      -682.85643       70.023068     0.022538409       0.1268943      -239.90291      -442.95352   -0.0013095004   2.0989032e-09       0.3060775      0.69515814       0.8478007     0.045966451      0.25879736      0.85634517       13.529181       145.13232       16.193742       5.9721265       1405.1592       6.8677796        6.8677796                           -0        1427.325          5.9721265             1405.1592          16.193742
              3       720.07782      -313.40939      -790.36599       70.023068     0.022588709      0.12797989      -313.40939      -476.95659   -0.0017107326   2.0989032e-09      0.30839412      0.69324276      0.85224391     0.046069037      0.26101139      0.86408472       13.533854       144.80503       15.471204       5.9721265       1404.8198       6.9462465        6.9462465                           -0       1426.2631          5.9721265             1404.8198          15.471204
              2       720.96706      -315.06437      -734.58771        68.75452     0.022039325      0.12125479      -315.06437      -419.52334   -0.0017197663   2.0989032e-09      0.30449048      0.69715269      0.82357272     0.046622524      0.25650533      0.82971355       13.818251       147.13287       10.592903       11.693663       1405.4663       7.0906464        7.0906464                           -0       1427.7528          11.693663             1405.4663          10.592903
              1       720.82195      -264.46237      -396.80692        68.75452     0.022320323      0.11899654      -264.46237      -132.34455   -0.0014435573   2.0989032e-09      0.30030774      0.70105921      0.81130701     0.047216953      0.25172817      0.81172302       13.784064        147.4182       10.303407       11.693663       1406.1641       6.7413476        6.7413476                           -0       1428.1612          11.693663             1406.1641          10.303407
              1       721.05762      -277.85734       -401.4331        68.75452     0.022302927        0.117911      -277.85734      -123.57576   -0.0015166732   2.0989032e-09      0.29797457       0.7034655      0.80666473     0.047180155      0.24943179      0.80393704       13.816392       147.72738       10.258226       11.693663       1406.6709       6.7462237        6.7462237                           -0       1428.6228          11.693663             1406.6709          10.258226
              1       721.52354      -226.20502      -577.63815        68.75452     0.022436844      0.11656389      -226.20502      -351.43313    -0.001234731   2.0989032e-09      0.29540814      0.70574999      0.80009156     0.047463444      0.24658207      0.79394476       13.893096        147.9398       10.496006       11.693663       1407.3261       6.7656759        6.7656759                           -0       1429.5157          11.693663             1407.3261          10.496006
              1       721.43074       -226.1685      -578.86892       68.782511     0.022448966      0.11671228       -226.1685      -352.70042   -0.0012345317   2.0989032e-09      0.29550704      0.70565095      0.80074696     0.047450445      0.24669508      0.79472813       13.886425       147.88625        10.46426       11.546867       1407.3025       6.7739025        6.7739025                           -0       1429.3137          11.546867             1407.3025           10.46426
              3       722.14556      -338.76011      -617.49917       68.782511        0.022725       0.1168843      -338.76011      -278.73906   -0.0018491085   2.0989032e-09       0.2964541      0.70531847      0.79985072     0.048033898      0.24705869      0.79510968       13.888091       147.53273        11.12486       11.546867       1407.1159       7.2517352        7.2517352                           -0       1429.7876          11.546867             1407.1159           11.12486
              3       721.97633      -347.74698      -813.07698       68.782511     0.022742455       0.1188405      -347.74698         -465.33    -0.001898163   2.0989032e-09      0.30062581      0.70119581      0.80866024     0.048070794      0.25119351      0.80950325       13.894254       146.99247       11.547894       11.546867       1406.2566       7.3006629        7.3006629                           -0       1429.3513          11.546867             1406.2566          11.547894
              2         722.333      -312.78815      -755.30147       68.782511     0.022808038      0.11840319      -312.78815      -442.51332   -0.0017073416   2.0989032e-09      0.29984009      0.70179071      0.80621326     0.048209417      0.25026916      0.80599837       13.883301        147.0361       11.713911       11.546867       1406.3965       7.5043806        7.5043806                           -0       1429.6572          11.546867             1406.3965          11.713911
              1       721.53284      -317.28365       -605.2403       68.782511      0.02266692      0.11854292      -317.28365      -287.95665   -0.0017318801   2.0989032e-09      0.29983716      0.70181818      0.80751881     0.047911134      0.25056451      0.80729962       13.837677       147.15461       10.963577       11.546867       1406.3453       7.1049606        7.1049606                           -0       1428.8558          11.546867             1406.3453          10.963577
              5       720.72674      -315.81508      -654.73601       69.908177     0.023154424      0.12451054      -315.81508      -338.92093    -0.001723864   2.0989032e-09      0.30346726      0.69818251      0.83331234     0.047378141       0.2547711      0.83811402       13.580438       145.07523       11.205734       6.4118921       1405.6328       9.1015258        9.1015258                           -0       1423.2504          6.4118921             1405.6328          11.205734
              4       720.65996      -161.02702      -751.94942       69.908177     0.023022131      0.12284225      -161.02702       -590.9224  -0.00087895955   2.0989032e-09      0.29978295      0.70102191      0.82707702     0.047107447      0.25135748      0.82677777       13.653912       145.64373        11.75401       6.4118921       1406.3778       8.3880965        8.3880965                           -0       1424.5437          6.4118921             1406.3778           11.75401
              2        719.9802      -2.3174102      -819.48868       69.908177     0.022733567      0.12491848      -2.3174102      -817.17127  -1.2649491e-05   2.0989032e-09      0.30344083      0.69649772      0.83787499     0.046516993      0.25560582      0.84266626       13.620748        145.4234       13.364353       6.4118921       1405.6332       7.2754711        7.2754711                           -0       1425.4095          6.4118921             1405.6332          13.364353
              7       719.96806      -31.762954      -657.21191       69.908177     0.022685563      0.12916978      -31.762954      -625.44896  -0.00017337682   2.0989032e-09      0.31204153      0.68805775      0.85582038     0.046418769      0.26430474      0.87282704       13.460567       144.40442       14.996766       6.4118921       1404.2287       7.1493903        7.1493903                           -0       1425.6373          6.4118921             1404.2287          14.996766
              1        722.7707      -270.55148       -417.0096       69.908177      0.02218885      0.13402392      -270.55148      -146.45812   -0.0014767944   2.0989032e-09      0.32095762      0.68044508      0.87869084     0.045402402       0.2742372      0.90886487       13.303457       143.73843       22.142206       6.4118921       1403.3213       6.8329791        6.8329791                           -0       1431.8754          6.4118921             1403.3213          22.142206
              1       722.10972      -292.60061       -304.9815       69.908177     0.022374838      0.13409167      -292.60061       -12.38089   -0.0015971487   2.0989032e-09      0.32147682      0.68004624      0.87752304     0.045782968      0.27437583      0.90839081       13.276814       143.52504       21.052098       6.4118921       1403.2747       6.7403841        6.7403841                           -0       1430.7387          6.4118921             1403.2747          21.052098
              2          721.45        -313.326      -227.42596       69.908177     0.022377543      0.13121047        -313.326       85.900038   -0.0017102774   2.0989032e-09       0.3155869      0.68604929      0.86567369     0.045788503      0.26848037      0.88787755       13.334074       144.22713       19.241111       6.4118921       1403.7652       6.7409016        6.7409016                           -0       1429.4182          6.4118921             1403.7652          19.241111
              1       720.94612      -294.50048      -348.12136       69.908177     0.022448195      0.13089996      -294.50048      -53.620873   -0.0016075191   2.0989032e-09       0.3150961      0.68643732      0.86414684      0.04593307      0.26784501      0.88562207       13.361682       144.22846       18.097712       6.4118921       1403.8359       6.7733475        6.7733475                           -0       1428.3455          6.4118921             1403.8359          18.097712
              1        720.4704      -200.10576      -62.265174       69.908177     0.022744594      0.12712471      -200.10576       137.84059   -0.0010922693   2.0989032e-09      0.30797774      0.69304043      0.84589092     0.046539556      0.26012017       0.8570643       13.395948       144.85287       15.231357       6.4118921       1404.6839       7.3068102        7.3068102                           -0       1426.3272          6.4118921             1404.6839          15.231357
              1       720.84978      -294.17652       -106.9754       69.908177     0.022794411      0.12334338      -294.17652       187.20112   -0.0016057508   2.0989032e-09      0.30034239      0.70118926      0.82963518      0.04664149      0.25238288      0.83010849       13.500851       145.76098       14.302848       6.4118921       1406.0659       7.4594643        7.4594643                           -0       1426.7806          6.4118921             1406.0659          14.302848
              2       720.29822      -294.79765      -86.041424       69.432082     0.022588223      0.12081941      -294.79765       208.75622   -0.0016091412   2.0989032e-09      0.29881212      0.70272191      0.81874792     0.046855621      0.25062034      0.81712535       13.609243       146.64094       11.926566       8.4007134       1406.3784       6.9454002        6.9454002                           -0       1426.7056          8.4007134             1406.3784          11.926566
              6       719.93482      -334.07351      -383.73755       69.432082     0.022730575      0.12171489      -334.07351      -49.664043   -0.0018235269   2.0989032e-09      0.30096494      0.70078347      0.82229787     0.047150905      0.25247788      0.82361926       13.640242       146.25147        10.89584       8.4007134       1406.0389       7.2671192        7.2671192                           -0       1425.3354          8.4007134             1406.0389           10.89584
              1       720.46728      -334.68071      -363.27297       68.966662      0.02252901      0.11924751      -334.68071      -28.592261   -0.0018268412   2.0989032e-09      0.29942948      0.70232123      0.81158997     0.047365671      0.25070955      0.81081788       13.747953       147.12021       10.268764        10.60423       1406.3512       6.8551676        6.8551676                           -0       1427.2242           10.60423             1406.3512          10.268764
              2       720.23329      -289.03746      -360.87957       68.966662      0.02224113      0.12278126      -289.03746      -71.842104   -0.0015776994   2.0989032e-09       0.3062537      0.69524787      0.82875501     0.046760422      0.25813902      0.83734843       13.657624       146.51021         11.2518        10.60423       1405.0477       6.7814207        6.7814207                           -0       1426.9037           10.60423             1405.0477            11.2518
              4       720.65741      -305.96339      -215.72195       68.966662     0.022135881      0.12121452      -305.96339        90.24144   -0.0016700889   2.0989032e-09      0.30273847      0.69885549      0.82244287     0.046539144      0.25484507      0.82618807       13.674478       147.03627       11.267262        10.60423       1405.6322       6.9055781        6.9055781                           -0       1427.5037           10.60423             1405.6322          11.267262
              2       721.02226      -306.16556      -208.90828       68.811701      0.02206877      0.12039301      -306.16556       97.257273   -0.0016711924   2.0989032e-09      0.30222682       0.6993679       0.8188883     0.046607257       0.2542592      0.82192188       13.710545       147.32764       10.868375       11.394773       1405.7274       7.0269924        7.0269924                           -0       1427.9905          11.394773             1405.7274          10.868375
              9       720.92236      -349.22058      -383.12306       68.811701     0.022168718      0.11905101      -349.22058      -33.902472   -0.0019062066   2.0989032e-09      0.29960372      0.70222601      0.81272241     0.046818338      0.25142502      0.81218545       13.781349        147.5726        10.40977       11.394773       1406.3239        6.858157         6.858157                           -0       1428.1284          11.394773             1406.3239           10.40977
              7       721.46165      -217.26308      -867.60262       68.811701      0.02263101      0.11825645      -217.26308      -650.33955   -0.0011859218   2.0989032e-09      0.29890199      0.70220745      0.80688734     0.047794657      0.24974698      0.80540937       13.928735       147.27044       10.853404       11.394773        1406.622       7.0265406        7.0265406                           -0       1428.8702          11.394773              1406.622          10.853404
              3       720.26567      -216.15461      -904.96161       69.661345     0.022998974      0.12276076      -216.15461        -688.807   -0.0011798713   2.0989032e-09      0.30169551      0.69940973      0.82644889     0.047394152      0.25297399      0.82878103       13.734978       145.68968       10.527356       7.4095142       1406.0418       8.2763622        8.2763622                           -0       1423.9786          7.4095142             1406.0418          10.527356
              1       720.24958      -208.12574      -879.39991       69.661345     0.023002861      0.12295543      -208.12574      -671.27417   -0.0011360461   2.0989032e-09      0.30210468      0.69895674      0.82722475     0.047402162      0.25337514      0.83012142       13.718222       145.63542       10.550611       7.4095142       1405.9493       8.2948443        8.2948443                           -0       1423.9095          7.4095142             1405.9493          10.550611
              1       720.23915      -208.15517      -878.40813       69.638789     0.022993093      0.12283585      -208.15517      -670.25296   -0.0011362067   2.0989032e-09       0.3020337      0.69902784      0.82671049     0.047412731      0.25329273       0.8295079       13.723258        145.6767       10.513591       7.5042733       1405.9632        8.248608         8.248608                           -0       1423.9811          7.5042733             1405.9632          10.513591
              2       720.07506      -188.93074      -953.75054       69.638789     0.022768297      0.12150192      -188.93074       -764.8198   -0.0010312709   2.0989032e-09      0.29881954      0.70213706      0.82248795     0.046949193      0.25054211      0.82086816        13.80205        146.2657       11.224869       7.5042733       1406.6666       7.3771834        7.3771834                           -0       1425.3958          7.5042733             1406.6666          11.224869
              4       719.60941      -133.59191      -823.29208       69.638789      0.02246269      0.12810806      -133.59191      -689.70017  -0.00072920611   2.0989032e-09       0.3118115      0.68884303      0.85241371     0.046319017      0.26416425      0.86903219        13.56726       144.90812        13.83844       7.5042733       1404.3071       6.7845114        6.7845114                           -0       1425.6498          7.5042733             1404.3071           13.83844
              2       719.60125       -138.3443      -869.73085       69.638789     0.022443109      0.12816284       -138.3443      -731.38654  -0.00075514685   2.0989032e-09      0.31188407      0.68879641      0.85284125      0.04627864      0.26427719      0.86956924       13.582337       144.91541       13.850497       7.5042733       1404.3081       6.7697936        6.7697936                           -0       1425.6629          7.5042733             1404.3081          13.850497
              1       719.61089      -137.66033      -868.07082       69.638789     0.022435023      0.12807097      -137.66033       -730.4105  -0.00075141339   2.0989032e-09      0.31167796      0.68899879      0.85250955     0.046261966      0.26408775      0.86894376       13.584473       144.94717        13.85312       7.5042733       1404.3353       6.7645327        6.7645327                           -0       1425.6927          7.5042733             1404.3353           13.85312
              3       719.62167      -126.75713       -880.4626       69.638789     0.022413121      0.12764171      -126.75713      -753.70547  -0.00069189871   2.0989032e-09      0.31074765      0.68986958       0.8508736     0.046216804      0.26320261      0.86598097        13.60098       145.07873       13.768728       7.5042733        1404.465       6.7526825        6.7526825                           -0        1425.738          7.5042733              1404.465          13.768728
              3       719.71851      -126.46717      -888.37076       69.786379     0.022475313       0.1284465      -126.46717      -761.90359  -0.00069031597   2.0989032e-09      0.31121486      0.68940111      0.85426767     0.046149227      0.26374301      0.87008865       13.568855        144.8097       14.549247       6.8951534       1404.4016       6.7954845        6.7954845                           -0        1425.846          6.8951534             1404.4016          14.549247
              4       719.76805      -292.13547      -515.65557       69.786379     0.022803328       0.1276213      -292.13547       -223.5201   -0.0015946098   2.0989032e-09      0.31019396       0.6913263      0.84815546     0.046822749      0.26204859      0.86244519       13.480996       144.66538       13.182659       6.8951534       1404.4809       7.4887016        7.4887016                           -0       1424.5587          6.8951534             1404.4809          13.182659
              2       720.61178      -305.92278      -449.73849       69.786379     0.023100726       0.1239755      -305.92278       -143.8157   -0.0016698673   2.0989032e-09       0.3033186      0.69827692      0.83067354     0.047433405      0.25456257      0.83525535       13.554333       145.26896       11.139592       6.8951534       1405.5957       8.7965298        8.7965298                           -0       1423.6305          6.8951534             1405.5957          11.139592
              2        721.6739      -305.01913      -474.38384       70.246334     0.023294546      0.12648359      -305.01913      -169.36471   -0.0016649347   2.0989032e-09      0.30483498      0.69675657      0.84139524     0.047207056      0.25632257      0.84814836       13.451749       144.42834       12.865647        5.162214       1405.3267       9.9965928        9.9965928                           -0       1423.3546           5.162214             1405.3267          12.865647
              1       721.53827      -336.17352        -559.954       70.246334     0.023279821      0.12644135      -336.17352      -223.78047   -0.0018349897   2.0989032e-09      0.30471955      0.69704206       0.8414897     0.047177215      0.25623697      0.84808295        13.47446       144.45451       12.745195        5.162214       1405.3776       9.8957879        9.8957879                           -0        1423.285           5.162214             1405.3776          12.745195
              2       721.79857      -349.84402      -424.53594       70.246334     0.023291303      0.12571661      -349.84402       -74.69192   -0.0019096096   2.0989032e-09       0.3032741      0.69856213      0.83810402     0.047200483      0.25476826      0.84266501       13.461903       144.62441       12.882056        5.162214       1405.6044        9.974254         9.974254                           -0       1423.6486           5.162214             1405.6044          12.882056
              1        721.8814      -326.91336       -508.0413       70.246334     0.023045035      0.12344792      -326.91336      -181.12794   -0.0017844435   2.0989032e-09      0.29817747      0.70353359      0.83015043     0.046701414       0.2501707      0.82762496       13.546781       145.46363       14.919571        5.162214       1406.6761       8.5024587        8.5024587                           -0       1426.7579           5.162214             1406.6761          14.919571
              2       723.81573      -113.42066      -380.98221       70.246334     0.023371157      0.12087505      -113.42066      -267.56155  -0.00061910216   2.0989032e-09      0.29362438      0.70692134      0.81646659     0.047362311      0.24495671      0.80774419       13.570973       145.77529       13.712405        5.162214       1407.6636        10.54661         10.54661                           -0       1426.5382           5.162214             1407.6636          13.712405
              2       722.27238      -182.48921       -442.1679       70.246334     0.023107466      0.12287953      -182.48921      -259.67869  -0.00099611005   2.0989032e-09      0.29715214      0.70377058      0.82706855     0.046827933      0.24901885      0.82313356       13.540296       145.54222        14.86212        5.162214       1406.8531       8.8336536        8.8336536                           -0       1426.8775           5.162214             1406.8531           14.86212
              1       722.09171      -84.198584      -148.36028       70.246334     0.023180757      0.13199572      -84.198584      -64.161698   -0.0004595946   2.0989032e-09      0.31577488      0.68461133      0.86427693      0.04697646      0.26749306      0.88670893       13.248827       143.18815       16.792513        5.162214       1403.7111       9.2587933        9.2587933                           -0       1425.6658           5.162214             1403.7111          16.792513
              5       723.69248      -210.29082      -141.62604       70.246334     0.023485516      0.13240968      -210.29082       68.664781   -0.0011478641   2.0989032e-09      0.31723139      0.68384309      0.86403249     0.047594061      0.26833196      0.88850018        13.23339       142.77158       15.745771        5.162214       1403.5822       11.447392        11.447392                           -0       1424.4902           5.162214             1403.5822          15.745771
              2       723.91951      -210.16789      -144.97875       70.308906     0.023511882      0.13275088      -210.16789       65.189149    -0.001147193   2.0989032e-09      0.31741055      0.68366339      0.86544294     0.047562725      0.26854478      0.89020184       13.220041       142.66212       15.989511       4.9458149       1403.5664        11.66863         11.66863                           -0       1424.5018          4.9458149             1403.5664          15.989511
              3       723.65169      -116.67543      -281.23481       70.308906     0.023386105      0.13454306      -116.67543      -164.55939  -0.00063686816   2.0989032e-09      0.32078155      0.67978207      0.87371819     0.047308287      0.27217022      0.90347354       13.200915       142.36221       17.731641       4.9458149       1403.3081       10.658927        10.658927                           -0       1425.9855          4.9458149             1403.3081          17.731641
              2       723.90975      -116.53908      -284.95359       70.378309     0.023415351       0.1349215      -116.53908      -168.41451  -0.00063612388   2.0989032e-09      0.32097229      0.67959072      0.87526875     0.047274073      0.27239775      0.90534597       13.186302       142.24196       18.046174       4.7112077       1403.2953       10.883392        10.883392                           -0       1426.0527          4.7112077             1403.2953          18.046174
              1       722.75669      -251.90867      -863.35858       70.378309     0.023338523      0.13508911      -251.90867      -611.44992   -0.0013750334   2.0989032e-09      0.32115557      0.68014635       0.8775544     0.047118963      0.27273614      0.90796927       13.321711       142.28102       16.829564       4.7112077       1403.3584       10.307081        10.307081                           -0       1424.8992          4.7112077             1403.3584          16.829564
              8       723.34865      -203.80692      -959.72266       70.378309     0.023152538      0.13858942      -203.80692      -755.91574   -0.0011124719   2.0989032e-09      0.32784698      0.67319239      0.89278772      0.04674347      0.27980304       0.9333041       13.267908       141.64577       20.797745       4.7112077       1403.0074       9.0904577        9.0904577                           -0       1428.5164          4.7112077             1403.0074          20.797745
              1       723.27529      -212.12712      -910.26339       70.378309     0.023018309      0.13918859      -212.12712      -698.13627   -0.0011578874   2.0989032e-09      0.32878567      0.67229911      0.89596723      0.04647247      0.28101273      0.93796782       13.239619       141.64301       22.123184       4.7112077       1402.9774       8.3693823        8.3693823                           -0       1429.8118          4.7112077             1402.9774          22.123184
              2       722.09969      -245.53048      -664.82089       70.378309     0.023239349      0.13382479      -245.53048      -419.29041   -0.0013402183   2.0989032e-09      0.31840275      0.68286435      0.87279527     0.046918736      0.27018355      0.89916659       13.299592       142.68558        16.67787       4.7112077       1403.5565        9.626887         9.626887                           -0       1424.9456          4.7112077             1403.5565           16.67787
              4       722.97668      -288.25124      -571.24041       70.378309     0.023310538      0.13517983      -288.25124      -282.98918   -0.0015734079   2.0989032e-09      0.32128223      0.68021806      0.87764181     0.047062462       0.2729193      0.90823877       13.243382       142.28822       17.708979       4.7112077       1403.3174       10.107865        10.107865                           -0       1425.7376          4.7112077             1403.3174          17.708979
              3       722.67305      -279.82646      -582.50199       70.378309     0.023258157      0.13506505      -279.82646      -302.67553   -0.0015274215   2.0989032e-09      0.32094473      0.68050958      0.87754284     0.046956708      0.27268756      0.90765923       13.249774       142.36946       17.791855       4.7112077       1403.3423        9.750363         9.750363                           -0       1425.8454          4.7112077             1403.3423          17.791855
              1       722.12051       -282.9049      -498.54324        68.81139     0.022597876      0.12652081       -282.9049      -215.63834   -0.0015442251   2.0989032e-09      0.31628846      0.68517929       0.8420094     0.047725112      0.26720298      0.86456567       13.590455        145.1627       15.184171       11.396389       1403.7354        6.962537         6.962537                           -0       1430.3159          11.396389             1403.7354          15.184171
              2       722.06026      -91.805645      -31.167938        68.81139     0.022411015      0.12747253      -91.805645       60.637707  -0.00050111744   2.0989032e-09      0.31790379      0.68252085      0.84623375     0.047330476      0.26921294      0.87111916       13.480632       145.12366       15.723896       11.396389       1403.4968       6.7517279        6.7517279                           -0       1430.6171          11.396389             1403.4968          15.723896
              4       721.93637      -99.416702      -2.9695521        68.81139     0.022420206      0.12713602      -99.416702        96.44715  -0.00054266209   2.0989032e-09      0.31721251      0.68325367      0.84472669     0.047349886      0.26850226      0.86862183       13.484767       145.19868       15.410462       11.396389       1403.5536       6.7561327        6.7561327                           -0       1430.3605          11.396389             1403.5536          15.410462
              2       721.76788      -125.97032      -84.052295        68.81139     0.022423963      0.12680429      -125.97032       41.918024  -0.00068760395   2.0989032e-09      0.31651987      0.68409126      0.84348921     0.047357819      0.26780168      0.86640189       13.506375       145.27852       14.991385       11.396389       1403.6318       6.7581106        6.7581106                           -0       1430.0195          11.396389             1403.6318          14.991385
              4       720.74318      -37.408763       -225.4298        68.81139     0.022419365      0.12351165      -37.408763      -188.02104  -0.00020419424   2.0989032e-09      0.30955634      0.69057138      0.82985302     0.047348111      0.26084786      0.84296667       13.613777       146.12551        12.10904       11.396389       1404.4695       6.7557041        6.7557041                           -0        1427.975          11.396389             1404.4695           12.10904
              1       720.66679      -38.985078      -293.50388        68.81139     0.022353308      0.12348832      -38.985078       -254.5188  -0.00021279849   2.0989032e-09      0.30936756      0.69076876      0.83031443     0.047208602      0.26079859      0.84317815        13.62879       146.20377       11.948437       11.396389       1404.5124       6.7381708        6.7381708                           -0       1427.8572          11.396389             1404.5124          11.948437
              2        720.8481      -43.526418      -461.82396        68.81139      0.02258533      0.12113604      -43.526418      -418.29754  -0.00023758721   2.0989032e-09      0.30488971       0.6952714      0.81900821     0.047698617      0.25583073      0.82565576       13.720781       146.56124       11.149678       11.396389       1405.2693       6.9403966        6.9403966                           -0       1427.8154          11.396389             1405.2693          11.149678
              3          720.83      -46.638932      -445.49522        68.81139     0.022581198      0.12099646      -46.638932      -398.85628  -0.00025457674   2.0989032e-09      0.30458621      0.69559189      0.81840513     0.047689889      0.25553595      0.82463703       13.721178       146.60228       11.078333       11.396389       1405.3186        6.933355         6.933355                           -0       1427.7933          11.396389             1405.3186          11.078333
              3        721.2105      -198.76636      -947.39936        68.81139     0.021933024      0.12131567      -198.76636      -748.63299   -0.0010849582   2.0989032e-09      0.30389146      0.69711702      0.82490257     0.046320992       0.2562101      0.83023546       13.891133       147.23509       10.656466       11.396389       1405.6219        7.373152         7.373152                           -0       1427.6747          11.396389             1405.6219          10.656466
              7       721.54074      -202.84514      -990.17079        68.81139     0.021861832      0.12118844      -202.84514      -787.32564   -0.0011072221   2.0989032e-09      0.30347241      0.69755834      0.82486667     0.046170639       0.2559414      0.82962672       13.918452       147.34809       10.752554       11.396389       1405.7155       7.6085044        7.6085044                           -0       1427.8645          11.396389             1405.7155          10.752554
             11       721.59588      -202.87724       -989.2953       68.795051     0.021854947      0.12109935      -202.87724      -786.41806   -0.0011073973   2.0989032e-09      0.30341377      0.69761711      0.82448009     0.046178025      0.25587473       0.8291578       13.922164       147.37933       10.717389       11.481406       1405.7265       7.6332289        7.6332289                           -0       1427.9253          11.481406             1405.7265          10.717389
              2        721.2612      -140.95239      -820.30263       68.795051     0.021967218      0.12033539      -140.95239      -679.35024  -0.00076938299   2.0989032e-09      0.30203681      0.69865606      0.82019014     0.046415248      0.25426055      0.82296972        13.86622       147.45614       10.564088       11.481406       1405.9304       7.2732729        7.2732729                           -0       1427.9758          11.481406             1405.9304          10.564088
              1       721.90161      -264.47605      -577.59332       68.795051     0.021910456      0.11889332      -264.47605      -313.11727    -0.001443632   2.0989032e-09      0.29886987      0.70249725      0.81397025     0.046295312      0.25121355      0.81243565       13.838987       147.90403       10.900392       11.481406       1406.5339       7.4437527        7.4437527                           -0       1428.9157          11.481406             1406.5339          10.900392
              1       723.18098      -288.99772      -759.01377       68.795051     0.021749833      0.11789293      -288.99772      -470.01605   -0.0015774825   2.0989032e-09      0.29641673      0.70508424      0.81092249     0.045955927      0.24909979      0.80606502       13.929161       148.35432       11.604211       11.481406        1407.169       8.0536924        8.0536924                           -0       1430.2546          11.481406              1407.169          11.604211
              3       722.99125      -296.39849      -784.39873       68.795051      0.02184256      0.11691041      -296.39849      -488.00024   -0.0016178793   2.0989032e-09      0.29453667       0.7070047      0.80599321     0.046151852       0.2470238      0.79862047       13.965445       148.51524       11.501445       11.481406       1407.6425       7.6785825        7.6785825                           -0       1430.6253          11.481406             1407.6425          11.501445
              3       721.34642      -282.79966       -699.4025       68.795051     0.022585706      0.11805029      -282.79966      -416.60284   -0.0015436507   2.0989032e-09      0.29851538      0.70295176      0.80603924     0.047722071      0.24943229      0.80404233       13.879766       147.37554       10.668988       11.481406       1406.6604       6.9410437        6.9410437                           -0       1428.8107          11.481406             1406.6604          10.668988
              3       720.92301      -282.52476      -706.90016       68.934979     0.022644671      0.11881331      -282.52476      -424.37541   -0.0015421501   2.0989032e-09      0.29903446      0.70243148      0.80939364     0.047652612      0.25002636      0.80809009       13.846803       147.10745       10.423771        10.76355       1406.5482       7.0552632        7.0552632                           -0       1427.7355           10.76355             1406.5482          10.423771
              3       720.29927      -280.75843      -755.07341       69.834035     0.023023522      0.12371576      -280.75843      -474.31498   -0.0015325087   2.0989032e-09      0.30221385      0.69924441       0.8307018      0.04721038      0.25368265      0.83376124       13.640772       145.41822       11.203983       6.7039772       1405.9007       8.3949316        8.3949316                           -0       1423.8087          6.7039772             1405.9007          11.203983
              2       719.97293      -317.87635      -751.66199       69.834035     0.022770258      0.12363115      -317.87635      -433.78563   -0.0017351154   2.0989032e-09      0.30152101      0.70013985      0.83201948     0.046691055      0.25350914        0.834126       13.650451       145.71316       12.429864       6.7039772       1406.0456       7.3831889        7.3831889                           -0       1425.1795          6.7039772             1406.0456          12.429864
              1       720.43627      -317.36188      -765.69333       70.095901     0.022880606      0.12505907      -317.36188      -448.33145   -0.0017323071   2.0989032e-09      0.30240312      0.69925549      0.83815317      0.04656743      0.25452472      0.84150344       13.592143       145.22929       13.764578       5.7014376       1405.8737       7.7664079        7.7664079                           -0       1425.3397          5.7014376             1405.8737          13.764578
              2       720.19182      -330.81782      -792.99795       70.095901      0.02286791      0.12606198      -330.81782      -462.18012   -0.0018057559   2.0989032e-09      0.30441843      0.69731363      0.84254851     0.046541591      0.25656587      0.84873039       13.574564       144.98872       13.746046       5.7014376       1405.5006       7.7177906        7.7177906                           -0       1424.9481          5.7014376             1405.5006          13.746046
              1       720.83436      -293.60245       -808.5827       70.095901     0.022859923      0.12366153      -293.60245      -514.98025   -0.0016026172   2.0989032e-09      0.29951668      0.70201224      0.83235465     0.046525336      0.25168038      0.83168389       13.645664       145.60842       14.109292       5.7014376       1406.4824       7.6878087        7.6878087                           -0       1426.2931          5.7014376             1406.4824          14.109292
              3       721.04311      -293.43434      -813.16767        70.18147     0.022895981      0.12412813      -293.43434      -519.73333   -0.0016016996   2.0989032e-09      0.29980728       0.7017209      0.83436509      0.04648516      0.25201435      0.83409706       13.626689       145.45005       14.619975       5.3914327       1406.4211       7.8268651        7.8268651                           -0       1426.4325          5.3914327             1406.4211          14.619975
              2       720.74538      -202.71612      -680.04633        70.18147     0.022805063      0.12617746      -202.71612      -477.33021   -0.0011065178   2.0989032e-09      0.30378342      0.69724958      0.84343287     0.046300571      0.25617508      0.84873464       13.526777        145.0269       15.548813       5.3914327       1405.5616       7.4944568        7.4944568                           -0       1426.5018          5.3914327             1405.5616          15.548813
              5       720.77482      -122.53382      -941.09749        70.18147     0.022806527       0.1250697      -122.53382      -818.56367  -0.00066884593   2.0989032e-09      0.30153733      0.69905799      0.83904757     0.046303544      0.25392601      0.84119465       13.647131       145.30626       15.091048       5.3914327       1406.0685       7.4993328        7.4993328                           -0        1426.551          5.3914327             1406.0685          15.091048
              2       720.33073      -122.94048      -930.00648       69.974479     0.022719304        0.123941      -122.94048        -807.066  -0.00067106569   2.0989032e-09      0.30084063      0.69975648      0.83420016     0.046399753      0.25312536       0.8353681       13.692398       145.68878       13.824341       6.1562037       1406.2084       7.2362504        7.2362504                           -0        1426.189          6.1562037             1406.2084          13.824341
              5       720.53497       -48.46966      -888.52658       69.974479     0.022558858        0.124809       -48.46966      -840.05692   -0.0002645697   2.0989032e-09      0.30228567      0.69790494      0.83887528     0.046072073      0.25489808      0.84206487       13.651185       145.64027       15.232089       6.1562037       1405.8867       6.8974497        6.8974497                           -0        1427.275          6.1562037             1405.8867          15.232089
              7       721.12617      -78.529708      -967.03332       69.974479     0.023046769      0.12189173      -78.529708      -888.50362  -0.00042865127   2.0989032e-09      0.29732417      0.70303052      0.82321456     0.047068537      0.24894011      0.81953504       13.758892       145.86221       12.083855       6.1562037       1406.9897       8.5112764        8.5112764                           -0       1425.2298          6.1562037             1406.9897          12.083855
              4        721.7562      -65.685175      -914.61488       69.974479     0.023074878      0.12064075      -65.685175      -848.92971   -0.0003585399   2.0989032e-09       0.2948267      0.70545788      0.81750809     0.047125944      0.24638523      0.81042875        13.76943        146.1564       12.471771       6.1562037         1407.57       8.6572256        8.6572256                           -0       1426.1979          6.1562037               1407.57          12.471771
              2       721.97812      -126.79465      -766.64674       69.974479     0.022592906      0.12116959      -126.79465      -639.85209  -0.00069210354   2.0989032e-09      0.29492242      0.70569573      0.82281168     0.046141609      0.24746529      0.81581881       13.711733       146.54416       16.392947       6.1562037       1407.4998       6.9536281        6.9536281                           -0        1430.049          6.1562037             1407.4998          16.392947
              1        721.7308      -128.09482      -731.18713       69.312698     0.022314039      0.11756097      -128.09482      -603.09231  -0.00069920044   2.0989032e-09      0.29248923      0.70813459      0.80695121     0.046446455      0.24470202      0.79678582       13.864734       147.80883       12.925022       8.9414898       1408.1094       6.7428541        6.7428541                           -0       1429.9759          8.9414898             1408.1094          12.925022
              1       721.21144      -114.32743      -604.29838       69.312698     0.022627805      0.11740662      -114.32743      -489.97095  -0.00062405168   2.0989032e-09      0.29282106      0.70772761      0.80400202     0.047099557      0.24438074      0.79432397       13.820392       147.50073       11.477608       8.9414898       1407.9638       7.0200001        7.0200001                           -0       1428.3829          8.9414898             1407.9638          11.477608
              8       721.19991      -200.01409      -614.95156       69.312698     0.022640487      0.11742446      -200.01409      -414.93747   -0.0010917689   2.0989032e-09      0.29288459       0.7081318      0.80407188     0.047125953      0.24441787      0.79447916       13.825517       147.48188        11.39293       8.9414898       1407.9728       7.0463208        7.0463208                           -0       1428.3072          8.9414898             1407.9728           11.39293
              3       721.44702      -198.78518      -648.46779        69.93821      0.02290407      0.12083531      -198.78518      -449.68261    -0.001085061   2.0989032e-09      0.29518113       0.7058299      0.81907137     0.046825631      0.24703861       0.8124664       13.680209       146.29143       13.475189       6.2954287       1407.4047       7.8593636        7.8593636                           -0       1427.1753          6.2954287             1407.4047          13.475189
              1       720.43955       -217.5733      -645.95446        69.93821     0.022658747      0.12422422       -217.5733      -428.38116   -0.0011876151   2.0989032e-09      0.30160796      0.69950563      0.83534941     0.046324086      0.25396698       0.8375851        13.59352       145.68174       14.436964       6.2954287       1405.9741       7.0862844        7.0862844                           -0       1426.7065          6.2954287             1405.9741          14.436964
              2       720.24278      -198.45896      -658.84953        69.93821     0.022675931      0.12486534      -198.45896      -460.39057   -0.0010832803   2.0989032e-09       0.3029538      0.69805545      0.83798395     0.046359218      0.25527769      0.84209924       13.578628       145.49916       14.227107       6.2954287       1405.7108       7.1261187        7.1261187                           -0       1426.2333          6.2954287             1405.7108          14.227107
              1       720.63441      -180.12757      -555.35514        69.93821       0.0225142      0.12574846      -180.12757      -375.22757  -0.00098321912   2.0989032e-09      0.30442864      0.69648055      0.84261463     0.046028572      0.25708318      0.84881124       13.531603       145.44897       15.898228       6.2954287        1405.402       6.8366034        6.8366034                           -0       1427.5956          6.2954287              1405.402          15.898228
              3       720.22296      -182.12694      -524.73132       69.451049     0.022312804      0.12299041      -182.12694      -342.60438  -0.00099413261   2.0989032e-09      0.30257887      0.69834019      0.83075334     0.046259031      0.25498441      0.83431637       13.643214       146.37711       12.905911       8.3163501       1405.7373        6.743184         6.743184                           -0       1426.9596          8.3163501             1405.7373          12.905911
              5       720.22866      -180.80297      -528.93696       69.451049     0.022320629      0.12280645      -180.80297      -348.13399  -0.00098690579   2.0989032e-09       0.3022137      0.69869813      0.82991724     0.046275253      0.25460302       0.8329736       13.648986       146.41629       12.849275       8.3163501       1405.8091       6.7412816        6.7412816                           -0       1426.9748          8.3163501             1405.8091          12.849275
              2        720.3379      -64.899652      -877.88089       69.451049     0.022438271      0.12054097      -64.899652      -812.98124  -0.00035425216   2.0989032e-09       0.2977608      0.70251838      0.81979758      0.04651915      0.24990622      0.81673237       13.814443       146.87904       11.974725       8.3163501       1406.8516        6.766589         6.766589                           -0       1427.1426          8.3163501             1406.8516          11.974725
              3       720.35711      -68.928099      -858.64074       69.451049     0.022490312      0.12021643      -68.928099      -789.71264  -0.00037624127   2.0989032e-09      0.29719585      0.70310532      0.81801479     0.046627041      0.24923338      0.81418276       13.814843       146.90708       11.802142       8.3163501       1406.9757       6.8100354        6.8100354                           -0       1427.0942          8.3163501             1406.9757          11.802142
              4         719.491       -309.1612      -715.01351       69.451049      0.02242228      0.12519345       -309.1612      -405.85232    -0.001687544   2.0989032e-09      0.30737319      0.69423928      0.83983189     0.046485997      0.25955176      0.85008964       13.635112       145.69012       12.188891       8.3163501       1404.9623       6.7572119        6.7572119                           -0       1425.4676          8.3163501             1404.9623          12.188891
              2       720.54617      -140.37563      -566.25586       69.451049     0.022875803      0.12819465      -140.37563      -425.88023  -0.00076623477   2.0989032e-09      0.31453555      0.68615561      0.84907087     0.047426243      0.26577388      0.86939708       13.498419       144.44485       13.359352       8.3163501       1403.9209       7.7478781        7.7478781                           -0       1425.5966          8.3163501             1403.9209          13.359352
              5       719.79345      -10.111378      -827.55592       69.451049     0.022563988       0.1286216      -10.111378      -817.44454  -5.5192555e-05   2.0989032e-09      0.31477423      0.68520589      0.85324218     0.046779787      0.26665902      0.87399968       13.561824       144.67084       13.531486       8.3163501       1403.9283       6.9053733        6.9053733                           -0       1425.7761          8.3163501             1403.9283          13.531486
              1        719.8011      -50.358895      -848.46999       69.451049     0.022657768       0.1282856      -50.358895       -798.1111  -0.00027488201   2.0989032e-09      0.31427207      0.68592773      0.85128248     0.046974211      0.26596244      0.87129649       13.576675       144.65457       13.123284       8.3163501       1403.9944       7.0840802        7.0840802                           -0        1425.434          8.3163501             1403.9944          13.123284
              3       719.80448      -49.661327      -859.15444       69.621016     0.022728034      0.12924787      -49.661327      -809.49311  -0.00027107437   2.0989032e-09      0.31486968      0.68532668       0.8553312     0.046890098      0.26665067      0.87627235        13.53925       144.33979       13.581809       7.5793633       1403.9276       7.2600788        7.2600788                           -0       1425.0888          7.5793633             1403.9276          13.581809
              6       719.38295      -163.43734      -793.20692       69.621016     0.022677739      0.12557119      -163.43734      -629.76959  -0.00089211616   2.0989032e-09      0.30718057      0.69363684      0.84026002     0.046786335      0.25906532      0.85025646       13.623552       145.31745         11.9332       7.5793633       1404.9925       7.1304341        7.1304341                           -0        1424.505          7.5793633             1404.9925            11.9332
              2       719.79778      -143.92862      -646.71741       69.621016     0.022485065      0.12432011      -143.92862       -502.7888   -0.0007856286   2.0989032e-09      0.30420197      0.69650895      0.83597055     0.046388832      0.25648423      0.84180474        13.61872       145.84567       12.942824       7.5793633       1405.4639       6.8047585        6.8047585                           -0        1425.986          7.5793633             1405.4639          12.942824
              4       720.25671       -162.9312      -633.57306       69.621016     0.022606293      0.12148828       -162.9312      -470.64186  -0.00088935342   2.0989032e-09      0.29860974      0.70220491      0.82297187     0.046638936      0.25064189      0.82106275       13.690323       146.44629       12.386906       7.5793633       1406.5911       6.9780364        6.9780364                           -0       1426.5573          7.5793633             1406.5911          12.386906
              1       720.66213      -46.757698      -281.17667       69.621016     0.022796938      0.12062035      -46.757698      -234.41897  -0.00025522502   2.0989032e-09      0.29721244      0.70296808      0.81722502     0.047032256      0.24885127      0.81341938       13.622732       146.46443       12.059698       7.5793633       1406.7498       7.4676926        7.4676926                           -0       1426.3889          7.5793633             1406.7498          12.059698
              4       720.72588      -61.431633      -246.92895       69.621016     0.022806876       0.1204848      -61.431633      -185.49732  -0.00033532211   2.0989032e-09      0.29695328      0.70330733      0.81651195     0.047052758      0.24857161      0.81235523       13.619765       146.48903       12.072434       7.5793633        1406.799       7.5004964        7.5004964                           -0       1426.4508          7.5793633              1406.799          12.072434
              1       722.23439      -78.353697      -45.973559       69.621016     0.022695194      0.11766822      -78.353697       32.380139  -0.00042769052   2.0989032e-09      0.29091201      0.70944098       0.8044319     0.046822348      0.24276074      0.79215374       13.661939       147.35615       14.324852       7.5793633       1408.2179       7.1733356        7.1733356                           -0       1430.1221          7.5793633             1408.2179          14.324852
              1       722.40876      -99.900119       -147.1722       69.621016     0.022586644      0.11770744      -99.900119      -47.272079   -0.0005453008   2.0989032e-09      0.29076897      0.70970162      0.80552859     0.046598397      0.24284166      0.79303867       13.682698       147.46601       15.046221       7.5793633       1408.3066       6.9426604        6.9426604                           -0       1430.9322          7.5793633             1408.3066          15.046221
              3       722.71893      -114.01886      -137.51955       69.621016       0.0226785      0.11684671      -114.01886       -23.50069   -0.0006223674   2.0989032e-09      0.28918271      0.71136495      0.80107974     0.046787905      0.24106589      0.78650463       13.702255       147.59443        14.84993       7.5793633       1408.7441       7.1322579        7.1322579                           -0       1431.1734          7.5793633             1408.7441           14.84993
              1       721.52523      -303.31404      -365.07161       69.621016     0.022508439       0.1193466      -303.31404      -61.757568   -0.0016556276   2.0989032e-09      0.29398938      0.70759154      0.81385698     0.046437055      0.24622341      0.80566275       13.689952       147.11672       14.202104       7.5793633       1407.6094       6.8298147        6.8298147                           -0       1429.3908          7.5793633             1407.6094          14.202104
              2       721.55061      -307.70252      -332.63088       69.621016     0.022505244      0.11935929      -307.70252      -24.928357   -0.0016795819   2.0989032e-09      0.29400896      0.70759592      0.81387517     0.046430462      0.24624958      0.80570759       13.682747        147.1169       14.277449       7.5793633       1407.5921       6.8261534        6.8261534                           -0       1429.4489          7.5793633             1407.5921          14.277449
             11       723.01871      -311.56219      -273.51337       68.680581      0.02211646      0.11403503      -311.56219       38.048824   -0.0017006498   2.0989032e-09       0.2900042      0.71161969      0.79016239     0.046886486      0.24175215      0.77688703       13.911484       148.99027       11.449601       12.085886       1408.6273       6.9373316        6.9373316                           -0       1432.1628          12.085886             1408.6273          11.449601
              1       723.00211      -310.71586      -274.63861       68.680581     0.022117717      0.11405716      -310.71586       36.077249   -0.0016960301   2.0989032e-09      0.29005379      0.71156548      0.79025589     0.046889151      0.24179908      0.77704539       13.911025       148.98275       11.434207       12.085886       1408.6137       6.9351925        6.9351925                           -0       1432.1338          12.085886             1408.6137          11.434207
              4       722.68165      -333.29745      -315.48062       68.680581     0.022108672      0.11472202      -333.29745       17.816831   -0.0018192908   2.0989032e-09       0.2914441      0.71029842      0.79340694     0.046869978      0.24320857      0.78201126       13.901607       148.81035       11.118634       12.085886       1408.2571       6.9508371        6.9508371                           -0       1431.4616          12.085886             1408.2571          11.118634
              5       721.90608      -316.52094      -327.57564       68.680581     0.022272335      0.11565476      -316.52094      -11.054701   -0.0017277169   2.0989032e-09      0.29376845       0.7078825      0.79653921     0.047216939      0.24518595      0.78822301       13.872352       148.37064       10.554154       12.085886       1407.6518        6.760161         6.760161                           -0       1430.2918          12.085886             1407.6518          10.554154
              6       721.55532      -316.10059      -334.01396       68.783001     0.022314676      0.11623461      -316.10059      -17.913361   -0.0017254224   2.0989032e-09      0.29420934      0.70743954      0.79912569     0.047165925      0.24568193      0.79137567       13.847179       148.16567       10.537218       11.544308       1407.5437        6.742688         6.742688                           -0       1429.6253          11.544308             1407.5437          10.537218
              3       721.42675      -205.34834      -488.43854       68.783001     0.022464904      0.11663971      -205.34834       -283.0902   -0.0011208857   2.0989032e-09      0.29538313      0.70566121      0.80015534     0.047483456      0.24653818      0.79397445       13.863807         147.888       10.444614       11.544308       1407.2919       6.7863518        6.7863518                           -0       1429.2808          11.544308             1407.2919          10.444614
              2       721.94252      -334.24085      -156.24029       68.783001     0.022477001      0.11508502      -334.24085       178.00056   -0.0018244403   2.0989032e-09      0.29212261      0.70962529      0.79260175     0.047509027      0.24325209      0.78212647       13.839286       148.29539       10.739051       11.544308       1408.0076       6.7970402        6.7970402                           -0        1430.291          11.544308             1408.0076          10.739051
              1       723.81105      -335.62505      -269.66544       68.783001     0.022033552      0.11360711      -335.62505       65.959614   -0.0018319959   2.0989032e-09      0.28806146        0.713694      0.78902187     0.046571719      0.24012825      0.77316288        13.91712       149.20284       12.682324       11.544308       1409.1877       7.1038705        7.1038705                           -0       1433.4144          11.544308             1409.1877          12.682324
              7       722.98753      -308.81222      -149.68091       68.783001     0.021943932      0.11585954      -308.81222        159.1313   -0.0016856391   2.0989032e-09      0.29263295      0.70897615      0.79952108     0.046382293      0.24488916      0.78964321       13.830553       148.68625       11.884399       11.544308       1407.8656       7.3403627        7.3403627                           -0       1431.2943          11.544308             1407.8656          11.884399
              1       722.00602      -306.33998      -187.54753       69.385379     0.022192961       0.1192699      -306.33998       118.79245   -0.0016721445   2.0989032e-09      0.29517496      0.70642197      0.81463849     0.046097705       0.2477393      0.80806083       13.684326       147.48726       14.499104        8.610255       1407.2463       6.8282017        6.8282017                           -0       1430.3556           8.610255             1407.2463          14.499104
              1       719.72284      -321.11957      -573.41173       69.385379     0.022590522      0.12199011      -321.11957      -252.29216   -0.0017528183   2.0989032e-09      0.30165099      0.70002662      0.82460892     0.046923494      0.25338954      0.82687483       13.684946       146.33283       10.975833        8.610255       1405.9608       6.9494203        6.9494203                           -0       1425.5468           8.610255             1405.9608          10.975833
              2       719.90928       -155.5091      -320.26079       69.385379     0.022664169      0.12659022       -155.5091      -164.75169  -0.00084884021   2.0989032e-09      0.31135901      0.68941462      0.84314279     0.047076467      0.26294459       0.8589566       13.499464       145.07385       12.750347        8.610255       1404.2607       7.0986208        7.0986208                           -0       1425.6213           8.610255             1404.2607          12.750347
              1       719.89989      -177.47233      -209.84682       69.385379     0.022510405       0.1264501      -177.47233      -32.374495  -0.00096872559   2.0989032e-09      0.31074856      0.69014495      0.84337601     0.046757079      0.26265352      0.85835152       13.487232       145.27492       13.204914        8.610255       1404.3204       6.8321035        6.8321035                           -0       1426.1356           8.610255             1404.3204          13.204914
              2       721.76269      -164.49631      -98.406263       69.385379     0.022765773      0.11676115      -164.49631       66.090047  -0.00089789653   2.0989032e-09      0.29115377      0.70966891      0.79950633     0.047287512       0.2425283      0.78763043       13.716734       147.52055       11.978544        8.610255       1408.1976       7.3694932        7.3694932                           -0       1428.7864           8.610255             1408.1976          11.978544
              1       721.97062      -185.41654      -256.28832       69.385379     0.022667061      0.11638284      -185.41654      -70.871781   -0.0010120888   2.0989032e-09      0.29016294      0.71077393      0.79877558     0.047082475      0.24174251      0.78557043       13.760987       147.73177       12.577248        8.610255       1408.5432       7.1052893        7.1052893                           -0       1429.7307           8.610255             1408.5432          12.577248
              3       722.37033      -11.332103      -324.38164       69.385379     0.022468224      0.11637019      -11.332103      -313.04954  -6.1855831e-05   2.0989032e-09      0.28972365      0.71026299      0.80002555     0.046669464      0.24171623      0.78620392       13.776236       147.95697       13.900979        8.610255       1408.6511        6.789179         6.789179                           -0       1431.1623           8.610255             1408.6511          13.900979
              1       722.41923      -11.644688      -319.59387       69.309216     0.022436738      0.11593899      -11.644688      -307.94918  -6.3562063e-05   2.0989032e-09      0.28939758       0.7105906       0.7980985     0.046706544      0.24135014      0.78386868       13.794744       148.10878       13.609331       8.9575153       1408.7404       6.7656086        6.7656086                           -0       1431.3072          8.9575153             1408.7404          13.609331
              8       725.45357      -26.547107      -263.42709       69.309216     0.022290189      0.11291483      -26.547107      -236.87998  -0.00014490632   2.0989032e-09      0.28279711      0.71727242      0.78523432     0.046401473      0.23505474      0.76238813       13.873273       149.10188       17.712817       8.9575153       1410.7344       6.7511967        6.7511967                           -0       1437.4048          8.9575153             1410.7344          17.712817
              2       724.92993      -50.829338      -305.34276       69.309216     0.022163545      0.11436621      -50.829338      -254.51343  -0.00027744991   2.0989032e-09      0.28555481      0.71464725      0.79277592      0.04613784      0.23807608      0.77345414       13.845098       148.84572       17.290651       8.9575153       1409.8815       6.8651043        6.8651043                           -0       1436.1297          8.9575153             1409.8815          17.290651
              1       722.65369      -87.025804      -299.02224       69.309216     0.022348215      0.11606554      -87.025804      -211.99644  -0.00047502687   2.0989032e-09      0.28947673      0.71092292      0.79925462     0.046522268      0.24161356      0.78511153       13.791457       148.17382       14.145096       8.9575153       1408.7285       6.7381425        6.7381425                           -0       1431.8311          8.9575153             1408.7285          14.145096
              2       722.21797      -56.275968      -303.96936       69.309216     0.022344447      0.11679756      -56.275968      -247.69339  -0.00030718012   2.0989032e-09      0.29099274      0.70923906      0.80254586     0.046514423      0.24313742      0.79040615        13.77123       147.98021       13.697605       8.9575153       1408.3043       6.7382435        6.7382435                           -0       1430.9595          8.9575153             1408.3043          13.697605
              6       719.92026      -14.839345      -229.97601       69.309216     0.022556192      0.12186625      -14.839345      -215.13667  -8.0999971e-05   2.0989032e-09      0.30198503      0.69802059      0.82326291     0.046955212      0.25368892      0.82598208         13.6116       146.40261       11.367925       8.9575153       1405.7283       6.8934083        6.8934083                           -0       1426.0537          8.9575153             1405.7283          11.367925
              2        720.4711        -23.8318      -295.18744       69.309216     0.022417806      0.12853621        -23.8318      -271.35564  -0.00013008493   2.0989032e-09       0.3155818       0.6844729      0.85252615     0.046667136      0.26757377      0.87438572       13.454211       144.84897       14.726004       8.9575153       1403.7488       6.7549231        6.7549231                           -0       1427.4324          8.9575153             1403.7488          14.726004
              2       721.05785      -21.127933      -336.60182       69.968032     0.022690167      0.13226609      -21.127933      -315.47388  -0.00011532598   2.0989032e-09      0.31784206      0.68219929       0.8681009     0.046348787      0.27017751       0.8935426       13.307854       143.63662       18.073528       6.1808398       1403.5398       7.1607507        7.1607507                           -0       1427.7942          6.1808398             1403.5398          18.073528
              1       721.34786      -3.4466696      -267.35127       69.968032     0.022778549      0.13289227      -3.4466696       -263.9046  -1.8813508e-05   2.0989032e-09      0.31930168      0.68064316      0.86991498     0.046529324      0.27145659      0.89746348       13.277582       143.39115       18.289443       6.1808398       1403.4076       7.4088913        7.4088913                           -0       1427.8779          6.1808398             1403.4076          18.289443
              1       721.17862      -15.224782      -170.56084       69.968032     0.022790966      0.13191156      -15.224782      -155.33606  -8.3103865e-05   2.0989032e-09      0.31732378      0.68268536       0.8656668     0.046554689      0.26945332      0.89031038       13.285035       143.61702       17.718403       6.1808398       1403.5614        7.448326         7.448326                           -0       1427.4606          6.1808398             1403.5614          17.718403
