#        weight    minuslogpost          a_samp               s              H0         omega_b       omega_cdm           a_exo           b_exo        Omega_x0             A_s         Omega_m    Omega_Lambda          sigma8         Omega_b       Omega_cdm              S8             age         rs_drag   minuslogprior minuslogprior__0 minuslogprior__h2_positivity            chi2 chi2__jwst_likelihood_uvlf.UVLFLikelihood
              2       31.881794      -61.773693      -234.95593        61.85978     0.022376981      0.12221827      -61.773693      -173.18223  -0.00033718923   2.0989032e-09      0.37954883      0.62069373      0.80306058     0.058476954      0.31938858      0.90327816       14.280459       146.50744       9.5214948        9.5214948                           -0       44.720599                                 44.720599
              1       30.119428      -21.957389      -226.79243       61.260768     0.022288033      0.12158527      -21.957389      -204.83504  -0.00011985353   2.0989032e-09      0.38508392      0.61493944      0.79898264     0.059389118      0.32397842      0.90522056       14.356991       146.77068       9.5214948        9.5214948                           -0       41.195867                                 41.195867
              1       29.229674      -123.13667      -222.42705       61.094995     0.022329625       0.1206563      -123.13667      -99.290378  -0.00067213661   2.0989032e-09      0.38479913      0.61577599      0.79447554     0.059823271      0.32325015      0.89978126       14.400545       146.96864       9.5214948        9.5214948                           -0       39.416358                                 39.416358
              4       29.420541      -97.442606       -260.2285       61.111965     0.022297995      0.11999434      -97.442606      -162.78589  -0.00053188657   2.0989032e-09      0.38272828      0.61770665      0.79211457     0.059705358      0.32129817      0.89469013       14.424323       147.17833       9.5214948        9.5214948                           -0       39.798093                                 39.798093
              1       29.965857      -60.481252      -256.18325        61.46869     0.022323799      0.12067156      -60.481252        -195.702  -0.00033013449   2.0989032e-09      0.38015959       0.6200747      0.79588019      0.05908268      0.31937213      0.89592167       14.367603       146.97106       9.5214948        9.5214948                           -0       40.888724                                 40.888724
              1       29.180824      -31.703706      -207.63686       60.830423     0.022415725      0.12028453      -31.703706      -175.93315  -0.00017305341   2.0989032e-09      0.38738163      0.61269356      0.79145934     0.060577468      0.32506341      0.89936812       14.430781       146.97141       9.5214948        9.5214948                           -0       39.318658                                 39.318658
              4       29.130645      -83.890129      -231.92089       61.984777     0.022632901      0.12074124      -83.890129      -148.03076  -0.00045791092   2.0989032e-09      0.37484138      0.62552228      0.79594266     0.058907438      0.31425743      0.88970272       14.303779       146.61238       9.5214948        9.5214948                           -0         39.2183                                   39.2183
              1       29.287757      -35.830407      -216.62578       61.516016     0.022745991      0.12021758      -35.830407      -180.79537  -0.00019557885   2.0989032e-09      0.37949087      0.62060902      0.79148344      0.06010747      0.31768124      0.89018828        14.35761       146.62569       9.5214948        9.5214948                           -0       39.532524                                 39.532524
              1       29.696735      -85.488058      -240.36282       61.291312     0.022849216      0.12159081      -85.488058      -154.87476  -0.00046663314   2.0989032e-09      0.38620882      0.61416142      0.79560566     0.060823789      0.32367036      0.90271015       14.340864       146.15447       9.5214948        9.5214948                           -0       40.350481                                 40.350481
              1       29.546245      -59.901883      -239.23445        61.07831     0.022856058      0.12156637      -59.901883      -179.33257  -0.00032697203   2.0989032e-09      0.38886002      0.61136988      0.79470499     0.061267099      0.32586627      0.90477785       14.361285       146.15338       9.5214948        9.5214948                           -0       40.049501                                 40.049501
              2       29.123096      -31.093624      -245.87894       61.214388     0.022902996      0.12093525      -31.093624      -214.78531   -0.0001697233   2.0989032e-09       0.3855741      0.61449899      0.79236763     0.061120271      0.32273485      0.89829715        14.36545       146.26652       9.5214948        9.5214948                           -0       39.203202                                 39.203202
              2       29.096479      -158.70459      -258.61013       60.678357      0.02286079      0.11975693      -158.70459      -99.905545  -0.00086628264   2.0989032e-09      0.38910155      0.61166638      0.78613551      0.06209028      0.32526179      0.89529935       14.458134       146.62089       9.5214948        9.5214948                           -0       39.149969                                 39.149969
              1       29.057122      -33.759578      -259.96633       60.700121     0.022845726       0.1202489      -33.759578      -226.20675   -0.0001842753   2.0989032e-09      0.39011692      0.60996907      0.78821414     0.062004876      0.32636382      0.89883709       14.439447       146.50831       9.5214948        9.5214948                           -0       39.071254                                 39.071254
              1       29.064904      -32.805308      -256.89955       60.691702     0.022904729      0.12046314      -32.805308      -224.09424  -0.00017906646   2.0989032e-09      0.39096696       0.6091138        0.788664     0.062182263      0.32703598      0.90032937       14.431752       146.38786       9.5214948        9.5214948                           -0       39.086818                                 39.086818
              1       29.316577      -57.282019      -256.90325        62.44193      0.02290351       0.1208324      -57.282019      -199.62123  -0.00031267161   2.0989032e-09       0.3703007      0.62991909      0.79614937     0.058742091      0.30990656      0.88452721       14.252905       146.29278       9.5214948        9.5214948                           -0       39.590165                                 39.590165
              1       29.119555      -104.81948      -216.38831       62.405428     0.022856315      0.12137669      -104.81948      -111.56882  -0.00057215296   2.0989032e-09      0.37201045      0.62846872      0.79849934     0.058689646      0.31166682      0.88918372       14.237035       146.20241       9.5214948        9.5214948                           -0        39.19612                                  39.19612
              1       29.159212      -337.05313      -192.74421       62.392328     0.022872654      0.12072324      -337.05313       144.30893   -0.0018397911   2.0989032e-09      0.37053004      0.63121673      0.79579558     0.058756264      0.31011909      0.88440788         14.2581       146.35489       9.5214948        9.5214948                           -0       39.275435                                 39.275435
              2       29.104687       -341.1999      -190.52944       62.428342     0.022940223      0.12128298       -341.1999       150.67045    -0.001862426   2.0989032e-09      0.37171225      0.63005726      0.79775214     0.058861868      0.31119761      0.88799555       14.236418       146.13552       9.5214948        9.5214948                           -0       39.166384                                 39.166384
              1       29.102047       -337.7777      -188.91556       62.422193     0.022940394      0.12126699       -337.7777       148.86213   -0.0018437461   2.0989032e-09       0.3717449      0.63000591      0.79766213     0.058873903       0.3112179      0.88793434       14.237142       146.13948       9.5214948        9.5214948                           -0       39.161105                                 39.161105
              1       29.181833      -333.66531      -195.80004       61.518357     0.022977246      0.12087488      -333.66531       137.86527   -0.0018212988   2.0989032e-09      0.38180988      0.61991573      0.79279354     0.060713954      0.31939389      0.89438202       14.334813       146.20146       9.5214948        9.5214948                           -0       39.320676                                 39.320676
              1       29.259693      -317.97552      -198.48213       61.886917     0.022928137      0.12165256      -317.97552       119.49339   -0.0017356566   2.0989032e-09      0.37917805      0.62246306      0.79747779     0.059864738      0.31763149      0.89656043       14.278419       146.05267       9.5214948        9.5214948                           -0       39.476396                                 39.476396
              1       29.098388      -217.47469      -191.86831       61.634257      0.02285166      0.12123046      -217.47469       25.606376   -0.0011870769   2.0989032e-09      0.38098071      0.62011105      0.79534625     0.060155234      0.31912983      0.89628701       14.313957       146.24552       9.5214948        9.5214948                           -0       39.153786                                 39.153786
              4       29.131449      -97.287964      -185.62236       61.937009     0.022950122      0.12144039      -97.287964      -88.334393  -0.00053104246   2.0989032e-09      0.37806921      0.62236744      0.79653627     0.059825253      0.31656485      0.89419159       14.272557       146.08387       9.5214948        9.5214948                           -0       39.219908                                 39.219908
              1       29.792791      -61.016264      -195.92618       62.038577     0.023008368      0.12042351      -61.016264      -134.90992  -0.00033305484   2.0989032e-09      0.37434154      0.62589743      0.79241153     0.059780859      0.31288707      0.88516486       14.291153       146.28531       9.5214948        9.5214948                           -0       40.542593                                 40.542593
              1       29.824297      -151.92764      -193.04292       61.887675     0.023049544      0.12037967      -151.92764      -41.115281  -0.00082929095   2.0989032e-09      0.37616236      0.62457238      0.79151009     0.060180254      0.31430033       0.8863056       14.307247       146.25195       9.5214948        9.5214948                           -0       40.605605                                 40.605605
              2       29.887563      -130.60698      -205.69153       61.111714     0.023007346      0.12006215      -130.60698      -75.084543  -0.00071291299   2.0989032e-09      0.38481239      0.61580356      0.78786442     0.061605231       0.3214824      0.89230923       14.394216       146.38087       9.5214948        9.5214948                           -0       40.732136                                 40.732136
              2       30.126862      -155.91408      -213.01157       60.743363     0.023010643      0.11967567      -155.91408      -57.097497  -0.00085105074   2.0989032e-09      0.38845509      0.61229782      0.78504447     0.062363587      0.32434576      0.89331379       14.443095       146.47852       9.5214948        9.5214948                           -0       41.210735                                 41.210735
              1       29.394377      -248.53825      -204.54127       60.615323     0.022917563      0.12038635      -248.53825       43.996981   -0.0013566361   2.0989032e-09      0.39177881      0.60947927      0.78805016     0.062373999      0.32765169      0.90056218       14.438166       146.39393       9.5214948        9.5214948                           -0       39.745765                                 39.745765
              1        29.53475      -201.56842       -197.4525       60.380324     0.022905372      0.12045273      -201.56842       4.1159182   -0.0011002531   2.0989032e-09      0.39498297      0.60601796      0.78753062     0.062827023      0.33038915      0.90364117       14.457718       146.38987       9.5214948        9.5214948                           -0       40.026511                                 40.026511
              3       29.144518        -222.472      -196.64689       60.202766     0.022970369      0.12135645        -222.472       25.825111   -0.0012143545   2.0989032e-09      0.39998905       0.6011254      0.79006558     0.063377497      0.33483431      0.91227665       14.447028       146.08368       9.5214948        9.5214948                           -0       39.246046                                 39.246046
              1       29.107679      -123.06245      -209.60886       60.472428     0.023023822      0.12126716      -123.06245      -86.546412  -0.00067173146   2.0989032e-09      0.39633169      0.60424102      0.79031658     0.062959693      0.33161058      0.90838482       14.421335       146.04886       9.5214948        9.5214948                           -0       39.172367                                 39.172367
              1       29.489577       -172.1556       -236.2387       60.333552     0.023020285      0.12160433       -172.1556      -64.083106  -0.00093970444   2.0989032e-09       0.3990749      0.60176533      0.79122057     0.063240153      0.33406521      0.91256571       14.429888       145.96524       9.5214948        9.5214948                           -0       39.936165                                 39.936165
              2       29.350273      -223.48425      -232.36665       60.385466     0.023085668      0.12148928      -223.48425      -8.8823954   -0.0012198799   2.0989032e-09      0.39825281      0.60286776      0.79056531      0.06331077      0.33317555      0.91087032       14.426765       145.92428       9.5214948        9.5214948                           -0       39.657557                                 39.657557
              2       29.070952      -63.320912      -272.76586       61.142221     0.023031624      0.12022383      -63.320912      -209.44495  -0.00034563467   2.0989032e-09      0.38492591      0.61532286      0.78851192     0.061608714      0.32159416      0.89317428       14.394116       146.31214       9.5214948        9.5214948                           -0       39.098914                                 39.098914
              2       29.132405      -42.625275      -262.67905       61.187279     0.023040545      0.11975612      -42.625275      -220.05378  -0.00023266836   2.0989032e-09      0.38313376      0.61700218      0.78671119     0.061541838      0.31987142      0.88905763       14.401295       146.42481       9.5214948        9.5214948                           -0       39.221821                                 39.221821
              4        29.17397      -15.233609      -276.96701       60.967601     0.023086036      0.12059305      -15.233609       -261.7334  -8.3152046e-05   2.0989032e-09      0.38827372      0.61171201      0.78902482     0.062108518      0.32443228      0.89763347       14.398239        146.1567       9.5214948        9.5214948                           -0        39.30495                                  39.30495
              3       29.051417      -13.916419      -276.07374       60.713349     0.023092395       0.1203074      -13.916419      -262.15732  -7.5962217e-05   2.0989032e-09      0.39077483      0.60920289      0.78695802     0.062647048      0.32638032      0.89816108       14.431068       146.22427       9.5214948        9.5214948                           -0       39.059844                                 39.059844
              1       29.560368      -33.828079      -247.02622       60.248412     0.022943462      0.11954603      -33.828079      -213.19814  -0.00018464922   2.0989032e-09      0.39432152      0.60576337      0.78320127     0.063207374      0.32933961      0.89792073       14.499995        146.5859       9.5214948        9.5214948                           -0       40.077746                                 40.077746
              1       29.128412       -131.7865       -254.9384        60.20214     0.022908346      0.11991558       -131.7865       -123.1519  -0.00071935135   2.0989032e-09      0.39585066      0.60476878      0.78478082     0.063207682      0.33086571      0.90147449       14.497775       146.52727       9.5214948        9.5214948                           -0       39.213835                                 39.213835
              2       29.094501      -122.33038      -253.68245       60.170345     0.022904522      0.12023794      -122.33038      -131.35207  -0.00066773549   2.0989032e-09      0.39714894      0.60341878      0.78596472     0.063263938      0.33210585      0.90431373        14.49107       146.44698       9.5214948        9.5214948                           -0       39.146013                                 39.146013
              2       29.067544      -36.961663      -254.99146       60.410085     0.022972515      0.12057619      -36.961663       -218.0298  -0.00020175376   2.0989032e-09      0.39511617      0.60498636      0.78769458     0.062949117      0.33040199      0.90398168       14.453848       146.28447       9.5214948        9.5214948                           -0       39.092098                                 39.092098
              2       29.093537       -112.9174       -259.7193       60.085842     0.023074404      0.12045114       -112.9174       -146.8019  -0.00061635512   2.0989032e-09      0.39932787      0.60118818      0.78544823     0.063912556      0.33363116      0.90619518       14.488708       146.20631       9.5214948        9.5214948                           -0       39.144083                                 39.144083
              1       29.086506      -147.59188      -268.39703       60.373125     0.023115042      0.12016302      -147.59188      -120.80515  -0.00080562437   2.0989032e-09      0.39485757       0.6058487      0.78510007     0.063417247      0.32967311      0.90070925         14.4697       146.23737       9.5214948        9.5214948                           -0       39.130023                                 39.130023
              1       29.120875      -132.69347      -324.00052       60.130638     0.022841187      0.11795089      -132.69347      -191.30705  -0.00072430201   2.0989032e-09      0.39117311      0.60945104       0.7771699      0.06317235      0.32621926      0.88744173       14.576122       147.11963       9.5214948        9.5214948                           -0       39.198761                                 39.198761
              2       29.555986      -42.544586      -323.74056       60.269408     0.022858152      0.11742176      -42.544586      -281.19597  -0.00023222792   2.0989032e-09      0.38796384       0.6121687      0.77536466     0.062928481      0.32326205      0.88174093       14.575941       147.24177       9.5214948        9.5214948                           -0       40.068983                                 40.068983
              5       30.047214      -55.810186      -322.40179       60.041838     0.022878612      0.11705487      -55.810186       -266.5916  -0.00030463767   2.0989032e-09      0.38994938      0.61025481      0.77297775     0.063463163      0.32469944      0.88127303       14.609244       147.31709       9.5214948        9.5214948                           -0       41.051438                                 41.051438
              8       29.233078      -110.71772      -330.99113       60.414178     0.022912677       0.1175692      -110.71772      -220.27341  -0.00060434825   2.0989032e-09      0.38666006      0.61384507      0.77615508     0.062776643       0.3221186      0.88115546        14.55806       147.14237       9.5214948        9.5214948                           -0       39.423166                                 39.423166
              3       29.131188       -118.6182      -340.73756       60.550872     0.022867069      0.11736565       -118.6182      -222.11936  -0.00064747272   2.0989032e-09      0.38423671      0.61631199      0.77609334     0.062369131      0.32011072      0.87831997       14.553825       147.24689       9.5214948        9.5214948                           -0       39.219387                                 39.219387
              1       28.900863      -153.61953      -365.34328       62.175716     0.023051858      0.11707506      -153.61953      -211.72375  -0.00083852605   2.0989032e-09      0.36414284      0.63660201      0.77913059     0.059629936      0.30284667      0.85839172       14.403902       147.12083       9.5214948        9.5214948                           -0       38.758737                                 38.758737
              1        28.91795      -116.72893      -385.05277       62.078941     0.023032456      0.11687625      -116.72893      -268.32384  -0.00063716022   2.0989032e-09      0.36471282      0.63583038       0.7781248     0.059765652      0.30327573      0.85795428       14.422201       147.19518       9.5214948        9.5214948                           -0        38.79291                                  38.79291
              2       29.050389      -158.84889      -386.69807       62.095053     0.023017179      0.11696969      -158.84889      -227.84918  -0.00086707029   2.0989032e-09      0.36472629      0.63604687      0.77868228     0.059695017      0.30336071       0.8585848       14.419586       147.18707       9.5214948        9.5214948                           -0       39.057788                                 39.057788
              1       29.342502      -226.58105      -394.74473        61.27088     0.023173555      0.11735959      -226.58105      -168.16368   -0.0012367836   2.0989032e-09      0.37605952      0.62508081      0.77667457     0.061728315      0.31261539      0.86957441       14.485459       146.91161       9.5214948        9.5214948                           -0       39.642015                                 39.642015
              2        29.11945      -223.60221      -373.08279        61.65031     0.023130523       0.1162207      -223.60221      -149.48058   -0.0012205237   2.0989032e-09      0.36833512      0.63279013      0.77345986     0.060857615      0.30578275      0.85703531       14.480843       147.26239       9.5214948        9.5214948                           -0        39.19591                                  39.19591
              1       28.908384      -171.32411      -391.50885       62.121941     0.023040223       0.1165425      -171.32411      -220.18473  -0.00093516583   2.0989032e-09       0.3633634      0.63747793      0.77686173     0.059703066      0.30199121      0.85497554       14.430311       147.27576       9.5214948        9.5214948                           -0       38.773778                                 38.773778
              2       28.921385      -44.430693      -390.70946       61.443108     0.022979203      0.11627837      -44.430693      -346.27877  -0.00024252316   2.0989032e-09      0.37057547      0.62957114      0.77391112     0.060867941      0.30800132       0.8601393       14.502546       147.41377       9.5214948        9.5214948                           -0       38.799781                                 38.799781
              2       28.933449      -75.910913      -377.96042       61.224695     0.022927375      0.11710675      -75.910913      -302.04951  -0.00041435668   2.0989032e-09      0.37529581      0.62502194      0.77693375     0.061164732      0.31241268      0.86898088       14.498815        147.2494       9.5214948        9.5214948                           -0       38.823909                                 38.823909
              2       29.027424       -130.3716      -373.20045       60.519181     0.023010417      0.11683485       -130.3716      -242.82885  -0.00071162814   2.0989032e-09      0.38358136       0.6170314        0.772974     0.062825855       0.3189968      0.87404341       14.574151       147.23049       9.5214948        9.5214948                           -0       39.011859                                 39.011859
              2       29.024088      -129.30365      -373.40564       60.515618     0.023010377      0.11684159      -129.30365      -244.10199   -0.0007057988   2.0989032e-09      0.38364482      0.61696209      0.77298942     0.062833142      0.31905278      0.87413315       14.574306       147.22874       9.5214948        9.5214948                           -0       39.005186                                 39.005186
              1       29.145771      -166.01134      -384.49818        60.34942     0.023030733      0.11749434      -166.01134      -218.48684  -0.00090616626   2.0989032e-09      0.38760892      0.61319782      0.77497891     0.063235588      0.32260472      0.88089904       14.572709       147.03246       9.5214948        9.5214948                           -0       39.248553                                 39.248553
              2       29.173481      -147.45298      -380.43622       60.317871     0.023048982      0.11771891      -147.45298      -232.98324   -0.0008048662   2.0989032e-09      0.38868193       0.6120234      0.77565251     0.063351913      0.32355956      0.88288421       14.567363       146.95278       9.5214948        9.5214948                           -0       39.303972                                 39.303972
              1       29.113532      -79.205027      -392.04882       60.203997     0.023051526      0.11753319      -79.205027      -312.84379  -0.00043233747   2.0989032e-09      0.38964828      0.61068415      0.77447724     0.063598816       0.3242723      0.88264164       14.584498        146.9993       9.5214948        9.5214948                           -0       39.184074                                 39.184074
              2       29.000917      -43.642015      -393.15108       60.193347     0.023063807      0.11661884      -43.642015      -349.50906  -0.00023821819   2.0989032e-09      0.38729651      0.61284176      0.77064478     0.063655216      0.32186351      0.87561947       14.612583       147.22939       9.5214948        9.5214948                           -0       38.958845                                 38.958845
              2       29.028385     -0.34775241      -388.46786       60.099159     0.023054334      0.11678624     -0.34775241      -388.12011  -1.8981926e-06   2.0989032e-09      0.38894865        0.610953      0.77103858     0.063828669      0.32333661      0.87793349       14.615366       147.19511       9.5214948        9.5214948                           -0       39.013781                                 39.013781
              2       29.066693      -5.0782636      -385.43191       60.141829     0.023058424      0.11677303      -5.0782636      -380.35365  -2.7719499e-05   2.0989032e-09      0.38837174      0.61155587      0.77110379     0.063749438      0.32284146      0.87735634       14.611037       147.19414       9.5214948        9.5214948                           -0       39.090396                                 39.090396
              4       28.997263      -21.090659      -384.57143       60.070213     0.023033862      0.11694788      -21.090659      -363.48077  -0.00011512252   2.0989032e-09      0.38971482      0.61029995      0.77172724     0.063833466      0.32409626      0.87958267       14.613751       147.17451       9.5214948        9.5214948                           -0       38.951536                                 38.951536
              4       28.908963      -60.431048      -419.49864       60.520829     0.022979206      0.11632012      -60.431048      -359.06759  -0.00032986046   2.0989032e-09      0.38206994      0.61816106      0.77109081     0.062737221      0.31757411       0.8701945       14.596663       147.40258       9.5214948        9.5214948                           -0       38.774937                                 38.774937
              1       29.314688      -155.41052      -399.16052         61.2849     0.022939203      0.11703883      -155.41052         -243.75  -0.00084830211   2.0989032e-09      0.37440948      0.62634241      0.77684143      0.06107611      0.31161834      0.86785099       14.500006       147.25449       9.5214948        9.5214948                           -0       39.586387                                 39.586387
              2       29.048889       -39.26911      -361.00356       61.624524     0.022833578      0.11666258       -39.26911      -321.73445  -0.00021434887   2.0989032e-09      0.36902506      0.63109393      0.77696134     0.060126623      0.30720226      0.86172107       14.472626       147.47184       9.5214948        9.5214948                           -0       39.054789                                 39.054789
              2       28.947668      -99.547884      -353.76968       61.569651     0.022802806      0.11737787      -99.547884       -254.2218  -0.00054337814   2.0989032e-09      0.37148886      0.62895899      0.77994526      0.06015267      0.30963699      0.86791341        14.45748        147.3146       9.5214948        9.5214948                           -0       38.852347                                 38.852347
              1       29.076283      -121.58921      -356.58221       62.294548     0.022817627      0.11756829      -121.58921        -234.993  -0.00066368985   2.0989032e-09      0.36342232      0.63714806      0.78300034     0.058799062      0.30296337      0.86180125       14.382557       147.24744       9.5214948        9.5214948                           -0       39.109576                                 39.109576
              1       29.002916      -115.75601      -352.44707       62.263507     0.022824313      0.11755947      -115.75601      -236.69106  -0.00063184957   2.0989032e-09      0.36377925      0.63675919       0.7828141      0.05887495      0.30324276      0.86201926       14.384759       147.24241       9.5214948        9.5214948                           -0       38.962842                                 38.962842
              2       28.909417      -57.490742       -354.0835       62.309912     0.022790491      0.11733749      -57.490742      -296.59276  -0.00031381092   2.0989032e-09      0.36257875      0.63764179      0.78222944     0.058700175      0.30221951      0.85995298       14.386864       147.33899       9.5214948        9.5214948                           -0       38.775844                                 38.775844
              2       29.354385      -107.72416      -348.32566       61.307308     0.022662398      0.11812904      -107.72416       -240.6015  -0.00058800804   2.0989032e-09      0.37629994      0.62419172      0.78303341     0.060295011      0.31429116      0.87697405       14.463859        147.2696       9.5214948        9.5214948                           -0       39.665781                                 39.665781
              3       29.446747      -143.69371      -348.40797       61.385626     0.022637186       0.1180829      -143.69371      -204.71426  -0.00078434638   2.0989032e-09      0.37515103      0.62553722      0.78328288     0.060074348      0.31336728      0.87591321       14.459231       147.30979       9.5214948        9.5214948                           -0       39.850504                                 39.850504
              3       29.197968      -107.07689      -329.42017       61.881295     0.022621488      0.11827933      -107.07689      -222.34328   -0.0005844749   2.0989032e-09      0.36963715      0.63085276      0.78578621     0.059074817      0.30888021      0.87223113       14.402034       147.27488       9.5214948        9.5214948                           -0       39.352946                                 39.352946
              2       31.307444      -151.10466      -347.70509       61.897007     0.022590248      0.11902662      -151.10466      -196.60043  -0.00082479873   2.0989032e-09      0.37131848       0.6294118      0.78913614     0.058963291      0.31067391       0.8779395       14.383205       147.11103       9.5214948        9.5214948                           -0       43.571899                                 43.571899
              1       29.559869      -255.57542      -365.13422       61.922602     0.022664608      0.11738855      -255.57542      -109.55881   -0.0013950482   2.0989032e-09       0.3669335      0.63436711      0.78209999     0.059108483      0.30614514      0.86495863       14.432769        147.4647       9.5214948        9.5214948                           -0       40.076749                                 40.076749
              1       29.304803      -243.69025      -366.96546       62.177655     0.022609916      0.11698353      -243.69025      -123.27521   -0.0013301735   2.0989032e-09      0.36274023      0.63849628      0.78158703     0.058483084      0.30259101      0.85943805       14.422157       147.63393       9.5214948        9.5214948                           -0       39.566616                                 39.566616
              1       29.672551       -240.5901      -373.87505       62.206837     0.022585566        0.117093       -240.5901      -133.28495   -0.0013132514   2.0989032e-09      0.36261995      0.63859973      0.78229578     0.058365302      0.30259008      0.86007477       14.417907       147.63164       9.5214948        9.5214948                           -0       40.302112                                 40.302112
              1       29.635187       -296.7474      -336.67476       60.645049     0.022321537      0.11563282       -296.7474      -39.927362   -0.0016197838   2.0989032e-09      0.37684937      0.62467195       0.7728185     0.060692271       0.3144057       0.8661653        14.61786       148.32114       9.5214948        9.5214948                           -0       40.227385                                 40.227385
              2        30.02782      -242.74584      -338.14446        60.69508     0.022317673      0.11531771      -242.74584      -95.398616   -0.0013250185   2.0989032e-09       0.3753625      0.62586422      0.77168361     0.060581767      0.31303221      0.86318541       14.621801       148.41121       9.5214948        9.5214948                           -0        41.01265                                  41.01265
              5       29.979987      -233.69575      -343.94402        60.47635     0.022337524      0.11529814      -233.69575      -110.24827   -0.0012756189   2.0989032e-09      0.37808339      0.62309322       0.7707577     0.061075059      0.31524714      0.86526879       14.644254       148.39418       9.5214948        9.5214948                           -0       40.916984                                 40.916984
              2        29.51299      -176.73572      -341.24258       60.501894     0.022322555      0.11590774      -176.73572      -164.50687  -0.00096470484   2.0989032e-09      0.37938866      0.62147712      0.77341572     0.060982603      0.31664635      0.86975021       14.621518       148.24537       9.5214948        9.5214948                           -0        39.98299                                  39.98299
              1       29.281164      -179.21561      -342.15973       60.292445     0.022298985      0.11620684      -179.21561      -162.94412  -0.00097824125   2.0989032e-09       0.3827871      0.61809153      0.77408788     0.061342195      0.31967295      0.87439625       14.634018       148.19079       9.5214948        9.5214948                           -0       39.519338                                 39.519338
              5       28.995746      -106.18988      -377.77759       60.522922     0.022273202        0.116305      -106.18988      -271.58771   -0.0005796332   2.0989032e-09      0.38007487      0.62040591      0.77543409     0.060805502      0.31751088      0.87280824       14.612944        148.1932       9.5214948        9.5214948                           -0       38.948503                                 38.948503
              2       29.206019      -81.791275      -387.36674       60.679346     0.022272996      0.11653269      -81.791275      -305.57546   -0.0004464544   2.0989032e-09      0.37873563      0.62161248      0.77689253     0.060491847      0.31649435      0.87290785       14.591469       148.13182       9.5214948        9.5214948                           -0       39.369049                                 39.369049
              1        29.26565      -82.479138      -381.29439       60.782091     0.022376253      0.11689796      -82.479138      -298.81525  -0.00045020908   2.0989032e-09       0.3787245      0.62162769      0.77807487     0.060567004      0.31641398      0.87422348       14.565975       147.91753       9.5214948        9.5214948                           -0        39.48831                                  39.48831
              2       29.274186      -29.232825      -391.27728       60.504536     0.022375471      0.11683622      -29.232825      -362.04446   -0.0001595662   2.0989032e-09      0.38203636      0.61802428      0.77687853     0.061121824      0.31915499      0.87668756       14.595654       147.93504       9.5214948        9.5214948                           -0       39.505381                                 39.505381
              1       29.001253      -21.567862      -388.05993       60.492445     0.022385206      0.11651042      -21.567862      -366.49207  -0.00011772731   2.0989032e-09      0.38132537       0.6186934       0.7754389     0.061172866      0.31839225      0.87424833       14.605894       148.01201       9.5214948        9.5214948                           -0       38.959517                                 38.959517
              2       29.349776       -11.17926      -403.02467       60.800301     0.022553572      0.11686301       -11.17926      -391.84541  -6.1021542e-05   2.0989032e-09      0.37888278      0.62108028      0.77686768     0.061010401      0.31612991      0.87304949        14.56174       147.72898       9.5214948        9.5214948                           -0       39.656562                                 39.656562
              2       28.941371      -78.845832      -401.49677       61.019549     0.022510591      0.11600649      -78.845832      -322.65094  -0.00043037682   2.0989032e-09      0.37374918      0.62658394      0.77437536     0.060457322      0.31156188      0.86433285       14.569186       148.00778       9.5214948        9.5214948                           -0       38.839752                                 38.839752
              1       29.187651      -112.74945      -360.86756       60.049142     0.022393214      0.11614934      -112.74945      -248.11811  -0.00061543838   2.0989032e-09      0.38599716      0.61451785      0.77242596     0.062101606      0.32210922      0.87616982       14.658615       148.10062       9.5214948        9.5214948                           -0       39.332313                                 39.332313
              1       29.108453       -113.3905      -357.21187        60.50646      0.02232525      0.11714917       -113.3905      -243.82137  -0.00061893751   2.0989032e-09      0.38272971      0.61779032      0.77847808     0.060980762      0.31998951      0.87928942       14.583842       147.90695       9.5214948        9.5214948                           -0       39.173916                                 39.173916
              2       29.517452      -68.330079      -381.72674        60.20239     0.022247399      0.11710566      -68.330079      -313.39666    -0.000372977   2.0989032e-09       0.3862708      0.61400226      0.77775872     0.061383519      0.32311003      0.88253147       14.620575       148.00588       9.5214948        9.5214948                           -0       39.991914                                 39.991914
              3       29.709182      -178.84544      -360.33721       61.443453     0.022265597      0.11479603      -178.84544      -181.49177  -0.00097622067   2.0989032e-09      0.36475468      0.63612562      0.77226073     0.058977059      0.30407144      0.85153746       14.568015       148.61236       9.5214948        9.5214948                           -0       40.375374                                 40.375374
              1       28.781752      -75.696602      -415.71913       62.084509     0.022104244      0.11436227      -75.696602      -340.02253  -0.00041318687   2.0989032e-09      0.35571707      0.64460217       0.7734888     0.057346797      0.29669914      0.84225919       14.531232       148.91411       9.5214948        9.5214948                           -0       38.520514                                 38.520514
              2       28.834639      -95.372924      -411.01292       62.127401     0.022126109      0.11471826      -95.372924         -315.64  -0.00052058929   2.0989032e-09      0.35620501      0.64422177      0.77499144     0.057324291      0.29721189      0.84447401       14.515019       148.79156       9.5214948        9.5214948                           -0       38.626288                                 38.626288
              2       28.910377      -269.67704      -438.95175       62.032471     0.022216482      0.11387529      -269.67704      -169.27471   -0.0014720213   2.0989032e-09      0.35534026      0.64603765      0.77067825     0.057734728       0.2959316      0.83875416       14.557086       148.92056       9.5214948        9.5214948                           -0       38.777764                                 38.777764
              1       28.975796      -282.47087       -424.8549       60.334249     0.022243762      0.11393613      -282.47087      -142.38404   -0.0015418559   2.0989032e-09      0.37586729      0.62557509      0.76535037     0.061105515      0.31299228      0.85667666       14.718835       148.87287       9.5214948        9.5214948                           -0       38.908603                                 38.908603
              1       28.995507      -317.24447      -448.59795       60.817238     0.022288824       0.1128067      -317.24447      -131.35348   -0.0017316663   2.0989032e-09      0.36698927      0.63464449      0.76193708     0.060260644      0.30498713      0.84272362       14.710449       149.13333       9.5214948        9.5214948                           -0       38.948024                                 38.948024
              1        28.98951      -317.24987      -448.72223       60.816812     0.022288813      0.11281322      -317.24987      -131.47236   -0.0017316957   2.0989032e-09      0.36701202      0.63462178      0.76196328     0.060261459      0.30500903      0.84277871       14.710306       149.13153       9.5214948        9.5214948                           -0       38.936031                                 38.936031
              1       28.831976      -293.15945       -444.2654        61.23823     0.022295973      0.11319247      -293.15945      -151.10596   -0.0016001991   2.0989032e-09      0.36300852      0.63849511      0.76483111     0.059454013      0.30183687       0.8413241       14.655044       149.01854       9.5214948        9.5214948                           -0       38.620963                                 38.620963
              4       28.843235      -345.44997      -438.53765       61.203759     0.022349045      0.11339962      -345.44997      -93.087685   -0.0018856248   2.0989032e-09      0.36411222      0.63767673      0.76528121     0.059662682      0.30272997      0.84309799       14.650443       148.90117       9.5214948        9.5214948                           -0        38.64348                                  38.64348
              2       28.778629      -322.24082      -450.21638        61.52723     0.022280264      0.11332094      -322.24082      -127.97556   -0.0017589386   2.0989032e-09      0.35990421      0.64175907      0.76639814     0.058855305      0.29934737       0.8394354       14.625014       149.00093       9.5214948        9.5214948                           -0       38.514268                                 38.514268
              3       28.824485      -174.19787      -463.91422        61.13816     0.022296845      0.11274484      -174.19787      -289.71634  -0.00095085213   2.0989032e-09       0.3630026      0.63785138      0.76258454     0.059651131       0.3016282      0.83884599       14.679723       149.14133       9.5214948        9.5214948                           -0        38.60598                                  38.60598
              1       28.976709      -202.75289      -465.97926       60.973766     0.022258198      0.11235081      -202.75289      -263.22637   -0.0011067185   2.0989032e-09      0.36379886      0.63721046      0.76066066      0.05986927      0.30219701      0.83764692        14.71087       149.29463       9.5214948        9.5214948                           -0       38.910429                                 38.910429
              3       28.783068       -257.7195      -468.58516       60.901214     0.022245064      0.11319206       -257.7195      -210.86566   -0.0014067516   2.0989032e-09      0.36689891      0.63441021      0.76409527     0.059976589      0.30518562      0.84500659       14.693418        149.0765       9.5214948        9.5214948                           -0       38.523146                                 38.523146
              1       28.750257      -283.14665      -468.23975       60.773842     0.022217445      0.11280379      -283.14665      -185.09309   -0.0015455447   2.0989032e-09      0.36731243      0.63413507      0.76224115     0.060153475      0.30541497      0.84343104       14.719863       149.21538       9.5214948        9.5214948                           -0       38.457524                                 38.457524
              1       28.827105      -249.58017      -464.19598       60.602037     0.022218269      0.11276579      -249.58017      -214.61581   -0.0013623234   2.0989032e-09       0.3692968      0.63196693      0.76150878     0.060497271      0.30704563      0.84489367       14.736522       149.22497       9.5214948        9.5214948                           -0        38.61122                                  38.61122
              1       28.828318      -212.50421      -450.97257       61.055599     0.022121573      0.11293711      -212.50421      -238.46837   -0.0011599457   2.0989032e-09      0.36403059      0.63703221      0.76424602     0.059342388      0.30296027      0.84186315       14.685898       149.28781       9.5214948        9.5214948                           -0       38.613647                                 38.613647
              1       28.801797      -166.84931       -468.8402       60.948184     0.022082522      0.11323932      -166.84931      -301.99089  -0.00091074028   2.0989032e-09      0.36602328      0.63478998      0.76542492     0.059446616      0.30484263      0.84546634       14.690243       149.24865       9.5214948        9.5214948                           -0       38.560605                                 38.560605
              1       28.816517      -123.55356      -450.31623        61.90904     0.022115023      0.11269024      -123.55356      -326.76267  -0.00067441218   2.0989032e-09      0.35340195      0.64717798      0.76583919     0.057700458      0.29402087      0.83121128       14.607925       149.36381       9.5214948        9.5214948                           -0       38.590045                                 38.590045
              1       29.864166       -127.8888      -456.27937       62.603449     0.021771602      0.11374861       -127.8888      -328.39057  -0.00069807592   2.0989032e-09      0.34742965      0.65317603      0.77466817     0.055551254      0.29023486      0.83365916       14.519604       149.46363       9.5214948        9.5214948                           -0       40.685343                                 40.685343
              1        28.74992      -248.81909       -429.2381       62.340017     0.021732307      0.11275103      -248.81909      -180.41901   -0.0013581691   2.0989032e-09      0.34770411      0.65356088      0.76987697     0.055920624      0.29012602      0.82883029       14.575475       149.78645       9.5214948        9.5214948                           -0        38.45685                                  38.45685
              1       28.939029      -170.47391      -421.01863       62.114232      0.02171614      0.11272293      -170.47391      -250.54472    -0.000930525   2.0989032e-09      0.35012177      0.65071489      0.76912648     0.056286001      0.29216624      0.83089605       14.595207       149.81296       9.5214948        9.5214948                           -0       38.835068                                 38.835068
              1       29.416656      -243.45108      -390.97248        62.11499     0.021756407      0.11515648      -243.45108       -147.5214    -0.001328868   2.0989032e-09      0.35652495      0.64471006      0.77920698     0.056388993      0.29846647      0.84944874       14.514161       149.09241       9.5214948        9.5214948                           -0       39.790322                                 39.790322
              1       29.448371      -238.41632       -394.1552       62.099115     0.021772433      0.11513687      -238.41632      -155.73889   -0.0013013859   2.0989032e-09      0.35669797      0.64450952      0.77897327     0.056459386      0.29856823      0.84939997       14.516253       149.07947       9.5214948        9.5214948                           -0       39.853753                                 39.853753
              6       29.008298      -276.70981      -382.45301       61.958764     0.021808941      0.11487138      -276.70981      -105.74319   -0.0015104095   2.0989032e-09      0.35771931      0.64369677      0.77718505     0.056810563      0.29923083      0.84866248       14.535787       149.11073       9.5214948        9.5214948                           -0       38.973606                                 38.973606
              1       29.015397      -154.83886      -350.15243       60.920058     0.021684619      0.11556328      -154.83886      -195.31357  -0.00084518174   2.0989032e-09      0.37155112      0.62919649       0.7774224     0.058429367      0.31138613      0.86517849       14.611496       149.06276       9.5214948        9.5214948                           -0       38.987804                                 38.987804
              1        29.06825      -110.66409      -341.77975       61.229518     0.021698109      0.11559692      -110.66409      -231.11566  -0.00060405553   2.0989032e-09      0.36793059      0.63257688      0.77845944     0.057876226      0.30833623      0.86210132       14.577081       149.03811       9.5214948        9.5214948                           -0        39.09351                                  39.09351
              1       30.051237      -69.133227      -342.07084       60.986473     0.021749218      0.11463761      -69.133227      -272.93761  -0.00037736095   2.0989032e-09      0.36842719      0.63185281      0.77332901     0.058475859      0.30821948      0.85699742       14.628428       149.24347       9.5214948        9.5214948                           -0       41.059484                                 41.059484
              1       32.129582      -42.037455      -318.82128       60.496804     0.021784413      0.11423887      -42.037455      -276.78382  -0.00022945977   2.0989032e-09      0.37342218      0.62670833      0.76980984     0.059522477      0.31213971      0.85886101       14.684266       149.31322       9.5214948        9.5214948                           -0       45.216175                                 45.216175
              3       32.239329      -89.271907      -301.10648       61.306859       0.0217725      0.11439002      -89.271907      -211.83457  -0.00048728713   2.0989032e-09      0.36398971      0.63640123      0.77313635     0.057928219       0.3043477      0.85160857       14.597393       149.28512       9.5214948        9.5214948                           -0       45.435669                                 45.435669
              1       30.111065      -140.62726       -277.5564       61.006856     0.021516857      0.11590432      -140.62726      -136.92914  -0.00076760828   2.0989032e-09      0.37096019      0.62971013      0.78009991     0.057812475      0.31141702      0.86746758       14.585482       149.16139       9.5214948        9.5214948                           -0       41.179141                                 41.179141
              1       29.778594      -138.96472      -275.41959       60.168156      0.02130566      0.11610978      -138.96472      -136.45486  -0.00075853338   2.0989032e-09      0.38135823      0.61930027      0.77947636     0.058852049       0.3207269      0.87883811       14.669056       149.34786       9.5214948        9.5214948                           -0       40.514198                                 40.514198
              5       29.338734       -126.4079      -290.69885       60.668898       0.0213116      0.11615001       -126.4079      -164.29095  -0.00068999244   2.0989032e-09      0.37521442      0.62537719      0.78131105     0.057900703      0.31556369      0.87378201       14.619575       149.32996       9.5214948        9.5214948                           -0       39.634479                                 39.634479
              1       28.968203      -48.211067      -264.76093       63.319556      0.02185411      0.11814324      -48.211067      -216.54987  -0.00026315818   2.0989032e-09      0.35078234       0.6493905      0.79462872     0.054507643      0.29466812      0.85925583       14.279563        148.1689       9.5214948        9.5214948                           -0       38.893416                                 38.893416
              4       29.035764      -56.432485      -269.76442       63.234988     0.021918724      0.11850105      -56.432485      -213.33194  -0.00030803446   2.0989032e-09      0.35277763      0.64743984       0.7954492     0.054815122      0.29635163      0.86258588       14.276172       147.99988       9.5214948        9.5214948                           -0       39.028538                                 39.028538
              1       29.516249      -125.14455      -215.22165       63.326573     0.021465614      0.11983484      -125.14455        -90.0771  -0.00068309651   2.0989032e-09      0.35395403      0.64663877      0.80416555     0.053526807        0.298821      0.87349066       14.234607        148.1539       9.5214948        9.5214948                           -0       39.989508                                 39.989508
              2       29.466434      -129.47677      -213.95819       63.275315     0.021487256      0.11984247      -129.47677      -84.481422  -0.00070674376   2.0989032e-09      0.35460083      0.64601547      0.80389158     0.053667619      0.29932439      0.87399053       14.238502       148.12732       9.5214948        9.5214948                           -0       39.889879                                 39.889879
              1       29.059967      -176.17424      -227.67522       63.431662     0.021267827      0.11828933      -176.17424      -51.500982  -0.00096164003   2.0989032e-09      0.34844949      0.65242215      0.79940724     0.052858027      0.29399056      0.86154381       14.278815       148.79596       9.5214948        9.5214948                           -0       39.076945                                 39.076945
              3       29.769827      -243.15208      -203.35685       64.532629     0.021026746      0.11935721      -243.15208       39.795236   -0.0013272359   2.0989032e-09      0.33864676      0.66259352      0.80890097     0.050490927      0.28660909      0.85942541       14.148965       148.78311       9.5214948        9.5214948                           -0       40.496665                                 40.496665
              1       29.848643      -209.22387       -208.8048       66.092363      0.02139552      0.11976196      -209.22387      0.41906491   -0.0011420401   2.0989032e-09       0.3246225      0.67643664      0.81287844     0.048980169      0.27416773      0.84557919       13.984067       148.25297       9.5214948        9.5214948                           -0       40.654297                                 40.654297
              1       29.743678      -293.35474      -254.64175       65.849574     0.021415149       0.1180993      -293.35474       38.712988   -0.0016012651   2.0989032e-09      0.32323156      0.67828619      0.80505551     0.049387286      0.27235878      0.83564551       14.063161       148.67905       9.5214948        9.5214948                           -0       40.444366                                 40.444366
              3       28.983055      -297.35441      -231.00965        66.04318     0.021606557      0.11772875      -297.35441       66.344754   -0.0016230971   2.0989032e-09       0.3209285      0.68061157      0.80272859      0.04953699      0.26991471      0.83025644       14.046537       148.56134       9.5214948        9.5214948                           -0        38.92312                                  38.92312
              1       28.993994       -290.5474      -221.06841       65.926449     0.021503667      0.11793242       -290.5474       69.478991   -0.0015859414   2.0989032e-09      0.32229789      0.67920474      0.80392446     0.049475838      0.27134002      0.83326539       14.052295       148.62332       9.5214948        9.5214948                           -0       38.944998                                 38.944998
              1       28.996068      -271.67765       -229.4633       65.951013     0.021462107      0.11754305      -271.67765       42.214348   -0.0014829416   2.0989032e-09       0.3210671      0.68033258      0.80259217     0.049343439      0.27024273      0.83029457       14.063481       148.77644       9.5214948        9.5214948                           -0       38.949147                                 38.949147
              1       28.976684      -273.24356       -238.1773       66.276214     0.021421127      0.11756327      -273.24356       35.066259   -0.0014914891   2.0989032e-09      0.31787677      0.68353228      0.80388947     0.048767101      0.26764323      0.82749448       14.036178       148.81778       9.5214948        9.5214948                           -0       38.910378                                 38.910378
              1       28.961036      -250.67921      -239.49762       66.140553     0.021059858      0.11691685      -250.67921       11.181589   -0.0013683224   2.0989032e-09       0.3168786      0.68440695      0.80306918     0.048141519      0.26726462      0.82535119       14.077255          149.41       9.5214948        9.5214948                           -0       38.879082                                 38.879082
              1       29.111912      -57.575736      -204.36377       68.072257     0.021304892      0.11935561      -57.575736      -146.78803  -0.00031427485   2.0989032e-09      0.30494121      0.69529491      0.81724495     0.045976832      0.25757431      0.82394777       13.816905       148.46533       9.5214948        9.5214948                           -0       39.180834                                 39.180834
              2       29.074041      -4.9788924      -232.92479       67.205792     0.021458882      0.11885253      -4.9788924       -227.9459  -2.7177085e-05   2.0989032e-09      0.31208203      0.68786497      0.81166372     0.047510945      0.26314494      0.82784664       13.907154       148.42559       9.5214948        9.5214948                           -0       39.105093                                 39.105093
              5       29.001224      -4.5395997       -234.4581        67.73974     0.021702632      0.11901756      -4.5395997       -229.9185  -2.4779224e-05   2.0989032e-09      0.30807239      0.69187348      0.81225399     0.047296103      0.25937253      0.82310949       13.848699       148.10491       9.5214948        9.5214948                           -0       38.959458                                 38.959458
              1       28.717776      -76.087339      -290.61288       68.568351     0.021855256      0.11641422      -76.087339      -214.52554   -0.0004153197   2.0989032e-09      0.29545911      0.70487919      0.80214568     0.046484535      0.24760454      0.79605177       13.857693       148.63573       9.5214948        9.5214948                           -0       38.392562                                 38.392562
              1        28.73193      -79.113785      -291.94995       68.602319     0.021879734      0.11653446      -79.113785      -212.83616  -0.00043183943   2.0989032e-09      0.29547411      0.70488078       0.8026122     0.046490525      0.24761491      0.79653496       13.850998       148.57525       9.5214948        9.5214948                           -0        38.42087                                  38.42087
              2        29.07568      -137.09379      -337.48658       64.844691      0.02182016      0.11464797      -137.09379       -200.3928  -0.00074832094   2.0989032e-09      0.32608249      0.67457972      0.78465744     0.051893035      0.27265756      0.81805633       14.256404       149.15942       9.5214948        9.5214948                           -0        39.10837                                  39.10837
              2       28.705593       -74.06299      -367.24048       65.318468     0.021452881      0.11395131       -74.06299      -293.17749  -0.00040426987   2.0989032e-09      0.31887557      0.68144383      0.78533143     0.050282129      0.26708369      0.80966054        14.24867       149.77485       9.5214948        9.5214948                           -0       38.368197                                 38.368197
              1         28.6251      -81.346579      -403.89941       65.776687     0.021465471      0.11208406      -81.346579      -322.55284  -0.00044402705   2.0989032e-09      0.31016159      0.69019874      0.77827761     0.049613108      0.25905969      0.79134874       14.270669       150.28288       9.5214948        9.5214948                           -0       38.207211                                 38.207211
              1         28.8944      -219.74479      -370.46396       66.767272     0.021600167      0.11238569      -219.74479      -150.71917   -0.0011994681   2.0989032e-09       0.3020053      0.69911294      0.78137485     0.048454023      0.25210633      0.78398199       14.163873       150.04156       9.5214948        9.5214948                           -0       38.745811                                 38.745811
              2       28.605333      -273.95075      -405.79971       65.897752     0.021978257      0.11229925      -273.95075      -131.84896   -0.0014953492   2.0989032e-09       0.3106994      0.69071256      0.77635688     0.050611831      0.25860424      0.79007985       14.243329       149.62937       9.5214948        9.5214948                           -0       38.167677                                 38.167677
              1        28.56379      -258.91052      -410.84056       66.040139     0.021852587      0.11249505      -258.91052      -151.93004   -0.0014132527   2.0989032e-09      0.30952186      0.69180836      0.77841774     0.050105673      0.25793926      0.79067456       14.228887        149.7193       9.5214948        9.5214948                           -0        38.08459                                  38.08459
              1       29.691646      -220.60394       -326.3684       66.639707     0.022261743      0.11711582      -220.60394      -105.76446   -0.0012041578   2.0989032e-09       0.3153038      0.68581882      0.79759399     0.050129458      0.26372386      0.81768465       14.007564       147.98708       9.5214948        9.5214948                           -0       40.340303                                 40.340303
              2       29.344714      -183.91375      -303.08359       67.262742     0.022009468      0.11720406      -183.91375      -119.16984   -0.0010038858   2.0989032e-09      0.30912714      0.69179671      0.80126583     0.048647487      0.25905592      0.81336328       13.951223       148.24696       9.5214948        9.5214948                           -0       39.646438                                 39.646438
              1       28.952941      -125.60408       -290.0889       63.892606     0.021866735      0.11734148      -125.60408      -164.48482  -0.00068560486   2.0989032e-09      0.34258518      0.65801172      0.79302818     0.053565201      0.28744209      0.84744647       14.254916       148.37105       9.5214948        9.5214948                           -0       38.862892                                 38.862892
              2       29.966713      -26.425035      -251.91502       65.395543     0.021611412      0.11942159      -26.425035      -225.48998     -0.00014424   2.0989032e-09      0.33128629      0.66877328      0.80791166     0.050534369      0.27924573       0.8489947       14.053873       148.09962       9.5214948        9.5214948                           -0       40.890436                                 40.890436
              1       29.803764      -9.8101457       -262.8762       66.013888     0.021672303      0.11903958      -9.8101457      -253.06606  -5.3548288e-05   2.0989032e-09      0.32437226       0.6755982      0.80772031      0.04973183      0.27316231      0.83988965       14.008338       148.13327       9.5214948        9.5214948                           -0       40.564537                                 40.564537
              2       29.407135      -96.414996      -263.63786       66.423384     0.021078617      0.11751828      -96.414996      -167.22286   -0.0005262774   2.0989032e-09      0.31559145      0.68485275      0.80630216     0.047774935      0.26635658      0.82698915       14.034144       149.22353       9.5214948        9.5214948                           -0       39.771281                                 39.771281
              2       29.134616      -50.351471      -257.67597       66.963173     0.021260175      0.11775228      -50.351471       -207.3245  -0.00027484149   2.0989032e-09      0.31145075      0.68874334      0.80759322      0.04741271      0.26260154      0.82286147       13.971341       148.95073       9.5214948        9.5214948                           -0       39.226243                                 39.226243
              2       29.030596      -61.780378       -230.4791       65.994016     0.021400471      0.11866331      -61.780378      -168.69873  -0.00033722572   2.0989032e-09      0.32307952      0.67717456      0.80781369     0.049137631      0.27246289      0.83831125       14.024121       148.54315       9.5214948        9.5214948                           -0       39.018202                                 39.018202
              1       29.097254      -82.378582      -221.99602       66.391788     0.021399929      0.11894892      -82.378582      -139.61744  -0.00044966019   2.0989032e-09      0.31986651        0.680501      0.81018985     0.048549371       0.2698558      0.83658592        13.97904       148.46668       9.5214948        9.5214948                           -0       39.151519                                 39.151519
              2       29.117659      -300.04596      -149.77868       63.340989     0.020970672      0.11934564      -300.04596       150.26728   -0.0016377889   2.0989032e-09         0.35134      0.65020754       0.8054181     0.052268816      0.29746569      0.87161471       14.255608       148.85065       9.5214948        9.5214948                           -0       39.192329                                 39.192329
              1       29.241375      -119.52088      -67.233363       63.460826     0.021388745      0.12186711      -119.52088       52.287517  -0.00065239994   2.0989032e-09      0.35731341      0.64324908      0.81323763     0.053109702      0.30260427      0.88752684       14.143474       147.69942       9.5214948        9.5214948                           -0        39.43976                                  39.43976
              1       29.241481      -129.25856      -57.305495        64.18617     0.021220752      0.12186114      -129.25856       71.953063  -0.00070555267   2.0989032e-09      0.34886107      0.65175659      0.81666493     0.051508374      0.29578921      0.88066255       14.079057       147.89083       9.5214948        9.5214948                           -0       39.439973                                 39.439973
              1       29.332827      -129.72597      -59.582532       64.137093     0.021209952      0.12166413      -129.72597       70.143438  -0.00070810402   2.0989032e-09      0.34888997       0.6517301      0.81577039     0.051560977      0.29576312      0.87973436       14.089831       147.95542       9.5214948        9.5214948                           -0       39.622665                                 39.622665
              7       29.687146      -346.19616      -136.01245       64.259071     0.021456416      0.11924948      -346.19616        210.1837   -0.0018896979   2.0989032e-09      0.34231586      0.65948614      0.80474492     0.051962293      0.28879363      0.85962914       14.156672       148.32148       9.5214948        9.5214948                           -0       40.331302                                 40.331302
              1       29.237385      -244.52201      -86.965977       64.203098     0.020380763      0.11981363      -244.52201       157.55603   -0.0013347136   2.0989032e-09      0.34167211      0.65957476      0.81388166     0.049443416      0.29066603      0.86857115        14.16665       149.40666       9.5214948        9.5214948                           -0       39.431781                                 39.431781
              1       29.108503      -341.32429       -108.9738       64.247946     0.020050953      0.11933021      -341.32429        232.3505    -0.001863105   2.0989032e-09      0.33922513      0.66255025      0.81428298     0.048575414      0.28908924      0.86588205       14.191623       149.92541       9.5214948        9.5214948                           -0       39.174017                                 39.174017
              3       29.060662      -339.93035      -89.090369       67.289348     0.020032932      0.12004236      -339.93035       250.83998   -0.0018554962   2.0989032e-09      0.31078598      0.69098954      0.82652819     0.044243746      0.26511963      0.84125518       13.889347       149.75155       9.5214948        9.5214948                           -0       39.078335                                 39.078335
              1       29.051368      -347.21714      -90.228504       67.393266     0.020019029      0.11993361      -347.21714       256.98864   -0.0018952709   2.0989032e-09      0.30955824      0.69225731      0.82645684     0.044076794      0.26406322      0.83951939       13.883844       149.79766       9.5214948        9.5214948                           -0       39.059747                                 39.059747
              1       29.066662      -304.85963      -88.461747       67.803825     0.019759619      0.11983615      -304.85963       216.39789   -0.0016640641   2.0989032e-09      0.30504451      0.69654079      0.82892963     0.042980372      0.26066303      0.83586982       13.855791       150.13083       9.5214948        9.5214948                           -0       39.090334                                 39.090334
              1       28.834251      -259.14904      -11.909973        69.66326      0.02002672      0.12228611      -259.14904       247.23907   -0.0014145547   2.0989032e-09      0.29457624      0.70676369      0.84272087     0.041266937        0.251982      0.83506827        13.60478       149.14981       9.5214948        9.5214948                           -0       38.625513                                 38.625513
              2       28.877698       -239.0535      -19.518543       68.800909     0.019644958      0.12167613       -239.0535       219.53496    -0.001304864   2.0989032e-09      0.29991184      0.70131652      0.84031172     0.041501401      0.25704966      0.84018824       13.707016       149.76335       9.5214948        9.5214948                           -0       38.712407                                 38.712407
              1       28.897337      -240.41965      -33.234239       68.304429     0.019751336      0.12130782      -240.41965       207.18541   -0.0013123211   2.0989032e-09      0.30372617      0.69750853       0.8366236     0.042334921      0.26001061      0.84180323       13.760085       149.73801       9.5214948        9.5214948                           -0       38.751685                                 38.751685
              1        28.96303      -239.29773      -19.189814       67.897762     0.019771238      0.12123497      -239.29773       220.10792   -0.0013061971   2.0989032e-09      0.30726049      0.69396716      0.83499138     0.042886731      0.26297653      0.84503505       13.795177       149.73436       9.5214948        9.5214948                           -0       38.883071                                 38.883071
             14       28.977753      -342.55596       -10.17482       67.274609     0.019655708      0.12119439      -342.55596       332.38114    -0.001869828   2.0989032e-09      0.31263413      0.68915569      0.83385696     0.043429649      0.26778125      0.85123432       13.856131       149.88191       9.5214948        9.5214948                           -0       38.912516                                 38.912516
              4       30.696096      -335.16123      -258.32488       61.296045     0.017876336      0.11027628      -335.16123       76.836346   -0.0018294641   2.0989032e-09      0.34279936      0.65893372      0.78118912     0.047578812      0.29350615      0.83505593       14.855213       155.21444       9.5214948        9.5214948                           -0       42.349202                                 42.349202
              8       29.215044      -217.29277      -94.335365       60.052664     0.017902837      0.11679411      -217.29277       122.95741   -0.0011860839   2.0989032e-09      0.37528835      0.62579732       0.8041206     0.049642918      0.32385931      0.89937975       14.741035         153.259       9.5214948        9.5214948                           -0       39.387098                                 39.387098
              4       29.233173      -227.61191      -105.40867       60.173823       0.0176094      0.11615954      -227.61191       122.20324   -0.0012424105   2.0989032e-09      0.37121569      0.62992671      0.80396214     0.048632809      0.32080394       0.8943101       14.759882       153.81549       9.5214948        9.5214948                           -0       39.423356                                 39.423356
              3       29.295742      -224.28616      -308.17728       60.247341     0.019648245      0.11325704      -224.28616      -83.891121    -0.001224257   2.0989032e-09      0.36793088      0.63319362       0.7787383     0.054131243      0.31202503      0.86241048       14.811608       152.11312       9.5214948        9.5214948                           -0       39.548495                                 39.548495
              1       29.137603      -158.62103      -251.82819       60.277673     0.020990091      0.11743827      -158.62103      -93.207154  -0.00086582657   2.0989032e-09      0.38276154      0.61800462       0.7872779     0.057769865      0.32321886      0.88926577       14.623521       149.34768       9.5214948        9.5214948                           -0       39.232217                                 39.232217
              3       29.169333      -157.79232       -278.5105       62.107803     0.021010985      0.11598164      -157.79232      -120.71818  -0.00086130305   2.0989032e-09      0.35681419      0.64395324      0.78726835     0.054469587      0.30067472      0.85858486        14.49098        149.7243       9.5214948        9.5214948                           -0       39.295676                                 39.295676
              1       29.171958      -165.38024      -285.34633       62.356309     0.020892159      0.11552247      -165.38024      -119.96609  -0.00090272142   2.0989032e-09      0.35248935      0.64832024      0.78691145     0.053730704      0.29710205       0.8529788       14.485836          149.99       9.5214948        9.5214948                           -0       39.300926                                 39.300926
              2       29.157666      -167.42004      -285.45685       62.393343     0.020960382      0.11563391      -167.42004      -118.03682  -0.00091385557   2.0989032e-09      0.35253255      0.64828829      0.78705593     0.053842186      0.29703573      0.85318768       14.476796       149.87948       9.5214948        9.5214948                           -0       39.272342                                 39.272342
              1       29.122943      -51.950259      -269.87871       64.011602     0.020891181      0.11710624      -51.950259      -217.92845  -0.00028356841   2.0989032e-09      0.33835768      0.66183751      0.79867278     0.050985372      0.28580028       0.8481961       14.274255       149.55349       9.5214948        9.5214948                           -0       39.202897                                 39.202897
              1       28.955266      -7.0769503      -267.73554       63.464454     0.021331138      0.11739729      -7.0769503      -260.65859   -3.862925e-05   2.0989032e-09      0.34603194      0.65391678      0.79531928     0.052960605      0.29147209      0.85415951       14.302838       148.96603       9.5214948        9.5214948                           -0       38.867543                                 38.867543
              6       28.789266      -18.965194      -420.05582       64.889141     0.021630364      0.11193352      -18.965194      -401.09063  -0.00010352075   2.0989032e-09      0.31873843      0.68127909      0.77414005     0.051371209      0.26583743      0.79795082       14.354028       150.13351       9.5214948        9.5214948                           -0       38.535542                                 38.535542
              3       26.385733      -136.32956      -690.51188       63.846943      0.02128612      0.10160801      -136.32956      -554.18232  -0.00074414946   2.0989032e-09       0.3030549      0.69760042      0.72682508     0.052217527      0.24925723      0.73051633       14.879027       153.55562       9.5214948        9.5214948                           -0       33.728476                                 33.728476
              1       26.109612      -160.78444      -717.93579       64.473464     0.020592743     0.099234116      -160.78444      -557.15135  -0.00087763541   2.0989032e-09      0.28981476      0.71097576      0.72138645     0.049539565      0.23872561      0.70903488       14.941783       155.14042       9.5214948        9.5214948                           -0       33.176234                                 33.176234
              2       27.692865      -147.10176       -633.5492        66.28054     0.020702295       0.1025559      -147.10176      -486.44743  -0.00080294909   2.0989032e-09      0.28203785      0.71868268      0.74067182     0.047124463      0.23344714      0.71815615       14.622246       153.98298       9.5214948        9.5214948                           -0       36.342741                                 36.342741
              1       27.798781      -225.11061      -635.66556       66.459287      0.02106577      0.10273842      -225.11061      -410.55495   -0.0012287572   2.0989032e-09      0.28175894      0.71938783      0.73964739     0.047694244      0.23260633      0.71680819       14.590999       153.48234       9.5214948        9.5214948                           -0       36.554572                                 36.554572
              1        26.91063      -210.76039      -634.70368       66.929033     0.021563307      0.10279464      -210.76039      -423.94329   -0.0011504271   2.0989032e-09      0.27905394      0.72201564      0.73774768     0.048137804      0.22947817      0.71152688       14.528889       152.86304       9.5214948        9.5214948                           -0       34.778271                                 34.778271
              3       24.593793      -311.39408      -746.18504       65.288893      0.02199115     0.097263464      -311.39408      -434.79096   -0.0016997321   2.0989032e-09      0.28127818       0.7203366      0.70479175      0.05159045      0.22817661      0.68244587       14.905633       154.02703       9.5214948        9.5214948                           -0       30.144596                                 30.144596
              2       23.855136       -259.6705      -759.98484       66.539291     0.022631701     0.097340009       -259.6705      -500.31433   -0.0014174011   2.0989032e-09      0.27242567      0.72890994      0.70371375      0.05111647      0.21985434      0.67059363       14.771102       153.23149       9.5214948        9.5214948                           -0       28.667283                                 28.667283
              4       23.275275      -200.02722      -748.03224       68.486059     0.023392652     0.097328033      -200.02722      -548.00502   -0.0010918406   2.0989032e-09      0.25875484       0.7422598      0.70261598     0.049874106      0.20750741      0.65253173       14.568011       152.33425       9.5214948        9.5214948                           -0        27.50756                                  27.50756
              8       23.340904      -186.45469       -745.6558       68.348034     0.023431895     0.097568076      -186.45469      -559.20111   -0.0010177554   2.0989032e-09      0.26039883      0.74054141      0.70331802     0.050159749       0.2088602      0.65525543       14.567559       152.21586       9.5214948        9.5214948                           -0       27.638818                                 27.638818
              2       23.030897      -202.45864      -764.10839       67.971518     0.023662138     0.097160228      -202.45864      -561.64975   -0.0011051124   2.0989032e-09      0.26290726      0.73811947      0.69920056     0.051215337      0.21029773       0.6545494       14.615847       152.06983       9.5214948        9.5214948                           -0       27.018804                                 27.018804
              2       22.124081      -146.06602       -813.4955         67.5337     0.023792362     0.095469675      -146.06602      -667.42948  -0.00079729554   2.0989032e-09      0.26290597      0.73781192       0.6891148     0.052167073      0.20932657      0.64510614       14.734008       152.42959       9.5214948        9.5214948                           -0       25.205172                                 25.205172
             12       22.867506      -159.38255      -827.03848       67.653028     0.023642527     0.094814846      -159.38255      -667.65593  -0.00086998326   2.0989032e-09      0.26022126       0.7405696      0.68693095     0.051655837      0.20715807      0.63976997       14.763795       152.80529       9.5214948        9.5214948                           -0       26.692023                                 26.692023
              3       24.032539      -182.77657      -821.65271       67.545853     0.023364842     0.095100307      -182.77657      -638.87614  -0.00099767859   2.0989032e-09      0.26106475      0.73985356      0.68988117     0.051211261      0.20844167      0.64355813       14.770461       153.04552       9.5214948        9.5214948                           -0       29.022089                                 29.022089
              2       23.551281      -156.36984      -827.17543       67.440362     0.023392552     0.094912037      -156.36984      -670.80558  -0.00085353853   2.0989032e-09      0.26152909      0.73924483      0.68855678     0.051432521      0.20868033      0.64289365       14.787094       153.07055       9.5214948        9.5214948                           -0       28.059572                                 28.059572
              5       23.335605      -138.54802      -877.98073       66.071782     0.023753311     0.094583259      -138.54802      -739.43271  -0.00075625884   2.0989032e-09      0.27254895      0.72812436      0.68222993     0.054411677      0.21666175      0.65026802       14.929256       152.74595       9.5214948        9.5214948                           -0       27.628221                                 27.628221
              4       21.698091      -138.49781      -865.70705       65.666583     0.023943109     0.094860352      -138.49781      -727.20923  -0.00075598477   2.0989032e-09      0.27700562      0.72366639      0.68171069     0.055525402      0.21998643      0.65506405       14.938079       152.43893       9.5214948        9.5214948                           -0       24.353193                                 24.353193
             10       21.435194      -135.52014      -875.58147       65.567874     0.023881354     0.094308136      -135.52014      -740.06133  -0.00073973126   2.0989032e-09      0.27641216      0.72424334      0.67913141     0.055549064      0.21936481      0.65188616       14.975969       152.67995       9.5214948        9.5214948                           -0       23.827398                                 23.827398
              4        22.69011       -12.64346      -866.93651       63.635644     0.021145123     0.091257627       -12.64346      -854.29305  -6.9013818e-05   2.0989032e-09      0.27916291      0.72081668      0.67654908     0.052216688      0.22535557      0.65263076       15.370632       156.98742       9.5214948        9.5214948                           -0        26.33723                                  26.33723
              1       22.627529       -6.511886      -868.04624       63.645742     0.021172732     0.091310927       -6.511886      -861.53435  -3.5544869e-05   2.0989032e-09      0.27927407      0.72067208      0.67666704     0.052268279      0.22541564       0.6528745        15.36656       156.93487       9.5214948        9.5214948                           -0       26.212068                                 26.212068
              2       23.614246      -26.167326      -782.96035       67.332794     0.021546288     0.094543192      -26.167326      -756.79303   -0.0001428333   2.0989032e-09      0.25747951      0.74258345      0.69776517     0.047524679      0.20853406      0.64642776       14.848488       155.42507       9.5214948        9.5214948                           -0       28.185502                                 28.185502
              1       22.610306      -55.915201      -808.04657       66.637761      0.02321211     0.095590664      -55.915201      -752.13137  -0.00030521089   2.0989032e-09      0.26898876      0.73123491      0.69153424     0.052272567      0.21526562      0.65481727       14.819264       153.07601       9.5214948        9.5214948                           -0       26.177622                                 26.177622
              3       20.731527      -102.52854        -872.834       66.243703      0.02273123     0.091324347      -102.52854      -770.30546  -0.00055964791   2.0989032e-09      0.26138047      0.73909666      0.67205792     0.051800473      0.20811212      0.62731062        15.08316       154.98812       9.5214948        9.5214948                           -0       22.420063                                 22.420063
              7       21.921774      -121.65226      -870.14345       66.710369     0.022704768     0.091308993      -121.65226      -748.49119  -0.00066403401   2.0989032e-09      0.25764237       0.7429403      0.67295314     0.051018816      0.20517614      0.62363839       15.046157       155.02535       9.5214948        9.5214948                           -0       24.800559                                 24.800559
              1       20.713821      -86.789063      -893.24635       65.176892      0.02322095     0.091492851      -86.789063      -806.45729  -0.00047373463   2.0989032e-09      0.27155649        0.728832      0.66808121     0.054662903      0.21537727      0.63562172       15.157792       154.34052       9.5214948        9.5214948                           -0       22.384652                                 22.384652
              5       19.638543      -85.113299      -920.83387        65.85661     0.023737915     0.090523342      -85.113299      -835.72057  -0.00046458754   2.0989032e-09      0.26493643      0.73544467      0.66123176     0.054732317      0.20871893      0.62138951       15.140347        154.0261       9.5214948        9.5214948                           -0       20.234097                                 20.234097
              3       19.097606      -26.317569      -945.22521       66.110099     0.024991183     0.091063884      -26.317569      -918.90764   -0.0001436534   2.0989032e-09      0.26701292      0.73304788       0.6570954     0.057180929      0.20835818      0.61991756       15.058853       152.38476       9.5214948        9.5214948                           -0       19.152222                                 19.152222
             25       19.096797      -32.004566      -941.67734       66.048096     0.025038273      0.09120217      -32.004566      -909.67277  -0.00017469564   2.0989032e-09      0.26793942      0.73215227      0.65742956     0.057396282      0.20906655      0.62130794       15.053409       152.28779       9.5214948        9.5214948                           -0       19.150605                                 19.150605
             14       20.684725      -1.3496383      -936.30962       65.835628     0.025574351     0.091837106      -1.3496383      -934.95999  -7.3669469e-06   2.0989032e-09      0.27237334      0.72755048      0.65720318     0.059004163      0.21188305      0.62621191        15.01528       151.47964       9.5214948        9.5214948                           -0        22.32646                                  22.32646
             26       20.568048      -1.9857543      -937.30262       65.838598     0.025562103     0.091775327      -1.9857543      -935.31687   -1.083916e-05   2.0989032e-09      0.27217799      0.72774931      0.65696501     0.058970584      0.21172142      0.62576046       15.018838       151.51234       9.5214948        9.5214948                           -0       22.093107                                 22.093107
              4       19.586848      -42.551588      -944.00722       65.757855       0.0252002     0.090784457      -42.551588      -901.45563  -0.00023226614   2.0989032e-09      0.26971835      0.73043017      0.65386639     0.058278545      0.20995017       0.6199885        15.08964       152.22965       9.5214948        9.5214948                           -0       20.130706                                 20.130706
              5       19.080004      -24.072925      -932.60002       66.362569     0.025053118     0.090706393      -24.072925      -908.52709   -0.0001314011   2.0989032e-09      0.26431403      0.73573515      0.65532196     0.056887311       0.2059641        0.615112       15.041391       152.42345       9.5214948        9.5214948                           -0       19.117019                                 19.117019
             16       18.919194      -32.741694      -930.14116        66.53418     0.025001286     0.090602864      -32.741694      -897.39946  -0.00017871923   2.0989032e-09      0.26260134      0.73749558      0.65537539     0.056477145      0.20466911      0.61316587       15.033386       152.51539       9.5214948        9.5214948                           -0       18.795399                                 18.795399
              3       18.888514      -32.372279      -931.23127       66.517674     0.024981558     0.090558806      -32.372279      -898.85899  -0.00017670279   2.0989032e-09      0.26258753      0.73750733      0.65523439     0.056460592      0.20467113      0.61301782       15.038254       152.55186       9.5214948        9.5214948                           -0       18.734038                                 18.734038
             15       18.699746      -8.9906665      -964.09157       66.105812      0.02585644      0.09072629      -8.9906665       -955.1009  -4.9075194e-05   2.0989032e-09      0.26825502      0.73171119       0.6503886     0.059168347      0.20761267      0.61501573       15.051063       151.49752       9.5214948        9.5214948                           -0       18.356503                                 18.356503
             40       19.151826     -0.64006221       -922.8353         67.2151     0.024925643     0.090779835     -0.64006221      -922.19524   -3.493754e-06   2.0989032e-09      0.25753203      0.74239131      0.65782362      0.05517123      0.20093505      0.60948702       14.968532       152.54833       9.5214948        9.5214948                           -0       19.260662                                 19.260662
             48       19.312484     -0.43682082      -907.78177       67.340293     0.024754194     0.091243642     -0.43682082      -907.34495   -2.384369e-06   2.0989032e-09      0.25722007      0.74270246      0.66142662     0.054588202      0.20121141      0.61245399       14.933842       152.60395       9.5214948        9.5214948                           -0       19.581979                                 19.581979
             17       19.293135      -1.4742264       -903.1938       67.204091     0.024819395     0.091460236      -1.4742264      -901.71957  -8.0470061e-06   2.0989032e-09      0.25888768      0.74104019      0.66194345     0.054954059       0.2025074      0.61491622       14.928977       152.46149       9.5214948        9.5214948                           -0        19.54328                                  19.54328
             18       19.314241       -2.235841       -997.6465       64.746303     0.023424539     0.086816669       -2.235841      -995.41066  -1.2204248e-05   2.0989032e-09      0.26451128      0.73541455      0.64181497     0.055878032      0.20709669      0.60265853       15.472998       155.59273       9.5214948        9.5214948                           -0       19.585492                                 19.585492
             19       18.808864      -4.2853334      -962.24764       64.841555     0.023698714     0.088327737      -4.2853334      -957.96231  -2.3391321e-05   2.0989032e-09      0.26798082      0.73195644      0.64830464     0.056366093      0.21008268      0.61273171       15.347346       154.77138       9.5214948        9.5214948                           -0       18.574739                                 18.574739
             41       19.616365       -29.08646      -996.79973       63.178423     0.022983249     0.086414542       -29.08646      -967.71327  -0.00015876728   2.0989032e-09      0.27568975      0.72437829      0.63966037     0.057580291       0.2164957      0.61319574        15.63461       156.26733       9.5214948        9.5214948                           -0       20.189741                                 20.189741
             10       18.841845      -34.853886       -997.4121       63.425841     0.022990821     0.086218996      -34.853886      -962.55822  -0.00019024854   2.0989032e-09      0.27307581      0.72702443      0.63901985     0.057150761      0.21432385      0.60967072       15.624942       156.32231       9.5214948        9.5214948                           -0       18.640701                                 18.640701
              7       18.303441      -42.083888      -992.66879       63.733696     0.022913374     0.086317575      -42.083888       -950.5849  -0.00022971322   2.0989032e-09       0.2704961      0.72964446      0.64051941     0.056409316      0.21250102      0.60820806       15.595977       156.38585       9.5214948        9.5214948                           -0       17.563892                                 17.563892
              3       18.461521      -45.651148      -997.61508       63.848828     0.022384071     0.085393146      -45.651148      -951.96394  -0.00024918496   2.0989032e-09      0.26595549      0.73420487      0.63894196     0.054907694      0.20946774      0.60159645       15.664571       157.35558       9.5214948        9.5214948                           -0       17.880052                                 17.880052
              7       18.311011      -46.025153      -985.51427       63.928813     0.022343616     0.085801949      -46.025153      -939.48912  -0.00025122646   2.0989032e-09       0.2661917      0.73397092      0.64149054     0.054671399       0.2099442      0.60426423       15.627268       157.27002       9.5214948        9.5214948                           -0       17.579033                                 17.579033
              1       18.386415      -44.775089      -975.39031       63.909527     0.022033488     0.085840185      -44.775089      -930.61522  -0.00024440303   2.0989032e-09       0.2656867      0.73446904      0.64351017     0.053945106      0.21016454      0.60559139       15.631748       157.65024       9.5214948        9.5214948                           -0       17.729841                                 17.729841
              5       18.231433      -45.102773       -996.5628       63.546675     0.022039606     0.085022865      -45.102773      -951.46003  -0.00024619168   2.0989032e-09      0.26672067      0.73343584      0.63851512     0.054578068      0.21054749      0.60205879       15.721959        157.9174       9.5214948        9.5214948                           -0       17.419876                                 17.419876
             11       18.013173      -11.725616      -904.39198       66.207772     0.020242165     0.081217197      -11.725616      -892.66636  -6.4003807e-05   2.0989032e-09      0.23292852      0.76705287      0.63256371     0.046178413      0.18528064      0.55738462       15.710482       161.61035       9.5214948        9.5214948                           -0       16.983357                                 16.983357
              1       17.957298      -9.2615847      -907.15469       66.154815     0.020389581     0.081332902      -9.2615847      -897.89311   -5.055399e-05   2.0989032e-09      0.23390281        0.766065      0.63223979     0.046589215      0.18584178       0.5582631       15.703144       161.36856       9.5214948        9.5214948                           -0       16.871607                                 16.871607
             24       17.939238      -8.8706682      -904.33392        66.20559     0.020394623      0.08147796      -8.8706682      -895.46325  -4.8420187e-05   2.0989032e-09      0.23388662      0.76607919      0.63309577     0.046529282      0.18588777      0.55899956       15.687094          161.31       9.5214948        9.5214948                           -0       16.835486                                 16.835486
             34       18.335349      -35.336135      -952.32565       65.106906      0.02073618     0.080266609      -35.336135      -916.98952  -0.00019288088   2.0989032e-09        0.239795      0.76031245      0.62268074      0.04891867      0.18935675      0.55670468       15.888578       161.28046       9.5214948        9.5214948                           -0       17.627708                                 17.627708
              8       18.525129      -83.409405      -809.53658       68.601364     0.019755284     0.083650141      -83.409405      -726.12717   -0.0004552869   2.0989032e-09      0.22109288      0.77928546      0.65258238     0.041977617      0.17774655      0.56022449       15.319992       161.40853       9.5214948        9.5214948                           -0       18.007268                                 18.007268
             14       18.414391      -80.650787      -812.94242       68.221625     0.019801371     0.083493352      -80.650787      -732.29163   -0.0004402291   2.0989032e-09      0.22332319      0.77703923      0.65090239     0.042545257      0.17939394      0.56159361       15.357217        161.4011       9.5214948        9.5214948                           -0       17.785792                                 17.785792
             11       18.440276      -85.297751      -822.26911       68.618525     0.020658983     0.083214465      -85.297751      -736.97136  -0.00046559436   2.0989032e-09       0.2219763      0.77841239      0.64453447     0.043875914      0.17673236      0.55441992       15.311715        160.3412       9.5214948        9.5214948                           -0       17.837563                                 17.837563
             20       19.666459      -173.13691       -752.7081       68.602379     0.018105232     0.082388689      -173.13691      -579.57119  -0.00094506092   2.0989032e-09      0.21489992       0.7859682      0.65600042     0.038470314      0.17506093      0.55521555        15.40739       164.18017       9.5214948        9.5214948                           -0       20.289929                                 20.289929
             10       19.443143      -283.72536      -810.02007       68.898026     0.021830424     0.084682944      -283.72536      -526.29471   -0.0015487035   2.0989032e-09      0.22574026      0.77573216      0.64607101     0.045988432      0.17839488      0.56043356       15.170077       158.30043       9.5214948        9.5214948                           -0       19.843296                                 19.843296
              1       18.615842      -277.73011      -808.51744       69.099038     0.021577859     0.084354026      -277.73011      -530.78733   -0.0015159787   2.0989032e-09      0.22321095      0.77822919      0.64603302      0.04519229       0.1766696      0.55725226       15.181199       158.73844       9.5214948        9.5214948                           -0       18.188694                                 18.188694
             12       18.930853      -277.92063      -803.54691       69.021939     0.021463245     0.084562857      -277.92063      -525.62628   -0.0015170187   2.0989032e-09      0.22390766      0.77753335      0.64779423     0.045052726      0.17750285       0.5596428        15.17616       158.81575       9.5214948        9.5214948                           -0       18.818717                                 18.818717
              5       18.529743      -284.54535      -806.71127       69.155739     0.021629614     0.084696124      -284.54535      -522.16592   -0.0015531794   2.0989032e-09      0.22366861      0.77780886      0.64770222     0.045226431      0.17709532      0.55926452       15.156799       158.55477       9.5214948        9.5214948                           -0       18.016497                                 18.016497
             32       18.334856      -283.57796      -814.89021       69.080941     0.021783315     0.084603687      -283.57796      -531.31225   -0.0015478989   2.0989032e-09       0.2242816      0.77719042      0.64615459     0.045646499      0.17728533      0.55869222       15.169077       158.38796       9.5214948        9.5214948                           -0       17.626723                                 17.626723
              7       21.622713      -271.22044      -859.70119       68.846603     0.021699737      0.08296114      -271.22044      -588.48075   -0.0014804459   2.0989032e-09      0.22216928      0.77923476      0.63713277     0.045781439      0.17502887      0.54829126       15.339424       159.05827       9.5214948        9.5214948                           -0       24.202436                                 24.202436
              1       21.063311      -263.90955      -807.38801       68.897356     0.022380628     0.085823441      -263.90955      -543.47847   -0.0014405397   2.0989032e-09      0.22930639      0.77205786      0.64903707     0.047148422      0.18080099      0.56743609       15.086438       157.21619       9.5214948        9.5214948                           -0       23.083633                                 23.083633
             25       19.071745      -303.68666      -975.90118       65.944094     0.023886449      0.08307654      -303.68666      -672.21451   -0.0016576615   2.0989032e-09        0.247451      0.75412339      0.62101785     0.054928758        0.191041      0.56401163       15.581327       156.25736       9.5214948        9.5214948                           -0       19.100501                                 19.100501
              5        18.40141      -323.68734      -914.87041       67.178456     0.024393074     0.085547767      -323.68734      -591.18307   -0.0017668344   2.0989032e-09       0.2450395      0.75664709      0.63332411     0.054051345      0.18956085      0.57237867       15.256822       154.83171       9.5214948        9.5214948                           -0        17.75983                                  17.75983
             12       19.026857      -195.11845      -872.42316       68.320743       0.0228742     0.083043882      -195.11845      -677.30471   -0.0010650463   2.0989032e-09      0.22829589      0.77269158      0.62991608     0.049005041      0.17791087      0.54950432       15.312217       157.52729       9.5214948        9.5214948                           -0       19.010725                                 19.010725
              9       21.016705      -181.20035      -886.66024       65.506695      0.02008471     0.080009959      -181.20035       -705.4599  -0.00098907485   2.0989032e-09      0.23476071      0.76614397      0.62585883     0.046805209      0.18645442      0.55364129        15.82892       162.26077       9.5214948        9.5214948                           -0       22.990421                                 22.990421
              5       21.442789      -112.39467      -748.34259       69.103357     0.018409922     0.081810143      -112.39467      -635.94793   -0.0006135018   2.0989032e-09      0.21122181      0.78931586      0.65132342     0.038552599      0.17132031      0.54651923        15.37057       163.95506       9.5214948        9.5214948                           -0       23.842588                                 23.842588
             10        19.82754      -98.147458      -745.84749       69.437414     0.018044978     0.081189632      -98.147458      -647.70004  -0.00053573397   2.0989032e-09      0.20715051      0.79331012      0.65049022     0.037425643      0.16838891      0.54053416       15.389797       164.71108       9.5214948        9.5214948                           -0       20.612089                                 20.612089
              7       18.270625      -129.66621       -758.6277       69.458227     0.018081805     0.080964292      -129.66621      -628.96149  -0.00070777785   2.0989032e-09      0.20663563      0.79399708      0.64898282     0.037479552      0.16782093      0.53861096       15.418451       164.74144       9.5214948        9.5214948                           -0        17.49826                                  17.49826
             45       18.325994        -115.856      -784.40837       68.819383     0.017873736     0.080057271        -115.856      -668.55237  -0.00063239535   2.0989032e-09      0.20813536      0.79242058      0.64424767     0.037739295      0.16903601       0.5366179       15.559223        165.3849       9.5214948        9.5214948                           -0       17.608998                                 17.608998
              8        18.06686      -109.78976      -801.32466       67.758812     0.017781659     0.079494237      -109.78976       -691.5349  -0.00059928302   2.0989032e-09      0.21327501       0.7872454      0.64025081     0.038729395      0.17314266      0.53983309        15.69394       165.73307       9.5214948        9.5214948                           -0        17.09073                                  17.09073
              6       18.257034      -118.43373        -702.887       72.521295     0.017117203     0.077385951      -118.43373      -584.45326  -0.00064646579   2.0989032e-09      0.18091114      0.81966647      0.63716077     0.032546305      0.14714009      0.49479017        15.37346       167.53929       9.5214948        9.5214948                           -0       17.471078                                 17.471078
              8       18.126705      -115.12615      -654.31265        73.57753     0.015742137     0.077461823      -115.12615       -539.1865  -0.00062841147   2.0989032e-09      0.17335447      0.82720705      0.64773085     0.029078585      0.14308605      0.49238122       15.282393       169.64821       9.5214948        9.5214948                           -0        17.21042                                  17.21042
              7       18.505835      -114.14907      -644.46756       73.537229     0.015693797     0.077849306      -114.14907      -530.31849  -0.00062307816   2.0989032e-09      0.17417168      0.82638443      0.65041485     0.029021076      0.14395947       0.4955855        15.24771       169.57023       9.5214948        9.5214948                           -0       17.968681                                 17.968681
             24        18.30728      -158.13348      -717.57775       70.006931     0.015621421     0.075973897      -158.13348      -559.44426   -0.0008631653   2.0989032e-09      0.18820651      0.81258277      0.63595661     0.031874139      0.15501807      0.50371418       15.736172        170.4409       9.5214948        9.5214948                           -0        17.57157                                  17.57157
             13       18.206525      -149.12755      -722.46721       69.869424     0.015499493      0.07562287      -149.12755      -573.33965  -0.00081400678   2.0989032e-09      0.18797922      0.81276061      0.63446518     0.031749959      0.15490978      0.50222935       15.782449        170.7805       9.5214948        9.5214948                           -0        17.37006                                  17.37006
             34       19.448833      -151.74686      -707.98841        69.65961     0.015218487     0.075849768      -151.74686      -556.24155  -0.00082830417   2.0989032e-09       0.1890018      0.81175188      0.63754544     0.031362407      0.15631195      0.50603841       15.771784       171.14435       9.5214948        9.5214948                           -0       19.854677                                 19.854677
             29       18.590909      -152.44851      -712.74629       69.781839     0.015287438     0.075813061      -152.44851      -560.29778   -0.0008321341   2.0989032e-09      0.18840649      0.81235128      0.63697737     0.031394234      0.15568946      0.50479065       15.770449       171.04696       9.5214948        9.5214948                           -0       18.138829                                 18.138829
             26       18.565487      -138.90858       -706.4811       70.072619     0.015246209     0.075934139      -138.90858      -567.57251  -0.00075822694   2.0989032e-09      0.18700869      0.81367578      0.63829062     0.031050255       0.1546466      0.50395149       15.732208       171.06461       9.5214948        9.5214948                           -0       18.087984                                 18.087984
             32       18.191836      -139.67354      -724.14545       69.907097     0.015381593     0.075332599      -139.67354      -584.47191  -0.00076240245   2.0989032e-09      0.18694145      0.81374685      0.63349407     0.031474495       0.1541489      0.50007452       15.807895       171.09057       9.5214948        9.5214948                           -0       17.340682                                 17.340682
             32       18.431208      -143.26597      -719.51219       70.096485     0.015863894     0.076249771      -143.26597      -576.24622  -0.00078201157   2.0989032e-09      0.18878086      0.81192745      0.63611316     0.032286228      0.15518369      0.50460638       15.700313       169.94111       9.5214948        9.5214948                           -0       17.819426                                 17.819426
              2       18.531916      -136.41024      -729.92517       69.890995     0.016152849     0.076307724      -136.41024      -593.51493  -0.00074458986   2.0989032e-09      0.19060277      0.81006769      0.63433245     0.033067906       0.1562162      0.50561611       15.711803       169.45966       9.5214948        9.5214948                           -0       18.020843                                 18.020843
              9        18.71184      -162.71105      -758.62309       69.524504     0.016607988     0.075520867      -162.71105      -595.91204  -0.00088815178   2.0989032e-09      0.19193128      0.80888195      0.62615504     0.034359056      0.15623962      0.50083439       15.824114       169.06059       9.5214948        9.5214948                           -0       18.380691                                 18.380691
             69       18.614134      -162.45351      -765.21347       68.877195     0.016542523     0.075636583      -162.45351      -602.75997  -0.00088674596   2.0989032e-09       0.1956617      0.80514871      0.62662276     0.034869912      0.15943402      0.50605585       15.869975       169.11651       9.5214948        9.5214948                           -0       18.185279                                 18.185279
             12       18.100011      -152.78145      -774.50047       67.535264     0.015416943     0.075851341      -152.78145      -621.71902  -0.00083395141   2.0989032e-09      0.20151761      0.79923695      0.63386475     0.033801586      0.16630376      0.51950828       16.026045       170.82091       9.5214948        9.5214948                           -0       17.157033                                 17.157033
             22       18.179775      -154.13837      -783.14802        67.34689     0.015515974     0.075595767      -154.13837      -629.00964  -0.00084135814   2.0989032e-09      0.20230136      0.79846016      0.63143543     0.034209282       0.1666719      0.51852263       16.065577       170.76489       9.5214948        9.5214948                           -0       17.316561                                 17.316561
              1       18.297719      -90.700742      -710.34044       70.428116     0.015356246     0.077266333      -90.700742       -619.6397  -0.00049508637   2.0989032e-09       0.1880332      0.81238888      0.64603204     0.030959427      0.15577515      0.51145885       15.622548       170.34487       9.5214948        9.5214948                           -0       17.552448                                 17.552448
              1       19.092508      -91.568288      -728.12524       70.353947     0.015727367     0.076903778      -91.568288      -636.55695  -0.00049982184   2.0989032e-09      0.18844717      0.81197949      0.64123613     0.031774525      0.15537128      0.50822049       15.661423       169.89547       9.5214948        9.5214948                           -0       19.142027                                 19.142027
              7       18.094021      -85.914034      -719.04128        70.17781     0.015513107      0.07689605      -85.914034      -633.12725  -0.00046895832   2.0989032e-09      0.18894358      0.81145185      0.64244972     0.031499175      0.15613649      0.50985253       15.666956       170.24175       9.5214948        9.5214948                           -0       17.145052                                 17.145052
             13       18.607759      -80.450789      -719.15284       69.706748     0.015607912     0.077073846      -80.450789      -638.70205  -0.00043913741   2.0989032e-09       0.1920669      0.80829772      0.64239871     0.032121453       0.1586198      0.51400849       15.682539       170.01801       9.5214948        9.5214948                           -0       18.172528                                 18.172528
              4       18.050242       -80.27993       -735.0141       69.685476      0.01574008     0.076597155       -80.27993      -654.73417  -0.00043820479   2.0989032e-09       0.1914747      0.80888893        0.638581     0.032413237      0.15773501      0.51016548       15.732798       169.99859       9.5214948        9.5214948                           -0       17.057494                                 17.057494
             15       18.474261      -81.064261      -747.63085       69.371295     0.015643799     0.076131776      -81.064261      -666.56659  -0.00044248603   2.0989032e-09      0.19204588      0.80832136      0.63604287      0.03250743      0.15819995      0.50889509       15.812879       170.34091       9.5214948        9.5214948                           -0       17.905531                                 17.905531
             14       18.425164      -78.719359      -741.42211       69.492109     0.015417867     0.075769899      -78.719359      -662.70275  -0.00042968647   2.0989032e-09       0.1901615       0.8101932      0.63546706     0.031926647      0.15690101      0.50593382       15.829023       170.85267       9.5214948        9.5214948                           -0       17.807339                                 17.807339
              4       18.428103      -77.674933      -740.96542       69.569104     0.015477509     0.075825131      -77.674933      -663.29049  -0.00042398552   2.0989032e-09      0.18997816        0.810371      0.63548604     0.031979247      0.15666802      0.50570498       15.815983       170.73356       9.5214948        9.5214948                           -0       17.813217                                 17.813217
              5       19.030361      -190.36272      -662.55083        71.87048     0.015250254     0.076428539      -190.36272      -472.18811   -0.0010390873   2.0989032e-09      0.17873454      0.82223444      0.64313398     0.029524053      0.14796346       0.4964152       15.508951       170.85621       9.5214948        9.5214948                           -0       19.017732                                 19.017732
             17        18.68607      -191.69627      -674.07115       71.528442     0.015475574     0.076735935      -191.69627      -482.37488   -0.0010463664   2.0989032e-09       0.1814892      0.81948639      0.64317597     0.030247483      0.14998273      0.50025861       15.522598       170.36685       9.5214948        9.5214948                           -0        18.32915                                  18.32915
             37       18.544407      -189.00903      -671.22109       71.842116     0.015393554     0.076170092      -189.00903      -482.21206   -0.0010316982   2.0989032e-09       0.1786526      0.82230894      0.64053419     0.029825014      0.14757957      0.49429516       15.533753       170.72895       9.5214948        9.5214948                           -0       18.045825                                 18.045825
              7       18.146362       -239.6656      -744.54806       69.109922     0.016304369     0.077644494       -239.6656      -504.88246   -0.0013082051   2.0989032e-09      0.19805152      0.80318086      0.64063038      0.03413683      0.16256605      0.52051829       15.717628       168.68992       9.5214948        9.5214948                           -0       17.249734                                 17.249734
              4       19.266901      -194.33052      -748.92591       70.179882     0.020184316     0.085543762      -194.33052      -554.59539   -0.0010607454   2.0989032e-09      0.21597473      0.78501249      0.66266375     0.040981588      0.17368531      0.56225594       15.035459       160.16477       9.5214948        9.5214948                           -0       19.490812                                 19.490812
              5       18.987578      -186.82377      -743.69074       70.686511     0.020167738     0.085097212      -186.82377      -556.86696   -0.0010197701   2.0989032e-09      0.21196304      0.78898426      0.66090811     0.040363063      0.17031082      0.55553384       15.012263       160.34203       9.5214948        9.5214948                           -0       18.932167                                 18.932167
              9       19.786242      -197.80075      -755.81044       69.277032     0.020082776     0.086954499      -197.80075      -558.00968   -0.0010796875   2.0989032e-09      0.22436866      0.77663558      0.66991022     0.041845156      0.18118136      0.57934475       15.053813        159.8139       9.5214948        9.5214948                           -0       20.529495                                 20.529495
              2       21.079556      -191.03228      -776.68008       68.166472     0.020341163     0.086370878      -191.03228       -585.6478    -0.001042742   2.0989032e-09      0.23103906      0.76992575      0.66347859     0.043775805      0.18587702      0.58224932       15.175218        159.6702       9.5214948        9.5214948                           -0       23.116123                                 23.116123
              4       18.513717      -161.08486      -753.51758        70.14801     0.019229936     0.083303421      -161.08486      -592.43271  -0.00087927528   2.0989032e-09      0.20967867      0.79112701       0.6559751     0.039079333      0.16929032       0.5484081       15.189826         162.256       9.5214948        9.5214948                           -0       17.984444                                 17.984444
             11       18.427244      -165.36814      -754.15744       70.297455     0.019333724     0.083182436      -165.36814       -588.7893  -0.00090265537   2.0989032e-09      0.20875331      0.79207607      0.65481074     0.039123374      0.16832647      0.54622535       15.181125       162.15528       9.5214948        9.5214948                           -0       17.811498                                 17.811498
             14       18.383362      -82.676015      -829.00099        69.68251     0.021619872     0.084257789      -82.676015      -746.32497  -0.00045128372   2.0989032e-09      0.21937691       0.7809998      0.64587455     0.044525167      0.17352517      0.55231012       15.148632        158.7169       9.5214948        9.5214948                           -0       17.723735                                 17.723735
              7       18.429169      -82.397391      -828.50626       69.715638     0.021593214     0.084204261      -82.397391      -746.10887  -0.00044976286   2.0989032e-09      0.21900349      0.78137177      0.64577812     0.044428012      0.17325017      0.55175747       15.149744       158.76974       9.5214948        9.5214948                           -0       17.815348                                 17.815348
              3       20.498781      -54.614818      -920.05497       68.387508     0.023353906     0.083382835      -54.614818      -865.44015   -0.0002981128   2.0989032e-09       0.2296008      0.77061989      0.62896383     0.049935106      0.17828841      0.55023947       15.329365       156.81309       9.5214948        9.5214948                           -0       21.954573                                 21.954573
              2       18.355283      -53.721761      -911.07053       68.019519       0.0231104     0.083842399      -53.721761      -857.34877  -0.00029323809   2.0989032e-09      0.23255881      0.76765616      0.63247207     0.049950559      0.18121602       0.5568614       15.318558        156.9626       9.5214948        9.5214948                           -0       17.667577                                 17.667577
             35       18.116449      -50.165606      -907.48346       68.467294     0.023749213     0.084412151      -50.165606      -857.31785  -0.00027382695   2.0989032e-09      0.23210501      0.76809156      0.63247605     0.050662066      0.18006887      0.55632134        15.22316       155.98345       9.5214948        9.5214948                           -0       17.189908                                 17.189908
              4        18.16033       -36.57628      -834.49804       69.075716     0.020275921     0.080671191       -36.57628      -797.92176  -0.00019965016   2.0989032e-09      0.21291463      0.78720913      0.63293278     0.042494213      0.16907044      0.53321175       15.449726       161.76016       9.5214948        9.5214948                           -0        17.27767                                  17.27767
              7       18.480901      -29.566164      -805.85463       69.562399     0.020162599     0.081353563      -29.566164      -776.28847  -0.00016138573   2.0989032e-09      0.21112179      0.78896476      0.63815085     0.041667497      0.16812314      0.53533945       15.338396       161.67006       9.5214948        9.5214948                           -0       17.918812                                 17.918812
             16       18.489747      -30.144779      -804.83672       69.587208     0.020158092     0.081383898      -30.144779      -774.69194  -0.00016454407   2.0989032e-09      0.21102461      0.78906515       0.6383834     0.041628484      0.16806592      0.53541128         15.3339       161.66535       9.5214948        9.5214948                           -0       17.936504                                 17.936504
              9       18.693342      -19.933728      -838.68838       68.902564     0.019772188     0.079708191      -19.933728      -818.75465  -0.00010880746   2.0989032e-09      0.21089664      0.78913589      0.63024263     0.041647023      0.16789284      0.52842333       15.550209       162.80285       9.5214948        9.5214948                           -0       18.343695                                 18.343695
              6       19.750975      -26.089329      -821.70721       67.218918     0.016210805     0.074045938      -26.089329      -795.61788  -0.00014240756   2.0989032e-09      0.20118011      0.79888215        0.617181     0.035877449      0.16387708      0.50541072       16.202611       170.28248       9.5214948        9.5214948                           -0        20.45896                                  20.45896
             12       20.188434      -26.552521      -824.88492       67.208474      0.01621681     0.073971809      -26.552521       -798.3324  -0.00014493587   2.0989032e-09      0.20109183      0.79897294      0.61667015     0.035901895       0.1637639      0.50488156       16.218679       170.30317       9.5214948        9.5214948                           -0       21.333878                                 21.333878
             12       20.169757      -217.57603      -690.59435       69.540618     0.016509222     0.083654252      -217.57603      -473.01832   -0.0011876301   2.0989032e-09      0.20845688      0.79265587      0.67504289       0.0341389      0.17298599      0.56270251       15.288428       166.06259       9.5214948        9.5214948                           -0       21.296524                                 21.296524
              4       19.947201      -245.60929      -684.40968       70.681047     0.017534084     0.083677948      -245.60929      -438.80039   -0.0013406485   2.0989032e-09      0.20388317      0.79738499       0.6698255     0.035097576      0.16749624      0.55219408       15.143516       164.53419       9.5214948        9.5214948                           -0       20.851413                                 20.851413
              3       19.862198      -244.68064      -687.18085       70.594069     0.017550502     0.083757666      -244.68064      -442.50022   -0.0013355795   2.0989032e-09      0.20457879      0.79668412      0.67006648      0.03521706       0.1680692      0.55333427       15.148651       164.48094       9.5214948        9.5214948                           -0       20.681407                                 20.681407
             10       19.322452      -258.02482      -716.51656        72.00727     0.019739935     0.084991434      -258.02482      -458.49174   -0.0014084181   2.0989032e-09      0.20322961      0.79810897      0.66468528      0.03807089      0.16391642      0.54707759       14.916963       160.95684       9.5214948        9.5214948                           -0       19.601915                                 19.601915
             26       19.554984      -256.46508      -723.54224       71.866181     0.019762919     0.084846254      -256.46508      -467.07716   -0.0013999044   2.0989032e-09      0.20379176      0.79753803      0.66354278      0.03826502      0.16427956      0.54689206       14.941112       160.97652       9.5214948        9.5214948                           -0       20.066978                                 20.066978
              4       19.404816      -252.77691      -704.55429       71.419801     0.019130997     0.085320806      -252.77691      -451.77738   -0.0013797727   2.0989032e-09      0.20603864      0.79527014      0.66972925     0.037505965      0.16726986      0.55502555       14.958824       161.67522       9.5214948        9.5214948                           -0       19.766642                                 19.766642
              3       19.482391      -261.14766      -692.80294       71.591045     0.018889417     0.085165836      -261.14766      -431.65529   -0.0014254641   2.0989032e-09      0.20428042      0.79707439      0.67062306     0.036855402      0.16616824      0.55338989       14.952263       162.06505       9.5214948        9.5214948                           -0       19.921793                                 19.921793
             36       20.190143      -255.30399      -678.73779        71.78922     0.018835121     0.085182701      -255.30399       -423.4338   -0.0013935666   2.0989032e-09      0.20308151      0.79824179      0.67130463      0.03654685      0.16528481      0.55232437        14.92379        162.1347       9.5214948        9.5214948                           -0       21.337297                                 21.337297
              5       20.205027      -255.52254      -678.27128       71.799239     0.018830449     0.085192529      -255.52254      -422.74874   -0.0013947595   2.0989032e-09      0.20303484      0.79828968      0.67140315     0.036527588      0.16525775      0.55234195       14.922339       162.13772       9.5214948        9.5214948                           -0       21.367065                                 21.367065
              5        18.78847       -209.9398      -733.45258       70.463374     0.017666466     0.080883258       -209.9398      -523.51278    -0.001145948   2.0989032e-09      0.19978272       0.8012903      0.65243811     0.035581381      0.16290401      0.53242404        15.34757       165.37901       9.5214948        9.5214948                           -0       18.533951                                 18.533951
              6       18.540559      -205.43261      -723.70765       70.228809     0.017408704     0.081223203      -205.43261      -518.27504   -0.0011213457   2.0989032e-09      0.20128613      0.79976179      0.65584151     0.035296841      0.16468328      0.53721137        15.34565       165.63177       9.5214948        9.5214948                           -0       18.038128                                 18.038128
              2        18.56065      -204.68759      -721.64819       70.240253     0.017410457      0.08133711      -204.68759      -516.96059    -0.001117279   2.0989032e-09      0.20145498      0.79958891      0.65650934     0.035288893       0.1648605      0.53798391       15.336075       165.58634       9.5214948        9.5214948                           -0       18.078311                                 18.078311
              7       21.373087      -164.15689      -689.16868       69.754956     0.016829996     0.082656718      -164.15689      -525.01179  -0.00089604379   2.0989032e-09      0.20578692      0.79503471      0.66739016     0.034588671      0.16987443      0.55274911       15.296602       165.95497       9.5214948        9.5214948                           -0       23.703185                                 23.703185
             26       18.736334      -225.40282      -725.61309       69.388045      0.01685138     0.079911044      -225.40282      -500.21027   -0.0012303523   2.0989032e-09      0.20231073      0.79884441      0.65082171      0.03499985      0.16597302      0.53445465       15.510142       166.96569       9.5214948        9.5214948                           -0       18.429678                                 18.429678
              2       19.468066      -222.23057      -715.53543       69.475357     0.016789672     0.080191028      -222.23057      -493.30487   -0.0012130367   2.0989032e-09      0.20225476      0.79888326      0.65298092      0.03478409      0.16613617      0.53615361       15.478617       166.95182       9.5214948        9.5214948                           -0       19.893143                                 19.893143
              6       18.223883      -222.33459       -715.3041       70.365944     0.016039706     0.077501301      -222.33459      -492.96951   -0.0012136045   2.0989032e-09      0.19022052      0.81091995      0.64288968     0.032394506      0.15652509      0.51192284       15.603214       169.16148       9.5214948        9.5214948                           -0       17.404776                                 17.404776
              6       18.064417      -230.90743      -715.32482       70.395131      0.01622483      0.07710786      -230.90743      -484.41739    -0.001260399   2.0989032e-09      0.18964244      0.81154488      0.63931008     0.032741225      0.15560137      0.50829834       15.615052       169.02705       9.5214948        9.5214948                           -0       17.085844                                 17.085844
             43        18.15516      -188.52355      -728.38117       69.976522     0.016554648     0.078666778      -188.52355      -539.85762   -0.0010290483   2.0989032e-09      0.19577531      0.80517979      0.64604479      0.03380767       0.1606522      0.52189238       15.550774       167.90067       9.5214948        9.5214948                           -0       17.267331                                 17.267331
              6       18.427574      -192.96445         -730.51       70.038515     0.016527668     0.078601341      -192.96445      -537.54556   -0.0010532887   2.0989032e-09      0.19524049      0.80573898      0.64590037     0.033692849      0.16023453      0.52106254        15.55604       167.96778       9.5214948        9.5214948                           -0       17.812157                                 17.812157
              4       19.394857      -191.33712      -744.25646       70.429038     0.017028057     0.077848509      -191.33712      -552.91934    -0.001044406   2.0989032e-09      0.19257238      0.80839903      0.63849771     0.034329033      0.15694475      0.51155898       15.572992       167.49466       9.5214948        9.5214948                           -0       19.746725                                 19.746725
             13       18.366783      -195.46593      -726.36667       70.733615     0.017110988     0.079067796      -195.46593      -530.90074    -0.001066943   2.0989032e-09      0.19352027      0.80747429      0.64561174     0.034199786      0.15803305      0.51853017       15.444399       166.89702       9.5214948        9.5214948                           -0       17.690577                                 17.690577
              6       18.283995      -299.44915      -740.07249        70.07873     0.017220589     0.078012421      -299.44915      -440.62334   -0.0016345312   2.0989032e-09      0.19522825      0.80633255      0.63792915     0.035065138       0.1588515      0.51461583        15.58231        167.1389       9.5214948        9.5214948                           -0       17.525001                                 17.525001
              5       18.352692      -303.85947      -736.84051       70.043029     0.016972748     0.077781863      -303.85947      -432.98104   -0.0016586047   2.0989032e-09      0.19445219      0.80713261      0.63812466     0.034595716      0.15854352      0.51374939       15.607156       167.60494       9.5214948        9.5214948                           -0       17.662394                                 17.662394
              5       18.402657      -302.44905      -727.59483       70.457646     0.017960094     0.079489053      -302.44905      -425.14578    -0.001650906   2.0989032e-09      0.19759821      0.80397975      0.64237077     0.036178649      0.16012202      0.52133472       15.410457       165.47241       9.5214948        9.5214948                           -0       17.762325                                 17.762325
              7       18.070886      -306.54414      -737.01626       69.903682     0.017411468     0.078527393      -306.54414      -430.47213   -0.0016732589   2.0989032e-09      0.19765171      0.80394745       0.6395898     0.035631597      0.16070192        0.519148       15.547569       166.65274       9.5214948        9.5214948                           -0       17.098782                                 17.098782
             25       18.055717      -306.57668      -744.01502       69.953261     0.017575443     0.078389473      -306.57668      -437.43834   -0.0016734366   2.0989032e-09      0.19742488      0.80417455      0.63775451     0.035916198      0.16019237       0.5173612       15.555823       166.46038       9.5214948        9.5214948                           -0       17.068445                                 17.068445
              1       18.705295      -290.33821      -683.31907       73.169822     0.018583396     0.082355726      -290.33821      -392.98086   -0.0015847995   2.0989032e-09      0.18973967      0.81177749      0.65818882     0.034710517      0.15382602      0.52344245       14.976977       163.50755       9.5214948        9.5214948                           -0       18.367601                                 18.367601
              8       18.701919      -284.40636      -687.85979       73.288414     0.018842171     0.082381087      -284.40636      -403.45343   -0.0015524207   2.0989032e-09      0.18965511      0.81182989      0.65679117     0.035080057      0.15337581      0.52221453       14.961083       163.13173       9.5214948        9.5214948                           -0       18.360849                                 18.360849
              3       20.880732       -313.2167      -887.88415       69.893212     0.024525774     0.082595451       -313.2167      -574.66745   -0.0017096808   2.0989032e-09      0.22060187      0.78103368      0.61978346     0.050205666      0.16907762      0.53147636       15.228896       155.63723       9.5214948        9.5214948                           -0       22.718475                                 22.718475
              1       21.687421      -332.76642      -842.07708       70.520611     0.028429605     0.093370073      -332.76642      -509.31066   -0.0018163922   2.0989032e-09      0.24620945      0.75553413       0.6565649     0.057166116      0.18774811      0.59479785       14.438052       147.89448       9.5214948        9.5214948                           -0       24.331852                                 24.331852
              5       19.726613       -327.8934      -885.10771       69.192776     0.027974036     0.092237544       -327.8934       -557.2143    -0.001789793   2.0989032e-09      0.25243275      0.74928141      0.65130312     0.058429696      0.19265764      0.59744149       14.631658       148.70919       9.5214948        9.5214948                           -0       20.410237                                 20.410237
             17       19.031777      -312.42836      -895.15327       69.393304     0.028540851     0.092871498      -312.42836      -582.72491   -0.0017053777   2.0989032e-09      0.25346951      0.74816066      0.65172038     0.059269573      0.19286229      0.59905065        14.57732       147.92064       9.5214948        9.5214948                           -0       19.020564                                 19.020564
             11       18.262767      -320.56964      -929.93665       69.463656     0.029859059     0.093068322      -320.56964        -609.367   -0.0017498166   2.0989032e-09      0.25609618      0.74557859      0.64566157     0.061881502      0.19287974      0.59654864       14.546034       146.48995       9.5214948        9.5214948                           -0       17.482545                                 17.482545
              9       18.254336      -322.95407      -956.66417        67.90628     0.029011832     0.092621739      -322.95407       -633.7101   -0.0017628319   2.0989032e-09      0.26517184      0.73651246      0.64558821     0.062915157      0.20085981      0.60695804       14.729101       147.49663       9.5214948        9.5214948                           -0       17.465682                                 17.465682
             19       18.680494      -323.12777      -947.79043       67.891037     0.028938167      0.09277542      -323.12777      -624.66266     -0.00176378   2.0989032e-09      0.26546453      0.73622068      0.64674345     0.062783588      0.20128344      0.60837963       14.718571        147.5297       9.5214948        9.5214948                           -0       18.317998                                 18.317998
              9       18.172244      -315.22187      -970.47164       67.128541     0.028159052      0.09110386      -315.22187      -655.24977    -0.001720626   2.0989032e-09      0.26609107       0.7355492      0.64128243     0.062489008      0.20217263        0.603954       14.894757       148.84294       9.5214948        9.5214948                           -0       17.301499                                 17.301499
              2       18.710215      -292.71269      -893.37994       69.660623     0.028499898     0.092722008      -292.71269      -600.66726   -0.0015977605   2.0989032e-09      0.25113544       0.7503877      0.65156872     0.058731163      0.19107687      0.59614732       14.563177       148.00723       9.5214948        9.5214948                           -0       18.377439                                 18.377439
              2        19.51397      -294.84815      -875.99373       69.234796     0.027631268     0.092823959      -294.84815      -581.14558   -0.0016094168   2.0989032e-09      0.25263471      0.74889916      0.65627163     0.057643716      0.19364721      0.60223988       14.608249        148.9067       9.5214948        9.5214948                           -0       19.984951                                 19.984951
              3       18.020467       -210.8187      -914.81467       68.727403     0.026604584     0.089566381       -210.8187      -703.99597   -0.0011507455   2.0989032e-09      0.24730854      0.75376554      0.64431355     0.056324404      0.18962044      0.58500045       14.852946       151.00768       9.5214948        9.5214948                           -0       16.997944                                 16.997944
              1       18.171819      -169.67863      -910.67183       66.617279     0.022198973      0.08437064      -169.67863       -740.9932  -0.00092618402   2.0989032e-09      0.24158874      0.75925584      0.63889407     0.050021775      0.19011551      0.57333252       15.439251       157.93444       9.5214948        9.5214948                           -0       17.300648                                 17.300648
              9       18.021544      -177.57333      -903.72992       66.355439     0.022031927     0.084499968      -177.57333      -726.15658  -0.00096927693   2.0989032e-09      0.24341347      0.75747356      0.64022778     0.050037939       0.1919126        0.576695       15.451153       158.10403       9.5214948        9.5214948                           -0       17.000098                                 17.000098
              8        18.47889      -170.44859       -890.9338       66.016394     0.021564476     0.084911967      -170.44859      -720.48521   -0.0009303868   2.0989032e-09      0.24579289      0.75505441      0.64478115     0.049480641      0.19483425      0.58362832       15.463349        158.5655       9.5214948        9.5214948                           -0       17.914791                                 17.914791
             11        18.26039      -183.01401      -913.47298       64.630928     0.020477888     0.083560668      -183.01401      -730.45897  -0.00099897467   2.0989032e-09      0.25060752      0.75030477      0.64189941     0.049023507      0.20004197      0.58668285       15.716531       160.46221       9.5214948        9.5214948                           -0        17.47779                                  17.47779
              5       18.384715      -187.05036      -905.23003       64.856445     0.020588372     0.083929798      -187.05036      -718.17967   -0.0010210069   2.0989032e-09      0.25000796      0.75092696      0.64359405     0.048945834      0.19953078      0.58752765       15.666233       160.18561       9.5214948        9.5214948                           -0        17.72644                                  17.72644
              2       18.471433      -190.56559      -909.77783       65.171286     0.020042019     0.082335678      -190.56559      -719.21224   -0.0010401946   2.0989032e-09       0.2425586      0.75839633      0.63865519     0.047187707      0.19385432      0.57426739       15.760083       161.48387       9.5214948        9.5214948                           -0       17.899875                                 17.899875
             11       17.926031        -184.578      -945.87316       62.977701     0.018513558     0.079510919        -184.578      -761.29516   -0.0010075116   2.0989032e-09      0.24877425      0.75214196      0.62905476     0.046678434      0.20047175       0.5728363       16.211101       164.65855       9.5214948        9.5214948                           -0       16.809072                                 16.809072
             15       17.934416      -200.85349      -889.76221       63.986458     0.017482188     0.078646781      -200.85349      -688.90872   -0.0010963508   2.0989032e-09      0.23636248      0.76464543      0.63222051      0.04269919      0.19209002      0.56117358       16.172179       166.50094       9.5214948        9.5214948                           -0       16.825842                                 16.825842
             17       18.312726      -171.90537      -883.99139       67.397084     0.022708471     0.084941455      -171.90537      -712.08602  -0.00093833858   2.0989032e-09      0.23840888      0.76244973      0.64010966     0.049992595      0.18699823      0.57063049       15.298076       157.09815       9.5214948        9.5214948                           -0       17.582462                                 17.582462
              1       17.971139      -190.53128      -877.95933       68.744469     0.023847683     0.086019147      -190.53128      -687.42805   -0.0010400074   2.0989032e-09      0.23384595      0.76711743      0.64115332     0.050462722      0.18202021      0.56606486       15.094867       155.33689       9.5214948        9.5214948                           -0       16.899289                                 16.899289
              5       18.102314      -68.515463      -935.94571       69.431006     0.028481249     0.090975471      -68.515463      -867.43024  -0.00037398891   2.0989032e-09      0.24913755      0.75116132      0.64220898     0.059081582      0.18871977       0.5852418       14.674577       148.53562       9.5214948        9.5214948                           -0       17.161639                                 17.161639
              2        17.98002      -14.089831      -901.33628       70.646766     0.027843665     0.090582807      -14.089831      -887.24645  -7.6908781e-05   2.0989032e-09      0.23857229      0.76143206      0.64533333     0.055788134      0.18149355      0.57548429       14.595982       149.33723       9.5214948        9.5214948                           -0       16.917049                                 16.917049
              7       18.048572       -35.19674      -876.95158       70.669459     0.026615331     0.089836302       -35.19674      -841.75484     -0.00019212   2.0989032e-09      0.23446481       0.7656548      0.64830418     0.053292775      0.17988226      0.57313513       14.652367       150.91366       9.5214948        9.5214948                           -0       17.054153                                 17.054153
              4       18.228704      -14.506262       -860.5116       71.083806     0.026601752     0.090478735      -14.506262      -846.00534  -7.9181853e-05   2.0989032e-09      0.23298393      0.76702359      0.65233852     0.052646426      0.17906272      0.57487759       14.577663       150.73429       9.5214948        9.5214948                           -0       17.414418                                 17.414418
              3       18.520629      -34.668137      -818.68857       71.093809      0.02424057     0.088024917      -34.668137      -784.02043  -0.00018923464   2.0989032e-09      0.22339188      0.77672571      0.65280719     0.047960009      0.17415745      0.56332366       14.738032       154.21839       9.5214948        9.5214948                           -0       17.998268                                 17.998268
              2       18.629006      -103.66017      -794.71021       72.538214     0.025542075      0.09079409      -103.66017      -691.05003  -0.00056582491   2.0989032e-09      0.22232025      0.77817676      0.66206819     0.048542536      0.17255354      0.56994323       14.448917       151.83463       9.5214948        9.5214948                           -0       18.215023                                 18.215023
              6       19.255839      -98.690804       -789.1708       72.419997     0.025547205     0.090664151      -98.690804      -690.47999  -0.00053869981   2.0989032e-09      0.22280869      0.77766096      0.66118229     0.048710926      0.17286959      0.56980551        14.45594       151.86858       9.5214948        9.5214948                           -0       19.468689                                 19.468689
              5       19.357056      -112.37713      -748.11249       70.217602      0.01984356      0.08514269      -112.37713      -635.73536  -0.00061340609   2.0989032e-09      0.21423818      0.78630178      0.66256326     0.040246451       0.1726853      0.55990605       15.057666       160.76326       9.5214948        9.5214948                           -0       19.671123                                 19.671123
             25       19.242851      -202.91181      -865.30236       64.887281     0.019122302     0.084508382      -202.91181      -662.39054    -0.001107586   2.0989032e-09      0.24766253      0.75335905      0.65594179     0.045417271      0.20071537      0.59598431       15.669688       161.97519       9.5214948        9.5214948                           -0       19.442713                                 19.442713
             20        18.94257      -162.22022      -917.18466       64.006631     0.019757281     0.084179306      -162.22022      -754.96444  -0.00088547257   2.0989032e-09      0.25527113      0.74552595      0.64870259     0.048225555       0.2054733       0.5983921       15.772916       161.21876       9.5214948        9.5214948                           -0        18.84215                                  18.84215
              5       18.971847      -164.64506      -918.07636       63.929722     0.019833498     0.084439185      -164.64506       -753.4313   -0.0008987085   2.0989032e-09      0.25670805      0.74410206      0.64951062     0.048528145      0.20660385      0.60082137       15.763317       161.02351       9.5214948        9.5214948                           -0       18.900704                                 18.900704
              1       19.100593      -174.13192      -884.61824       64.362653      0.01944922     0.084743074      -174.13192      -710.48632  -0.00095049213   2.0989032e-09      0.25307214      0.74779093      0.65428633     0.046949861      0.20456736      0.60093762       15.701047       161.44118       9.5214948        9.5214948                           -0       19.158197                                 19.158197
              1       19.173248       -175.2489      -885.67413       64.047869     0.018793847     0.083955401       -175.2489      -710.42523   -0.0009565891   2.0989032e-09      0.25204807      0.74882024      0.65361887     0.045814856      0.20466297      0.59910872       15.800175       162.63095       9.5214948        9.5214948                           -0       19.303507                                 19.303507
             10       19.393399       -41.12528      -812.17562       66.747718     0.017767282     0.083009969       -41.12528      -771.05034   -0.0002244807   2.0989032e-09      0.22764426      0.77249894       0.6590874     0.039879357      0.18631911      0.57413065       15.591817       164.44062       9.5214948        9.5214948                           -0       19.743809                                 19.743809
              4       19.946674      -55.133038      -846.75469       66.157543     0.017274718     0.079971282      -55.133038      -791.62165  -0.00030094148   2.0989032e-09      0.22365582      0.77656239      0.64414796     0.039468646      0.18271547      0.55617967       15.869447       166.30501       9.5214948        9.5214948                           -0       20.850359                                 20.850359
              1       18.140932      -172.04093      -950.56168       65.331251     0.023367031     0.086564232      -172.04093      -778.52074  -0.00093907856   2.0989032e-09      0.25906967      0.74178457      0.64185417      0.05474716      0.20281335      0.59646371       15.411098       155.74543       9.5214948        9.5214948                           -0       17.238875                                 17.238875
              5       18.066352       -186.2389      -945.50492       65.335316      0.02292071      0.08578053       -186.2389      -759.26601   -0.0010165776   2.0989032e-09      0.25615594      0.74477581      0.64031528     0.053694781      0.20095219      0.59167804       15.466278       156.55404       9.5214948        9.5214948                           -0       17.089714                                 17.089714
              7       18.068597        -186.197      -945.40506       65.332881     0.022917597     0.085787084        -186.197      -759.20806   -0.0010163489   2.0989032e-09      0.25618309      0.74474842      0.64036481      0.05369149      0.20098252      0.59175518        15.46617       156.55575       9.5214948        9.5214948                           -0       17.094205                                 17.094205
             28       18.497739      -175.01751      -991.15245       64.890598     0.023151917     0.084077646      -175.01751      -816.13494  -0.00095532609   2.0989032e-09      0.25618401      0.74468532      0.62909731     0.054982363      0.19967192      0.58134401       15.629316       156.83218       9.5214948        9.5214948                           -0       17.952489                                 17.952489
             25       17.977937       -151.6057      -974.37829       65.098034     0.023422506     0.085559631       -151.6057      -822.77259  -0.00082753366   2.0989032e-09      0.25868956      0.74205252      0.63579823     0.055271037      0.20189853      0.59040243       15.499154       156.00649       9.5214948        9.5214948                           -0       16.912884                                 16.912884
              4       17.961618       -162.8553       -969.5802       65.076677     0.023517952     0.085897807       -162.8553       -806.7249  -0.00088893915   2.0989032e-09      0.25988329      0.74092014      0.63701913     0.055532698       0.2028296      0.59289942       15.474561       155.77845       9.5214948        9.5214948                           -0       16.880246                                 16.880246
              5       19.288034      -217.01798      -845.25808       65.985544     0.020119565     0.084919013      -217.01798      -628.24009    -0.001184584   2.0989032e-09      0.24272044      0.75838098      0.65366614     0.046208404      0.19503265      0.58796102       15.493765       160.46877       9.5214948        9.5214948                           -0       19.533077                                 19.533077
              1       19.164741      -244.69373      -858.88959       65.462741     0.018442479     0.082023663      -244.69373      -614.19587   -0.0013356509   2.0989032e-09      0.23594291      0.76530824      0.64741314     0.043035903       0.1914039      0.57414865       15.782654       163.82996       9.5214948        9.5214948                           -0       19.286492                                 19.286492
             19       18.300241      -282.67636      -845.09937        65.36042     0.018168012     0.081206593      -282.67636      -562.42301   -0.0015429776   2.0989032e-09      0.23412712       0.7673311      0.64444275     0.042528273      0.19009103        0.569311       15.836392       164.52635       9.5214948        9.5214948                           -0       17.557493                                 17.557493
              2       19.748974      -159.48682      -949.33571       62.538342     0.020552368     0.085058278      -159.48682       -789.8489  -0.00087055242   2.0989032e-09       0.2716788      0.72909916      0.64600267     0.052549566      0.21748227      0.61475428       15.841176       159.84185       9.5214948        9.5214948                           -0       20.454959                                 20.454959
              7        19.99936          -142.6        -881.945       63.683654     0.019424643     0.086042327          -142.6        -739.345  -0.00077837637   2.0989032e-09      0.26164045      0.73904864      0.66025939     0.047895762      0.21215643      0.61660409       15.693399       161.01834       9.5214948        9.5214948                           -0        20.95573                                  20.95573
              3       20.375031      -124.85323       -983.7832       62.223561      0.02288511     0.089574876      -124.85323      -858.92997  -0.00068150636   2.0989032e-09      0.29212499      0.70846299      0.65478203     0.059107595      0.23135373      0.64613086       15.571635       155.36002       9.5214948        9.5214948                           -0       21.707072                                 21.707072
             14       21.212868      -114.08638      -824.34342       69.669228     0.026931179     0.097706902      -114.08638      -710.25705  -0.00062273594   2.0989032e-09      0.25811155      0.74243658      0.68556554     0.055484716      0.20129976      0.63590475       14.369037       148.24847       9.5214948        9.5214948                           -0       23.382746                                 23.382746
              3       19.033438      -73.545809      -961.70281        64.83217     0.024314145     0.089623189      -73.545809        -888.157  -0.00040144686   2.0989032e-09      0.27260466      0.72771064       0.6514422     0.057846606      0.21322557      0.62098613       15.267758       153.62489       9.5214948        9.5214948                           -0       19.023887                                 19.023887
             14       18.176414      -6.6806883      -984.31003       66.240657     0.025974643     0.089628674      -6.6806883      -977.62934   -3.646627e-05   2.0989032e-09      0.26493186      0.73502208      0.64428346     0.059197085      0.20426676       0.6054572       15.102543       151.69909       9.5214948        9.5214948                           -0       17.309839                                 17.309839
             47       18.972036      -23.540102      -996.26451       65.112333     0.026425687     0.091457522      -23.540102      -972.72441   -0.0001284927   2.0989032e-09      0.27957095      0.72047213       0.6491995     0.062330381      0.21572124      0.62670559       15.099294        150.6356       9.5214948        9.5214948                           -0       18.901082                                 18.901082
              9        19.13195      -25.110692        -993.727       65.074682     0.026409272     0.091610342      -25.110692      -968.61631  -0.00013706571   2.0989032e-09      0.28021666      0.71983489      0.64999761     0.062363763      0.21633181      0.62820025       15.094582       150.60796       9.5214948        9.5214948                           -0       19.220911                                 19.220911
             11       18.758326       -109.2183      -959.01555       66.428266       0.0263616     0.091784627       -109.2183      -849.79724  -0.00059616373   2.0989032e-09       0.2692002       0.7313139      0.65351782     0.059740099      0.20800037       0.6190625       14.964179       150.60878       9.5214948        9.5214948                           -0       18.473662                                 18.473662
             10       18.792735      -105.20695      -973.11204       66.237574     0.026934897     0.092491607      -105.20695      -867.90509  -0.00057426795   2.0989032e-09       0.2736705      0.72682123      0.65354829      0.06139125      0.21081111      0.62421047       14.936467       149.76303       9.5214948        9.5214948                           -0        18.54248                                  18.54248
              2       19.576843      -54.945143      -992.28388        68.12861     0.027987868     0.089978139      -54.945143      -937.33874  -0.00029991586   2.0989032e-09      0.25554228      0.74467961      0.63781876     0.060299091      0.19385542      0.58866477       14.888758       149.36041       9.5214948        9.5214948                           -0       20.110697                                 20.110697
              3       19.684854       -55.07499      -995.45135       68.052789     0.027977774      0.08987995       -55.07499      -940.37636  -0.00030062463   2.0989032e-09      0.25587821      0.74434422      0.63725124     0.060411734      0.19407561      0.58852744       14.902495       149.40053       9.5214948        9.5214948                           -0       20.326718                                 20.326718
             10       19.278003      -54.702996      -993.13042        68.05015      0.02799871     0.089996108      -54.702996      -938.42743  -0.00029859412   2.0989032e-09      0.25619411      0.74402629      0.63773713      0.06046163       0.1943415      0.58933963       14.892998       149.34333       9.5214948        9.5214948                           -0       19.513016                                 19.513016
              8       18.096293      -40.445888      -984.59845       67.458038     0.027359567      0.08995069      -40.445888      -944.15256  -0.00022077226   2.0989032e-09      0.25920699      0.74093421      0.64013074     0.060123162      0.19766833      0.59501979       14.947655       150.05413       9.5214948        9.5214948                           -0       17.149597                                 17.149597
              6       18.017607      -40.437134      -986.23673       67.009161     0.026684957      0.08906925      -40.437134      -945.79959  -0.00022072448   2.0989032e-09      0.25922593      0.74091415       0.6386139     0.059428962      0.19836244      0.59363153       15.049179       151.06902       9.5214948        9.5214948                           -0       16.992225                                 16.992225
              6       18.468763      -60.046702      -978.16709       66.237944     0.026352363     0.089539517      -60.046702      -918.12039  -0.00032776252   2.0989032e-09      0.26561126      0.73463397      0.64172009     0.060062842      0.20408029      0.60382105       15.088594       151.29913       9.5214948        9.5214948                           -0       17.894537                                 17.894537
              2       18.108216      -139.66151      -941.95668       68.557943     0.027947251     0.091524107      -139.66151      -802.29516  -0.00076233678   2.0989032e-09      0.25555447      0.74513083      0.64672982     0.059459813      0.19472421      0.59690332       14.744186       148.94728       9.5214948        9.5214948                           -0       17.173442                                 17.173442
              8       18.109424      -151.55189      -963.15707       67.711107     0.027935753     0.091028714      -151.55189      -811.60518  -0.00082723994   2.0989032e-09      0.26088108      0.73986717      0.64295778     0.060931315      0.19854483      0.59957445       14.845623       149.10565       9.5214948        9.5214948                           -0       17.175859                                 17.175859
              2       20.301042       -200.7204      -902.80028       68.248491     0.027396005     0.092063874       -200.7204      -702.07988   -0.0010956243   2.0989032e-09      0.25785254      0.74316534       0.6521206     0.058816764      0.19765287      0.60457892       14.735027       149.38532       9.5214948        9.5214948                           -0       21.559094                                 21.559094
              6       20.464313      -208.54016      -904.89372       67.927143     0.027545102     0.093046968      -208.54016      -696.35356   -0.0011383081   2.0989032e-09      0.26275177      0.73830806      0.65579909     0.059697713      0.20165804      0.61373799         14.7159       148.93449       9.5214948        9.5214948                           -0       21.885637                                 21.885637
              2       19.815388      -301.73237      -876.44391       68.422978     0.026206108     0.090690942      -301.73237      -574.71154   -0.0016469941   2.0989032e-09      0.25106497      0.75050468      0.65204502     0.055975577      0.19371354       0.5964994       14.812673       151.11328       9.5214948        9.5214948                           -0       20.587786                                 20.587786
              3        18.32077      -274.02015      -882.35865       71.571689      0.02797674     0.088921186      -274.02015      -608.33849   -0.0014957281   2.0989032e-09        0.229462      0.77196304       0.6371226     0.054615332      0.17358921      0.55720855       14.616847       149.68775       9.5214948        9.5214948                           -0        17.59855                                  17.59855
              6       18.008098      -62.224332      -793.45075       69.902406     0.019763132     0.081661118      -62.224332      -731.22642  -0.00033964903   2.0989032e-09      0.20888488      0.79138066      0.64282546     0.040445623      0.16712102      0.53639651       15.306166       162.10762       9.5214948        9.5214948                           -0       16.973207                                 16.973207
              4       18.673344      -82.120583      -810.60612         68.6931     0.019975846     0.081993769      -82.120583      -728.48554  -0.00044825192   2.0989032e-09      0.21745997      0.78291154      0.64194255      0.04233299      0.17376192      0.54654409       15.387079       161.69621       9.5214948        9.5214948                           -0       18.303698                                 18.303698
              6       19.140594      -128.11001      -779.43888       69.065362     0.017056393      0.07756643      -128.11001      -651.32887  -0.00069928334   2.0989032e-09      0.19972007       0.8009033      0.63509287     0.035757455      0.16261223      0.51818814       15.729642       167.56141       9.5214948        9.5214948                           -0       19.238198                                 19.238198
              1       19.659703      -133.13372       -777.4018       68.931913     0.016710958     0.077358724      -133.13372      -644.26808  -0.00072670508   2.0989032e-09      0.19933001      0.80132049      0.63595418     0.035169054      0.16280534      0.51838394        15.76811       168.17207       9.5214948        9.5214948                           -0       20.276417                                 20.276417
              2       18.095566      -156.37126      -721.00176       72.885116     0.019865221     0.082298315      -156.37126       -564.6305  -0.00085354624   2.0989032e-09      0.19352979      0.80725559      0.64929041     0.037395185      0.15492205      0.52149755       14.974553       161.73894       9.5214948        9.5214948                           -0       17.148142                                 17.148142
             12       18.440949      -97.902662      -777.21559       71.261555     0.021144393      0.08464962      -97.902662      -679.31293  -0.00053439776   2.0989032e-09       0.2095978      0.79086529      0.65295758       0.0416375      0.16669187      0.54578011       14.978021       159.20187       9.5214948        9.5214948                           -0       17.838909                                 17.838909
              3       18.268457      -93.115059      -771.49344        71.58041     0.021343542     0.084809312      -93.115059      -678.37838  -0.00050826482   2.0989032e-09        0.208435      0.79200259        0.653014     0.041656054      0.16552179       0.5443111       14.931263       158.88717       9.5214948        9.5214948                           -0       17.493925                                 17.493925
              4       18.647111      -83.582616      -825.91265        69.92812     0.023551325     0.088599376      -83.582616      -742.33003  -0.00045623237   2.0989032e-09      0.23066702      0.76971515      0.65846299      0.04816279      0.18118697      0.57738235       14.837353       154.86239       9.5214948        9.5214948                           -0       18.251231                                 18.251231
              1       18.707931      -94.807823      -822.22523       69.994487     0.023584602     0.088762682      -94.807823      -727.41741  -0.00051750471   2.0989032e-09      0.23063106      0.76981253      0.65924383     0.048139422      0.18117687      0.57802197       14.821379       154.76982       9.5214948        9.5214948                           -0       18.372873                                 18.372873
              5       19.619592      -109.94705      -852.21395       67.205119     0.022040446     0.088835408      -109.94705       -742.2669  -0.00060014156   2.0989032e-09       0.2469153      0.75360466      0.66479902     0.048799533       0.1966896      0.60312002        15.12585       156.64814       9.5214948        9.5214948                           -0       20.196195                                 20.196195
              1       19.560468      -112.53464      -854.87091        67.07519     0.021869879     0.088468138      -112.53464      -742.33627  -0.00061426584   2.0989032e-09      0.24667738       0.7538564       0.6636799     0.048609656      0.19663601      0.60181457         15.1623       156.98382       9.5214948        9.5214948                           -0       20.077946                                 20.077946
              2       19.649742      -110.70054      -916.22601       64.444274     0.022056097     0.088456195      -110.70054      -805.52547  -0.00060425446   2.0989032e-09      0.26764918      0.73286788      0.65809927     0.053108006      0.21299018      0.62160391       15.418939       156.75298       9.5214948        9.5214948                           -0       20.256494                                 20.256494
              1       18.122722      -117.40405      -889.89362       65.150438     0.019416478     0.082068199      -117.40405      -772.48957   -0.0006408453   2.0989032e-09      0.24060996      0.75994557      0.64099224     0.045744173      0.19334824      0.57404898       15.775896       162.44077       9.5214948        9.5214948                           -0       17.202454                                 17.202454
              5       17.984998      -169.78525        -904.614        65.74099     0.020905051     0.083075537      -169.78525      -734.82875  -0.00092676601   2.0989032e-09      0.24208163      0.75876135      0.63830162     0.048370296      0.19222093      0.57338488       15.625445       160.06218       9.5214948        9.5214948                           -0       16.927006                                 16.927006
              3       17.961771      -200.30616      -914.86904       66.939828     0.023484089     0.085655327      -200.30616      -714.56287   -0.0010933632   2.0989032e-09      0.24500113      0.75601142      0.63877108     0.052408838      0.19115479      0.57725628       15.297923       155.89945       9.5214948        9.5214948                           -0       16.880553                                 16.880553
              3       18.057799      -241.52126      -806.39603       72.893656     0.025738305     0.088176833      -241.52126      -564.87478   -0.0013183341   2.0989032e-09      0.21560101      0.78564918      0.64728359     0.048439592      0.16594915      0.54873083       14.558792       152.41775       9.5214948        9.5214948                           -0       17.072607                                 17.072607
              2       18.972486      -230.67927       -793.8015       72.415863     0.026403875     0.091642091      -230.67927      -563.12222   -0.0012591536   2.0989032e-09      0.22633258      0.77485752      0.66152843     0.050350089      0.17475418      0.57459445       14.399591       150.60446       9.5214948        9.5214948                           -0       18.901982                                 18.901982
              2       18.618603      -328.94086      -761.39388       72.168659     0.023637731     0.088507838      -328.94086      -432.45302   -0.0017955105   2.0989032e-09      0.21655698        0.785169      0.66055298       0.0453846      0.16993564      0.56121998       14.635282       154.78731       9.5214948        9.5214948                           -0       18.194216                                 18.194216
              3       18.435498      -324.97452       -778.0558       71.294733     0.023102684     0.087345688      -324.97452      -453.08128   -0.0017738604   2.0989032e-09      0.21855959      0.78314303      0.65626462      0.04545143      0.17184091      0.56014866       14.787904       155.81502       9.5214948        9.5214948                           -0       17.828007                                 17.828007
              4       18.318727      -322.75291      -784.16929       71.469173     0.023498078     0.087385254      -322.75291      -461.41638   -0.0017617338   2.0989032e-09      0.21834554       0.7833453      0.65434056     0.046003919      0.17108055      0.55823284       14.763774       155.31834       9.5214948        9.5214948                           -0       17.594464                                 17.594464
              1       18.326548      -198.21174        -797.149       73.135724     0.025038602     0.087600245      -198.21174      -598.93725   -0.0010819309   2.0989032e-09      0.21179005      0.78922418      0.64841553     0.046811327      0.16377446      0.54481061       14.583082        153.4102       9.5214948        9.5214948                           -0       17.610107                                 17.610107
              4       18.059748      -177.00395      -781.68543       72.594738     0.023317842       0.0849808      -177.00395      -604.68148  -0.00096616896   2.0989032e-09       0.2067227      0.79417476      0.64328412     0.044246414      0.16125402      0.53399389       14.791048       156.32634       9.5214948        9.5214948                           -0       17.076506                                 17.076506
              1       18.074731      -171.38309      -779.47078       72.789815     0.023405911     0.085013375      -171.38309      -608.08769  -0.00093548774   2.0989032e-09      0.20584385      0.79502329      0.64316075     0.044175791      0.16045233      0.53275539       14.769473       156.20688       9.5214948        9.5214948                           -0       17.106472                                 17.106472
              4       19.667177      -189.17226      -727.59431       74.089433     0.023021701     0.085419021      -189.17226      -538.42205   -0.0010325892   2.0989032e-09      0.19872474      0.80224188      0.64917703     0.041939656      0.15561163      0.52835824        14.61312       156.54823       9.5214948        9.5214948                           -0       20.291364                                 20.291364
              1       19.122326      -120.92932      -861.35234       67.836375     0.021247006     0.081396516      -120.92932      -740.42302  -0.00066008783   2.0989032e-09      0.22445184      0.77612956      0.62969571     0.046171339      0.17688074      0.54466779       15.488749       160.19681       9.5214948        9.5214948                           -0       19.201662                                 19.201662
              7       19.286321      -114.18758      -813.97728       67.567234     0.018524206     0.079273171      -114.18758       -699.7897  -0.00062328833   2.0989032e-09      0.21562842      0.78491555       0.6339957     0.040575821      0.17364167      0.53750026       15.698049       164.73217       9.5214948        9.5214948                           -0       19.529652                                 19.529652
              1        19.30607      -146.25073      -754.62883       68.520508      0.01725793     0.079914326      -146.25073       -608.3781  -0.00079830377   2.0989032e-09      0.20833896      0.79238222      0.64707611     0.036757634      0.17020938      0.53923737       15.582775       166.35187       9.5214948        9.5214948                           -0        19.56915                                  19.56915
              4       18.911996      -137.64628      -767.12881       69.013838     0.018532348     0.081476199      -137.64628      -629.48253  -0.00075133669   2.0989032e-09      0.21132603      0.78934928      0.64851564     0.038909719      0.17106391      0.54429748       15.413479       163.90266       9.5214948        9.5214948                           -0       18.781002                                 18.781002
             12       18.676642      -225.00533      -849.61705       68.531044     0.021995961     0.082496757      -225.00533      -624.61173   -0.0012281826   2.0989032e-09      0.22386195      0.77728913      0.63234539     0.046834754      0.17565567      0.54624046        15.34231       158.83434       9.5214948        9.5214948                           -0       18.310295                                 18.310295
              1       19.328002      -309.20711      -789.15173       68.077077     0.020090299     0.086010695      -309.20711      -479.94462   -0.0016877946   2.0989032e-09      0.23032775      0.77128191      0.66301397     0.043349552      0.18558833      0.58094523       15.231713       160.12907       9.5214948        9.5214948                           -0       19.613015                                 19.613015
              1        19.43775      -298.22419      -796.00339         66.8614     0.018690814     0.084507274      -298.22419       -497.7792   -0.0016278448   2.0989032e-09      0.23228601      0.76926083      0.66179915     0.041809723      0.18903541      0.58234064       15.471461       162.57761       9.5214948        9.5214948                           -0       19.832511                                 19.832511
              4       19.456453      -292.60876      -844.35784       65.458219     0.019539759     0.085476913      -292.60876      -551.74908   -0.0015971932   2.0989032e-09      0.24659574      0.75491694      0.65954696      0.04560273      0.19948969      0.59796791       15.543767       161.05921       9.5214948        9.5214948                           -0       19.869916                                 19.869916
              6       19.611744      -254.66296      -869.36861       65.704479      0.02158694     0.086813341      -254.66296      -614.70565   -0.0013900676   2.0989032e-09      0.25258844      0.74871774      0.65445401     0.050003583       0.2010928      0.60051691       15.383813        157.8942       9.5214948        9.5214948                           -0       20.180499                                 20.180499
              2        20.18352        -187.317      -832.84232       69.187178     0.024396817      0.08920767        -187.317      -645.52532   -0.0010224624   2.0989032e-09      0.23867105      0.76227576      0.65574021     0.050966163      0.18635926      0.58488578       14.845338       153.65806       9.5214948        9.5214948                           -0        21.32405                                  21.32405
              1       19.210634      -208.65615      -826.11507       70.284521     0.024939251     0.089015881      -208.65615      -617.45891   -0.0011389413   2.0989032e-09      0.23198637      0.76907927      0.65310166     0.050485193      0.18019723      0.57431663       14.746418       153.08127       9.5214948        9.5214948                           -0       19.378278                                 19.378278
              2       18.559073      -177.35136      -811.71878       70.781984     0.023854181     0.087089954      -177.35136      -634.36741  -0.00096806533   2.0989032e-09      0.22272711      0.77816867      0.64965426     0.047612288      0.17382915      0.55976818       14.824681       154.98198       9.5214948        9.5214948                           -0       18.075157                                 18.075157
              3       23.564536        -172.051      -763.09904       69.876655     0.021156656     0.084585784        -172.051      -591.04804  -0.00093913352   2.0989032e-09      0.21788263      0.78298234      0.65085027     0.043329412      0.17323401      0.55466628       15.070389       159.20773       9.5214948        9.5214948                           -0       28.086083                                 28.086083
              2       20.586871      -228.77283      -867.91062       68.438565      0.02415052     0.085668432      -228.77283      -639.13779   -0.0012487473   2.0989032e-09      0.23583888      0.76533256      0.63709626     0.051561401      0.18290224      0.56487471       15.108825       155.08443       9.5214948        9.5214948                           -0       22.130753                                 22.130753
              2       19.964269       -230.2736      -849.78064       69.813385     0.024945902     0.086528787       -230.2736      -619.50704   -0.0012569393   2.0989032e-09      0.23003883      0.77114381      0.63901455     0.051182539      0.17753469      0.55956519       14.917643       153.85902       9.5214948        9.5214948                           -0       20.885548                                 20.885548
             13        19.10793      -261.78156      -810.44255       71.129215     0.022873777     0.082048832      -261.78156      -548.66099   -0.0014289242   2.0989032e-09      0.20865611      0.79270124      0.62768911     0.045210765      0.16217219       0.5234793       15.109913       157.86535       9.5214948        9.5214948                           -0       19.172871                                 19.172871
              1       18.487614      -316.35918      -781.02395       71.145342       0.0213577     0.081163377      -316.35918      -464.66477   -0.0017268339   2.0989032e-09      0.20381697      0.79783833       0.6317043     0.042195053      0.16034934      0.52068297       15.190557       160.13229       9.5214948        9.5214948                           -0       17.932238                                 17.932238
              2       18.355075      -319.08474      -786.17679       71.328237     0.021974565     0.082033024      -319.08474      -467.09206   -0.0017417113   2.0989032e-09      0.20569485      0.79597569      0.63320137     0.043191403      0.16123738      0.52431578       15.110358       159.02198       9.5214948        9.5214948                           -0        17.66716                                  17.66716
              3       18.495511      -293.67431      -761.17125       71.023825     0.019458016     0.078923487      -293.67431      -467.49694   -0.0016030095   2.0989032e-09       0.1963087      0.80522253      0.63010516     0.038573624      0.15645814      0.50970886       15.387955       163.53064       9.5214948        9.5214948                           -0       17.948033                                 17.948033
              3       18.322048       -276.1936      -753.42705       71.439962     0.019581222      0.08014293       -276.1936      -477.23345   -0.0015075917   2.0989032e-09      0.19665912      0.80477752      0.63696996     0.038366958      0.15703006      0.51572165       15.267932       162.91006       9.5214948        9.5214948                           -0       17.601106                                 17.601106
              3       20.052927      -264.89042      -857.06616       71.353004     0.024911619     0.083644844      -264.89042      -592.17574   -0.0014458937   2.0989032e-09      0.21448676        0.786888      0.62512623     0.048930249      0.16429133      0.52857588       15.005593       154.82898       9.5214948        9.5214948                           -0       21.062864                                 21.062864
              2       19.420825      -271.11052      -884.75439       69.637918      0.02425682     0.082929293      -271.11052      -613.64387   -0.0014798459   2.0989032e-09       0.2223561      0.77904907      0.62288273     0.050019842      0.17100799      0.53625356       15.214141       155.85344       9.5214948        9.5214948                           -0       19.798659                                 19.798659
              3       19.196791      -273.06792      -893.71498       69.182415     0.024207895     0.082921826      -273.06792      -620.64706   -0.0014905303   2.0989032e-09      0.22517594      0.77623893      0.62257488     0.050578458      0.17325167      0.53937642       15.255819        155.9155       9.5214948        9.5214948                           -0       19.350593                                 19.350593
             11       18.576352      -300.25317       -874.9924       69.426239     0.023916033     0.083628225      -300.25317      -574.73923   -0.0016389199   2.0989032e-09      0.22445712      0.77710667        0.628517     0.049618297      0.17350244      0.54365463       15.186027       156.03814       9.5214948        9.5214948                           -0       18.109714                                 18.109714
              3       18.542561      -299.69788       -878.3346       69.196685     0.023786286     0.083407056      -299.69788      -578.63672   -0.0016358889   2.0989032e-09      0.22521595      0.77634431      0.62775285      0.04967708      0.17419361      0.54391074       15.222799       156.27062       9.5214948        9.5214948                           -0       18.042133                                 18.042133
              3       19.196115      -168.95334      -819.19514       73.276206      0.02627713     0.085783866      -168.95334      -650.24179  -0.00092222507   2.0989032e-09      0.20990256      0.79095222      0.63142749     0.048938649      0.15976427      0.52816757       14.636597        152.5475       9.5214948        9.5214948                           -0       19.349241                                 19.349241
              1       18.886621      -196.38578       -814.0458       72.730699     0.025482962     0.085533356      -196.38578      -617.66002   -0.0010719639   2.0989032e-09      0.21108816      0.78991535      0.63395205     0.048174186      0.16169627      0.53177476       14.709586       153.54573       9.5214948        9.5214948                           -0       18.730252                                 18.730252
             13       18.197303      -99.755097      -836.68093       69.957836     0.022466404     0.083243893      -99.755097      -736.92583  -0.00054450921   2.0989032e-09      0.21731157      0.78315894      0.63543763     0.045905088      0.17009034      0.54082123       15.154304        157.9758       9.5214948        9.5214948                           -0       17.351617                                 17.351617
              2       18.464064      -129.51796      -809.58552       69.501614     0.021183249     0.083353174      -129.51796      -680.06756  -0.00070696859   2.0989032e-09      0.21774375      0.78288825      0.64325467     0.043853352      0.17255692      0.54801844       15.205928       159.59809       9.5214948        9.5214948                           -0       17.885138                                 17.885138
              2       18.095128      -83.332134      -725.13898        72.50721     0.019244574     0.081720856      -83.332134      -641.80685  -0.00045486512   2.0989032e-09      0.19327345      0.80711253      0.64938595     0.036605463      0.15544277      0.52122875       15.055641       162.80611       9.5214948        9.5214948                           -0       17.147266                                 17.147266
              2       18.133773      -84.779825      -731.90772         72.3402     0.019466737     0.082135205      -84.779825       -647.1279  -0.00046276728   2.0989032e-09      0.19538322      0.80501035      0.65022241     0.037199213      0.15695312      0.52474092       15.045117       162.34691       9.5214948        9.5214948                           -0       17.224556                                 17.224556
              1       19.516778       -78.29706      -700.37454        72.83207     0.019830231     0.084553751       -78.29706      -622.07748  -0.00042738137   2.0989032e-09      0.19799776      0.80236136      0.66245024     0.037383716      0.15939972      0.53817407       14.834734       160.98773       9.5214948        9.5214948                           -0       19.990566                                 19.990566
              9       20.904101      -35.473513       -659.8479       75.171844      0.02046605     0.089239191      -35.473513      -624.37439  -0.00019363075   2.0989032e-09      0.19528077      0.80484878       0.6876564     0.036217929      0.15792294       0.5548053       14.389543        158.5321       9.5214948        9.5214948                           -0       22.765212                                 22.765212
              1       19.360127      -45.871408      -640.84367        78.00682     0.022218464     0.089347411      -45.871408      -594.97226  -0.00025038725   2.0989032e-09      0.18440235      0.81578853      0.68031548     0.036513114      0.14683068      0.53337537       14.098797       156.25797       9.5214948        9.5214948                           -0       19.677264                                 19.677264
              8       19.838673      -13.788879      -545.32974       79.237532     0.016123513     0.082438985      -13.788879      -531.54086  -7.5266042e-05   2.0989032e-09      0.15800791      0.84200968       0.6805135     0.025680164      0.13130182      0.49387329       14.439902       167.10869       9.5214948        9.5214948                           -0       20.634356                                 20.634356
              5       20.106447        -1.28825      -568.73769       79.615581      0.01902382     0.086880894        -1.28825      -567.44944  -7.0318612e-06   2.0989032e-09      0.16809416      0.83185574      0.68798792      0.03001246      0.13706549      0.51498727       14.129126       161.27453       9.5214948        9.5214948                           -0       21.169904                                 21.169904
             13       20.908288      -7.7499186      -636.13523       77.174848     0.020138672     0.087967253      -7.7499186      -628.38531  -4.2302621e-05   2.0989032e-09       0.1825904       0.8173911      0.68472483     0.033812654      0.14769625      0.53418836       14.285343       159.39321       9.5214948        9.5214948                           -0       22.773586                                 22.773586
              4       22.113869      -45.622402      -757.07105       78.383001     0.029544602      0.09545983      -45.622402      -711.44865  -0.00024902806   2.0989032e-09      0.20450963      0.79568045      0.67116358     0.048087741      0.15537348      0.55414656       13.702035       146.13936       9.5214948        9.5214948                           -0       25.184748                                 25.184748
              3       21.418141      -47.758002      -778.94753       76.572229     0.028687731      0.09451569      -47.758002      -731.18953  -0.00026068514   2.0989032e-09      0.21122478      0.78897414      0.66888594     0.048927568      0.16119862      0.56125972       13.900931       147.29414       9.5214948        9.5214948                           -0       23.793292                                 23.793292
              3       20.863968      -81.079971      -760.62643       76.903061     0.028308725     0.094396132      -81.079971      -679.54646  -0.00044257178   2.0989032e-09      0.20856832      0.79181302      0.67078886     0.047866652      0.15961252      0.55930589       13.881826       147.72725       9.5214948        9.5214948                           -0       22.684947                                 22.684947
              2       20.675047      -62.018435      -766.01074       73.220718      0.02430237     0.091526671      -62.018435       -703.9923  -0.00033852515   2.0989032e-09      0.21724909      0.78302189      0.67416739     0.045329473      0.17071815      0.57370165       14.389305       153.04389       9.5214948        9.5214948                           -0       22.307105                                 22.307105
              7       21.485959      -34.493356      -737.79597       74.742993     0.025726981     0.095171274      -34.493356      -703.30261   -0.0001882806   2.0989032e-09      0.21756388      0.78255958      0.68710228     0.046051933      0.17035893      0.58513243       14.062152       150.30741       9.5214948        9.5214948                           -0       23.928929                                 23.928929
              2       18.256234      -145.78217      -821.42724       73.334099     0.028069574     0.091677255      -145.78217      -675.64507  -0.00079574612   2.0989032e-09      0.22386282      0.77686559      0.65342955     0.052194398      0.17047068      0.56445474       14.292891       148.77069       9.5214948        9.5214948                           -0       17.469479                                 17.469479
              2       18.048108      -151.16324      -820.66795        74.15202     0.028768178     0.091986889      -151.16324      -669.50471   -0.0008251185   2.0989032e-09      0.22078515      0.77997411      0.65220382     0.052319837      0.16729384      0.55950972       14.202348       147.93627       9.5214948        9.5214948                           -0       17.053227                                 17.053227
              1       18.414662      -73.539422      -862.06984       72.839735     0.028259905     0.090880323      -73.539422      -788.53041  -0.00040141199   2.0989032e-09      0.22576853      0.77456463       0.6474815     0.053264025      0.17129045      0.56169227       14.391409       148.80044       9.5214948        9.5214948                           -0       17.786334                                 17.786334
              4       18.081374      -64.175534      -902.28267       71.771458     0.029825745     0.092986389      -64.175534      -838.10714  -0.00035029959   2.0989032e-09      0.23966776      0.76061224      0.64856413     0.057901228      0.18051606      0.57969173        14.35104       146.54743       9.5214948        9.5214948                           -0       17.119759                                 17.119759
             11        18.54482      -22.274582      -838.28676       73.886602     0.028842756     0.090723194      -22.274582      -816.01218  -0.00012158492   2.0989032e-09      0.22019605       0.7798592      0.64467778     0.052833012      0.16618313      0.55231499       14.274877       148.22491       9.5214948        9.5214948                           -0       18.046649                                 18.046649
              6       18.459659      -24.038164      -838.59392       73.929858     0.028844622     0.090657578      -24.038164      -814.55576  -0.00013121136   2.0989032e-09      0.21982181      0.78024314      0.64436888     0.052774619      0.16586867      0.55158103       14.275742        148.2421       9.5214948        9.5214948                           -0       17.876328                                 17.876328
              1       18.421779      -27.779883      -866.23571       72.173726     0.026557081     0.086638439      -27.779883      -838.45582  -0.00015163538   2.0989032e-09      0.21854221      0.78153991      0.63324473     0.050982613      0.16632302      0.54047874       14.700145       151.96133       9.5214948        9.5214948                           -0       17.800568                                 17.800568
              3       18.096225       -13.85833      -871.37181        71.50579     0.026181831     0.087205985       -13.85833      -857.51348  -7.5645141e-05   2.0989032e-09      0.22302017      0.77698466      0.63765959     0.051205616      0.17055477      0.54979443       14.731204       152.21188       9.5214948        9.5214948                           -0       17.149461                                 17.149461
              4       18.217586      -9.7923837       -846.0363       71.132268     0.025229066     0.087796352      -9.7923837      -836.24392  -5.3451335e-05   2.0989032e-09      0.22465229      0.77532959      0.64584796      0.04986179      0.17351745      0.55888839       14.732416       153.12593       9.5214948        9.5214948                           -0       17.392182                                 17.392182
              1       18.167931       -44.06453      -907.10824       66.549519     0.022109754      0.08436934       -44.06453      -863.04371  -0.00024052447   2.0989032e-09      0.24187658      0.75828218      0.63926723     0.049922241      0.19049993      0.57400904       15.429662       158.04872       9.5214948        9.5214948                           -0       17.292872                                 17.292872
              2       18.114551      -52.283558      -893.09129       67.081219      0.02220453     0.085308147      -52.283558      -840.80773  -0.00028538771   2.0989032e-09      0.24035435      0.75985056      0.64460041     0.049344607       0.1895783       0.5769736       15.325059       157.61143       9.5214948        9.5214948                           -0       17.186112                                 17.186112
              5       18.266534      -84.828223       -780.6227       69.044216     0.018324067     0.081320482      -84.828223      -695.79447  -0.00046303146   2.0989032e-09      0.21037655      0.79001052      0.64895199     0.038438573      0.17058677      0.54343875        15.44182        164.2589       9.5214948        9.5214948                           -0       17.490079                                 17.490079
              2       18.252826      -43.870595      -795.30316       69.707499      0.01996541     0.083184312      -43.870595      -751.43257  -0.00023946589   2.0989032e-09      0.21360561      0.78655934      0.65003394       0.0410884      0.17119159      0.54850644       15.231131        161.2869       9.5214948        9.5214948                           -0       17.462663                                 17.462663
              4       18.366054      -46.798015      -814.31377       69.046829     0.020099938       0.0833261      -46.798015      -767.51575  -0.00025544509   2.0989032e-09      0.21829249      0.78188699      0.64915815     0.042160645      0.17478074      0.55374432       15.289125       161.05401       9.5214948        9.5214948                           -0       17.689119                                 17.689119
              2       18.188349      -47.228429      -830.65035       68.803116     0.020996976     0.084265262      -47.228429      -783.42192  -0.00025779449   2.0989032e-09      0.22372055      0.77646075      0.64856545      0.04435479      0.17800507      0.56007492       15.236367       159.52778       9.5214948        9.5214948                           -0       17.333709                                 17.333709
              5       18.222228      -35.121687        -790.127       71.787224     0.022791778     0.086491993      -35.121687      -755.00531  -0.00019171032   2.0989032e-09      0.21331119      0.78681025      0.65385554     0.044226635      0.16783464       0.5513508       14.789798       156.47953       9.5214948        9.5214948                           -0       17.401466                                 17.401466
              2       18.246482      -17.966313      -784.20191       72.950399     0.024147863     0.087658522      -17.966313       -766.2356  -9.8068403e-05   2.0989032e-09      0.21130323       0.7887268      0.65362823     0.045375702      0.16471714      0.54855886       14.591462       154.44612       9.5214948        9.5214948                           -0       17.449973                                 17.449973
              2       18.197095      -10.310441      -807.91666       72.752956     0.025240396     0.089091655      -10.310441      -797.60622  -5.6279131e-05   2.0989032e-09       0.2172234      0.78276446       0.6548455     0.047686437      0.16832001       0.5572262       14.523681       152.70742       9.5214948        9.5214948                           -0       17.351201                                 17.351201
              2       18.120262      -4.4563116      -784.52218       73.333934     0.024370134     0.087625525      -4.4563116      -780.06587  -2.4324599e-05   2.0989032e-09      0.20945073      0.79050626      0.65257804     0.045315621      0.16293736      0.54527146       14.557586        154.1914       9.5214948        9.5214948                           -0       17.197534                                 17.197534
             16       18.200664      -30.453877      -763.12112       73.747367     0.023797702     0.087438293      -30.453877      -732.66724  -0.00016623127   2.0989032e-09      0.20571214      0.79438751      0.65541327      0.04375644      0.16077134      0.54273093       14.539403       154.93786       9.5214948        9.5214948                           -0       17.358338                                 17.358338
              7       18.300061      -31.772066      -742.50584       72.562174     0.020710969     0.083624559      -31.772066      -710.73378  -0.00017342655   2.0989032e-09      0.19938138      0.80072327      0.65125948     0.039335063      0.15882295      0.53092813       14.904802       160.12866       9.5214948        9.5214948                           -0       17.557132                                 17.557132
              1       18.823372       -53.03307      -732.48177       73.292711     0.020933436      0.08265411       -53.03307       -679.4487  -0.00028947889   2.0989032e-09      0.19403415      0.80618792      0.64507362     0.038968972      0.15386608       0.5187854       14.881935       160.17177       9.5214948        9.5214948                           -0       18.603754                                 18.603754
              3       19.849738      -55.971556      -854.67461       68.676324     0.023090611      0.08547026      -55.971556      -798.70305   -0.0003055185   2.0989032e-09       0.2315413      0.76868744      0.64245281     0.048957737      0.18121783      0.56441018       15.117248       156.44571       9.5214948        9.5214948                           -0       20.656487                                 20.656487
              1       19.488627      -55.771028       -856.5532       68.162471     0.022312759     0.084654514      -55.771028      -800.78217  -0.00030442392   2.0989032e-09      0.23161552      0.76861096      0.64189845     0.048024474      0.18220465      0.56401354       15.231577       157.69385       9.5214948        9.5214948                           -0       19.934264                                 19.934264
              2       18.427285      -38.379121      -911.62501       68.346679     0.024075143     0.084150513      -38.379121      -873.24589   -0.0002094909   2.0989032e-09      0.23306259      0.76706938      0.62899043      0.05153877      0.18014488      0.55439549       15.231764        155.6717       9.5214948        9.5214948                           -0        17.81158                                  17.81158
              5       18.371956      -98.717159      -860.06748       70.687745     0.024209591     0.084465044      -98.717159      -761.35032  -0.00053884367   2.0989032e-09      0.21877943      0.78168694      0.63290336     0.048450604      0.16903972      0.54048048       15.001884       155.40537       9.5214948        9.5214948                           -0       17.700923                                 17.700923
             13       18.964717      -114.89534      -846.91244       70.345045     0.022641056     0.082808155      -114.89534       -732.0171   -0.0006271516   2.0989032e-09       0.2143982      0.78615578      0.63239025     0.045754063      0.16734244      0.53460757       15.169044       157.90193       9.5214948        9.5214948                           -0       18.886445                                 18.886445
              1       18.432998      -193.35387      -873.01485       68.971961     0.022783195     0.082434318      -193.35387      -679.66098   -0.0010554144   2.0989032e-09      0.22253253      0.77844676      0.62783797     0.047892717      0.17328577      0.54073403       15.315192       157.84884       9.5214948        9.5214948                           -0       17.823006                                 17.823006
              5       18.362441      -191.86131      -883.57735       68.891334     0.023359004     0.083092811      -191.86131      -691.71604   -0.0010472673   2.0989032e-09      0.22565443      0.77531654       0.6280526     0.049218132      0.17507908      0.54469993       15.271031       156.90387       9.5214948        9.5214948                           -0       17.681892                                 17.681892
              3       18.242406      -227.41736      -874.05411        67.71359     0.021269601     0.081348022      -227.41736      -646.63676   -0.0012413485   2.0989032e-09      0.22521009      0.77595228      0.62916444     0.046388215      0.17741704      0.54512671       15.535262       160.18394       9.5214948        9.5214948                           -0       17.441823                                 17.441823
              1       18.361327      -231.40171      -858.34979       68.194481     0.020985638     0.080791506      -231.40171      -626.94808    -0.001263097   2.0989032e-09      0.22023774      0.78094749      0.62832293     0.045125676      0.17372697      0.53835426       15.528422       160.75831       9.5214948        9.5214948                           -0       17.679665                                 17.679665
              2       19.888427      -279.62469      -847.07585       65.332692     0.016167918     0.076004775      -279.62469      -567.45117   -0.0015263202   2.0989032e-09      0.21745311      0.78398837      0.62717485      0.03787852       0.1780655      0.53396258       16.271368        169.5574       9.5214948        9.5214948                           -0       20.733864                                 20.733864
              2        19.51452      -341.89355      -746.10818       69.461701     0.017382275     0.080305766      -341.89355      -404.21463   -0.0018662123   2.0989032e-09       0.2038003      0.79799086      0.64980363     0.036025978      0.16643931      0.53557947       15.499874       166.01747       9.5214948        9.5214948                           -0        19.98605                                  19.98605
              1       20.518177      -251.64735      -691.09626       70.860932     0.019080949     0.087079064      -251.64735      -439.44891    -0.001373607   2.0989032e-09      0.21270339       0.7885981      0.67921524     0.038000232      0.17342034       0.5719183       14.913649       161.12675       9.5214948        9.5214948                           -0       21.993365                                 21.993365
              6       20.518917      -221.74586      -663.83081       72.453753     0.019136689     0.087031998      -221.74586      -442.08495   -0.0012103909   2.0989032e-09      0.20347058      0.79767083      0.68062893     0.036453987      0.16578956      0.56053223       14.761064       161.06674       9.5214948        9.5214948                           -0       21.994845                                 21.994845
              4        18.98976      -148.16361      -892.08084       71.548345     0.027350935     0.087178875      -148.16361      -743.91723  -0.00080874515   2.0989032e-09      0.22498577      0.77575223      0.63108885       0.0534285      0.17029899       0.5465217       14.731715       150.90333       9.5214948        9.5214948                           -0        18.93653                                  18.93653
              1       19.300372      -151.99595       -911.8792        71.66201     0.028640341     0.087599236      -151.99595      -759.88325  -0.00082966383   2.0989032e-09      0.22760197      0.77315718      0.62644097     0.055769943      0.17057773      0.54564168       14.682425       149.36483       9.5214948        9.5214948                           -0       19.557753                                 19.557753
              7       19.011736       -151.0082      -883.21075       71.058026       0.0265082     0.085511704       -151.0082      -732.20254  -0.00082427223   2.0989032e-09      0.22313055        0.777622      0.62609912     0.052499354      0.16935549       0.5399605       14.864228       152.36869       9.5214948        9.5214948                           -0       18.980482                                 18.980482
              1       19.744331      -144.61982      -837.52302       70.529893     0.022287094      0.08034098      -144.61982       -692.9032  -0.00078940152   2.0989032e-09      0.20760463      0.79311198      0.62059378     0.044802991      0.16150675      0.51625623       15.311548       159.20434       9.5214948        9.5214948                           -0       20.445673                                 20.445673
              2       19.874614      -141.05918      -832.57735       70.721272     0.022211594     0.080167841      -141.05918      -691.51818  -0.00076996587   2.0989032e-09      0.20598541      0.79471215      0.62024141      0.04440988      0.16028765      0.51394704       15.306492       159.36259       9.5214948        9.5214948                           -0       20.706238                                 20.706238
              2       19.509539      -177.29131      -807.18068       72.946366     0.024550519     0.083201006      -177.29131      -629.88937  -0.00096773753   2.0989032e-09      0.20370635      0.79719333      0.62638492     0.046137426      0.15635841      0.51615834       14.851021       155.40779       9.5214948        9.5214948                           -0       19.976089                                 19.976089
              1       19.840043      -136.81527      -839.57277       72.034342      0.02577251     0.085010343      -136.81527       -702.7575  -0.00074680067   2.0989032e-09      0.21473914      0.78593787      0.62858891     0.049668098      0.16382968      0.53181636        14.79415       153.37462       9.5214948        9.5214948                           -0       20.637097                                 20.637097
              4       19.426025      -275.30427      -814.71344       74.270642     0.029857876      0.09216779      -275.30427      -539.40917   -0.0015027373   2.0989032e-09      0.22238388      0.77905321      0.64740957      0.05412832      0.16708783      0.55740408       14.150789       146.74702       9.5214948        9.5214948                           -0       19.809061                                 19.809061
              2       19.727296      -303.59823      -847.60737       71.903206     0.028619174     0.090775101      -303.59823      -544.00914   -0.0016571788   2.0989032e-09      0.23217942      0.76940772      0.64388691     0.055355475      0.17557805      0.56644902       14.443719       148.44726       9.5214948        9.5214948                           -0       20.411602                                 20.411602
              2       19.724209      -302.82098      -816.02099       72.822975     0.027751905     0.089672698      -302.82098      -513.20002   -0.0016529362   2.0989032e-09      0.22263739      0.77894727      0.64396345     0.052330631      0.16909213      0.55475297        14.43074        149.7079       9.5214948        9.5214948                           -0       20.405429                                 20.405429
              4       19.414274      -241.14999      -797.74942       69.867679     0.023327131     0.090049772      -241.14999      -556.59944   -0.0013163076   2.0989032e-09      0.23357823      0.76766389      0.66758857     0.047786883       0.1844718      0.58906667        14.77694       154.66996       9.5214948        9.5214948                           -0       19.785558                                 19.785558
              1       19.352084      -233.43683      -755.23192       71.412029     0.022593529     0.089185956      -233.43683      -521.79509   -0.0012742056   2.0989032e-09       0.2204524       0.7807508      0.66951059     0.044303837      0.17488547       0.5739238       14.689107       155.84456       9.5214948        9.5214948                           -0       19.661178                                 19.661178
              1       19.247678      -331.22108      -735.43207       72.125334     0.022788891     0.088961356      -331.22108      -404.21099    -0.001807957   2.0989032e-09      0.21605729      0.78568106      0.66808869     0.043807404      0.17101166      0.56696723       14.628034       155.67627       9.5214948        9.5214948                           -0       19.452367                                 19.452367
              4        19.22957      -325.10626      -735.46701       71.365968     0.021589294     0.087144071      -325.10626      -410.36075   -0.0017745795   2.0989032e-09      0.21475618       0.7869473      0.66444047     0.042389287      0.17110217       0.5621708        14.81166       157.78042       9.5214948        9.5214948                           -0       19.416151                                 19.416151
              1       18.297588      -319.20893      -791.43256       71.753029     0.024447147     0.088372796      -319.20893      -472.22363   -0.0017423892   2.0989032e-09      0.22038291      0.78128915      0.65449326     0.047484045      0.17164775      0.56096208       14.667801       153.86239       9.5214948        9.5214948                           -0       17.552187                                 17.552187
              1       18.708485      -245.46054      -732.12839       75.304307     0.025866475     0.090533577      -245.46054      -486.66785   -0.0013398366   2.0989032e-09      0.20640025      0.79487573      0.66222081     0.045613943      0.15965041      0.54928446       14.209256       151.54498       9.5214948        9.5214948                           -0       18.373981                                 18.373981
              2         18.6239      -269.97898      -767.67516       75.138271     0.028493541     0.093920394      -269.97898      -497.69618   -0.0014736695   2.0989032e-09      0.21796547      0.78344406      0.66522799     0.050468922      0.16635563        0.567027       14.028605       147.66858       9.5214948        9.5214948                           -0       18.204811                                 18.204811
              1       18.455812      -274.97142      -967.39019       66.335295     0.026547373      0.08909765      -274.97142      -692.41877   -0.0015009205   2.0989032e-09      0.26427124      0.73714739      0.63859602     0.060329848      0.20247757      0.59936383       15.101546       151.21468       9.5214948        9.5214948                           -0       17.868635                                 17.868635
              5       18.296623      -321.38234      -960.13312       68.586058     0.027947597     0.087892265      -321.38234      -638.75078   -0.0017542526   2.0989032e-09      0.24762505      0.75405222      0.62790058      0.05941181      0.18684392      0.57046309       14.952384       150.02882       9.5214948        9.5214948                           -0       17.550256                                 17.550256
              6       18.512927      -324.56855      -902.58052       70.253732     0.027586903     0.089340142      -324.56855      -578.01197   -0.0017716445   2.0989032e-09      0.23821115      0.76348712      0.63982055     0.055893867       0.1810122      0.57013618       14.723428       149.98788       9.5214948        9.5214948                           -0       17.982865                                 17.982865
              8       20.831586      -216.92916      -821.55042       69.020345     0.024190513     0.092944115      -216.92916      -604.62126   -0.0011840992   2.0989032e-09      0.24723659       0.7538715      0.67636642     0.050779782      0.19510466       0.6140133       14.706496       152.73674       9.5214948        9.5214948                           -0       22.620183                                 22.620183
              2       20.826149      -191.62742       -821.9949       69.028327     0.024159486     0.092966571      -191.62742      -630.36748   -0.0010459906   2.0989032e-09      0.24716142      0.75380857      0.67666681     0.050702922      0.19510667      0.61419262       14.704711       152.76616       9.5214948        9.5214948                           -0       22.609309                                 22.609309
              3       20.228264      -192.94383      -870.70496       64.966042     0.020347669     0.084929377      -192.94383      -677.76114   -0.0010531762   2.0989032e-09      0.25096318       0.7500042      0.65069347     0.048210525      0.20122648      0.59514231       15.587211       160.15929       9.5214948        9.5214948                           -0       21.413538                                 21.413538
              2       20.176745      -184.54407      -855.00383       64.170487     0.018040637     0.081929238      -184.54407      -670.45976   -0.0010073264   2.0989032e-09      0.24433619       0.7565832      0.64746436       0.0438108      0.19896113      0.58431783       15.903255       164.44302       9.5214948        9.5214948                           -0       21.310501                                 21.310501
              3       19.896224      -12.931442      -893.93262        61.49798         0.01611       0.0819398      -12.931442      -881.00118  -7.0585757e-05   2.0989032e-09      0.26095689      0.73901795      0.65551845     0.042596493      0.21665723      0.61137641       16.263493        167.3201       9.5214948        9.5214948                           -0       20.749458                                 20.749458
              2       20.010578      -17.743441      -896.54479       61.543263     0.016448335     0.082436492      -17.743441      -878.80134  -9.6851864e-05   2.0989032e-09      0.26277766      0.73722358      0.65608625     0.043427109       0.2176499      0.61403698       16.217789       166.61371       9.5214948        9.5214948                           -0       20.978166                                 20.978166
             27       20.326417      -16.555387      -890.43743       61.241781     0.016022679      0.08250536      -16.555387      -873.88204  -9.0366916e-05   2.0989032e-09      0.26441994      0.73557387      0.65872765     0.042720813      0.21998169      0.61843259       16.260338       167.23817       9.5214948        9.5214948                           -0       21.609845                                 21.609845
              6       20.271253      -15.926751       -886.0835       61.591654     0.016261849     0.082774486      -15.926751      -870.15675  -8.6935534e-05   2.0989032e-09      0.26276429      0.73722719      0.65925004     0.042867305        0.218199       0.6169823        16.19715       166.76935       9.5214948        9.5214948                           -0       21.499517                                 21.499517
              2       20.673986      -45.745772      -920.67425       61.413489     0.018030729     0.084165381      -45.745772      -874.92847  -0.00024970146   2.0989032e-09      0.27266888      0.72748481      0.65492379     0.047806367      0.22315466      0.62437848       16.080927       163.63749       9.5214948        9.5214948                           -0       22.304983                                 22.304983
              1        20.63744      -1.4258407      -899.95468       63.875846     0.021062954     0.089330396      -1.4258407      -898.52884  -7.7828944e-06   2.0989032e-09      0.27214245      0.72777658      0.66762166     0.051623322      0.21894041      0.63586942       15.454426       157.72733       9.5214948        9.5214948                           -0        22.23189                                  22.23189
              8       20.625095      -43.852736        -971.707       62.854765     0.022116226     0.089882041      -43.852736      -927.85427   -0.0002393684   2.0989032e-09      0.28511857      0.71502914      0.66212833     0.055980222      0.22750792      0.64549709       15.523629       156.21149       9.5214948        9.5214948                           -0       22.207201                                 22.207201
              7       19.888321      -54.618272      -973.37697       63.611604     0.023709168      0.09114792      -54.618272       -918.7587  -0.00029813166   2.0989032e-09      0.28543938      0.71476926       0.6605245     0.058592715      0.22525481      0.64429573       15.335428       153.86381       9.5214948        9.5214948                           -0       20.733653                                 20.733653
              2       21.621546      -214.32811      -991.27184       63.071233     0.019581767     0.079602423      -214.32811      -776.94373   -0.0011699014   2.0989032e-09      0.25095228      0.75012659       0.6230583     0.049225398      0.20010763      0.56985404       16.213605       163.10703       9.5214948        9.5214948                           -0       24.200102                                 24.200102
              3        22.39093      -205.81752      -992.06319       64.298832     0.021175495     0.080609545      -205.81752      -786.24566   -0.0011234467   2.0989032e-09      0.24775219      0.75328366      0.62085181     0.051218564      0.19497562      0.56420389       15.988503       160.56939       9.5214948        9.5214948                           -0       25.738869                                 25.738869
              1       18.872386      -269.36692      -946.30407       61.642692     0.017918466     0.079227786      -269.36692      -676.93716   -0.0014703285   2.0989032e-09      0.25735522      0.74401981      0.62915255     0.047156075      0.20850397      0.58272255       16.374364       165.63235       9.5214948        9.5214948                           -0       18.701783                                 18.701783
              1       18.428523      -317.50992      -929.58565       62.295169     0.018328079     0.080533935      -317.50992      -612.07573   -0.0017331152   2.0989032e-09      0.25641368      0.74522612      0.63492562     0.047228941      0.20752489      0.58699286       16.209463       164.54479       9.5214948        9.5214948                           -0       17.814057                                 17.814057
              1        19.16473      -250.39685      -799.22665       67.570388      0.01835362     0.082468837      -250.39685       -548.8298   -0.0013667812   2.0989032e-09      0.22223388      0.77905359      0.65351082     0.040198414      0.18062466      0.56246731       15.532416       163.79393       9.5214948        9.5214948                           -0        19.28647                                  19.28647
              1       19.224444      -224.07826      -900.14835       68.761082     0.028260464      0.09460389      -224.07826      -676.07009   -0.0012231222   2.0989032e-09        0.261223      0.73992353      0.66104758     0.059771464      0.20008918      0.61684748       14.562828       147.71866       9.5214948        9.5214948                           -0       19.405899                                 19.405899
              1        20.63932      -175.13118      -946.08131       65.089838     0.026732627     0.095723445      -175.13118      -770.95013  -0.00095594653   2.0989032e-09      0.29055771      0.71031276      0.66869133     0.063097951      0.22593939      0.65808391       14.892751       149.03547       9.5214948        9.5214948                           -0       22.235651                                 22.235651
              4       20.619314      -168.48231       -926.6118       65.016836      0.02531535     0.094058571      -168.48231      -758.12949  -0.00091965397   2.0989032e-09      0.28391931      0.71691468      0.66845101     0.059886961      0.22250856      0.65028902       15.007607       151.10256       9.5214948        9.5214948                           -0       22.195638                                 22.195638
              2       19.275817      -254.96718      -895.80029       67.272808     0.025347531     0.091825569      -254.96718      -640.83311   -0.0013917281   2.0989032e-09       0.2603333      0.74097842      0.66099772     0.056008836      0.20290116      0.61574968       14.900035       151.74166       9.5214948        9.5214948                           -0       19.508645                                 19.508645
              2       19.066527      -218.78483      -956.69531       64.807611     0.024571509     0.089664316      -218.78483      -737.91048   -0.0011942282   2.0989032e-09      0.27352199      0.72758602       0.6501856     0.058503225      0.21348512      0.62083021        15.26361       153.30871       9.5214948        9.5214948                           -0       19.090064                                 19.090064
              4       19.413217      -184.69693      -971.29486        65.29859     0.026440408     0.091796703      -184.69693      -786.59793   -0.0010081608   2.0989032e-09      0.27880833      0.72211491      0.65122714     0.062009829      0.21528783      0.62780494       15.062347       150.51729       9.5214948        9.5214948                           -0       19.783445                                 19.783445
              4        18.95428      -223.09769      -970.34082       65.127732     0.025196526     0.088641189      -223.09769      -747.24313   -0.0012177698   2.0989032e-09      0.26990115      0.73123124      0.64186697     0.059403052      0.20897949        0.608817       15.268723       152.89888       9.5214948        9.5214948                           -0       18.865571                                 18.865571
              1       19.522465      -294.65789      -829.32053       71.628342     0.027008349     0.092915338      -294.65789      -534.66264   -0.0016083783   2.0989032e-09      0.23499662      0.76654118      0.66375628     0.052641498      0.18109965      0.58746071       14.419505       149.55712       9.5214948        9.5214948                           -0       20.001941                                 20.001941
              1       18.377288      -204.96461      -717.20336       74.646305     0.022877736     0.087081282      -204.96461      -512.23875   -0.0011187911   2.0989032e-09       0.1984956      0.80255821      0.66004724      0.04105787      0.15628172      0.53689559       14.497701       156.17907       9.5214948        9.5214948                           -0       17.711586                                 17.711586
              1       18.153911      -210.09039      -723.01424       75.616958     0.024290943     0.087444707      -210.09039      -512.92385     -0.00114677   2.0989032e-09      0.19653948      0.80454396       0.6546851     0.042482098      0.15293086      0.52990343        14.36844       154.34357       9.5214948        9.5214948                           -0       17.264833                                 17.264833
              1       18.232951      -132.95279      -734.01246       76.961239      0.02681132     0.090912003      -132.95279      -601.05967  -0.00072571747   2.0989032e-09      0.19984267      0.80082191      0.66060512     0.045266206      0.15348895      0.53916963       14.043942       150.37074       9.5214948        9.5214948                           -0       17.422913                                 17.422913
              3       18.331332      -163.91767      -776.47036        73.93273     0.026015707     0.090398833      -163.91767       -612.5527  -0.00089473803   2.0989032e-09      0.21415594      0.78667255      0.65897217     0.047595089      0.16538242      0.55676446       14.339686         151.417       9.5214948        9.5214948                           -0       17.619675                                 17.619675
              2       19.201993      -103.94951      -737.73743        74.46628     0.024981546     0.090513111      -103.94951      -633.78793  -0.00056740422   2.0989032e-09      0.20943921      0.79106289      0.66621252      0.04505054      0.16322707      0.55664865       14.292432       152.56605       9.5214948        9.5214948                           -0       19.360995                                 19.360995
              9       18.589714      -103.52226      -775.81367       73.426572     0.025399155     0.090619638      -103.52226      -672.29142   -0.0005650721   2.0989032e-09      0.21638461       0.7841133      0.66308622     0.047109962      0.16807991      0.56314802       14.381875       152.05174       9.5214948        9.5214948                           -0       18.136439                                 18.136439
              1       19.099825      -178.88237      -754.45601       74.779488     0.027255183     0.093928768      -178.88237      -575.57364  -0.00097642228   2.0989032e-09      0.21786248      0.78304918      0.67178003     0.048739843      0.16797075      0.57247653       14.076355       148.99053       9.5214948        9.5214948                           -0       19.156661                                 19.156661
              6        19.31224      -314.25978      -849.05264       70.972038     0.029167401     0.096011553      -314.25978      -534.79286   -0.0017153744   2.0989032e-09      0.24979618       0.7518473      0.66661954     0.057905948      0.19061143      0.60828948       14.283352       146.37263       9.5214948        9.5214948                           -0       19.581491                                 19.581491
              6       19.451465      -324.14881       -823.8589       71.126359     0.027808725     0.094324622      -324.14881      -499.71009   -0.0017693533   2.0989032e-09      0.24269318      0.75900459      0.66582368     0.054969264      0.18645066      0.59886289       14.366375       148.27945       9.5214948        9.5214948                           -0       19.859941                                 19.859941
              3       17.940162      -112.37834       -977.6178       67.372554     0.027495751     0.089776822      -112.37834      -865.23947  -0.00061341265   2.0989032e-09      0.25978216      0.74075147      0.63838502     0.060575856      0.19778721      0.59405509       14.954125       149.95679       9.5214948        9.5214948                           -0       16.837335                                 16.837335
             12       18.247596      -93.369579      -940.02454       68.341076     0.026331109     0.088974631      -93.369579      -846.65496  -0.00050965411   2.0989032e-09      0.24825995      0.75217217      0.64211642     0.056377463      0.19050333      0.58412592       14.934368       151.49595       9.5214948        9.5214948                           -0       17.452202                                 17.452202
              4       18.563009       -116.1968      -967.78775       67.937855     0.027445034     0.090479147       -116.1968      -851.59095  -0.00063425561   2.0989032e-09       0.2568887       0.7436671      0.64315878     0.059462082      0.19603104      0.59515498       14.877803       149.80229       9.5214948        9.5214948                           -0       18.083028                                 18.083028
              3       18.081177      -182.63849      -977.49305       67.026306     0.027005762     0.088407125      -182.63849      -794.85456   -0.0009969249   2.0989032e-09      0.25833358      0.74258274      0.63347487      0.06011265      0.19678714      0.58784008       15.068497        150.9124       9.5214948        9.5214948                           -0       17.119365                                 17.119365
              1       18.075395      -114.74673      -837.28511       72.220097     0.025634706     0.086869698      -114.74673      -722.53838  -0.00062634045   2.0989032e-09      0.21693659      0.78362032      0.63984025     0.049148719      0.16655289      0.54409826       14.692847       152.94622       9.5214948        9.5214948                           -0         17.1078                                   17.1078
              1       18.116636      -280.13396      -811.83918       71.645719     0.023927787     0.084643787      -280.13396      -531.70522      -0.0015291   2.0989032e-09      0.21276717      0.78869138      0.63677557     0.046614609       0.1648977       0.5362633       14.897008       155.68906       9.5214948        9.5214948                           -0       17.190282                                 17.190282
              3       18.708407      -279.41797      -871.62181       69.421137     0.023529198     0.082941884      -279.41797      -592.20385   -0.0015251918   2.0989032e-09      0.22226329      0.77918677       0.6269113     0.048822912       0.1721038      0.53960919       15.235529       156.74306       9.5214948        9.5214948                           -0       18.373824                                 18.373824
             17       18.937948      -270.33414       -860.2424       68.999236     0.022078538     0.081042706      -270.33414      -589.90826   -0.0014756081   2.0989032e-09      0.21795353      0.78344601      0.62419097     0.046374767      0.17022579       0.5320333       15.422131       159.23043       9.5214948        9.5214948                           -0       18.832907                                 18.832907
              3       18.650174      -212.24371      -907.85502       65.517754     0.020108393     0.079205108      -212.24371       -695.6113   -0.0011585238   2.0989032e-09      0.23286165      0.76821251      0.62114587     0.046844581      0.18451649       0.5472452       15.913038       162.52063       9.5214948        9.5214948                           -0       18.257358                                 18.257358
              3       18.028561      -74.963633      -857.82043        70.46025     0.024422752     0.085688965      -74.963633       -782.8568  -0.00040918599   2.0989032e-09      0.22308908      0.77724716      0.63816655     0.049193332      0.17259831      0.55031655         14.9343       154.75044       9.5214948        9.5214948                           -0       17.014133                                 17.014133
              1       18.091366      -72.359807      -855.62021       69.576696     0.022926132     0.083875836      -72.359807       -783.2604  -0.00039497311   2.0989032e-09      0.22195405      0.77836612      0.63577002     0.047359073      0.17326437      0.54685345       15.147706       157.18187       9.5214948        9.5214948                           -0       17.139742                                 17.139742
              2       18.159153      -14.084889      -858.00053       68.793147     0.022646167     0.085713931      -14.084889      -843.91564  -7.6881806e-05   2.0989032e-09      0.23033133      0.76966903      0.64656307      0.04785247      0.18111777      0.56653504       15.118038       156.91888       9.5214948        9.5214948                           -0       17.275317                                 17.275317
              7       18.747546      -28.165749      -834.58291        67.36532     0.020138758     0.084478597      -28.165749      -806.41716  -0.00015374162   2.0989032e-09      0.23195127      0.76812267      0.65307312     0.044377203      0.18615467      0.57424809       15.376527       160.59668       9.5214948        9.5214948                           -0       18.452102                                 18.452102
              6       18.588403      -88.904114      -869.11083       66.823307     0.020912546     0.083343262      -88.904114      -780.20671  -0.00048527955   2.0989032e-09      0.23491964      0.76548454       0.6412648     0.046832892      0.18664423      0.56746155       15.480256       159.95892       9.5214948        9.5214948                           -0       18.133816                                 18.133816
              5       17.997725      -137.16658      -911.21097       63.675293       0.0179694     0.078987718      -137.16658       -774.0444  -0.00074871828   2.0989032e-09      0.24072073      0.75993867      0.63057233     0.044319176      0.19481288      0.56484726       16.168622       165.64841       9.5214948        9.5214948                           -0        16.95246                                  16.95246
              1       18.020116      -122.25319      -888.41949       64.769705     0.018556246     0.080563134      -122.25319      -766.16631  -0.00066731412   2.0989032e-09      0.23780879       0.7627722      0.63739085     0.044232989      0.19204036      0.56749123        15.93146       164.20551       9.5214948        9.5214948                           -0       16.997241                                 16.997241
              2       17.988914      -97.174117      -875.06583       65.294915     0.018054924     0.079569262      -97.174117      -777.89171  -0.00053042103   2.0989032e-09      0.23049145      0.76995404      0.63565561     0.042348393      0.18663221       0.5571712       15.956204       165.30316       9.5214948        9.5214948                           -0       16.934839                                 16.934839
             12       19.446077      -43.042117      -875.10845       63.242651     0.015377811     0.078739962      -43.042117      -832.06633  -0.00023494367   2.0989032e-09      0.23692652      0.76321789      0.64534399     0.038448057      0.19686797      0.57350535       16.310127       169.71912       9.5214948        9.5214948                           -0       19.849164                                 19.849164
              6        18.23971      -104.98457      -672.32392       73.149885     0.016697017     0.079403781      -104.98457      -567.33936  -0.00057305406   2.0989032e-09      0.18080104      0.81970434      0.65280619     0.031204095      0.14839316      0.50678541       15.182637       167.39613       9.5214948        9.5214948                           -0       17.436429                                 17.436429
              4       18.311417      -91.874153      -666.30547       73.505899     0.017055506     0.080251029      -91.874153      -574.43132  -0.00050149139   2.0989032e-09      0.18128548      0.81914899      0.65588169     0.031566049      0.14852728      0.50985467       15.083925       166.52727       9.5214948        9.5214948                           -0       17.579844                                 17.579844
              5       18.302053      -72.667077      -678.41994       73.373551      0.01751757     0.080809832      -72.667077      -605.75286  -0.00039665033   2.0989032e-09      0.18383629       0.8164931      0.65603857     0.032538295      0.15010153      0.51355193       15.057079       165.62628       9.5214948        9.5214948                           -0       17.561117                                 17.561117
              8       18.371745      -76.050195      -667.23127         73.1831     0.016510903      0.07981376      -76.050195      -591.18107  -0.00041511695   2.0989032e-09      0.18105495      0.81929255      0.65653792     0.030828275      0.14902398      0.51004019       15.155992       167.52246       9.5214948        9.5214948                           -0         17.7005                                   17.7005
              2       18.093787      -73.986396      -712.55093       72.465356     0.018201913     0.080441534      -73.986396      -638.56454  -0.00040385178   2.0989032e-09      0.18907499      0.81125991      0.64845937     0.034662203      0.15318614      0.51480076       15.156488       164.76197       9.5214948        9.5214948                           -0       17.144585                                 17.144585
