#        weight    minuslogpost          a_samp               s              H0         omega_b       omega_cdm           a_exo           b_exo        Omega_x0             A_s         Omega_m    Omega_Lambda          sigma8         Omega_b       Omega_cdm              S8             age         rs_drag   minuslogprior minuslogprior__0 minuslogprior__h2_positivity            chi2 chi2__jwst_likelihood_uvlf.UVLFLikelihood
              1       29.271068      -20.467114      -246.35693       62.518843     0.022298365      0.11869932      -20.467114      -225.88982  -0.00011171892   2.0989032e-09      0.36238452      0.63763455      0.79149635     0.057049409      0.30368712      0.86990757       14.322796       147.52178       9.5214948        9.5214948                           -0       39.499147                                 39.499147
              4       29.271217      -20.249642      -246.34888       62.517886      0.02229849      0.11870005      -20.249642      -226.09923  -0.00011053186   2.0989032e-09       0.3623978      0.63762008       0.7914953     0.057051477      0.30369828      0.86992236       14.322857       147.52144       9.5214948        9.5214948                           -0       39.499445                                 39.499445
              2         29.0432      -40.552137      -219.15263       62.198476     0.022165235       0.1198118      -40.552137      -178.60049  -0.00022135222   2.0989032e-09      0.36865873      0.63146902      0.79582883     0.057294489      0.30969923      0.88220863       14.321086       147.37417       9.5214948        9.5214948                           -0       39.043411                                 39.043411
              2       29.306259      -71.384946      -209.69574       61.791784     0.022202774      0.11952166      -71.384946      -138.31079  -0.00038965187   2.0989032e-09      0.37286591      0.62742891      0.79305297     0.058149471      0.31302943      0.88413362       14.366971       147.40938       9.5214948        9.5214948                           -0       39.569529                                 39.569529
              1       29.339669      -235.86956      -240.26969       61.633769     0.022144389      0.11833424      -235.86956      -4.4001289   -0.0012874846   2.0989032e-09      0.37150069      0.62969147      0.78817348     0.058294321       0.3115107      0.87708362       14.427441       147.79129       9.5214948        9.5214948                           -0       39.636348                                 39.636348
              1       29.098871      -185.71681       -252.1472       61.247398     0.022126245      0.11875284      -185.71681      -66.430384   -0.0010137278   2.0989032e-09      0.37727013      0.62364706      0.78868725     0.058983756      0.31656925      0.88444413        14.45384       147.69961       9.5214948        9.5214948                           -0       39.154752                                 39.154752
              1       29.107238      -182.27153      -250.14345       61.246805     0.022122759      0.11875379      -182.27153      -67.871921  -0.00099492185   2.0989032e-09      0.37727067      0.62362772      0.78870719     0.058975608       0.3165779      0.88446712       14.453595       147.70326       9.5214948        9.5214948                           -0       39.171486                                 39.171486
              1       29.429285      -152.07873      -243.17978       61.431456     0.022223924      0.11841545      -152.07873      -91.101048  -0.00083011568   2.0989032e-09      0.37437761      0.62635655      0.78728672      0.05888967      0.31378108      0.87948255       14.440937       147.68057       9.5214948        9.5214948                           -0        39.81558                                  39.81558
              1       29.440586      -152.80838      -243.08274       61.421164     0.022224214      0.11840412      -152.80838      -90.274354  -0.00083409844   2.0989032e-09      0.37447383      0.62626428      0.78720442     0.058910179      0.31385623      0.87950363       14.442272       147.68327       9.5214948        9.5214948                           -0       39.838182                                 39.838182
              3       29.961983      -323.33798      -227.42131       61.930543      0.02221052      0.11786822      -323.33798       95.916671   -0.0017649275   2.0989032e-09       0.3669061      0.63476442      0.78684609     0.057909384      0.30731726      0.87017506       14.410539       147.84215       9.5214948        9.5214948                           -0       40.880976                                 40.880976
              1       30.164738      -318.03787      -222.59603       61.902563     0.022221861      0.11785603      -318.03787       95.441843    -0.001735997   2.0989032e-09      0.36723565      0.63440585      0.78662357     0.057991343      0.30756333      0.87031956       14.412409       147.83272       9.5214948        9.5214948                           -0       41.286487                                 41.286487
              1       29.776881      -300.93123      -225.25866        61.78749     0.022227266      0.11818567      -300.93123       75.672569   -0.0016426211   2.0989032e-09      0.36948241      0.63206536      0.78756051     0.058221709      0.30957347      0.87401762       14.413609       147.73831       9.5214948        9.5214948                           -0       40.510772                                 40.510772
              2       29.734053      -281.38503      -224.62387       61.883029     0.022218041      0.11825422      -281.38503       56.761156   -0.0015359289   2.0989032e-09      0.36849734      0.63294403      0.78820503     0.058017985      0.30879732      0.87356607       14.402046       147.73027       9.5214948        9.5214948                           -0       40.425116                                 40.425116
              3       29.127776      -338.46388      -255.19744       61.449054     0.022069642      0.11842744      -338.46388       83.266439   -0.0018474915   2.0989032e-09      0.37378638      0.62796521      0.78848113     0.058447358      0.31363315      0.88012106        14.44944       147.85007       9.5214948        9.5214948                           -0       39.212563                                 39.212563
              1       29.386536      -290.01521       -243.2724       60.420055     0.022082137      0.11822131      -290.01521       46.742815   -0.0015830364   2.0989032e-09      0.38609609      0.61538775       0.7840182     0.060489342      0.32384228      0.88943296       14.553567       147.89131       9.5214948        9.5214948                           -0       39.730082                                 39.730082
              1       29.305613      -319.75625      -240.82669       60.389171     0.022088097      0.11839911      -319.75625       78.929558   -0.0017453767   2.0989032e-09      0.38699499      0.61465109      0.78460155     0.060567573      0.32466114      0.89113029       14.551341       147.83696       9.5214948        9.5214948                           -0       39.568236                                 39.568236
              1       29.201617      -295.95504      -246.38796        60.85534     0.022163449      0.11854202      -295.95504       49.567073   -0.0016154587   2.0989032e-09      0.38167809      0.61983959      0.78630572     0.059846666       0.3200921      0.88690973       14.499013       147.71435       9.5214948        9.5214948                           -0       39.360244                                 39.360244
              1       29.481984       -159.8773      -245.92248        61.08237      0.02210754      0.11815518       -159.8773       -86.04518  -0.00087268386   2.0989032e-09      0.37765946      0.62311617      0.78579751     0.059252771      0.31668027      0.88165811       14.486981       147.88056       9.5214948        9.5214948                           -0       39.920977                                 39.920977
              1       29.104087      -223.15478      -260.12719       61.572224     0.022025451      0.11821512      -223.15478      -36.972411   -0.0012180814   2.0989032e-09      0.37161581      0.62950675      0.78825674      0.05809719      0.31181957      0.87731218       14.443328        147.9566       9.5214948        9.5214948                           -0       39.165185                                 39.165185
              2       29.153981      -272.36761      -216.00844        62.05237      0.02198868      0.11968975      -272.36761       56.359168   -0.0014867077   2.0989032e-09      0.36962132      0.63177134      0.79608569     0.057106088      0.31084237      0.88364474       14.348512       147.60365       9.5214948        9.5214948                           -0       39.264972                                 39.264972
              1       29.200532      -272.74234      -218.64504       62.188664     0.021996209      0.11975542      -272.74234       54.097296   -0.0014887531   2.0989032e-09      0.36819222       0.6332029      0.79676396      0.05687552      0.30965116      0.88268625        14.33367       147.57776       9.5214948        9.5214948                           -0       39.358074                                 39.358074
              1       29.116602      -338.52685      -263.87402       62.236435     0.021817034      0.11744176      -338.52685       74.652836   -0.0018478353   2.0989032e-09       0.3611914      0.64056294      0.78864545     0.056325661      0.30320276      0.86534617       14.411636       148.40014       9.5214948        9.5214948                           -0       39.190214                                 39.190214
              2       29.548282      -116.81981      -272.32847       62.411732     0.021664373      0.11870026      -116.81981      -155.50865  -0.00063765629   2.0989032e-09      0.36200425      0.63854044      0.79529769     0.055617781      0.30473281      0.87362676       14.358048       148.23343       9.5214948        9.5214948                           -0       40.053575                                 40.053575
              1       29.129836      -158.81662      -252.71732       62.779944     0.021616358      0.11844422      -158.81662      -93.900701  -0.00086689418   2.0989032e-09      0.35699884      0.64377617      0.79574041     0.054845459      0.30051907       0.8680489       14.329626        148.3568       9.5214948        9.5214948                           -0       39.216682                                 39.216682
              3       29.174517      -134.08724      -231.51355       63.418369     0.021630625      0.11916331      -134.08724      -97.426306  -0.00073190983   2.0989032e-09      0.35167071      0.64897117       0.8006343     0.053782246      0.29628688      0.86684543        14.24348       148.14718       9.5214948        9.5214948                           -0       39.306044                                 39.306044
              1        29.09489      -304.50638      -228.05256         63.7778      0.02166475      0.11857187      -304.50638       76.453823   -0.0016621359   2.0989032e-09      0.34634794      0.65522517       0.7991659     0.053261649      0.29150272      0.85868252       14.229314       148.26757       9.5214948        9.5214948                           -0        39.14679                                  39.14679
              1       29.071422      -264.22484      -244.82543       64.295297     0.021594012      0.11806694      -264.22484       19.399418   -0.0014422607   2.0989032e-09      0.33940247      0.66195219      0.79909853     0.052236603      0.28560768      0.84995749       14.199545       148.48405       9.5214948        9.5214948                           -0       39.099854                                 39.099854
              1       29.649507      -122.04565      -258.05563       64.563516     0.021586184        0.116346      -122.04565      -136.00998  -0.00066618132   2.0989032e-09      0.33244107      0.66813824      0.79256679     0.051784706       0.2791111      0.83431985       14.224076       148.96097       9.5214948        9.5214948                           -0       40.256024                                 40.256024
              2       29.094093      -133.04896       -284.9779       64.008784     0.021565671      0.11628596      -133.04896      -151.92894  -0.00072624242   2.0989032e-09      0.33803164      0.66260622      0.79084147     0.052636113      0.28382336      0.83947445        14.28349       149.00087       9.5214948        9.5214948                           -0       39.145196                                 39.145196
              1       29.039082      -108.79313      -285.24863       63.964399     0.021572852      0.11646377      -108.79313       -176.4555  -0.00059384295   2.0989032e-09      0.33895306      0.66155228      0.79140642      0.05272674      0.28465197      0.84121832       14.281611       148.94403       9.5214948        9.5214948                           -0       39.035175                                 39.035175
              2        28.93379      -117.20366      -292.66736       64.159243     0.021613112      0.11658548      -117.20366       -175.4637  -0.00063975152   2.0989032e-09      0.33729094      0.66326084      0.79226415     0.052504781      0.28322136      0.84006272       14.260013       148.86476       9.5214948        9.5214948                           -0       38.824591                                 38.824591
              1       28.995104      -145.45078         -278.08       64.166425     0.021643871      0.11681517      -145.45078      -132.62921  -0.00079393729   2.0989032e-09      0.33784801      0.66285797      0.79305929     0.052567733      0.28371583      0.84159997       14.249757       148.76705       9.5214948        9.5214948                           -0       38.947219                                 38.947219
              1       28.997724      -181.11073      -275.97919       64.982764     0.021588582      0.11723897      -181.11073       -94.86846  -0.00098858568   2.0989032e-09      0.33028564      0.67061719      0.79766999     0.051124346       0.2776359      0.83696534       14.163504       148.71474       9.5214948        9.5214948                           -0       38.952458                                 38.952458
              1       28.941866      -320.34856      -289.28569       65.227017     0.021684677      0.11615437      -320.34856       31.062872   -0.0017486098   2.0989032e-09      0.32549326      0.67617024      0.79319001     0.050968038      0.27301123       0.8262046       14.175975       148.90082       9.5214948        9.5214948                           -0       38.840742                                 38.840742
              2       29.121672      -126.01609      -294.68966       65.850429     0.021816229      0.11580106      -126.01609      -168.67357  -0.00068785378   2.0989032e-09      0.31884807      0.68175628      0.79246144     0.050310943      0.26705167       0.8169762       14.121271       148.84743       9.5214948        9.5214948                           -0       39.200355                                 39.200355
              1       29.067817       -121.4823      -296.91371       65.724173      0.02180902      0.11584189       -121.4823      -175.43142  -0.00066310626   2.0989032e-09      0.32015211      0.68042717      0.79233386     0.050487736       0.2681732      0.81851336       14.132128       148.84447       9.5214948        9.5214948                           -0       39.092644                                 39.092644
              1       29.068865      -198.21978      -320.64938       66.074739     0.021757881      0.11613665      -198.21978       -122.4296   -0.0010819748   2.0989032e-09      0.31732192      0.68367711      0.79501305     0.049836287      0.26601024      0.81764289       14.099659        148.8222       9.5214948        9.5214948                           -0        39.09474                                  39.09474
              2       28.836004      -228.69479      -320.37268       65.999001     0.021760278      0.11554014      -228.69479      -91.677889   -0.0012483214   2.0989032e-09       0.3166867      0.68447848      0.79220061     0.049956238      0.26525169       0.8139345       14.124716       148.98269       9.5214948        9.5214948                           -0       38.629019                                 38.629019
              4       29.110087       -333.0162      -313.07702       65.895598      0.02188023      0.11477454       -333.0162       19.939179   -0.0018177556   2.0989032e-09      0.31619447      0.68553989      0.78783251     0.050389387      0.26432166      0.80881726       14.154561       149.05595       9.5214948        9.5214948                           -0       39.177185                                 39.177185
              2       29.332046      -334.75096      -312.96261       66.283824      0.02187022       0.1143462      -334.75096       21.788355   -0.0018272247   2.0989032e-09      0.31150369      0.69024111      0.78706744     0.049778067      0.26025953      0.80201579       14.132224       149.18536       9.5214948        9.5214948                           -0       39.621102                                 39.621102
              1       29.361896       -316.0098      -311.13572       66.195662     0.021847389      0.11441822       -316.0098       4.8740769   -0.0017249268   2.0989032e-09      0.31244625      0.68919604      0.78728156     0.049858647       0.2611176      0.80344677       14.137899       149.19161       9.5214948        9.5214948                           -0       39.680802                                 39.680802
              1       28.874688      -349.65432      -340.01029       65.793308     0.021807474      0.11409899      -349.65432       9.6440333   -0.0019085741   2.0989032e-09      0.31544973      0.68637519      0.78510484     0.050378117      0.26358358      0.80506716       14.192012       149.32546       9.5214948        9.5214948                           -0       38.706386                                 38.706386
              3       28.863517      -314.12805      -344.38227       65.883717     0.021810661      0.11398832      -314.12805      -30.254216   -0.0017146554   2.0989032e-09      0.31433696      0.68729427      0.78482836     0.050247291      0.26260571      0.80336293       14.186876       149.35242       9.5214948        9.5214948                           -0       38.684044                                 38.684044
              1       28.764635       -283.2291      -349.47362       65.879994     0.021813103      0.11438591       -283.2291       -66.24452   -0.0015459947   2.0989032e-09      0.31529417      0.68616839      0.78654425     0.050258595      0.26355145      0.80634427       14.175458       149.23976       9.5214948        9.5214948                           -0       38.486281                                 38.486281
              1       28.797381      -284.16748      -375.68411       66.481999      0.02177808      0.11372527      -284.16748      -91.516635   -0.0015511168   2.0989032e-09      0.30803602      0.69343317      0.78551308     0.049273277      0.25730537      0.79596422       14.147097       149.46268       9.5214948        9.5214948                           -0       38.551773                                 38.551773
              1       29.624089      -113.25573      -383.26316       66.284851     0.021914049      0.11208662      -113.25573      -270.00743   -0.0006182019   2.0989032e-09        0.306451      0.69408479      0.77670357      0.04987628      0.25510867         0.78501       14.206897       149.76265       9.5214948        9.5214948                           -0       40.205188                                 40.205188
              1       29.494555      -126.95648      -379.34175       66.518386     0.021949982      0.11227271      -126.95648      -252.38527  -0.00069298688   2.0989032e-09      0.30480476      0.69580639      0.77791343     0.049607892      0.25374109      0.78411816       14.178505       149.66929       9.5214948        9.5214948                           -0       39.946121                                 39.946121
              1       29.132694      -169.86711      -380.70406       66.621215     0.021966779      0.11242973      -169.86711      -210.83696   -0.0009272128   2.0989032e-09      0.30425619      0.69658944      0.77880374     0.049492717      0.25331219      0.78430884       14.165495       149.60617       9.5214948        9.5214948                           -0       39.222399                                 39.222399
              2       28.932284      -323.87504      -368.78974       65.993344     0.021792442      0.11275076      -323.87504      -44.914697    -0.001767859   2.0989032e-09      0.31041003      0.69127468      0.77979684     0.050038656      0.25889234      0.79321098       14.219996       149.71719       9.5214948        9.5214948                           -0       38.821579                                 38.821579
              1       28.589081      -304.61188      -403.47496       65.962249     0.021756247      0.11243756      -304.61188      -98.863073   -0.0016627118   2.0989032e-09      0.30989974      0.69167975      0.77859414     0.050002656      0.25841666      0.79133634       14.240374       149.84643       9.5214948        9.5214948                           -0       38.135173                                 38.135173
              2       28.660812      -323.44619      -401.17934       66.024884     0.021755714      0.11180281      -323.44619      -77.733151   -0.0017655181   2.0989032e-09      0.30785473      0.69382772      0.77592957     0.049906608       0.2564705       0.7860218       14.254099       150.02497       9.5214948        9.5214948                           -0       38.278634                                 38.278634
              4        29.58797       -182.4612      -442.27362       66.232357     0.021631904      0.10912769       -182.4612      -259.81242  -0.00099595717   2.0989032e-09      0.29954858      0.70136483      0.76511364     0.049312194      0.24876801      0.76453778       14.327093       150.92789       9.5214948        9.5214948                           -0       40.132951                                 40.132951
              1       29.263099      -142.12803      -469.01769       65.170733     0.021619203      0.11175859      -142.12803      -326.88966  -0.00077580019   2.0989032e-09      0.31555179      0.68513875       0.7743398     0.050901956      0.26313323      0.79415684       14.347872       150.19567       9.5214948        9.5214948                           -0       39.483209                                 39.483209
              2       28.678827      -130.53309      -478.56241        64.91431     0.021625299      0.11109304      -130.53309      -348.02932  -0.00071250964   2.0989032e-09      0.31648472      0.68414185      0.77064971     0.051319358      0.26363675      0.79153982       14.393978       150.37635       9.5214948        9.5214948                           -0       38.314664                                 38.314664
              3       28.376307      -70.279957      -470.02719       64.783197     0.021662782      0.11107888      -70.279957      -399.74724  -0.00038362033   2.0989032e-09      0.31782264       0.6824747      0.76994497     0.051616609      0.26467123      0.79248577       14.401756       150.33675       9.5214948        9.5214948                           -0       37.709625                                 37.709625
              4       28.371203      -54.842692      -468.69224       64.874235     0.021712394      0.11119935      -54.842692      -413.84955  -0.00029935664   2.0989032e-09       0.3173354      0.68287792       0.7703975     0.051589726      0.26421517       0.7923435        14.38722       150.24507       9.5214948        9.5214948                           -0       37.699415                                 37.699415
              2       28.486967      -98.170154      -472.56361       63.618718      0.02151235      0.11120006      -98.170154      -374.39346  -0.00053585786   2.0989032e-09      0.32949172      0.67095467      0.76825202     0.053151807      0.27474841      0.80512876       14.513547       150.47776       9.5214948        9.5214948                           -0       37.930944                                 37.930944
              1       28.778735      -82.777111      -475.52943       63.584893     0.021516591      0.11170489      -82.777111      -392.75232  -0.00045183555   2.0989032e-09       0.3311015      0.66926077      0.77034232     0.053218862      0.27628944      0.80928913       14.500843       150.33018       9.5214948        9.5214948                           -0       38.514481                                 38.514481
              3       29.498445       -183.1997      -460.01764       63.899449     0.021475643      0.11233676       -183.1997      -276.81794  -0.00099998824   2.0989032e-09      0.32929693      0.67161437      0.77430526     0.052595905      0.27512348      0.81123265       14.452052       150.19994       9.5214948        9.5214948                           -0       39.953901                                 39.953901
              1       29.484731       -167.9721      -464.64324       64.176036     0.021514374      0.11218182       -167.9721      -296.67114  -0.00091686898   2.0989032e-09      0.32618247      0.67464647      0.77415623     0.052237566      0.27238093      0.80723186       14.430245       150.19845       9.5214948        9.5214948                           -0       39.926472                                 39.926472
              2       28.497287      -107.20405      -471.60412       64.655204     0.021365599      0.11079999      -107.20405      -364.40007  -0.00058516901   2.0989032e-09      0.31770416      0.68279439      0.77029664     0.051110263      0.26505301      0.79269994       14.433235       150.76298       9.5214948        9.5214948                           -0       37.951585                                 37.951585
              3       28.406174      -305.21535      -473.78082       64.720568     0.021370457      0.10994675      -305.21535      -168.56547   -0.0016660058   2.0989032e-09      0.31503737      0.68654218       0.7667363     0.051018675      0.26248092      0.78571752       14.460375        151.0006       9.5214948        9.5214948                           -0       37.769359                                 37.769359
              7       28.709375      -278.72212      -465.82504       65.183846     0.021376261      0.11059349      -278.72212      -187.10292   -0.0015213935   2.0989032e-09      0.31211097       0.6893252      0.77081107     0.050309707      0.26028527      0.78621592       14.394017       150.80923       9.5214948        9.5214948                           -0        38.37576                                  38.37576
              1       28.667221      -185.64523      -478.21564       64.356268     0.021391795      0.11074832      -185.64523      -292.57041   -0.0010133371   2.0989032e-09      0.32060099      0.68032491      0.76913584     0.051649428      0.26739633      0.79510568       14.465799       150.74694       9.5214948        9.5214948                           -0       38.291451                                 38.291451
              1        28.57278      -188.07193      -482.24296       64.476002     0.021402341      0.11047822      -188.07193      -294.17103   -0.0010265831   2.0989032e-09      0.31878701      0.68215246      0.76819723     0.051483147       0.2657544      0.79188555       14.463786       150.81143       9.5214948        9.5214948                           -0       38.102571                                 38.102571
              8       28.486084      -229.04134      -450.69247       65.122202     0.021326847      0.10997749      -229.04134      -221.65113    -0.001250213   2.0989032e-09       0.3111331      0.69003173      0.76814565      0.05028848      0.25932575      0.78226888       14.415769       151.04317       9.5214948        9.5214948                           -0       37.929178                                 37.929178
              2        28.61917      -311.35532      -448.38293       65.230253     0.021419674      0.11096404      -311.35532      -137.02761   -0.0016995206   2.0989032e-09      0.31263994      0.68897448      0.77230919     0.050340176      0.26078593      0.78841124       14.373707       150.65299       9.5214948        9.5214948                           -0       38.195351                                 38.195351
              1       28.581014      -248.67904      -453.90638       65.036493     0.021442237      0.11102505      -248.67904      -205.22735   -0.0013574046   2.0989032e-09      0.31470316      0.68656863      0.77188971     0.050693919      0.26248637      0.79057882       14.388431       150.60927       9.5214948        9.5214948                           -0       38.119038                                 38.119038
              1       28.320959      -258.31567      -474.08803       64.841668      0.02138912      0.10951512      -258.31567      -215.77236   -0.0014100057   2.0989032e-09      0.31287952      0.68844436      0.76496845     0.050872673      0.26047481       0.7812166       14.460894       151.10221       9.5214948        9.5214948                           -0       37.598929                                 37.598929
              1       28.554321       -265.2024      -496.01319       65.432278     0.021472008      0.10956042       -265.2024      -230.81079   -0.0014475967   2.0989032e-09      0.30755615      0.69380687      0.76621684     0.050152036       0.2558996      0.77580624       14.407469       150.99168       9.5214948        9.5214948                           -0       38.065653                                 38.065653
              1       28.631802      -146.20353      -497.27225       66.031823     0.021380781      0.10958006      -146.20353      -351.06871  -0.00079804613   2.0989032e-09      0.30183231      0.69888269      0.76836501      0.04903622      0.25131878      0.77070791       14.351335       151.09343       9.5214948        9.5214948                           -0       38.220614                                 38.220614
              2       28.550376      -11.717141      -533.12427       64.471128     0.021408781      0.10941505      -11.717141      -521.40713  -6.3957543e-05   2.0989032e-09      0.31629289      0.68368395      0.76335025     0.051506425      0.26323677      0.78380484       14.504512       151.10774       9.5214948        9.5214948                           -0       38.057761                                 38.057761
              2       28.570262      -78.213604      -517.81302       64.160596     0.021384699      0.10789653      -78.213604      -439.59942  -0.00042692583   2.0989032e-09      0.31561465       0.6847243      0.75584393     0.051947705      0.26210221      0.77526483       14.582159       151.57401       9.5214948        9.5214948                           -0       38.097534                                 38.097534
              1       28.548408      -80.706543      -517.83118       64.154427     0.021383049      0.10791525      -80.706543      -437.12464  -0.00044053344   2.0989032e-09      0.31571684      0.68463571      0.75592447     0.051953687      0.26219812      0.77547295       14.582266       151.57054       9.5214948        9.5214948                           -0       38.053826                                 38.053826
              1       28.821666      -147.71372      -528.49737       64.874849     0.021167676      0.10880517      -147.71372      -380.78365  -0.00080628946   2.0989032e-09      0.31034655       0.6903737      0.76328983     0.050294494      0.25852158      0.77634062       14.497335       151.56859       9.5214948        9.5214948                           -0       38.600342                                 38.600342
              4       28.201722      -134.06204      -513.67468       63.962636     0.021054679      0.10818144      -134.06204      -379.61264  -0.00073177227   2.0989032e-09      0.31746102      0.68318224      0.75875934     0.051463097      0.26442349      0.78052825       14.603143       151.88399       9.5214948        9.5214948                           -0       37.360455                                 37.360455
              2       29.243761      -165.49689      -509.06566       63.016606     0.020921459      0.10732234      -165.49689      -343.56877  -0.00090335814   2.0989032e-09      0.32456541      0.67624676      0.75320219     0.052684389      0.27025896      0.78343337        14.72668        152.2944       9.5214948        9.5214948                           -0       39.444533                                 39.444533
              2       28.817556      -248.78602      -469.62656       63.883075     0.020752334      0.10834753      -248.78602      -220.84055   -0.0013579885   2.0989032e-09       0.3179184      0.68335085      0.76125882     0.050850511      0.26548953      0.78366337       14.608432        152.1981       9.5214948        9.5214948                           -0       38.592122                                 38.592122
              1       28.763862      -206.77775       -469.6942       63.843327     0.020745101       0.1085453      -206.77775      -262.91644   -0.0011286881   2.0989032e-09      0.31878185        0.682258      0.76206673     0.050896104      0.26630542      0.78555965       14.604772       152.14914       9.5214948        9.5214948                           -0       38.484735                                 38.484735
              2       28.386812      -195.82271      -486.32375       64.266861     0.020691525      0.10807771      -195.82271      -290.50104   -0.0010688904   2.0989032e-09      0.31333215      0.68764907      0.76145084      0.05009776      0.26167482      0.77818655       14.584974        152.3502       9.5214948        9.5214948                           -0       37.730634                                 37.730634
              1       28.375898      -210.87749        -484.683       64.265719     0.020680386      0.10812641      -210.87749      -273.80551   -0.0011510664   2.0989032e-09      0.31343425      0.68762914      0.76174753     0.050072572      0.26180206      0.77861659       14.583925       152.34938       9.5214948        9.5214948                           -0       37.708806                                 37.708806
              2       28.232947      -247.30829      -518.31694       63.132264     0.020645643      0.10777899      -247.30829      -271.00864   -0.0013499224   2.0989032e-09      0.32383103      0.67742804      0.75741144     0.051799514      0.27041539      0.78691978       14.714027       152.49311       9.5214948        9.5214948                           -0       37.422904                                 37.422904
              2       28.837186      -234.75436       -506.9776       62.626612     0.020626898      0.10735304      -234.75436      -272.22324   -0.0012813973   2.0989032e-09      0.32794757      0.67324149      0.75420307     0.052591563      0.27371368      0.78855117       14.775065       152.64097       9.5214948        9.5214948                           -0       38.631382                                 38.631382
              1       28.626659      -248.93141      -513.82849       62.563915     0.020597344      0.10727263      -248.93141      -264.89707   -0.0013587822   2.0989032e-09      0.32832427        0.672942      0.75387512      0.05262152      0.27405713      0.78866083       14.786866       152.70049       9.5214948        9.5214948                           -0       38.210328                                 38.210328
              2       28.481876       -232.9458      -505.80883       62.478387      0.02053435      0.10878907       -232.9458      -272.86303   -0.0012715253   2.0989032e-09      0.33294718      0.66823158      0.76079057     0.052604311      0.27869274      0.80147903       14.744351        152.3321       9.5214948        9.5214948                           -0       37.920763                                 37.920763
              2       28.441324      -210.23818       -495.2299       62.495075     0.020524728      0.10867684      -210.23818      -284.99171   -0.0011475767   2.0989032e-09      0.33245738      0.66859748      0.76037761     0.052551584      0.27825655      0.80045455       14.743799        152.3765       9.5214948        9.5214948                           -0       37.839659                                 37.839659
              1       28.656917      -131.32937      -503.95939       61.635052     0.020428639      0.10950797      -131.32937      -372.63002  -0.00071685612   2.0989032e-09      0.34373488      0.65688666      0.76212864     0.053775431      0.28826385      0.81579202       14.803601       152.25032       9.5214948        9.5214948                           -0       38.270845                                 38.270845
              2       29.358474      -320.04708      -489.59485       61.859231     0.020276503      0.10979892      -320.04708      -169.54777   -0.0017469642   2.0989032e-09      0.34161075      0.66004158      0.76513692     0.052988793      0.28693863      0.81647764       14.779065       152.34983       9.5214948        9.5214948                           -0       39.673959                                 39.673959
              4       29.166898      -173.70019      -478.10094       62.298416     0.020166656      0.11006994      -173.70019      -304.40075  -0.00094813553   2.0989032e-09      0.33722653      0.66362831       0.7682518     0.051961286      0.28360556      0.81452389       14.724132       152.40422       9.5214948        9.5214948                           -0       39.290807                                 39.290807
              3       28.829754      -196.35741      -473.12739       62.450778     0.020167077      0.10976063      -196.35741      -276.76998   -0.0010718091   2.0989032e-09      0.33479103      0.66618793      0.76734004     0.051709132      0.28143031      0.81061407       14.718976       152.49383       9.5214948        9.5214948                           -0       38.616519                                 38.616519
              1        28.70194      -303.43415      -471.43275        62.59149      0.02013955      0.10922928      -303.43415       -167.9986   -0.0016562832   2.0989032e-09       0.3318609      0.66970295      0.76563356     0.051406637       0.2788101      0.80526417       14.726335       152.68262       9.5214948        9.5214948                           -0        38.36089                                  38.36089
              1       28.737883      -286.54259      -454.32449       62.719921     0.020045486      0.10960918      -286.54259       -167.7819   -0.0015640813   2.0989032e-09       0.3312298      0.67024222      0.76827134     0.050957204      0.27863516      0.80726981       14.700233        152.6862       9.5214948        9.5214948                           -0       38.432775                                 38.432775
              2       28.750624      -285.66297      -455.42812       62.694044     0.020041178      0.10960647      -285.66297      -169.76515   -0.0015592799   2.0989032e-09      0.33148546      0.66998169      0.76821398     0.050988318      0.27885834      0.80752099       14.703197       152.69225       9.5214948        9.5214948                           -0       38.458258                                 38.458258
              1       28.770046      -241.67955      -463.25361       62.714884     0.020005723      0.10949412      -241.67955      -221.57406   -0.0013191981   2.0989032e-09      0.33088939      0.67033774       0.7679959     0.050864292      0.27838739      0.80656559       14.706459       152.76842       9.5214948        9.5214948                           -0       38.497102                                 38.497102
              3       28.606314      -252.41593      -466.50616       62.896553     0.020019439      0.10904569      -252.41593      -214.09023   -0.0013778022   2.0989032e-09      0.32788179      0.67340448      0.76644342     0.050605558      0.27564797      0.80126859       14.704118       152.88317       9.5214948        9.5214948                           -0       38.169638                                 38.169638
              1       28.622537      -258.39349      -465.42521       62.937646      0.02002019      0.10908544      -258.39349      -207.03172   -0.0014104305   2.0989032e-09      0.32755602      0.67376299      0.76673389     0.050541392       0.2753885      0.80117397        14.69872       152.87057       9.5214948        9.5214948                           -0       38.202085                                 38.202085
              1       28.651213      -268.32281       -462.6017       62.848969      0.02000513      0.10918433      -268.32281      -194.27889   -0.0014646293   2.0989032e-09      0.32869323      0.67267972      0.76702231     0.050645991      0.27641652      0.80286542       14.704251       152.85999       9.5214948        9.5214948                           -0       38.259435                                 38.259435
              2        28.61892      -270.45493      -461.72736       62.843325     0.020006564      0.10912035      -270.45493      -191.27243   -0.0014762674   2.0989032e-09      0.32859389      0.67279068      0.76671233     0.050658718      0.27630416      0.80241966       14.706738       152.87701       9.5214948        9.5214948                           -0       38.194851                                 38.194851
              1       28.349329      -325.03683      -488.47232       63.729051      0.01973147      0.10708424      -325.03683      -163.43549   -0.0017742005   2.0989032e-09      0.31383292      0.68785212      0.76186833     0.048583024       0.2636639      0.77923516       14.705617       153.81962       9.5214948        9.5214948                           -0       37.655668                                 37.655668
              2       28.756207      -148.30628      -463.95299       64.437354     0.019351263      0.10816092      -148.30628      -315.64671   -0.0008095239   2.0989032e-09      0.30864883      0.69207348      0.77105742     0.046605151      0.26049236      0.78209302       14.603329       153.97208       9.5214948        9.5214948                           -0       38.469425                                 38.469425
              2       28.496223      -159.35541      -460.20555       64.555709     0.019352244      0.10784699      -159.35541      -300.85013  -0.00086983515   2.0989032e-09      0.30676717      0.69401577      0.76993239     0.046436772      0.25878476      0.77856774       14.601831       154.06468       9.5214948        9.5214948                           -0       37.949457                                 37.949457
              2       28.349301      -145.12658      -471.25262       64.402404     0.019324243      0.10724181      -145.12658      -326.12604  -0.00079216762   2.0989032e-09      0.30670279      0.69400207      0.76695087     0.046590602      0.25855918      0.77547139        14.63965       154.28127       9.5214948        9.5214948                           -0       37.655613                                 37.655613
              2        28.49643      -266.03749      -451.23274       64.857435      0.01926796      0.10658929      -266.03749      -185.19525    -0.001452155   2.0989032e-09       0.3007293      0.70063677      0.76554199     0.045805349      0.25339266      0.76647194       14.618813       154.54878       9.5214948        9.5214948                           -0        37.94987                                  37.94987
              3       28.908868      -290.85007      -437.64065       64.369741     0.019252822      0.10678008      -290.85007      -146.79058   -0.0015875935   2.0989032e-09      0.30572741      0.69577279      0.76525662     0.046465527       0.2577073      0.77252699       14.657058       154.51026       9.5214948        9.5214948                           -0       38.774747                                 38.774747
              3       28.843958      -291.91973      -422.67923        63.91814     0.019360223      0.10793086      -291.91973       -130.7595   -0.0015934322   2.0989032e-09      0.31314238      0.68836241      0.76858107     0.047387313      0.26417844       0.7852356       14.655253       154.02961       9.5214948        9.5214948                           -0       38.644927                                 38.644927
              1       28.728402      -263.69881      -416.68048        64.42516     0.019378204      0.10822915      -263.69881      -152.98167   -0.0014393894   2.0989032e-09      0.30899498      0.69235717      0.77115483     0.046687703      0.26075536      0.78263031       14.593912       153.91803       9.5214948        9.5214948                           -0       38.413814                                 38.413814
              1       28.800612      -320.91242      -457.93724       63.588524     0.019485645      0.10678022      -320.91242      -137.02482   -0.0017516876   2.0989032e-09      0.31386173       0.6878004      0.76168674      0.04819004      0.26407867      0.77908519       14.730345       154.21753       9.5214948        9.5214948                           -0       38.558235                                 38.558235
              3       28.350939      -306.91436      -477.29769       63.952283     0.019403487      0.10642737      -306.91436      -170.38333   -0.0016752797   2.0989032e-09      0.30923778      0.69234896        0.761602     0.047442513      0.26022032      0.77323895        14.71401       154.42699       9.5214948        9.5214948                           -0       37.658889                                 37.658889
              1       28.862614      -224.45633      -492.06513       63.885546      0.01942546      0.10744742      -224.45633      -267.60881   -0.0012251859   2.0989032e-09      0.31243732      0.68869914      0.76591787     0.047595521      0.26326356      0.78163325       14.686401       154.09263       9.5214948        9.5214948                           -0       38.682239                                 38.682239
              1       28.965351      -229.56086      -510.88723       64.390203     0.019566213      0.10688671      -229.56086      -281.32637   -0.0012530488   2.0989032e-09      0.30654618      0.69461953      0.76378384      0.04719187      0.25780072      0.77207198       14.657011       154.08475       9.5214948        9.5214948                           -0       38.887712                                 38.887712
              1       29.505491      -348.29909      -501.09872       64.752951     0.019546274      0.10698175      -348.29909      -152.79962   -0.0019011767   2.0989032e-09      0.30330036      0.69851446      0.76535202     0.046617057      0.25514706       0.7695504       14.621465       154.08115       9.5214948        9.5214948                           -0       39.967992                                 39.967992
              2       28.826997      -301.11684      -396.26734       65.492222      0.01998502      0.11056168      -301.11684      -95.150502   -0.0016436342   2.0989032e-09      0.30586095      0.69569826      0.78052965     0.046593477      0.25776572      0.78811718       14.395085       152.48211       9.5214948        9.5214948                           -0       38.611003                                 38.611003
              1       28.633305      -268.46393      -397.30519       66.340331     0.019670908      0.10869954      -268.46393      -128.84126   -0.0014653996   2.0989032e-09       0.2931457      0.70823742       0.7762835      0.04469605      0.24698605      0.76736413       14.384735       153.41423       9.5214948        9.5214948                           -0        38.22362                                  38.22362
              1       28.779571      -249.87771       -390.2474        68.26879     0.019329715      0.10906542      -249.87771      -140.36969   -0.0013639475   2.0989032e-09      0.27687102      0.72441523       0.7849567     0.041474488      0.23401446      0.75409112       14.206117       153.72973       9.5214948        9.5214948                           -0       38.516153                                 38.516153
              1       28.561617      -243.31309      -363.11902       68.789511     0.019346175      0.10876966      -243.31309      -119.80592   -0.0013281148   2.0989032e-09      0.27210494      0.72914665       0.7846132     0.040883744      0.22985997      0.74724531       14.161144       153.79707       9.5214948        9.5214948                           -0       38.080244                                 38.080244
              2       28.984761      -259.76737      -352.60199       67.722668     0.018898184      0.10830079      -259.76737       -92.83462   -0.0014179298   2.0989032e-09      0.27874635      0.72259262      0.78293683     0.041205193       0.2361367      0.75469364       14.283986       154.50048       9.5214948        9.5214948                           -0       38.926533                                 38.926533
              1       28.877921      -86.525962      -303.71017       67.602843     0.019095377      0.11140153      -86.525962       -217.1842   -0.0004722985   2.0989032e-09      0.28695164      0.71344142      0.79550499     0.041782875      0.24375932      0.77801261       14.175417       153.33241       9.5214948        9.5214948                           -0       38.712853                                 38.712853
              9       29.055753      -9.0998232      -257.30316       67.079909     0.018930008      0.11295161      -9.0998232      -248.20334  -4.9671021e-05   2.0989032e-09      0.29452039      0.70544881       0.8022247     0.042069356      0.25101953      0.79486447       14.168877       153.08522       9.5214948        9.5214948                           -0       39.068517                                 39.068517
              1       29.196099      -23.330031      -164.11763       68.067948     0.019266203      0.11621085      -23.330031       -140.7876  -0.00012734604   2.0989032e-09      0.29379229      0.70625689      0.81701451     0.041582521      0.25081953      0.80851734       13.955237       151.73544       9.5214948        9.5214948                           -0       39.349209                                 39.349209
              2       29.068626      -3.6683592      -164.53011       68.180575     0.019256283      0.11640701      -3.6683592      -160.86175  -2.0023592e-05   2.0989032e-09      0.29322312      0.70671901      0.81824427     0.041423915      0.25041354      0.80894957       13.939342       151.69195       9.5214948        9.5214948                           -0       39.094263                                 39.094263
              1       29.851908      -145.83712      -189.09465       68.457617      0.01927684      0.11723887      -145.83712      -43.257536  -0.00079604608   2.0989032e-09      0.29267352      0.70804526      0.82269137     0.041133181      0.25016587      0.81258356       13.898871       151.43212       9.5214948        9.5214948                           -0       40.660826                                 40.660826
              1       29.880342       -154.2518      -185.79024       68.577371     0.019155406      0.11715308       -154.2518       -31.53844  -0.00084197727   2.0989032e-09      0.29121161      0.70955337      0.82346173     0.040731433       0.2491105      0.81131057       13.893769       151.60379       9.5214948        9.5214948                           -0       40.717695                                 40.717695
              1       29.870788       -155.7585      -191.40499         67.4824     0.019053322      0.11688811       -155.7585      -35.646489  -0.00085020155   2.0989032e-09      0.29993266      0.70083802      0.82004403     0.041839806      0.25667838      0.81995199       14.003203       151.80319       9.5214948        9.5214948                           -0       40.698586                                 40.698586
              2       29.607636      -205.32256      -174.21837       67.751932     0.019224128       0.1173334      -205.32256       31.104194    -0.001120745   2.0989032e-09      0.29889319      0.70214867       0.8215792     0.041879672      0.25561027      0.82006225       13.959287       151.46946       9.5214948        9.5214948                           -0       40.172283                                 40.172283
              1       29.475556      -256.56416      -262.48841       60.926214      0.02043306      0.11519505      -256.56416      -5.9242431   -0.0014004452   2.0989032e-09       0.3671124      0.63419049      0.78392137     0.055045908      0.31033121      0.86718429       14.649561       150.62109       9.5214948        9.5214948                           -0       39.908123                                 39.908123
              3       29.330434      -280.45702      -263.73005        60.81097     0.020367107      0.11527328      -280.45702       16.726976   -0.0015308634   2.0989032e-09      0.36853833      0.63289461      0.78430686      0.05507639      0.31172008      0.86929407        14.66145       150.67731       9.5214948        9.5214948                           -0       39.617879                                 39.617879
              2       29.331146      -286.64939      -235.64213       60.671745     0.019973134      0.11659828      -286.64939       51.007261   -0.0015646642   2.0989032e-09       0.3727609      0.62870539      0.79186125      0.05425918      0.31675185      0.88268071       14.641971        150.7746       9.5214948        9.5214948                           -0       39.619302                                 39.619302
              1       29.341304      -289.94351      -233.04944        60.64176      0.01999959      0.11671534      -289.94351       56.894075   -0.0015826451   2.0989032e-09       0.3735199      0.62796427      0.79206461     0.054384795      0.31738351      0.88380581       14.640176       150.71036       9.5214948        9.5214948                           -0       39.639618                                 39.639618
              1       29.166882      -95.845717      -151.21559       60.903651     0.019907754      0.11819729      -95.845717       -55.36987  -0.00052317001   2.0989032e-09      0.37406216      0.62636339      0.79943991     0.053670498       0.3186551      0.89268263       14.554615       150.40725       9.5214948        9.5214948                           -0       39.290774                                 39.290774
              2       29.365046      -169.60948      -168.94884       60.300627     0.019791641      0.11712109      -169.60948      0.66064055  -0.00092580656   2.0989032e-09      0.37830199      0.62252422       0.7937764     0.054429976      0.32210055      0.89136765       14.656078       150.84517       9.5214948        9.5214948                           -0       39.687103                                 39.687103
              1       29.201803      -199.32043      -173.12303       61.627379     0.019848959      0.11725848      -199.32043       26.197399   -0.0010879826   2.0989032e-09      0.36270134      0.63829129      0.79851255     0.052262518      0.30874281       0.8780024       14.518775       150.73834       9.5214948        9.5214948                           -0       39.360616                                 39.360616
              1       29.140733      -178.50894      -188.35091       61.544952     0.019879068      0.11726101      -178.50894      -9.8419712  -0.00097438391   2.0989032e-09      0.36375971      0.63711907      0.79805736     0.052482093      0.30957706      0.87878124       14.527793       150.70171       9.5214948        9.5214948                           -0       39.238477                                 39.238477
              1       29.153877      -196.59311       -184.5271       61.110495     0.020222176      0.11784152      -196.59311       12.066019   -0.0010730957   2.0989032e-09      0.37142349      0.62955264      0.79672248     0.054149728      0.31554894      0.88650488       14.542407       150.13366       9.5214948        9.5214948                           -0       39.264764                                 39.264764
              6       29.166346      -204.09057      -183.19931       61.061432     0.020239864      0.11779316      -204.09057       20.891262   -0.0011140202   2.0989032e-09      0.37193835      0.62907855      0.79624284     0.054284221      0.31592653      0.88658503       14.548181       150.12617       9.5214948        9.5214948                           -0       39.289703                                 39.289703
              2       29.136063      -195.91431      -334.86958       60.829563     0.020803697      0.11434347      -195.91431      -138.95527   -0.0010693904   2.0989032e-09      0.36698012       0.6339914      0.77770211     0.056222625       0.3090167      0.86014946       14.684824       150.42258       9.5214948        9.5214948                           -0       39.229136                                 39.229136
              3       29.087571      -197.53494      -337.45717       60.819563     0.020685928      0.11423656      -197.53494      -139.92223   -0.0010782366   2.0989032e-09      0.36649343      0.63448691      0.77798738     0.055922736      0.30882933      0.85989421       14.693417       150.59125       9.5214948        9.5214948                           -0       39.132153                                 39.132153
              2       29.089968      -188.90216      -337.69028       60.733702     0.020671788       0.1142459      -188.90216      -148.78812   -0.0010311149   2.0989032e-09       0.3675174      0.63341555      0.77783251     0.056042633      0.30972847       0.8609232       14.701992        150.6053       9.5214948        9.5214948                           -0       39.136946                                 39.136946
              1        28.98458      -95.813665      -314.34039       62.623019     0.020747878      0.11495951      -95.813665      -218.52672  -0.00052299506   2.0989032e-09      0.34768983      0.65274082       0.7863042     0.052906091      0.29314123      0.84649805        14.48501       150.31581       9.5214948        9.5214948                           -0        38.92617                                  38.92617
              1       29.132301      -96.579414      -306.04368       63.054342     0.020611579      0.11566814      -96.579414      -209.46427  -0.00052717487   2.0989032e-09      0.34438889      0.65604721      0.79153258     0.051841941      0.29092682      0.84807202       14.424419       150.27827       9.5214948        9.5214948                           -0       39.221613                                 39.221613
              3       29.186691      -60.959642       -293.2523       65.239935     0.020520311      0.11579578      -60.959642      -232.29266  -0.00033274577   2.0989032e-09      0.32178621      0.67846146      0.79917018     0.048212195      0.27206063      0.82767981       14.213886       150.35017       9.5214948        9.5214948                           -0       39.330392                                 39.330392
              1       29.002526      -60.346026      -290.32056       64.969221     0.020374803      0.11540537      -60.346026      -229.97454  -0.00032939637   2.0989032e-09      0.32320378      0.67703983      0.79765257     0.048270089      0.27340767      0.82792568       14.254511       150.63118       9.5214948        9.5214948                           -0       38.962063                                 38.962063
              2       28.891717      -62.720375      -440.13657       64.944562     0.020694203      0.10935862      -62.720375      -377.41619  -0.00034235666   2.0989032e-09      0.30987027      0.69038623      0.76888711      0.04906402      0.25927906      0.78143329       14.464798       151.97386       9.5214948        9.5214948                           -0       38.740445                                 38.740445
              1       28.163033      -120.24873      -479.32853       65.751577      0.02050381      0.10821003      -120.24873       -359.0798  -0.00065637286   2.0989032e-09      0.29921329      0.70135932      0.76706395     0.047426625      0.25029674      0.76605753       14.443522       152.53844       9.5214948        9.5214948                           -0       37.283076                                 37.283076
              1       28.164656      -119.95533      -479.07476        65.76489     0.020502508      0.10822067      -119.95533      -359.11943  -0.00065477139   2.0989032e-09      0.29911373      0.70145731      0.76715444     0.047404414         0.25022      0.76602043       14.441916        152.5369       9.5214948        9.5214948                           -0       37.286322                                 37.286322
              3       28.190458      -122.55224      -477.52326       65.647501     0.020462237      0.10827816      -122.55224      -354.97102  -0.00066894651   2.0989032e-09      0.30022438      0.70036054      0.76738599     0.047480657      0.25124907      0.76767292        14.45194       152.56886       9.5214948        9.5214948                           -0       37.337925                                 37.337925
              2       27.943489      -147.21239      -620.88772       64.728046     0.020185544      0.10334635      -147.21239      -473.67533  -0.00080355293   2.0989032e-09      0.29638264      0.70433448      0.74416638     0.048178742      0.24666648      0.73966625       14.752299       154.38253       9.5214948        9.5214948                           -0       36.843988                                 36.843988
              3       27.686066       -222.6319      -592.85365       63.586527     0.019196245      0.10280925       -222.6319      -370.22175   -0.0012152273   2.0989032e-09      0.30334443      0.69778123      0.74532406     0.047477308      0.25427401      0.74946702       14.909478       155.79784       9.5214948        9.5214948                           -0       36.329143                                 36.329143
              1       27.700476      -226.32962      -593.78509       63.566348     0.019192402      0.10279223      -226.32962      -367.45547   -0.0012354112   2.0989032e-09      0.30348544      0.69766036      0.74522195     0.047497945      0.25439337      0.74953849        14.91257       155.80805       9.5214948        9.5214948                           -0       36.357963                                 36.357963
              2       27.442701      -228.66015        -603.474       63.133633     0.019238031        0.102274      -228.66015      -374.81385   -0.0012481323   2.0989032e-09      0.30647414      0.69468314      0.74140426     0.048265749      0.25659234      0.74936148       14.974427       155.91067       9.5214948        9.5214948                           -0       35.842412                                 35.842412
              3        27.46915      -217.61198      -604.24243       62.694749     0.018826252      0.10168535      -217.61198      -386.63045   -0.0011878263   2.0989032e-09      0.30823478      0.69286092      0.74023396     0.047896253      0.25869977      0.75032462       15.053647       156.62733       9.5214948        9.5214948                           -0       35.895311                                 35.895311
              1       27.018337      -174.54135       -708.9392       62.897661     0.019019752      0.09859386      -174.54135      -534.39785    -0.000952727   2.0989032e-09      0.29892388      0.70193731      0.72482679     0.048076833      0.24921885      0.72352562       15.172682       157.35704       9.5214948        9.5214948                           -0       34.993685                                 34.993685
              1       26.318356      -232.45922      -713.29069       62.530078      0.01886633     0.097683604      -232.45922      -480.83146   -0.0012688694   2.0989032e-09      0.29972826      0.70144799      0.72059004     0.048251351      0.24982951      0.72026362       15.253412       157.85226       9.5214948        9.5214948                           -0       33.593723                                 33.593723
              1       26.374329      -227.82968       -712.9741       62.612552     0.018826542      0.09764961      -227.82968      -485.14442   -0.0012435992   2.0989032e-09      0.29875097      0.70240026       0.7208809     0.048022831      0.24908508      0.71937867       15.247873       157.91587       9.5214948        9.5214948                           -0       33.705667                                 33.705667
              5       25.922196      -166.24362      -718.88431       63.466871     0.019055215     0.097071267      -166.24362      -552.64069  -0.00090743416   2.0989032e-09      0.28989411      0.71092342       0.7185277     0.047306376      0.24098861      0.70632176       15.177867        157.8014       9.5214948        9.5214948                           -0       32.801401                                 32.801401
              4       25.925199      -195.69936      -722.79329       63.680351     0.019130347     0.096842198      -195.69936      -527.09392   -0.0010682172   2.0989032e-09      0.28757411      0.71340481       0.7174144     0.047175006      0.23881068      0.70239976       15.166058        157.7768       9.5214948        9.5214948                           -0       32.807409                                 32.807409
              1       26.288648      -225.92136      -707.83153       63.267843     0.019211717     0.097980458      -225.92136      -481.91017   -0.0012331827   2.0989032e-09      0.29438324      0.70675948      0.72150286     0.047995455      0.24477858      0.71471676       15.154535       157.30272       9.5214948        9.5214948                           -0       33.534307                                 33.534307
              2       26.317071      -179.62719      -614.01885       66.702798     0.019413606     0.098744217      -179.62719      -434.39166  -0.00098048785   2.0989032e-09       0.2670149       0.7338842      0.73136414     0.043633303      0.22193386       0.6899868        14.75882       156.79584       9.5214948        9.5214948                           -0       33.591152                                 33.591152
              7       26.199459      -183.47619      -614.78464       67.270834     0.019792418     0.099651007      -183.47619      -431.30846   -0.0010014974   2.0989032e-09      0.26536546      0.73555602      0.73455487     0.043736621      0.22020545      0.69085326       14.661278       156.02172       9.5214948        9.5214948                           -0       33.355928                                 33.355928
              3        25.97634      -148.55243      -617.34821       67.739255     0.019738679     0.099089457      -148.55243      -468.79578   -0.0008108675   2.0989032e-09      0.26036721      0.74036474      0.73304591     0.043016717      0.21594672      0.68291035       14.640509       156.26747       9.5214948        9.5214948                           -0       32.909691                                 32.909691
              1       26.000589      -156.66088      -614.48101       67.773972     0.019675973     0.099066807      -156.66088      -457.82013  -0.00085512713   2.0989032e-09      0.25991471      0.74086158      0.73341628     0.042836141      0.21567623       0.6826614       14.639695        156.3551       9.5214948        9.5214948                           -0       32.958189                                 32.958189
              1       27.395981      -215.74086       -622.6569       68.964568     0.020905172      0.10097155      -215.74086      -406.91603   -0.0011776129   2.0989032e-09       0.2576072      0.74349428      0.73729097     0.043954334      0.21229853      0.68321483       14.430604       154.21604       9.5214948        9.5214948                           -0       35.748972                                 35.748972
              1       28.409946       -245.9133      -583.80435       61.188967     0.020812141      0.10586607       -245.9133      -337.89105   -0.0013423079   2.0989032e-09      0.34006221      0.66118338        0.742406     0.055586652      0.28275515      0.79042384       14.979549       152.85557       9.5214948        9.5214948                           -0       37.776903                                 37.776903
              3       28.147266      -243.29515      -560.34489       62.285006     0.021442651      0.10765164      -243.29515      -317.04975   -0.0013280168   2.0989032e-09       0.3344272      0.66680747        0.749419     0.055272798      0.27749401      0.79125208       14.783415       151.57633       9.5214948        9.5214948                           -0       37.251542                                 37.251542
              3       27.802436      -301.96993      -634.45561       61.062668     0.021601158      0.10579472      -301.96993      -332.48567   -0.0016482908   2.0989032e-09      0.34339515      0.65815603      0.73680232     0.057932929      0.28373469      0.78829258       14.980763       151.92955       9.5214948        9.5214948                           -0       36.561882                                 36.561882
              4       27.950407       -322.9282      -607.10369       61.281078     0.021703431       0.1069221       -322.9282      -284.17548   -0.0017626907   2.0989032e-09      0.34422613      0.65744013      0.74177098     0.057793049      0.28471784      0.79456811       14.910915       151.47969       9.5214948        9.5214948                           -0       36.857825                                 36.857825
              1       23.203387      -279.48438      -988.18078       60.374692     0.022624892     0.094171055      -279.48438      -708.69639   -0.0015255543   2.0989032e-09      0.32218588      0.67924033      0.67513326     0.062069273      0.25834948      0.69965208        15.56505       154.21912       9.5214948        9.5214948                           -0       27.363783                                 27.363783
              2       24.207373      -301.22809      -965.60079         61.1928     0.023092383     0.095373297      -301.22809       -664.3727   -0.0016442415   2.0989032e-09      0.31808772      0.68345982       0.6800166     0.061669168      0.25469836      0.70021649       15.409833       153.28505       9.5214948        9.5214948                           -0       29.371756                                 29.371756
              6       24.540368      -260.89687      -945.50746       61.623517     0.023239187     0.096300869      -260.89687      -684.61059   -0.0014240952   2.0989032e-09      0.31648591      0.68484282      0.68455372     0.061196696      0.25359299      0.70311134       15.315396       152.82673       9.5214948        9.5214948                           -0       30.037747                                 30.037747
              3       23.704874      -259.20826      -931.78346       60.510112      0.02332114     0.097075664      -259.20826       -672.5752   -0.0014148779   2.0989032e-09      0.33057984      0.67073614      0.68508281     0.063693315       0.2651273      0.71915189       15.380974       152.49459       9.5214948        9.5214948                           -0       28.366758                                 28.366758
              3       23.672283      -215.55559      -959.63268       60.272604     0.022922616     0.096370652      -215.55559       -744.0771   -0.0011766015   2.0989032e-09      0.33015262      0.67092431      0.68355641     0.063099262      0.26528024      0.71708576        15.45691       153.18098       9.5214948        9.5214948                           -0       28.301577                                 28.301577
              5       23.324449      -262.42038      -959.37106       60.580163      0.02303936     0.095880115      -262.42038      -696.95068   -0.0014324111   2.0989032e-09       0.3257903      0.67554344      0.68129582       0.0627783      0.26125684      0.70997683       15.444503        153.1924       9.5214948        9.5214948                           -0       27.605909                                 27.605909
              4       26.162976      -220.76023      -795.41587       62.312642     0.023607988      0.10304456      -220.76023      -574.65564   -0.0012050109   2.0989032e-09      0.32784212      0.67326963      0.71544864      0.06080043      0.26538277       0.7479115       14.926533       150.39435       9.5214948        9.5214948                           -0       33.282962                                 33.282962
             10        26.19534      -93.942197        -831.375       60.349054     0.023023708      0.10268725      -93.942197      -737.43281  -0.00051277972   2.0989032e-09      0.34693795       0.6534754      0.71216364     0.063217065      0.28195225      0.76585239       15.156184        151.1704       9.5214948        9.5214948                           -0       33.347691                                 33.347691
              5       27.743443      -50.498739       -796.2254       60.065023     0.022359609       0.1042483      -50.498739      -745.72666  -0.00027564535   2.0989032e-09        0.352713      0.64746227      0.72238094     0.061975624      0.28895199      0.78327882       15.140748       151.48748       9.5214948        9.5214948                           -0       36.443897                                 36.443897
              6       27.507134       -53.45627      -811.63422       60.364401     0.022305103      0.10326151       -53.45627      -758.17795  -0.00029178891   2.0989032e-09      0.34636545      0.65382696      0.71915767     0.061212828      0.28338489      0.77273533       15.152945       151.84135       9.5214948        9.5214948                           -0       35.971279                                 35.971279
              6       28.142146      -53.080755        -813.119       60.655195     0.022130448       0.1029731      -53.080755      -760.03825  -0.00028973918   2.0989032e-09      0.34179365      0.65839766      0.71973809     0.060152573      0.27989026      0.76823813       15.141495       152.13292       9.5214948        9.5214948                           -0       37.241303                                 37.241303
              3        24.96949       -163.2825      -913.33244       62.232726     0.023690305     0.098383724       -163.2825      -750.04994  -0.00089127097   2.0989032e-09      0.31686276      0.68393501      0.69312104     0.061169228      0.25403035      0.71233463       15.141831       151.67014       9.5214948        9.5214948                           -0        30.89599                                  30.89599
              4       24.145502      -150.64539      -980.13457       61.384687     0.022238134     0.093213081      -150.64539      -829.48918  -0.00082229183   2.0989032e-09      0.30810216      0.69262403      0.67504796     0.059017154      0.24737555      0.68410281       15.516805       154.99196       9.5214948        9.5214948                           -0       29.248015                                 29.248015
              5       22.463527      -325.82621      -916.82922       61.113187     0.021049236      0.09226463      -325.82621      -591.00301   -0.0017785093   2.0989032e-09      0.30512301      0.69655854      0.67709576     0.056359414      0.24703892      0.68285257        15.61037       156.78126       9.5214948        9.5214948                           -0       25.884064                                 25.884064
              6       22.033046      -340.30744      -948.58893       61.118491     0.021217987     0.091250839      -340.30744      -608.28148   -0.0018575546   2.0989032e-09      0.30280785      0.69895276      0.67105339     0.056801387      0.24428209      0.67418644       15.663617       156.89692       9.5214948        9.5214948                           -0       25.023102                                 25.023102
              8       22.368487       -340.0636      -968.92331        60.83561     0.020676942     0.089825119       -340.0636      -628.85971   -0.0018562236   2.0989032e-09      0.30031627      0.70144211      0.66663215     0.055868958      0.24270687      0.66698346       15.789407       158.06154       9.5214948        9.5214948                           -0       25.693985                                 25.693985
              1       22.749939      -302.39494      -921.34609       61.918049     0.020558978     0.090711167      -302.39494      -618.95115   -0.0016506107   2.0989032e-09      0.29191135      0.70964481      0.67409214     0.053624963      0.23660626      0.66494255       15.624587       157.92037       9.5214948        9.5214948                           -0       26.456888                                 26.456888
              7       22.206312      -303.22167      -915.30314       61.801511     0.020687395     0.091050478      -303.22167      -612.08147   -0.0016551234   2.0989032e-09       0.2942379      0.70732242      0.67475924     0.054163612      0.23838781      0.66824777       15.611535       157.64212       9.5214948        9.5214948                           -0       25.369634                                 25.369634
              4       22.013103       -313.2687      -953.30401        61.51747     0.020624929     0.089396171       -313.2687       -640.0353   -0.0017099647   2.0989032e-09      0.29242485      0.70918943      0.66619936     0.054499878      0.23622289      0.65773465       15.737271       158.27219       9.5214948        9.5214948                           -0       24.983217                                 24.983217
              4        21.25791       -304.1686      -957.96788        61.11995     0.020831798     0.089696513       -304.1686      -653.79928   -0.0016602921   2.0989032e-09      0.29759881      0.70396455      0.66561713     0.055764881      0.24010963      0.66294799       15.753157       157.90381       9.5214948        9.5214948                           -0       23.472831                                 23.472831
             13       21.148829      -306.70278      -958.55475       60.989411     0.020821436     0.089661411      -306.70278      -651.85198   -0.0016741248   2.0989032e-09      0.29875188       0.7028249      0.66523001     0.055975993       0.2410442      0.66384475       15.767859       157.92887       9.5214948        9.5214948                           -0       23.254669                                 23.254669
             11       21.685996      -279.60576        -941.595       60.764614     0.020509439     0.090294028      -279.60576      -661.98924   -0.0015262169   2.0989032e-09      0.30183475       0.6995934      0.66984089     0.055545935      0.24454429      0.67188608       15.763606       158.12313       9.5214948        9.5214948                           -0       24.329002                                 24.329002
             10       21.986314      -256.24418      -928.61455       61.051128     0.020577654     0.090936784      -256.24418      -672.37036   -0.0013986986   2.0989032e-09      0.30091587      0.70038567      0.67324532     0.055208822      0.24397887      0.67427221       15.696644        157.8215       9.5214948        9.5214948                           -0       24.929638                                 24.929638
              3       21.982799      -244.10829      -940.70379       60.613597     0.020516571     0.090825625      -244.10829       -696.5955   -0.0013324554   2.0989032e-09      0.30480698      0.69642692      0.67210893     0.055842477      0.24721128      0.67747222       15.751742       157.93745       9.5214948        9.5214948                           -0       24.922608                                 24.922608
              9       22.147704      -313.88406      -951.62144       60.686992     0.021539586     0.092236979      -313.88406      -637.73738   -0.0017133236   2.0989032e-09      0.31068006      0.69093494      0.67300616     0.058485222      0.25044586      0.68488098       15.647675       156.17085       9.5214948        9.5214948                           -0       25.252418                                 25.252418
              1       22.172182      -302.64853      -952.60699       60.748033     0.021711744     0.092498635      -302.64853      -649.95845   -0.0016519949   2.0989032e-09      0.31123156      0.69032231      0.67337571     0.058834255      0.25065183      0.68586499       15.623154       155.87122       9.5214948        9.5214948                           -0       25.301375                                 25.301375
              4       23.911857      -297.41654      -897.71137       60.783577     0.022003201     0.094928704      -297.41654      -600.29483   -0.0016234363   2.0989032e-09      0.31823381      0.68329161      0.68347096     0.059554332      0.25693605      0.70393506       15.481314       154.73929       9.5214948        9.5214948                           -0       28.780725                                 28.780725
              2       23.698627       -202.0139      -881.20704       61.941324     0.022245524     0.094951183       -202.0139      -679.19314   -0.0011026848   2.0989032e-09      0.30713893      0.69386937      0.68471355     0.057980463       0.2474796      0.69281252       15.348267       154.43603       9.5214948        9.5214948                           -0       28.354264                                 28.354264
              6       23.772974      -265.83098       -889.8062       61.323538     0.022043729     0.094712279      -265.83098      -623.97523   -0.0014510277   2.0989032e-09      0.31218658      0.68916816       0.6834152     0.058617955      0.25185576      0.69715784        15.43161       154.75758       9.5214948        9.5214948                           -0       28.502958                                 28.502958
              4       24.243239      -293.19071      -859.61593       61.847725     0.022719963     0.097280075      -293.19071      -566.42522   -0.0016003697   2.0989032e-09      0.31539797      0.68610773      0.69285457     0.059396405      0.25431761      0.71041301       15.241935       153.14437       9.5214948        9.5214948                           -0       29.443487                                 29.443487
              3       25.720086      -316.48176      -796.85514       63.390283     0.021663672     0.098169736      -316.48176      -480.37338    -0.001727503   2.0989032e-09      0.29982008      0.70181731      0.70716326     0.053912154      0.24430493      0.70695117       15.079412        154.1463       9.5214948        9.5214948                           -0       32.397183                                 32.397183
              1       26.069196      -326.10311      -727.03617       63.119418     0.021925047      0.10067668      -326.10311      -400.93306   -0.0017800208   2.0989032e-09      0.30934733       0.6923418      0.71679288     0.055031907      0.25269864      0.72787406       14.977514       153.06468       9.5214948        9.5214948                           -0       33.095402                                 33.095402
              3       23.808015      -297.09581      -909.13545       61.985497     0.021378035     0.093395678      -297.09581      -612.03964   -0.0016216856   2.0989032e-09      0.30039507      0.70113237      0.68256356     0.055640063      0.24307853      0.68301285       15.460978       156.00099       9.5214948        9.5214948                           -0        28.57304                                  28.57304
              6       23.614108      -249.53549      -872.69428        61.72097     0.020984202     0.094346298      -249.53549      -623.15879   -0.0013620795   2.0989032e-09      0.30443707      0.69682995      0.68904942     0.055084191        0.247662      0.69412632       15.443508       156.19203       9.5214948        9.5214948                           -0       28.185227                                 28.185227
              6       23.600684      -250.38055      -873.36456       61.714688     0.020976391     0.094305233      -250.38055        -622.984   -0.0013666922   2.0989032e-09      0.30437072      0.69690089       0.6888835     0.055074897       0.2476046      0.69388355       15.446451       156.21505       9.5214948        9.5214948                           -0       28.158378                                 28.158378
              4       23.614703      -250.90343      -872.36371       61.700066     0.020980498     0.094354793      -250.90343      -621.46028   -0.0013695463   2.0989032e-09      0.30465598      0.69661844      0.68906708     0.055111794      0.24785217      0.69439364       15.445234       156.19398       9.5214948        9.5214948                           -0       28.186417                                 28.186417
             11       22.983733       -263.4231       -908.0265       61.313364     0.021113351      0.09323223       -263.4231       -644.6034   -0.0014378845   2.0989032e-09      0.30587834      0.69546322      0.68188614     0.056162559      0.24800234      0.68853432       15.540125       156.38686       9.5214948        9.5214948                           -0       26.924477                                 26.924477
              5       24.201603      -197.47709      -884.97724       60.682761     0.021653128     0.095826295      -197.47709      -687.50015   -0.0010779208   2.0989032e-09      0.32077895      0.68020063       0.6896282     0.058801713      0.26022801      0.71311129       15.459587       154.88815       9.5214948        9.5214948                           -0       29.360216                                 29.360216
              1       23.724874      -112.77298      -868.83742       61.606305     0.020453744      0.09410696      -112.77298      -756.06444  -0.00061556679   2.0989032e-09      0.30354312      0.69697703      0.69086745     0.053891776      0.24795417      0.69493519       15.478078       156.94411       9.5214948        9.5214948                           -0       28.406759                                 28.406759
             23       23.777198      -106.91309      -954.47635       60.863238     0.020058786     0.090820426      -106.91309      -847.56325  -0.00058358084   2.0989032e-09      0.30106183        0.699424      0.67542447     0.054149512      0.24517344      0.67661872       15.748238        158.5369       9.5214948        9.5214948                           -0       28.511406                                 28.511406
              9       23.424025      -117.11397      -936.01851       60.119841     0.021484117     0.093713278      -117.11397      -818.90455   -0.0006392619   2.0989032e-09      0.32050045      0.68003862      0.67914815      0.05944042      0.25927789      0.70196946       15.625556       155.76661       9.5214948        9.5214948                           -0        27.80506                                  27.80506
             10       23.077508       -127.9079      -997.12231         60.4029     0.025037201     0.097360956       -127.9079      -869.21441  -0.00069818016   2.0989032e-09      0.33723981      0.66335911      0.67605078     0.068623079      0.26685126      0.71678369       15.332824       150.43444       9.5214948        9.5214948                           -0       27.112027                                 27.112027
             16       23.696177      -107.22812      -955.13276       60.373854     0.023692007      0.09690414      -107.22812      -847.90464   -0.0005853004   2.0989032e-09      0.33262061      0.66786535      0.68168561     0.064998609      0.26585482      0.71779111       15.388861       152.11219       9.5214948        9.5214948                           -0       28.349364                                 28.349364
             28       23.233656      -85.031661      -971.80974       60.373614      0.02365648      0.09612974      -85.031661      -886.77808  -0.00046414192   2.0989032e-09       0.3304012      0.66996359       0.6782445     0.064901655      0.26373236      0.71178111        15.42669       152.38796       9.5214948        9.5214948                           -0       27.424322                                 27.424322
             12       23.578854      -80.398349      -945.67772       60.781506     0.023625132     0.096849078      -80.398349      -865.27937  -0.00043885117   2.0989032e-09      0.32784383        0.672497      0.68279414     0.063948642      0.26215164      0.71377719       15.349697       152.20683       9.5214948        9.5214948                           -0       28.114719                                 28.114719
              6       23.238367      -95.556114      -942.43498       61.443765     0.023711425     0.097063501      -95.556114      -846.87886  -0.00052158923   2.0989032e-09      0.32161125      0.67881442      0.68487471     0.062806127      0.25709896       0.7091141       15.274514       152.04154       9.5214948        9.5214948                           -0       27.433745                                 27.433745
             24       22.742652      -143.97296      -980.76682        60.47254     0.023360521     0.094303036      -143.97296      -836.79386  -0.00078587064   2.0989032e-09      0.32351659      0.67717025      0.67155598     0.063880175      0.25787501      0.69738062       15.509807       153.29609       9.5214948        9.5214948                           -0       26.442314                                 26.442314
              6       24.237405      -232.09807      -924.56196       63.480373     0.023233364       0.0946776      -232.09807      -692.46388   -0.0012668981   2.0989032e-09      0.29419908      0.70697796      0.68076509     0.057654493      0.23494613      0.67415118       15.200842       153.33163       9.5214948        9.5214948                           -0       29.431821                                 29.431821
              4       22.885499      -220.40824      -986.58714       61.296432     0.024741991     0.094390238      -220.40824       -766.1789   -0.0012030896   2.0989032e-09       0.3187871      0.68231961      0.66579588     0.065851284      0.25122143      0.68632662       15.379079       151.65664       9.5214948        9.5214948                           -0       26.728008                                 26.728008
              4       23.203477      -211.90382       -932.9562       63.505308      0.02705826     0.098973351      -211.90382      -721.05239   -0.0011566685   2.0989032e-09      0.31410397      0.68696291       0.6792012     0.067093402      0.24541337      0.69498356       14.889434       147.75181       9.5214948        9.5214948                           -0       27.363964                                 27.363964
             20       23.612866      -162.48822      -793.38514       66.411018     0.024096515     0.098728678      -162.48822      -630.89691  -0.00088693547   2.0989032e-09      0.27994893       0.7208559      0.70133028      0.05463538      0.22385306      0.67748763       14.688384       151.09935       9.5214948        9.5214948                           -0       28.182742                                 28.182742
              4       24.608497      -160.35797      -742.96482       66.446115     0.023397671     0.099758793      -160.35797      -582.60684  -0.00087530759   2.0989032e-09      0.28040359       0.7203897      0.71062884     0.052994822      0.22594982      0.68702728       14.651836        151.6002       9.5214948        9.5214948                           -0       30.174004                                 30.174004
              1        24.56221      -156.82387      -742.67697       66.331862     0.022992621     0.099097639      -156.82387      -585.85311   -0.0008560168   2.0989032e-09      0.27894714      0.72182657      0.70965593     0.052256956      0.22522621      0.68430257       14.699694        152.2711       9.5214948        9.5214948                           -0       30.081431                                 30.081431
              4       22.335602      -93.452473      -841.67697       66.492222     0.024954346     0.096926485      -93.452473      -748.22449  -0.00051010659   2.0989032e-09      0.27712959      0.72329861      0.68750805     0.056442272      0.21923039      0.66078262       14.735588       150.65627       9.5214948        9.5214948                           -0       25.628215                                 25.628215
              1       23.108193      -144.20491      -940.00329       64.450364     0.026638063     0.095373308      -144.20491      -795.79839  -0.00078713673   2.0989032e-09      0.29528155      0.70541841        0.666252      0.06412862      0.22960223      0.66099177       14.958451       149.24072       9.5214948        9.5214948                           -0       27.173396                                 27.173396
              6       22.180316      -150.68583      -935.05996        65.15765     0.026929778     0.095336655      -150.68583      -784.37413  -0.00082251255   2.0989032e-09      0.28950656      0.71123066      0.66579499     0.063431058      0.22455829      0.65404721       14.886689       148.93342       9.5214948        9.5214948                           -0       25.317643                                 25.317643
             10       21.955966      -149.79332      -941.04637       65.117993     0.026968444     0.095138286      -149.79332      -791.25305  -0.00081764084   2.0989032e-09      0.28948266      0.71124959      0.66452961     0.063599525      0.22436407      0.65277721       14.899512       148.94909       9.5214948        9.5214948                           -0       24.868942                                 24.868942
              9       20.730536      -31.995534       -954.5264       66.759076     0.025997837     0.092639401      -31.995534      -922.53087  -0.00017464634   2.0989032e-09      0.26764061      0.73245279      0.66045752     0.058333306        0.207862      0.62382139       14.909134       150.75911       9.5214948        9.5214948                           -0       22.418083                                 22.418083
              2       20.762574      -58.011197      -952.41519        66.74548     0.025565137     0.091666968      -58.011197        -894.404   -0.0003166518   2.0989032e-09      0.26459557       0.7356398      0.65796269     0.057385795      0.20576388      0.61791953       14.969364       151.54185       9.5214948        9.5214948                           -0       22.482157                                 22.482157
             10       20.773271      -57.750094      -952.70191       66.747747     0.025574973     0.091669462      -57.750094      -894.95182  -0.00031522658   2.0989032e-09      0.26460526      0.73562868      0.65792269     0.057403974       0.2057555      0.61789329       14.968905        151.5299       9.5214948        9.5214948                           -0       22.503553                                 22.503553
              1       20.579286       -60.23314      -876.47253       67.097689     0.025138752     0.093657354       -60.23314      -816.23939  -0.00032878019   2.0989032e-09      0.26529896      0.73494938      0.67116577     0.055837837      0.20803038      0.63115634       14.820965       151.42416       9.5214948        9.5214948                           -0       22.115582                                 22.115582
              9       20.120988      -65.442348      -892.17623       66.990109     0.025347853     0.093205244      -65.442348      -826.73388  -0.00035721444   2.0989032e-09      0.26561023      0.73466629      0.66747633     0.056483267      0.20769162      0.62805495       14.850078       151.32263       9.5214948        9.5214948                           -0       21.198987                                 21.198987
              5        19.79654      -69.206867       -901.7261       66.919895     0.025387099     0.092805367      -69.206867      -832.51923  -0.00037776292   2.0989032e-09       0.2653626       0.7349343      0.66509951     0.056689493      0.20723475      0.62552671       14.877022        151.3989       9.5214948        9.5214948                           -0        20.55009                                  20.55009
              7       19.682255      -71.361763      -902.51523       67.094981     0.025559547      0.09290531      -71.361763      -831.15347  -0.00038952533   2.0989032e-09      0.26458455      0.73572454      0.66491051     0.056777083       0.2063766      0.62443151       14.852979       151.17303       9.5214948        9.5214948                           -0       20.321521                                 20.321521
             22       19.318934      -72.664598      -946.22037       66.652825     0.026531989     0.093250354      -72.664598      -873.55577   -0.0003966368   2.0989032e-09      0.27107213        0.729243      0.66034666     0.059721772      0.20990045       0.6277024       14.866785       149.98196       9.5214948        9.5214948                           -0       19.594879                                 19.594879
             10       21.173211      -6.8843096      -746.29118       74.038772     0.025540737      0.09514903      -6.8843096      -739.40687  -3.7577729e-05   2.0989032e-09      0.22134196      0.77862955      0.68712611     0.046592393      0.17357451      0.59021155       14.124197       150.52262       9.5214948        9.5214948                           -0       23.303431                                 23.303431
              1       21.596098       -64.80395      -689.81719       73.916643     0.024019543     0.095557261       -64.80395      -625.01324  -0.00035372977   2.0989032e-09      0.22003697      0.78025048      0.69823977     0.043962286      0.17489574      0.59798705       14.135333        152.1381       9.5214948        9.5214948                           -0       24.149207                                 24.149207
              2       22.340238      -69.339333      -672.84632       74.079919     0.024201652     0.096104351      -69.339333      -603.50699  -0.00037848597   2.0989032e-09      0.22039685      0.77991565      0.70021867     0.044100551      0.17512254      0.60017202       14.086239       151.76184       9.5214948        9.5214948                           -0       25.637487                                 25.637487
              7       20.860487      -64.814574      -717.44649       73.424264     0.023915984     0.093926165      -64.814574      -652.63192  -0.00035378776   2.0989032e-09      0.21978036      0.78050626      0.68957675     0.044361788      0.17422376       0.5902234        14.25523       152.75649       9.5214948        9.5214948                           -0       22.677984                                 22.677984
              6       21.090884      -36.818427      -745.64566       72.299032     0.024818207     0.094020609      -36.818427      -708.82723  -0.00020097191   2.0989032e-09      0.22858145      0.77155025      0.68306196     0.047479423      0.17986973      0.59623842       14.321409       151.68099       9.5214948        9.5214948                           -0       23.138778                                 23.138778
              3        21.53904      -36.106482      -736.08032       72.285902     0.024551944     0.094082926      -36.106482      -699.97383  -0.00019708579   2.0989032e-09      0.22827419       0.7718536      0.68495304     0.046987105      0.18005435      0.59748716        14.32303       151.96854       9.5214948        9.5214948                           -0       24.035091                                 24.035091
              6       22.004296      -33.763049      -734.84951       72.133413     0.024581808     0.094248116      -33.763049      -701.08646  -0.00018429425   2.0989032e-09      0.22961522      0.77049948      0.68541747      0.04724337      0.18113389      0.59964591       14.326455       151.88395       9.5214948        9.5214948                           -0       24.965603                                 24.965603
              1       22.013165      -35.167663      -733.96616       72.194096     0.024648192     0.094370637      -35.167663       -698.7985  -0.00019196128   2.0989032e-09      0.22959181      0.77053067      0.68575091     0.047291349      0.18106459      0.59990705       14.314363       151.77037       9.5214948        9.5214948                           -0        24.98334                                  24.98334
             23       20.445324      -105.74138      -744.10152       74.272334     0.027492213     0.096695426      -105.74138      -638.36013   -0.0005771851   2.0989032e-09      0.22629294       0.7742186      0.68417312     0.049837421      0.17528784      0.59421127       13.988753       147.93629       9.5214948        9.5214948                           -0       21.847659                                 21.847659
              3       20.947959      -109.76319      -739.10232       74.441786     0.027826381     0.096976328      -109.76319      -629.33913  -0.00059913796   2.0989032e-09      0.22637381      0.77415999      0.68393652     0.050213808      0.17499763      0.59411191       13.951989       147.50123       9.5214948        9.5214948                           -0       22.852927                                 22.852927
             17       19.180285      -71.487797      -779.02904        74.27964     0.027407163     0.094293219      -71.487797      -707.54125  -0.00039021328   2.0989032e-09      0.22174045      0.77858413      0.67213814     0.049673471      0.17089953        0.577857        14.10433       148.71993       9.5214948        9.5214948                           -0        19.31758                                  19.31758
             21       19.090268      -24.361271      -813.94661       72.831684     0.027541935     0.092941987      -24.361271      -789.58534  -0.00013297502   2.0989032e-09       0.2283516      0.77171311      0.66234994     0.051922279      0.17521499      0.57786834       14.276937       148.96867       9.5214948        9.5214948                           -0       19.137546                                 19.137546
             14       18.830936       -60.41909      -853.31333       71.039766     0.027182896     0.091854773       -60.41909      -792.89424  -0.00032979519   2.0989032e-09      0.23715107      0.76310697      0.65626863     0.053863266      0.18201144      0.58349019       14.497243       149.67993       9.5214948        9.5214948                           -0       18.618883                                 18.618883
              2        18.17012      -35.840794      -940.76262       69.211541      0.02703769     0.088648135      -35.840794      -904.92183  -0.00019563554   2.0989032e-09      0.24284801      0.75727203      0.63763888     0.056443321         0.18506       0.5736955        14.85876       150.80348       9.5214948        9.5214948                           -0       17.297251                                 17.297251
              3       18.681761      -39.938383      -910.79773       68.838948     0.026373976     0.089112739      -39.938383      -870.85935  -0.00021800207   2.0989032e-09      0.24506379      0.75507779      0.64330172      0.05565538      0.18804913      0.58142495       14.853877       151.40525       9.5214948        9.5214948                           -0       18.320532                                 18.320532
              7       18.812619      -36.935833      -906.26954        68.89369     0.026343761     0.089304196      -36.935833      -869.33371  -0.00020161277   2.0989032e-09      0.24501422       0.7551111      0.64455933      0.05550331      0.18815379      0.58250266       14.837871       151.38074       9.5214948        9.5214948                           -0       18.582248                                 18.582248
              8       18.740593       -8.581638      -958.75772       67.731552     0.026478358     0.087454717       -8.581638      -950.17608  -4.6842528e-05   2.0989032e-09      0.24975615      0.75021176      0.63234897     0.057717697      0.19063436       0.5769714       15.050666       151.79748       9.5214948        9.5214948                           -0       18.438197                                 18.438197
             11       18.715881      -14.938802      -973.64848       67.569683     0.027079766      0.08800555      -14.938802      -958.70968  -8.1542855e-05   2.0989032e-09      0.25347792      0.74652431      0.63168871     0.059311807      0.19275529      0.58064749       15.026544       150.95246       9.5214948        9.5214948                           -0       18.388772                                 18.388772
              3       18.370233      -30.794289      -951.57271       68.375963     0.026868771     0.089819033      -30.794289      -920.77843  -0.00016808939   2.0989032e-09      0.25096279      0.74912784      0.64354954     0.057469959      0.19211508      0.58860782       14.876986       150.63628       9.5214948        9.5214948                           -0       17.697476                                 17.697476
             29       18.053967      -61.408477      -992.71104       67.359344     0.027045221     0.087487488      -61.408477      -931.30256  -0.00033519572   2.0989032e-09      0.25384551      0.74640988      0.62885503     0.059606668      0.19281919      0.57846176       15.097419       151.14952       9.5214948        9.5214948                           -0       17.064945                                 17.064945
             46       18.222481      -59.532753      -994.89617       67.387891     0.027232759     0.087263401      -59.532753      -935.36342  -0.00032495715   2.0989032e-09         0.25355      0.74669522      0.62668296     0.059969152       0.1921624      0.57612811       15.100762       151.00893       9.5214948        9.5214948                           -0       17.401973                                 17.401973
             19       18.720683      -53.462368      -986.74898       67.190145     0.027192224     0.087757149      -53.462368      -933.28661   -0.0002918222   2.0989032e-09      0.25604853      0.74416308      0.62922638     0.060232872      0.19438885      0.58130952       15.077637       150.90306       9.5214948        9.5214948                           -0       18.398376                                 18.398376
              5       18.646425      -51.996048      -990.98577       67.227818     0.027313776     0.087653088      -51.996048      -938.98972  -0.00028381835   2.0989032e-09      0.25580035      0.74440335      0.62806458      0.06043433       0.1939408      0.57995492       15.080117       150.79971       9.5214948        9.5214948                           -0       18.249861                                 18.249861
              9        19.54835      -70.684185       -934.7335       68.251747     0.027253807     0.089602589      -70.684185      -864.04931   -0.0003858268   2.0989032e-09      0.25223903      0.74806906      0.64011981     0.058505895      0.19235036      0.58695767       14.862685       150.27519       9.5214948        9.5214948                           -0       20.053711                                 20.053711
              1        19.16391      -73.732739      -933.49186       68.667216     0.027775455     0.090254282      -73.732739      -859.75912  -0.00040246721   2.0989032e-09      0.25168437       0.7486413      0.64123965     0.058906377       0.1914119      0.58733768       14.783058       149.50886       9.5214948        9.5214948                           -0       19.284831                                 19.284831
             17       18.321337      -62.218758      -992.44375       67.578102     0.028323492     0.089503778      -62.218758      -930.22499   -0.0003396186   2.0989032e-09      0.25941887      0.74084145      0.63273028     0.062020437      0.19598796      0.58838118       14.928543       149.13869       9.5214948        9.5214948                           -0       17.599685                                 17.599685
              3       18.292626      -61.969336      -993.04537       67.580756     0.028323156     0.089472808      -61.969336      -931.07604  -0.00033825714   2.0989032e-09      0.25932995      0.74092902      0.63257515      0.06201483      0.19590476       0.5881361       14.930525       149.14824       9.5214948        9.5214948                           -0       17.542262                                 17.542262
              6       17.915866       -49.95043      -946.81632       69.479631     0.028508968     0.090631585       -49.95043      -896.86589  -0.00027265242   2.0989032e-09      0.24813401      0.75206363      0.64032772     0.059056333      0.18774335        0.582351       14.696388       148.60688       9.5214948        9.5214948                           -0       16.788743                                 16.788743
             12       18.317315      -54.044545      -849.68197       68.842997      0.02269029     0.086144057      -54.044545      -795.63743  -0.00029499999   2.0989032e-09      0.23099854      0.76922005      0.64874674     0.047876293      0.18176313      0.56927116       15.086688       156.72097       9.5214948        9.5214948                           -0       17.591641                                 17.591641
              5       18.291751      -47.393503      -874.50174       68.637494     0.022727407     0.085389366      -47.393503      -827.10824  -0.00025869554   2.0989032e-09      0.23086069      0.76932114      0.64409644     0.048242193      0.18125122      0.56502188       15.165181       156.92507       9.5214948        9.5214948                           -0       17.540512                                 17.540512
              5       18.170635      -44.383333      -859.13808       68.724428     0.022517097     0.085819027      -44.383333      -814.75475  -0.00024226465   2.0989032e-09      0.23074142      0.76942417      0.64783276     0.047674938      0.18170267      0.56815269       15.128628       157.04586       9.5214948        9.5214948                           -0       17.298281                                 17.298281
              2       17.988466      -61.886053      -874.34657       68.409634     0.022649719     0.084499763      -61.886053      -812.46052  -0.00033780255   2.0989032e-09      0.23033425      0.76992618      0.63936313     0.048398097      0.18055976      0.56022981       15.229379       157.31986       9.5214948        9.5214948                           -0       16.933942                                 16.933942
             18        17.95449      -64.847223      -878.94096       68.447734     0.022650624     0.084282459      -64.847223      -814.09374  -0.00035396597   2.0989032e-09      0.22961601      0.77066066      0.63820522     0.048346164      0.17989498      0.55834266       15.244775       157.39168       9.5214948        9.5214948                           -0        16.86599                                  16.86599
             30       17.948099      -67.845822       -876.3993       68.615649     0.022889524     0.084546056      -67.845822      -808.55348   -0.0003703337   2.0989032e-09      0.22956086      0.77073256      0.63847168     0.048617252      0.17957546      0.55850868       15.205516       157.00335       9.5214948        9.5214948                           -0       16.853208                                 16.853208
             25       19.132656      -16.976121      -742.98411       71.300715     0.020140438     0.086107894      -16.976121      -726.00799  -9.2663478e-05   2.0989032e-09      0.21026129      0.78976014       0.6674391     0.039616959       0.1693773      0.55876691       14.904133       160.02836       9.5214948        9.5214948                           -0       19.222322                                 19.222322
              6       19.188608      -49.889444      -757.63907       70.966057     0.021178543     0.086984125      -49.889444      -707.74963  -0.00027231954   2.0989032e-09      0.21605021       0.7841502      0.66541584      0.04205278      0.17271841      0.56468968       14.862584       158.36306       9.5214948        9.5214948                           -0       19.334226                                 19.334226
              8       19.495477      -51.369411      -737.51851       71.687934     0.021203564     0.087442839      -51.369411      -686.14909  -0.00028039787   2.0989032e-09      0.21266227      0.78754767      0.66873339     0.041258815      0.17015007      0.56303787       14.767759       158.17634       9.5214948        9.5214948                           -0       19.947965                                 19.947965
             39       18.775182      -27.506002      -758.79512       71.776461     0.021392424     0.086625856      -27.506002      -731.28912  -0.00015014041   2.0989032e-09      0.21091879      0.78916106      0.66311662     0.041523687      0.16814481      0.55601553       14.808894       158.20737       9.5214948        9.5214948                           -0       18.507375                                 18.507375
             22       19.380488     -0.40709608      -734.54978       71.375466     0.020176055     0.086560885     -0.40709608      -734.14269  -2.2221177e-06   2.0989032e-09      0.21078021      0.78915093      0.66983538     0.039603936      0.16991189      0.56146459       14.866532        159.8247       9.5214948        9.5214948                           -0       19.717987                                 19.717987
             16       18.624882      -12.166157       -778.6869        71.04863     0.021222761     0.085865013      -12.166157      -766.52075   -6.640848e-05   2.0989032e-09      0.21341893      0.78657574      0.65899631     0.042042687       0.1701002      0.55582596       14.924011       158.68447       9.5214948        9.5214948                           -0       18.206774                                 18.206774
              4       19.232127      -34.850196      -749.83526       72.571344     0.021883939      0.08770177      -34.850196      -714.98506   -0.0001902284   2.0989032e-09      0.20929983      0.79082165      0.66706493     0.041552309      0.16652446      0.55717537       14.674507       157.21944       9.5214948        9.5214948                           -0       19.421264                                 19.421264
              1       19.383281      -34.465531      -752.33006       72.617679     0.021883536     0.087548339      -34.465531      -717.86453  -0.00018812872   2.0989032e-09      0.20874109      0.79137837      0.66627156     0.041498536      0.16602106      0.55576939       14.680758       157.27085       9.5214948        9.5214948                           -0       19.723573                                 19.723573
              1       19.106885      -64.103311      -752.20682       72.565951      0.02287564     0.087941139      -64.103311      -688.10351  -0.00034990536   2.0989032e-09      0.21166878      0.78861235      0.66234706     0.043441765      0.16700378      0.55635679       14.627564       155.90067       9.5214948        9.5214948                           -0       19.170781                                 19.170781
             11       19.866813      -151.24728      -663.40292       74.864857     0.019419941     0.085509023      -151.24728      -512.15564  -0.00082557722   2.0989032e-09      0.18836373      0.81239724      0.67287304     0.034649096      0.15256536      0.53317667       14.629637       161.21169       9.5214948        9.5214948                           -0       20.690636                                 20.690636
             12       20.289655      -148.52121      -623.64151       76.015989     0.018517256     0.085629412      -148.52121       -475.1203  -0.00081069708   2.0989032e-09      0.18134821      0.81939982      0.68065326     0.032045476      0.14818801      0.52920256       14.534673       162.42042       9.5214948        9.5214948                           -0       21.536321                                 21.536321
              3       20.634514      -33.467687      -592.80266       74.545876      0.01550532     0.083836045      -33.467687      -559.33498  -0.00018268203   2.0989032e-09      0.17992428      0.82019324       0.6888032     0.027901881      0.15086328      0.53343243       14.810234       167.53119       9.5214948        9.5214948                           -0       22.226039                                 22.226039
             14       20.527966      -46.607198       -629.2027       75.491322     0.017368701     0.084074925      -46.607198       -582.5955  -0.00025440353   2.0989032e-09      0.17913466       0.8210562      0.67854269     0.030477075      0.14752731        0.524332       14.687474       164.62985       9.5214948        9.5214948                           -0       22.012943                                 22.012943
              1        22.12645      -88.126324      -579.44672        77.87853     0.016512925     0.083775609      -88.126324       -491.3204  -0.00048103401   2.0989032e-09      0.16641645      0.83400487      0.68487495     0.027226292      0.13812812      0.51009232       14.512194       166.01159       9.5214948        9.5214948                           -0        25.20991                                  25.20991
              6       22.434816      -72.056798      -541.53522       78.672792     0.016045384     0.085844236      -72.056798      -469.47842  -0.00039331915   2.0989032e-09      0.16566003      0.83467478      0.70117349     0.025923939      0.13869538      0.52104319       14.338353       165.94596       9.5214948        9.5214948                           -0       25.826642                                 25.826642
              7        21.16156      -90.232519        -522.154       79.060202     0.016017045     0.085662699      -90.232519      -431.92148   -0.0004925306   2.0989032e-09       0.1637047      0.83672989       0.7006329     0.025625159      0.13704901      0.51755973       14.299897       166.05649       9.5214948        9.5214948                           -0        23.28013                                  23.28013
              8       21.175185      -93.919694      -528.10465       78.930353     0.016509219     0.085737352      -93.919694      -434.18496  -0.00051265689   2.0989032e-09       0.1651536      0.83530093      0.69755312     0.026499545      0.13762013      0.51755998       14.292602       165.28803       9.5214948        9.5214948                           -0       23.307381                                 23.307381
              2        24.63854       -92.00799      -500.48975       79.197784     0.016589638     0.086783886       -92.00799      -408.48176  -0.00050222193   2.0989032e-09      0.16583684      0.83460764      0.70340644     0.026449097      0.13836079      0.52298137       14.200135       164.78429       9.5214948        9.5214948                           -0       30.234089                                 30.234089
              4       18.931838      -50.636938      -665.06704       74.385865      0.01802108     0.082746923      -50.636938      -614.43011   -0.0002763997   2.0989032e-09      0.18327748      0.81693347      0.66525485     0.032568667       0.1495447      0.51997442       14.844844       164.16988       9.5214948        9.5214948                           -0       18.820686                                 18.820686
             12       19.996458      -84.157936      -648.61356       74.749922     0.018845841     0.083628904      -84.157936      -564.45563  -0.00045937273   2.0989032e-09      0.18455113      0.81584344      0.66545934     0.033728267      0.14967005       0.5219384       14.722063       162.67544       9.5214948        9.5214948                           -0       20.949926                                 20.949926
             21       19.632133      -107.85119      -630.23845       75.141515     0.018449144     0.085165224      -107.85119      -522.38726   -0.0005887014   2.0989032e-09      0.18465097       0.8158736      0.67744288     0.032675055      0.15083509      0.53148113       14.623938       162.68204       9.5214948        9.5214948                           -0       20.221277                                 20.221277
              4       19.994369      -148.72201      -623.61926        76.49336     0.017896763     0.083094571      -148.72201      -474.89726  -0.00081179312   2.0989032e-09       0.1736992       0.8270507      0.67027257     0.030586305      0.14201204      0.51002296       14.644489       164.22178       9.5214948        9.5214948                           -0       20.945749                                 20.945749
             41       20.568237      -202.84521      -573.47159        77.25966     0.017996652     0.085210226      -202.84521      -370.62637   -0.0011072225   2.0989032e-09      0.17398234      0.82706422      0.68289379     0.030149919      0.14275329      0.52005001       14.434291       163.30809       9.5214948        9.5214948                           -0       22.093484                                 22.093484
             11       22.096558      -173.81018      -570.72145        76.31261     0.018623282     0.089051359      -173.81018      -396.91127  -0.00094873591   2.0989032e-09      0.18599922      0.81488733      0.69995018     0.031978905      0.15291424      0.55114017       14.317031       161.07081       9.5214948        9.5214948                           -0       25.150127                                 25.150127
              7       21.739131      -160.87512      -582.87366        76.93294     0.017319714     0.086084396      -160.87512      -421.99854  -0.00087813039   2.0989032e-09      0.17579645      0.82502049      0.69223877     0.029262813      0.14544533      0.52990784        14.45555       163.96741       9.5214948        9.5214948                           -0       24.435272                                 24.435272
              3       21.887938      -142.62469      -548.21441       77.364522     0.017693892     0.088339396      -142.62469      -405.58973  -0.00077851116   2.0989032e-09      0.17823329      0.82248472      0.70321904       0.0295624      0.14759469      0.54203135       14.280009       162.62173       9.5214948        9.5214948                           -0       24.732886                                 24.732886
              8       21.835755      -163.26124      -599.26922       77.829144     0.020022002     0.089533537      -163.26124      -436.00798  -0.00089115496   2.0989032e-09      0.18192643      0.81890494      0.69521552     0.033053921      0.14780912      0.54138564       14.157597       159.01715       9.5214948        9.5214948                           -0        24.62852                                  24.62852
              5       21.497051      -174.99748      -582.48386       77.726616     0.019810982     0.090247381      -174.99748      -407.48638  -0.00095521675   2.0989032e-09        0.183239      0.81765628      0.70052352     0.032791893      0.14938091      0.54748352       14.130241       159.05618       9.5214948        9.5214948                           -0       23.951112                                 23.951112
             13        21.59437      -86.529877       -562.7346       78.584094      0.01923152     0.088254064      -86.529877      -476.20473  -0.00047231987   2.0989032e-09      0.17509582      0.82531786      0.69369544     0.031141844      0.14291092      0.52996367       14.141388       160.51348       9.5214948        9.5214948                           -0        24.14575                                  24.14575
              5       22.027768      -85.336408      -559.99997       77.844044     0.018681787      0.08840427      -85.336408      -474.66356  -0.00046580537   2.0989032e-09      0.17778154      0.82262451      0.69743444     0.030829582      0.14588897      0.53689096       14.208297       161.21468       9.5214948        9.5214948                           -0       25.012546                                 25.012546
              6        21.22192      -112.43956      -712.52737         72.0931      0.02281862     0.092781758      -112.43956      -600.08781  -0.00061374686   2.0989032e-09      0.22365833      0.77688575      0.68834818     0.043903787       0.1785152        0.594347       14.440134       154.42039       9.5214948        9.5214948                           -0        23.40085                                  23.40085
              1       21.277497      -118.14939       -747.8961       73.019255     0.026566278     0.097584303      -118.14939      -629.74671  -0.00064491372   2.0989032e-09      0.23405688      0.76652012      0.69234357     0.049825987      0.18302279      0.61153559       14.084236       148.67824       9.5214948        9.5214948                           -0       23.512004                                 23.512004
              3       21.046112      -106.66247      -751.16981       73.100948     0.026715239     0.097406956      -106.66247      -644.50734   -0.0005822128   2.0989032e-09      0.23348091      0.76703353      0.69067962     0.049993443      0.18228207      0.60931477       14.080666       148.56768       9.5214948        9.5214948                           -0       23.049233                                 23.049233
             79       18.580925      -209.44012      -885.37286       70.666829     0.028583589     0.093472774      -209.44012      -675.93274   -0.0011432205   2.0989032e-09      0.24570564      0.75536507      0.65639872     0.057238145      0.18717762      0.59403859       14.446949       147.70218       9.5214948        9.5214948                           -0       18.118861                                 18.118861
             13       20.503933       -185.3723      -823.44833        71.39273     0.029420053     0.098917547       -185.3723      -638.07603   -0.0010118473   2.0989032e-09      0.25305809      0.74788271      0.68036334     0.057721215      0.19407311      0.62487104       14.113431       145.30893       9.5214948        9.5214948                           -0       21.964877                                 21.964877
             14       20.500705      -232.68919      -810.58445       68.663043     0.023192348      0.09170548      -232.68919      -577.89526   -0.0012701246   2.0989032e-09      0.24507198      0.75612134      0.67533056      0.04919247      0.19451325      0.61038325       14.817074        154.3079       9.5214948        9.5214948                           -0       21.958421                                 21.958421
             10       23.613048      -219.16467       -859.4659       68.180932     0.022522375     0.088723573      -219.16467      -640.30123   -0.0011963016   2.0989032e-09      0.24069426      0.76042414      0.66284554     0.048449391      0.19085923      0.59372397       15.051041       156.08296       9.5214948        9.5214948                           -0       28.183106                                 28.183106
              1       24.289046      -222.92896      -747.94111       66.690448     0.023560625      0.09922738      -222.92896      -525.01215   -0.0012168488   2.0989032e-09      0.27752428      0.72361115      0.70757716     0.052973606       0.2231024       0.6805557       14.648434       151.56906       9.5214948        9.5214948                           -0       29.535103                                 29.535103
              7       25.627365      -177.46302       -888.1927       65.805581     0.024309458     0.096115354      -177.46302      -710.72968   -0.0009686748   2.0989032e-09      0.27958078      0.72130427      0.68606994      0.05613708      0.22195621      0.66231016       14.878328       151.63412       9.5214948        9.5214948                           -0        32.21174                                  32.21174
              1       26.288041      -181.20586      -887.36165       66.232233      0.02456909     0.096179055      -181.20586      -706.15578  -0.00098910496   2.0989032e-09      0.27672747      0.72417909      0.68566606     0.056008027      0.21925106      0.65853394       14.830116       151.31691       9.5214948        9.5214948                           -0       33.533092                                 33.533092
             10       24.100509      -156.90715      -828.54497       67.009318     0.024638025     0.098103344      -156.90715      -671.63782   -0.0008564714   2.0989032e-09      0.27478546      0.72599037      0.69621454     0.054870067      0.21848087      0.66631461       14.656985       150.66676       9.5214948        9.5214948                           -0       29.158028                                 29.158028
              3       22.539458      -138.52428      -840.38782       66.961035     0.024340247     0.096218315      -138.52428      -701.86354  -0.00075612923   2.0989032e-09      0.27031365      0.73036172      0.68854998     0.054285104      0.21459195      0.65359516       14.747406       151.56775       9.5214948        9.5214948                           -0       26.035926                                 26.035926
              7       22.215888      -151.46535      -744.04741       69.460223     0.022894326     0.094856716      -151.46535      -592.58206  -0.00082676757   2.0989032e-09      0.24539271        0.755359      0.69474733     0.047452109      0.19660553      0.62834345       14.591872       153.68122       9.5214948        9.5214948                           -0       25.388786                                 25.388786
              9       22.714512      -243.58227      -697.04991       68.411067     0.019116449     0.090853432      -243.58227      -453.46764   -0.0013295841   2.0989032e-09      0.23635099      0.76490122      0.69593879     0.040846466      0.19412819       0.6177164       14.961971       159.78055       9.5214948        9.5214948                           -0       26.386035                                 26.386035
              4       23.186983       -212.5267      -592.36587        73.91031     0.019003062     0.092387305       -212.5267      -379.83918   -0.0011600685   2.0989032e-09      0.20508871      0.79600507      0.71312784     0.034786725      0.16912283      0.58962737       14.380256       159.41594       9.5214948        9.5214948                           -0       27.330976                                 27.330976
              2       27.433864      -164.60595        -529.192       69.096197     0.018686941       0.1014616      -164.60595      -364.58605  -0.00089849497   2.0989032e-09      0.25300687      0.74781577      0.75452192      0.03914082      0.21251688      0.69291091       14.440925       156.87973       9.5214948        9.5214948                           -0       35.824737                                 35.824737
              1       26.270142      -153.39171      -565.84948       68.276013     0.017294032     0.096827666      -153.39171      -412.45778  -0.00083728249   2.0989032e-09      0.24619334      0.75456626       0.7389992     0.037098807      0.20771275      0.66945516       14.743149       160.26371       9.5214948        9.5214948                           -0       33.497294                                 33.497294
              5       26.416473      -145.40145      -548.72274       68.484134      0.01691307     0.096726091      -145.40145      -403.32129  -0.00079366798   2.0989032e-09      0.24367043      0.75704603       0.7414699     0.036061394      0.20623563      0.66824283       14.734759       160.83024       9.5214948        9.5214948                           -0       33.789957                                 33.789957
              2       26.307382      -121.77304       -614.2451       68.178525     0.019483396      0.09911669      -121.77304      -492.47205  -0.00066469327   2.0989032e-09      0.25653235      0.74405444      0.73572216     0.041914998      0.21323161       0.6803373       14.606963       156.58725       9.5214948        9.5214948                           -0       33.571773                                 33.571773
              1       25.481341      -182.10796      -708.33495       71.267687     0.021197507     0.093433709      -182.10796      -526.22699  -0.00099402904   2.0989032e-09      0.22696095      0.77396179      0.70079116     0.041734908      0.18395783      0.60954189       14.543829       156.21583       9.5214948        9.5214948                           -0       31.919693                                 31.919693
              2       26.350516      -287.33911      -652.52539        68.80794     0.022128218      0.10099968      -287.33911      -365.18628    -0.001568429   2.0989032e-09      0.26142397      0.74006798      0.72935901     0.046737914      0.21332555       0.6808531       14.416434       152.72417       9.5214948        9.5214948                           -0       33.658043                                 33.658043
              4       25.765006      -287.52538      -664.78056       70.662529     0.022854892     0.099760665      -287.52538      -377.25518   -0.0015694458   2.0989032e-09      0.24685545      0.75464147      0.72207586     0.045772098      0.19979333      0.65500341       14.284034       152.23433       9.5214948        9.5214948                           -0       32.487022                                 32.487022
              2       24.170605      -284.51116      -864.75496       69.253048     0.027469358     0.097606137      -284.51116       -580.2438   -0.0015529928   2.0989032e-09      0.26213518      0.73934231      0.68138611     0.057275742      0.20351637      0.63693528       14.421853       147.70121       9.5214948        9.5214948                           -0        29.29822                                  29.29822
              3       23.753655      -288.78231       -761.2865       70.451188     0.028028284      0.10310933      -288.78231      -472.50419   -0.0015763067   2.0989032e-09      0.26550862      0.73599473        0.707222     0.056470269      0.20774057      0.66532592       14.062896       145.58769       9.5214948        9.5214948                           -0        28.46432                                  28.46432
              3       23.580933      -303.26264       -723.0975       70.777947     0.027143567      0.10250813      -303.26264      -419.83486    -0.001655347   2.0989032e-09      0.26009655      0.74148651      0.71000023     0.054183991      0.20462673      0.66109695       14.068084       146.67317       9.5214948        9.5214948                           -0       28.118876                                 28.118876
              4       21.909954      -295.53339      -725.38059       72.984143     0.026822955      0.09890847      -295.53339       -429.8472   -0.0016131572   2.0989032e-09      0.23724992      0.76429526      0.69763399     0.050355811      0.18568484       0.6203975       14.029478       148.02233       9.5214948        9.5214948                           -0       24.776919                                 24.776919
              4       22.559343      -321.09487       -696.9681       73.133626     0.026761001     0.099476975      -321.09487      -375.87322   -0.0017526835   2.0989032e-09      0.23722813      0.76445685      0.70109314     0.050034335      0.18598947      0.62344505         13.9858       147.92758       9.5214948        9.5214948                           -0       26.075697                                 26.075697
              2       22.065163      -321.43655      -733.53396       72.263985     0.027290619     0.099720255      -321.43655      -412.09741   -0.0017545486   2.0989032e-09      0.24445226      0.75723295      0.69789288     0.052260021      0.19095875      0.62997769       14.046764       147.29406       9.5214948        9.5214948                           -0       25.087336                                 25.087336
             12       22.404345      -322.26236      -724.84558        72.20305     0.027292758      0.10024708      -322.26236      -402.58322   -0.0017590562   2.0989032e-09      0.24587968      0.75580992      0.70041138     0.052352369      0.19229174      0.63409435       14.028826       147.14416       9.5214948        9.5214948                           -0       25.765701                                 25.765701
              6        19.12785      -265.35206      -658.71852       72.620238     0.017118259     0.080696683      -265.35206      -393.36646   -0.0014484136   2.0989032e-09      0.18669833      0.81468142      0.65735241     0.032459681      0.15301723      0.51857055       15.132152       166.26344       9.5214948        9.5214948                           -0        19.21271                                  19.21271
             15       19.850834      -140.09506      -683.60522       73.884343     0.019037495      0.08431482      -140.09506      -543.51016  -0.00076470326   2.0989032e-09       0.1905082      0.81019016      0.66736064     0.034874257      0.15445397      0.53181037       14.794002       162.16198       9.5214948        9.5214948                           -0       20.658679                                 20.658679
             54       19.915189      -141.54113      -686.43025       74.025461     0.019049347     0.083769855      -141.54113      -544.88912  -0.00077259657   2.0989032e-09      0.18880968      0.81189684       0.6642671     0.034763048      0.15287115      0.52698013       14.813596       162.34025       9.5214948        9.5214948                           -0       20.787389                                 20.787389
              5       19.931108      -125.52803      -622.16794       74.239245      0.01619225      0.07996329      -125.52803      -496.63991  -0.00068518974   2.0989032e-09      0.17563328      0.82498621      0.66064279      0.02937921      0.14508535       0.5054864       15.029197       167.95561       9.5214948        9.5214948                           -0       20.819226                                 20.819226
              6       20.135224      -120.55823      -622.90697       74.161752     0.016255791     0.080182421      -120.55823      -502.34874  -0.00065806228   2.0989032e-09      0.17651447      0.82407775      0.66146481     0.029556169      0.14578714      0.50738342       15.021192       167.77228       9.5214948        9.5214948                           -0       21.227458                                 21.227458
             14       19.067165      -106.89874      -646.13077       75.969312     0.017674808     0.080317459      -106.89874      -539.23203  -0.00058350249   2.0989032e-09      0.17090739      0.82961337       0.6545067     0.030625156      0.13916614       0.4940079       14.858218       165.57963       9.5214948        9.5214948                           -0        19.09134                                  19.09134
             14       18.758462      -97.614339        -605.678       76.542155     0.017038012     0.081230772      -97.614339      -508.06366  -0.00053282397   2.0989032e-09      0.16883079      0.83164023      0.66475941     0.029081549      0.13864979      0.49868889       14.736629       166.18117       9.5214948        9.5214948                           -0       18.473934                                 18.473934
              6       18.609957      -93.518181      -646.16586       74.807459     0.017263716     0.081293268      -93.518181      -552.64768  -0.00051046525   2.0989032e-09      0.17726654      0.82317921      0.66203602     0.030849241      0.14526627      0.50890226       14.901441       165.82061       9.5214948        9.5214948                           -0       18.176924                                 18.176924
              6       18.870949       -227.3182      -724.26986       70.143381     0.016532861     0.079234634       -227.3182      -496.95166   -0.0012408073   2.0989032e-09      0.19595486      0.80521235       0.6497889     0.033602735      0.16104293      0.52515763       15.507809       167.71316       9.5214948        9.5214948                           -0       18.698909                                 18.698909
              6       21.525546      -119.51685      -597.40592       74.360162     0.017036328     0.085717973      -119.51685      -477.88908  -0.00065237792   2.0989032e-09      0.18699643      0.81359046      0.68919649     0.030810258      0.15502125      0.54412551       14.688006       164.51468       9.5214948        9.5214948                           -0       24.008102                                 24.008102
              1       21.402162      -113.80606      -600.86954       74.213947     0.016892103     0.085225054      -113.80606      -487.06347  -0.00062120584   2.0989032e-09      0.18657717      0.81397829      0.68714088     0.030669921      0.15473773      0.54189408       14.729592       164.90785       9.5214948        9.5214948                           -0       23.761334                                 23.761334
              3       21.701453      -98.982552      -574.30682       75.011976     0.015831711      0.08399363      -98.982552      -475.32427   -0.0005402923   2.0989032e-09      0.17855537      0.82192056      0.68800384     0.028136277      0.14927433      0.53078262       14.740022       166.96629       9.5214948        9.5214948                           -0       24.359916                                 24.359916
              3       20.280943      -123.80906      -598.05175       75.226775     0.015884447     0.083049152      -123.80906      -474.24269  -0.00067580681   2.0989032e-09      0.17596138      0.82465044      0.68229597     0.028069017      0.14675412      0.52254158        14.79218       167.24385       9.5214948        9.5214948                           -0       21.518897                                 21.518897
             16       20.170744      -122.86949      -589.97256       75.369662      0.01580014     0.083179716      -122.86949      -467.10307   -0.0006706782   2.0989032e-09      0.17537626      0.82523067       0.6837949     0.027814278      0.14642806      0.52281812       14.769751       167.32421       9.5214948        9.5214948                           -0       21.298498                                 21.298498
              9       21.323016      -187.02082      -669.51261        74.50812     0.022752253     0.093253396      -187.02082       -482.4918   -0.0010208456   2.0989032e-09      0.21012452       0.7908311      0.69462621     0.040984269      0.16797995      0.58133826       14.215358       154.35251       9.5214948        9.5214948                           -0       23.603042                                 23.603042
              4       21.495843      -186.82534       -664.5922       74.378039     0.022691483     0.093635196      -186.82534      -477.76686   -0.0010197786   2.0989032e-09      0.21144045      0.78951388      0.69688264       0.0410179      0.16925818      0.58505009       14.209317       154.30632       9.5214948        9.5214948                           -0       23.948696                                 23.948696
              8       21.501694      -186.23108      -663.61027        74.38184     0.022695906     0.093681843      -186.23108      -477.37919   -0.0010165349   2.0989032e-09      0.21151114      0.78943994       0.6971094     0.041021703       0.1693252      0.58533829       14.206365       154.28634       9.5214948        9.5214948                           -0       23.960398                                 23.960398
              2       26.925145      -155.47028      -501.60907       75.408936     0.019493336      0.09673346      -155.47028      -346.13879  -0.00084862832   2.0989032e-09      0.20552321      0.79526173      0.73531746     0.034279978      0.17011049      0.60861786       14.030008       157.33674       9.5214948        9.5214948                           -0       34.807301                                 34.807301
              1       27.731046      -155.18614      -452.11106       69.345289     0.018153596      0.10327606      -155.18614      -296.92492  -0.00084707733   2.0989032e-09      0.25385663      0.74691514      0.76753539     0.037751024       0.2147661      0.70604444       14.349054       157.00807       9.5214948        9.5214948                           -0       36.419103                                 36.419103
              1       28.583643      -189.63649      -354.92148       69.930766      0.01956145      0.11016656      -189.63649      -165.28499   -0.0010351232   2.0989032e-09       0.2665927      0.73436837      0.79230591     0.040000414      0.22527512      0.74688957       14.007141       153.11706       9.5214948        9.5214948                           -0       38.124296                                 38.124296
             11       28.864475      -280.32201      -362.37197       69.027901      0.01739839      0.10674462      -280.32201      -82.049959   -0.0015301265   2.0989032e-09      0.26189096      0.73956317       0.7889482     0.036514026      0.22402508      0.73713683       14.266728       156.92329       9.5214948        9.5214948                           -0        38.68596                                  38.68596
              2        27.27598      -336.73149      -483.74659       69.764986     0.017752323      0.10044932      -336.73149       -147.0151   -0.0018380354   2.0989032e-09      0.24417924       0.7575844      0.75719262     0.036473728      0.20638207      0.68312489       14.439691       158.44532       9.5214948        9.5214948                           -0        35.50897                                  35.50897
              1        28.63744      -228.58121      -794.81289       66.290494     0.017273525     0.086003088      -228.58121      -566.23168   -0.0012477014   2.0989032e-09       0.2364829      0.76468239      0.67838357     0.039307774      0.19570933      0.60230236       15.508019       164.06399       9.5214948        9.5214948                           -0        38.23189                                  38.23189
              5       32.538186      -230.32418      -981.12644        63.08735     0.024468152     0.096564867      -230.32418      -750.80226   -0.0012572153   2.0989032e-09      0.30572044      0.69544579       0.6818017     0.061477558      0.24262446      0.68827135       15.140614       151.31713       9.5214948        9.5214948                           -0       46.033383                                 46.033383
              3       29.661131      -213.56457       -954.3722       63.034913     0.023842457     0.096491656      -213.56457      -740.80762   -0.0011657337   2.0989032e-09      0.30447033      0.69660427      0.68502366     0.060005172      0.24284404      0.69010859       15.157948       152.06143       9.5214948        9.5214948                           -0       40.279272                                 40.279272
              1       29.651798      -213.61468        -954.342       63.033838     0.023840559     0.096489067      -213.61468      -740.72732   -0.0011660072   2.0989032e-09      0.30446942      0.69660545      0.68502019     0.060002442       0.2428458      0.69010406       15.158208       152.06442       9.5214948        9.5214948                           -0       40.260606                                 40.260606
              3       23.206346      -184.70121      -965.45248        62.41904     0.027624799      0.10155936      -184.70121      -780.75127   -0.0010081842   2.0989032e-09      0.33322316      0.66769208      0.68553615     0.070903055      0.26066684      0.72249912       14.883865       146.43051       9.5214948        9.5214948                           -0       27.369702                                 27.369702
             10       23.129329      -186.61044      -964.10435       62.532977     0.027529331      0.10131689      -186.61044      -777.49391   -0.0010186056   2.0989032e-09      0.33114579      0.66978022      0.68523304     0.070400776      0.25909776      0.71992505       14.885335        146.5974       9.5214948        9.5214948                           -0       27.215668                                 27.215668
              1       22.799354      -190.43705      -990.33005        62.24185     0.028117495      0.10114683      -190.43705        -799.893    -0.001039493   2.0989032e-09      0.33533003      0.66561599      0.68048604     0.072579111      0.26108823      0.71944039       14.906745       146.03183       9.5214948        9.5214948                           -0       26.555719                                 26.555719
             13       23.024168      -196.39725      -987.03145       61.987692     0.027941469      0.10124764      -196.39725       -790.6342   -0.0010720265   2.0989032e-09      0.33788972      0.66308806      0.68132348     0.072717393      0.26349597       0.7230698       14.931155       146.18659       9.5214948        9.5214948                           -0       27.005345                                 27.005345
             24       20.831793      -250.19099      -902.36855        61.33213     0.017837887     0.085742581      -250.19099      -652.17755   -0.0013656575   2.0989032e-09      0.27707297      0.72419642      0.66447543     0.047420629      0.22793996       0.6385801       16.021403       163.34328       9.5214948        9.5214948                           -0       22.620596                                 22.620596
             13       20.621794      -240.16832      -948.43879       64.694927     0.021358364     0.084625701      -240.16832      -708.27047   -0.0013109492   2.0989032e-09      0.25476023       0.7464642      0.64243501     0.051030231        0.202191      0.59201729       15.658045       158.93064       9.5214948        9.5214948                           -0       22.200598                                 22.200598
             14       18.766037      -229.24539      -860.85572       67.844729     0.022298588     0.086469603      -229.24539      -631.61034   -0.0012513268   2.0989032e-09      0.23770265         0.76347      0.65155355     0.048444574      0.18785867       0.5799713       15.191702       157.10443       9.5214948        9.5214948                           -0       18.489083                                 18.489083
              7       18.541869      -200.12818      -842.08599       69.103667     0.022757171     0.086579478      -200.12818      -641.95781   -0.0010923917   2.0989032e-09      0.23031097      0.77070559      0.65116085     0.047655836      0.18130625      0.57053852       15.051625       156.49373       9.5214948        9.5214948                           -0       18.040748                                 18.040748
              3       20.285895      -66.107337      -790.47782       70.011009     0.020597994     0.086144427      -66.107337      -724.37048  -0.00036084426   2.0989032e-09      0.21908732      0.78119964      0.66312673     0.042023504      0.17574967      0.56668867       15.033582       159.40768       9.5214948        9.5214948                           -0       21.528801                                 21.528801
             17       19.905977      -139.35287      -736.01714       73.850404      0.02180576     0.085953745      -139.35287      -596.66428  -0.00076065205   2.0989032e-09      0.19876418      0.80193008      0.65929458     0.039982089      0.15760103      0.53664605       14.665083       157.90269       9.5214948        9.5214948                           -0       20.768964                                 20.768964
              2       21.167744      -164.58441      -679.89637       73.984009     0.021841571      0.08843398      -164.58441      -515.31197   -0.0008983774   2.0989032e-09      0.20264361      0.79818861      0.67316695     0.039903238      0.16156357      0.55325916       14.484249        157.0309       9.5214948        9.5214948                           -0       23.292497                                 23.292497
              5       20.020236      -179.48085      -720.72215       73.419748      0.02354528     0.090020035      -179.48085       -541.2413  -0.00097968906   2.0989032e-09      0.21187331       0.7890392      0.67084254     0.043679542      0.16699882      0.56376499       14.432455       154.41633       9.5214948        9.5214948                           -0       20.997482                                 20.997482
              2       19.585515      -219.58115      -701.62388       73.559378     0.022003808      0.08766313      -219.58115      -482.04273   -0.0011985749   2.0989032e-09      0.20386516      0.79726649      0.66740654     0.040665092      0.16200965      0.55017561       14.567294       157.08051       9.5214948        9.5214948                           -0        20.12804                                  20.12804
             16       18.910524      -144.50091      -987.97616       61.783989     0.018664467     0.080954529      -144.50091      -843.47525  -0.00078875243   2.0989032e-09      0.26265724      0.73803665      0.63417756     0.048894916       0.2120749      0.59339643       16.257375       163.90596       9.5214948        9.5214948                           -0       18.778058                                 18.778058
              4       19.435919       -163.5345      -978.34682       60.671861      0.01882351     0.082770886       -163.5345      -814.81232   -0.0008926465   2.0989032e-09      0.27774099      0.72305329      0.64110772     0.051135909      0.22485522      0.61686533       16.234077       163.01654       9.5214948        9.5214948                           -0       19.828848                                 19.828848
              7       18.383884      -163.56179      -984.37048       61.161831     0.018815612     0.081388936      -163.56179      -820.80869  -0.00089279551   2.0989032e-09      0.26959341      0.73120258       0.6345682     0.050298772       0.2175727       0.6015508       16.272125       163.53125       9.5214948        9.5214948                           -0       17.724778                                 17.724778
              8       18.463423      -155.72386      -943.33409       62.278021     0.018666147     0.082078421      -155.72386      -787.61023  -0.00085001247   2.0989032e-09      0.26140865        0.739348      0.64119324     0.048126587       0.2116213      0.59853326       16.106835       163.49114       9.5214948        9.5214948                           -0       17.883856                                 17.883856
              1       19.493945      -163.62956      -879.93614       64.001082     0.019264636     0.085095981      -163.62956      -716.30659  -0.00089316539   2.0989032e-09       0.2563506      0.74445416      0.65674784     0.047031213      0.20774684      0.60709296       15.718678       161.57028       9.5214948        9.5214948                           -0         19.9449                                   19.9449
             25       19.355696      -151.50649      -888.22469       64.279227     0.019952315     0.085577998      -151.50649      -736.71819  -0.00082699214   2.0989032e-09      0.25696781      0.74377154      0.65549536     0.048289423      0.20711943      0.60666419       15.644515       160.46454       9.5214948        9.5214948                           -0       19.668403                                 19.668403
             16       19.482013      -151.73682      -896.15425       63.325114     0.018972857     0.084056225      -151.73682      -744.41744  -0.00082824934   2.0989032e-09      0.25853218      0.74220577      0.65181229      0.04731303      0.20961286      0.60508895       15.855346       162.34432       9.5214948        9.5214948                           -0       19.921036                                 19.921036
              3       19.287203      -135.87929      -847.25471       64.949268     0.018420047     0.083961027      -135.87929      -711.37543  -0.00074169165   2.0989032e-09      0.24422774      0.75642811      0.65748179     0.043665878      0.19903489      0.59322657       15.703679       163.15631       9.5214948        9.5214948                           -0       19.531415                                 19.531415
              2       19.390417      -152.17416      -874.94674       64.370405     0.019345136     0.085146685      -152.17416      -722.77257  -0.00083063658   2.0989032e-09      0.25373408      0.74700917      0.65713022     0.046687359      0.20549216      0.60433843       15.675518       161.44169       9.5214948        9.5214948                           -0       19.737844                                 19.737844
              1       19.189597      -167.16992      -886.66373       64.751666     0.019088317     0.083480623      -167.16992      -719.49381  -0.00091249032   2.0989032e-09       0.2461687      0.75465743      0.65028373     0.045526655      0.19910574      0.58905883        15.75188       162.38953       9.5214948        9.5214948                           -0       19.336204                                 19.336204
              3       18.109904      -158.69832      -843.65367       70.648104     0.024857215     0.087146365      -158.69832      -684.95535  -0.00086624842   2.0989032e-09       0.2256947        0.775099      0.64392213     0.049802534      0.17460161      0.55851315       14.823578       153.76704       9.5214948        9.5214948                           -0       17.176818                                 17.176818
             10       18.211489      -133.59302      -919.54897       68.444867     0.024762324     0.084806536      -133.59302      -785.95595  -0.00072921216   2.0989032e-09       0.2352616      0.76539031      0.62881344     0.052857868      0.18102876      0.55684806       15.183295       154.62991       9.5214948        9.5214948                           -0       17.379989                                 17.379989
             10       18.085885      -134.95351      -854.40696       70.218013     0.023710359     0.084606295      -134.95351      -719.45345  -0.00073663834   2.0989032e-09      0.22099028      0.77967292       0.6360517      0.04808848      0.17159538      0.54590664        15.04042       155.96704       9.5214948        9.5214948                           -0       17.128779                                 17.128779
              1       20.201932      -81.299481      -966.56974       65.363486     0.021226041     0.079643839      -81.299481      -885.27026  -0.00044376996   2.0989032e-09      0.23760501        0.762754      0.61658495     0.049681945      0.18641539      0.54873176       15.925134       160.84505       9.5214948        9.5214948                           -0       21.360874                                 21.360874
              9       21.697279      -88.380557      -967.45103       65.423873     0.021041439     0.078939568      -88.380557      -879.07048  -0.00048242174   2.0989032e-09      0.23508992       0.7653079        0.613764     0.049158988      0.18442604      0.54332262       15.990288       161.34476       9.5214948        9.5214948                           -0       24.351568                                 24.351568
              7       21.064885      -112.06388      -948.43606       65.990601      0.02113409     0.079255378      -112.06388      -836.37218  -0.00061169621   2.0989032e-09      0.23200731      0.76852123      0.61577221     0.048531016      0.18199714      0.54151476       15.897908       161.10692       9.5214948        9.5214948                           -0       23.086781                                 23.086781
              5       20.590844      -125.57388      -894.31308       66.859039     0.019791224      0.07880813      -125.57388      -768.73921  -0.00068543999   2.0989032e-09      0.22201472      0.77858971      0.62246615     0.044274371      0.17629937      0.53548338       15.849043       163.10613       9.5214948        9.5214948                           -0       22.138698                                 22.138698
              6       19.402052      -116.77213       -892.1809       66.844227     0.019887291     0.078706053      -116.77213      -775.40877    -0.000637396   2.0989032e-09      0.22209967      0.77845668      0.62127375     0.044508998      0.17614906      0.53455985       15.842833       163.00975       9.5214948        9.5214948                           -0       19.761115                                 19.761115
              2       19.144871      -117.28321      -886.53388       66.907042     0.019770864     0.078735535      -117.28321      -769.25067  -0.00064018572   2.0989032e-09      0.22148861      0.77907068      0.62224066     0.044165381      0.17588432      0.53465478       15.832276       163.16126       9.5214948        9.5214948                           -0       19.246752                                 19.246752
              9       18.485549      -153.43843      -863.28898       68.333047     0.021118975     0.080484027      -153.43843      -709.85055  -0.00083753752   2.0989032e-09       0.2189725      0.78178748      0.62588644     0.045228403      0.17236462      0.53472404       15.528377       160.68926       9.5214948        9.5214948                           -0       17.928107                                 17.928107
              1       18.240456       -183.2306       -856.4924       67.903351      0.02043453     0.080237406       -183.2306      -673.26181   -0.0010001569   2.0989032e-09      0.21973332       0.7811883      0.62812108     0.044318213      0.17401812      0.53756466       15.596804       161.69982       9.5214948        9.5214948                           -0       17.437922                                 17.437922
             27       18.296826       -203.5006      -917.71128       66.666294     0.022031072     0.081593516       -203.5006      -714.21068   -0.0011107999   2.0989032e-09      0.23460725      0.76642207       0.6246058     0.049570466      0.18358746      0.55235221       15.611567       159.10081       9.5214948        9.5214948                           -0       17.550661                                 17.550661
              5       18.874342      -159.51275      -926.55731       66.167686      0.02111968     0.080307445      -159.51275      -767.04456  -0.00087069398   2.0989032e-09      0.23313721      0.76765078      0.62210777     0.048238683      0.18342728      0.54841686       15.778316       160.75099       9.5214948        9.5214948                           -0       18.705694                                 18.705694
             15       18.659744      -156.53559      -924.17332       66.103767     0.020997499     0.080298198      -156.53559      -767.63773  -0.00085444326   2.0989032e-09      0.23328752      0.76748405      0.62270613     0.048052408      0.18376102      0.54912127       15.783932       160.91772       9.5214948        9.5214948                           -0       18.276499                                 18.276499
              9        18.35444      -175.66318      -929.51116       64.852415     0.021335385     0.083158905      -175.66318      -753.84798  -0.00095885042   2.0989032e-09      0.24998224      0.75089051      0.63483263     0.050728051      0.19772266      0.57949967       15.694081       159.46553       9.5214948        9.5214948                           -0        17.66589                                  17.66589
             15       18.523713      -239.04909      -969.43962       64.204137     0.023488438     0.087095887      -239.04909      -730.39053   -0.0013048399   2.0989032e-09       0.2698298       0.7313872      0.64212443     0.056980743      0.21128644      0.60898068       15.489958        155.4239       9.5214948        9.5214948                           -0       18.004436                                 18.004436
             28       18.421038      -229.54578      -983.48676       63.767721       0.0232877     0.086484014      -229.54578      -753.94098   -0.0012529664   2.0989032e-09      0.27153738      0.72962653      0.63934268     0.057269686      0.21268362      0.60825807       15.574953         155.869       9.5214948        9.5214948                           -0       17.799087                                 17.799087
             15       18.155837      -233.52922      -997.96621       63.689897     0.023517714     0.086163851      -233.52922      -764.43698   -0.0012747099   2.0989032e-09      0.27197915      0.72920629      0.63618853     0.057976771      0.21241443      0.60574942       15.600061       155.69172       9.5214948        9.5214948                           -0       17.268684                                 17.268684
              2       18.093744      -232.31735      -990.01728       64.273539     0.023964653     0.086635394      -232.31735      -757.69993   -0.0012680949   2.0989032e-09      0.26928545      0.73189499      0.63705372     0.058010514      0.20971569      0.60356197       15.503759       154.99538       9.5214948        9.5214948                           -0       17.144499                                 17.144499
             34       18.010431      -230.36483      -993.21532       64.300649     0.023994481     0.086517063      -230.36483      -762.85049   -0.0012574372   2.0989032e-09      0.26884437      0.73232549      0.63630276     0.058033751      0.20925269      0.60235657       15.509296       154.99763       9.5214948        9.5214948                           -0       16.977872                                 16.977872
              6       19.454047      -272.46115      -990.59782       65.397882     0.024127495     0.085397469      -272.46115      -718.13667   -0.0014872183   2.0989032e-09      0.25759204      0.74381051       0.6313535     0.056413737      0.19967221      0.58503006       15.488111       155.20031       9.5214948        9.5214948                           -0       19.865103                                 19.865103
             10       18.863073       -270.5252      -947.18368       65.037269     0.024345599     0.089080015       -270.5252      -676.65847    -0.001476651   2.0989032e-09      0.26967823      0.73171281      0.64889828     0.057556697       0.2105987      0.61523204       15.277534       153.75888       9.5214948        9.5214948                           -0       18.683156                                 18.683156
              3       21.160624      -239.30895      -918.09941       67.097862     0.023469519      0.08728307      -239.30895      -678.79046   -0.0013062583   2.0989032e-09      0.24743154      0.75379429      0.64784994     0.052129891      0.19387091      0.58835753       15.217385       155.38625       9.5214948        9.5214948                           -0       23.278258                                 23.278258
              1       20.101622      -254.12758      -893.24648       65.337241      0.02110075     0.082868063      -254.12758       -639.1189   -0.0013871452   2.0989032e-09      0.24505516      0.75624716      0.63543012     0.049428372      0.19411791      0.57430037       15.650858       159.87538       9.5214948        9.5214948                           -0       21.160255                                 21.160255
              3         18.1827      -227.60632      -876.98126       66.615584     0.020529865      0.08098479      -227.60632      -649.37495     -0.00124238   2.0989032e-09      0.23020993      0.77095084      0.63016821     0.046263065      0.18249534      0.55202391       15.667511       161.30274       9.5214948        9.5214948                           -0       17.322411                                 17.322411
              7       19.215074      -221.81384      -847.91724       68.776613     0.022585332     0.083325943      -221.81384      -626.10339    -0.001210762   2.0989032e-09      0.22526511       0.7758691      0.63379806      0.04774687       0.1761565      0.54920849       15.250401       157.79689       9.5214948        9.5214948                           -0       19.387159                                 19.387159
              5       19.179716      -154.88904      -827.39733       73.846283     0.029923941     0.093337257      -154.88904      -672.50829  -0.00084545562   2.0989032e-09      0.22721276      0.77356629       0.6526052     0.054873354      0.17115821      0.56794498       14.130354       146.34733       9.5214948        9.5214948                           -0       19.316441                                 19.316441
             23        18.07852      -143.08891      -863.87883       73.641317     0.029839238     0.091008464      -143.08891      -720.78992  -0.00078104512   2.0989032e-09      0.22402888      0.77668539      0.64054881     0.055023046      0.16781806      0.55353311       14.286611       147.09804       9.5214948        9.5214948                           -0       17.114051                                 17.114051
              1       18.292773        -190.208      -869.66156       73.228702     0.029611939     0.089979802        -190.208      -679.45356   -0.0010382428   2.0989032e-09      0.22421847      0.77675224      0.63584329     0.055220987      0.16779629      0.54969927       14.378532       147.63169       9.5214948        9.5214948                           -0       17.542556                                 17.542556
              8       18.273914       -190.9661      -870.52395       73.147301     0.029596027     0.090029531       -190.9661      -679.55786   -0.0010423808   2.0989032e-09        0.224781       0.7761937      0.63609809     0.055314221       0.1682629      0.55060895       14.382494       147.63389       9.5214948        9.5214948                           -0       17.504838                                 17.504838
              6       18.260867      -101.67848      -894.01865       69.935886     0.027299603     0.091484177      -101.67848      -792.34017  -0.00055500792   2.0989032e-09      0.24417753      0.75630344      0.65213906     0.055815675      0.18704488       0.5883455       14.627367       149.66222       9.5214948        9.5214948                           -0       17.478745                                 17.478745
              2       18.505271      -171.40426      -970.58345       67.967012     0.029750281     0.094800197      -171.40426      -799.17919  -0.00093560329   2.0989032e-09      0.27101248      0.72984474      0.65256027     0.064401313      0.20521679      0.62023268       14.607539        146.1135       9.5214948        9.5214948                           -0       17.967553                                 17.967553
             11       18.254738      -170.13549       -982.6264       67.742964     0.029640782     0.093872308      -170.13549      -812.49091  -0.00092867777   2.0989032e-09      0.27054755      0.73030222      0.64815161     0.064589401      0.20455453      0.61551378       14.674835       146.48698       9.5214948        9.5214948                           -0       17.466486                                 17.466486
              3       18.641947      -220.87981      -941.29316       68.270856     0.029004952      0.09373799      -220.87981      -720.41335   -0.0012056636   2.0989032e-09      0.26472746      0.73640052      0.65179803     0.062230238      0.20111522      0.61228259       14.636366       147.18413       9.5214948        9.5214948                           -0       18.240904                                 18.240904
              5       20.168673      -328.34522      -944.52309       67.317092     0.029715445     0.095760824      -328.34522      -616.17787   -0.0017922593   2.0989032e-09      0.27831375       0.7233986      0.65648202     0.065573979      0.21131833      0.63230926       14.610361       145.88061       9.5214948        9.5214948                           -0       21.294357                                 21.294357
              3       19.962882      -328.10682      -938.61808       67.528898     0.029579446     0.095592176      -328.10682      -610.51126    -0.001790958   2.0989032e-09      0.27590255        0.725809      0.65674975     0.064865043      0.20962497      0.62982101       14.601867       146.06664       9.5214948        9.5214948                           -0       20.882774                                 20.882774
              5       19.736013      -337.81434      -948.25408         67.2592     0.029302288      0.09464804      -337.81434      -610.43974   -0.0018439461   2.0989032e-09      0.27541992      0.72634398      0.65312531     0.064773615      0.20922242      0.62579712       14.676568       146.61695       9.5214948        9.5214948                           -0       20.429036                                 20.429036
              1        19.70597        -338.907      -948.44103       67.285417     0.029328069     0.094633504        -338.907      -609.53402   -0.0018499103   2.0989032e-09      0.27523017      0.72653975       0.6529581     0.064780093      0.20902731      0.62542136       14.674413       146.59442       9.5214948        9.5214948                           -0       20.368951                                 20.368951
             32       19.710936      -341.61458      -953.45017       67.205203     0.029339416     0.094292178      -341.61458      -611.83559   -0.0018646895   2.0989032e-09      0.27515698      0.72662754      0.65106583     0.064959949      0.20877086      0.62352596        14.69724       146.67915       9.5214948        9.5214948                           -0       20.378882                                 20.378882
              1       18.778726      -337.43423       -931.4647       67.742308     0.027763556     0.091477738      -337.43423      -594.03047   -0.0018418712   2.0989032e-09      0.26124406       0.7405189       0.6463487     0.060499964      0.19934045      0.60315574       14.817169       149.15933       9.5214948        9.5214948                           -0       18.514462                                 18.514462
              1       18.884469      -334.25561      -937.47408       67.498955       0.0277258     0.091330688      -334.25561      -603.21846   -0.0018245209   2.0989032e-09      0.26272555      0.73901949      0.64542067      0.06085412      0.20045765      0.60399508       14.847427       149.24364       9.5214948        9.5214948                           -0       18.725948                                 18.725948
              5       19.206362      -347.35448      -940.28834       66.958408     0.027327726     0.091140429      -347.35448      -592.93387   -0.0018960205   2.0989032e-09      0.26567234      0.73614291       0.6457978     0.060952743      0.20328289       0.6077278       14.914543       149.73362       9.5214948        9.5214948                           -0       19.369735                                 19.369735
              2       18.823775      -327.86178       -924.4543       67.603498     0.027131424     0.090940636      -327.86178      -596.59253   -0.0017896204   2.0989032e-09      0.25975961      0.74195077       0.6468786     0.059365516      0.19898468      0.60193275       14.868757       150.00859       9.5214948        9.5214948                           -0        18.60456                                  18.60456
              7       18.567637      -283.41873      -963.78532       67.211086     0.028531499     0.092502373      -283.41873      -680.36659   -0.0015470298   2.0989032e-09      0.26935824      0.73210862         0.64647     0.063160095      0.20477223      0.61256599       14.805298       148.03733       9.5214948        9.5214948                           -0       18.092284                                 18.092284
              5       18.628243      -313.18973       -960.7507       66.314594     0.026757744     0.090097728      -313.18973      -647.56097   -0.0017095336   2.0989032e-09      0.26718876      0.73443843       0.6425685     0.060845891      0.20487813      0.60641215       15.046189       150.67555       9.5214948        9.5214948                           -0       18.213496                                 18.213496
              1       19.602358      -232.15203      -828.38347        65.69319      0.01544443      0.07302748      -232.15203      -596.23143   -0.0012671926   2.0989032e-09      0.20649769      0.79468559      0.61437359     0.035787486      0.16921763      0.50971747       16.466832       171.94193       9.5214948        9.5214948                           -0       20.161727                                 20.161727
              5       19.613315      -232.18981      -803.86757       66.762514     0.015523921     0.073264919      -232.18981      -571.67776   -0.0012673988   2.0989032e-09      0.20064684      0.80053932       0.6165129     0.034828603      0.16437309      0.50419403       16.327927       171.71262       9.5214948        9.5214948                           -0       20.183641                                 20.183641
             12       21.278395      -117.21437      -759.41388       71.263384     0.018605412     0.075599006      -117.21437       -642.1995  -0.00063980996   2.0989032e-09      0.18676601       0.8138025      0.61553496     0.036635862      0.14886178      0.48566971       15.606047       166.00986       9.5214948        9.5214948                           -0         23.5138                                   23.5138
              1         20.9861      -260.27938      -688.70004        75.55306     0.020957618     0.079347841      -260.27938      -428.42065   -0.0014207246   2.0989032e-09      0.17684812      0.82450916      0.62763049     0.036714515      0.13900518      0.48188525       14.880151       161.31106       9.5214948        9.5214948                           -0       22.929211                                 22.929211
              9       20.767182      -268.33131      -698.25637       75.021025     0.021088922     0.079756623      -268.33131      -429.92506   -0.0014646757   2.0989032e-09      0.18032498      0.82107535      0.62883333     0.037470406      0.14171009      0.48753172       14.899273       160.98831       9.5214948        9.5214948                           -0       22.491373                                 22.491373
              8       20.860723      -276.95121      -669.76636       74.646621     0.019741353     0.080411285      -276.95121      -392.81515   -0.0015117271   2.0989032e-09       0.1808949      0.82055184      0.64075331     0.035428812      0.14431009      0.49755763       14.897902       162.58959       9.5214948        9.5214948                           -0       22.678456                                 22.678456
              2       20.044928      -299.29756      -708.36933       70.613592     0.015173458     0.074439097      -299.29756      -409.07177   -0.0016337038   2.0989032e-09      0.18101009      0.82055099      0.63012029      0.03043042      0.14928786      0.48945665       15.838681       171.79965       9.5214948        9.5214948                           -0       21.046867                                 21.046867
             17       19.957305      -125.19395      -619.37638       75.503201     0.015614565     0.074869872      -125.19395      -494.18244  -0.00068336616   2.0989032e-09      0.15985412      0.84076572      0.63392311      0.02739045      0.13133375      0.46274089       15.252502       170.90234       9.5214948        9.5214948                           -0        20.87162                                  20.87162
              4       18.613077      -166.64192       -686.0974       73.435555     0.017191998     0.076608224      -166.64192      -519.45548  -0.00090960826   2.0989032e-09      0.17513109      0.82571137       0.6327541     0.031879653        0.142057       0.4834549        15.33792       167.72957       9.5214948        9.5214948                           -0       18.183164                                 18.183164
              3       18.713267      -149.19128      -682.49898       73.156889     0.016518246     0.075695831      -149.19128       -533.3077  -0.00081435464   2.0989032e-09      0.17350415      0.82724254      0.63124535      0.03086409       0.1414365      0.48005666       15.437918       169.13081       9.5214948        9.5214948                           -0       18.383545                                 18.383545
             15       19.805003      -150.65814      -660.42804       73.473723     0.016740716     0.077304412      -150.65814       -509.7699  -0.00082236143   2.0989032e-09      0.17540285      0.82535244      0.64004415     0.031010582      0.14319906      0.48940413       15.259633       168.14761       9.5214948        9.5214948                           -0       20.567016                                 20.567016
              2       19.861197      -153.80347      -661.47244       73.412842     0.016903317     0.077786883      -153.80347      -507.66897   -0.0008395301   2.0989032e-09      0.17689081      0.82388153      0.64188469     0.031363742      0.14433189      0.49288889       15.230136       167.70905       9.5214948        9.5214948                           -0       20.679404                                 20.679404
              2       21.936432      -192.36095      -707.51128       73.552058     0.020671834     0.081159182      -192.36095      -515.15033   -0.0010499945   2.0989032e-09      0.18942135      0.81156171      0.63830492     0.038211084       0.1500196      0.50720325        14.93249       161.04899       9.5214948        9.5214948                           -0       24.829875                                 24.829875
              6       21.302282      -220.01917      -684.12078       75.578027      0.02121363     0.080867516      -220.01917      -464.10161   -0.0012009658   2.0989032e-09      0.17983998      0.82129759      0.63515693      0.03713846      0.14157383       0.4917717       14.763399       160.42748       9.5214948        9.5214948                           -0       23.561575                                 23.561575
              1       21.967422      -198.09832      -814.22044       68.182376     0.017690181     0.073854957      -198.09832      -616.12212   -0.0010813118   2.0989032e-09      0.19830613      0.80269729      0.60765049     0.038052922      0.15886762      0.49403906       16.102852       168.05849       9.5214948        9.5214948                           -0       24.891854                                 24.891854
             10         19.7934      -251.88773      -805.09905       65.042349     0.015073422     0.074616309      -251.88773      -553.21132   -0.0013749191   2.0989032e-09      0.21352964      0.78775969      0.62577192     0.035630294      0.17637675      0.52793995       16.367942       171.89095       9.5214948        9.5214948                           -0        20.54381                                  20.54381
              2       18.504612       -210.2055      -798.01778       66.264892     0.015012308      0.07372039       -210.2055      -587.81228   -0.0011473983   2.0989032e-09      0.20354385      0.79752108      0.62215082     0.034188533      0.16788838       0.5124648       16.333478       172.36566       9.5214948        9.5214948                           -0       17.966233                                 17.966233
              4       21.063932      -123.73036      -782.56823       67.475619      0.01540042     0.072323031      -123.73036      -658.83787  -0.00067537723   2.0989032e-09      0.19408825      0.80650759      0.61221506     0.033825079      0.15884841       0.4924283       16.289822       172.30964       9.5214948        9.5214948                           -0       23.084875                                 23.084875
              6       21.285399      -117.59518      -774.84425       67.828562     0.015461353     0.072397966      -117.59518      -657.24907  -0.00064188858   2.0989032e-09      0.19236897      0.80819421      0.61263991     0.033606422      0.15736247      0.49058262       16.240006       172.17778       9.5214948        9.5214948                           -0       23.527808                                 23.527808
              7       20.959455      -108.54798      -769.96459       68.432944      0.01541808     0.072111335      -108.54798      -661.41661  -0.00059250483   2.0989032e-09       0.1882816      0.81223358      0.61170009     0.032923034      0.15398311      0.48459827       16.228084       172.36963       9.5214948        9.5214948                           -0       22.875921                                 22.875921
              1       19.989869      -118.34884      -764.95337       68.384418     0.015420786     0.072890395      -118.34884      -646.60453   -0.0006460024   2.0989032e-09      0.19022062      0.81034794      0.61652919     0.032975562      0.15586765      0.49093254       16.153272        172.0381       9.5214948        9.5214948                           -0       20.936748                                 20.936748
              3        20.00061      -117.41731      -765.20802       68.414095     0.015464445     0.072929626      -117.41731      -647.79071  -0.00064091767   2.0989032e-09      0.19023273      0.81033082       0.6165144     0.033040238      0.15581627      0.49093637       16.146415       171.94997       9.5214948        9.5214948                           -0        20.95823                                  20.95823
             18       20.019959      -116.15015      -769.13769       68.223449     0.015581494     0.073190251      -116.15015      -652.98754  -0.00063400092   2.0989032e-09      0.19210882      0.80844738      0.61717616     0.033476631      0.15724827      0.49388083       16.137745       171.64965       9.5214948        9.5214948                           -0       20.996928                                 20.996928
              1       19.940565      -135.18856      -772.78647       67.990425     0.015829714     0.073879404      -135.18856      -637.59792  -0.00073792132   2.0989032e-09      0.19545567      0.80520391      0.61958393     0.034243452       0.1598188      0.50010783       16.095997       170.96149       9.5214948        9.5214948                           -0        20.83814                                  20.83814
              3       18.899384      -66.396171      -791.02038       69.144028     0.018852091     0.079484017      -66.396171      -724.62421  -0.00036242085   2.0989032e-09       0.2070328      0.79325387       0.6350196     0.039432124      0.16625337      0.52752869       15.519044       164.18237       9.5214948        9.5214948                           -0       18.755778                                 18.755778
              4       18.218065      -110.19117      -795.53579       68.983934     0.018528302      0.07878727      -110.19117      -685.34462  -0.00060147412   2.0989032e-09      0.20585033      0.79467505      0.63280736     0.038934956       0.1655618      0.52418752       15.601912        164.9086       9.5214948        9.5214948                           -0        17.39314                                  17.39314
              7       19.461888      -121.21162      -931.94659       61.899407     0.017226705      0.07843349      -121.21162      -810.73497   -0.0006616288   2.0989032e-09       0.2513465      0.74922062      0.62944154     0.044960303      0.20470505       0.5761442       16.407387       166.96679       9.5214948        9.5214948                           -0       19.880787                                 19.880787
              2       17.934608      -163.42834      -963.67134       62.979942     0.019782697     0.081551353      -163.42834      -800.24299  -0.00089206707   2.0989032e-09      0.25710041      0.74370036      0.63251453     0.049874779      0.20560168      0.58554634       16.042368       162.12009       9.5214948        9.5214948                           -0       16.826226                                 16.826226
              1       20.843628      -203.76873       -764.7331       67.757284     0.019425963     0.088167137      -203.76873      -560.96438   -0.0011122634   2.0989032e-09      0.23575706      0.76527633      0.67845714     0.042312683      0.19204135      0.60144255       15.161395       160.27966       9.5214948        9.5214948                           -0       22.644266                                 22.644266
              3       19.742266      -129.07072      -843.81255       65.270521     0.018333954     0.084326207      -129.07072      -714.74183  -0.00070452736   2.0989032e-09      0.24248463      0.75813489        0.660551     0.043035016      0.19793765      0.59386515       15.659094       163.14658       9.5214948        9.5214948                           -0       20.441542                                 20.441542
              4       19.083262       -69.93489       -761.3798       68.233928     0.017157377     0.082300618       -69.93489      -691.44491   -0.0003817368   2.0989032e-09      0.21500204      0.78530192      0.66113841     0.036851074      0.17676747      0.55969709       15.487055       165.60014       9.5214948        9.5214948                           -0       19.123535                                 19.123535
              8       19.293337      -86.017935      -756.31995       68.033641     0.017221888     0.082442476      -86.017935      -670.30202  -0.00046952546   2.0989032e-09      0.21671566      0.78367563       0.6612652     0.037207742      0.17811627       0.5620309       15.489068       165.45137       9.5214948        9.5214948                           -0       19.543683                                 19.543683
             11       19.762617      -88.465391      -763.60214       67.016039     0.016824091     0.082801899      -88.465391      -675.13675   -0.0004828848   2.0989032e-09      0.22326161      0.77714064      0.66452178     0.037460547      0.18436683      0.57326526       15.582858       165.90928       9.5214948        9.5214948                           -0       20.482245                                 20.482245
              2        19.61972      -72.918511      -814.68236       66.318522     0.018612263     0.085020203      -72.918511      -741.76385  -0.00039802278   2.0989032e-09      0.23709216      0.76322353      0.66419379     0.042318426      0.19330917      0.59046312       15.493082       162.50437       9.5214948        9.5214948                           -0       20.196451                                 20.196451
              5       19.720412      -65.454541      -819.11583       65.998111     0.018552379     0.085091309      -65.454541      -753.66129    -0.000357281   2.0989032e-09       0.2394256      0.76084854      0.66446731      0.04259284      0.19535395        0.593606        15.52282       162.56306       9.5214948        9.5214948                           -0       20.397834                                 20.397834
              5       19.461796      -148.11885      -785.66047       71.354769      0.02418463     0.089480953      -148.11885      -637.54162  -0.00080850082   2.0989032e-09      0.22451075      0.77622663      0.66143147     0.047499981      0.17574565      0.57219334        14.63627       153.82315       9.5214948        9.5214948                           -0       19.880603                                 19.880603
              3       19.447887      -173.01976      -845.77958       71.904652     0.029478571     0.096940254      -173.01976      -672.75982  -0.00094442143   2.0989032e-09      0.24575649      0.75511789      0.67092027     0.057015436      0.18749521      0.60724338       14.159667       145.79442       9.5214948        9.5214948                           -0       19.852784                                 19.852784
             14       18.879438      -195.65457      -847.02015       71.586849     0.028673529     0.094768391      -195.65457      -651.36559   -0.0010679726   2.0989032e-09       0.2421344      0.75886292      0.66387236     0.055951876      0.18492559      0.59642001       14.294179       147.23702       9.5214948        9.5214948                           -0       18.715886                                 18.715886
              1       20.843184      -319.16822      -842.56456       70.024529      0.02840986     0.098043365      -319.16822      -523.39634    -0.001742167   2.0989032e-09      0.25920068      0.74246763      0.67953432     0.057938694      0.19994835      0.63163886        14.30174       146.58855       9.5214948        9.5214948                           -0       22.643378                                 22.643378
              4       20.849648      -335.20247      -981.58344       66.731366     0.028891123     0.095571923      -335.20247      -646.38097   -0.0018296892   2.0989032e-09      0.28094559      0.72080278      0.65902703     0.064879038      0.21462005      0.63775476       14.720698       146.78226       9.5214948        9.5214948                           -0       22.656307                                 22.656307
              2       22.794677      -251.18526      -814.65406       68.928259     0.023152941     0.092090954      -251.18526       -563.4688   -0.0013710847   2.0989032e-09      0.24391806       0.7573768      0.67802444     0.048731698      0.19383061      0.61137363       14.786775       154.23393       9.5214948        9.5214948                           -0       26.546364                                 26.546364
              2       19.610621      -212.85205       -806.8105       71.479829     0.026558457     0.094139544      -212.85205      -593.95845   -0.0011618444   2.0989032e-09      0.23748962      0.76360135      0.67244225     0.051979947      0.18424898       0.5982968       14.372663       149.68989       9.5214948        9.5214948                           -0       20.178252                                 20.178252
              1       21.112586      -264.37121      -762.65304       73.900751     0.029333827      0.10002758      -264.37121      -498.28183   -0.0014430597   2.0989032e-09       0.2380478      0.76332895      0.69026721     0.053711963      0.18315639      0.61487765       13.863349       145.09316       9.5214948        9.5214948                           -0       23.182182                                 23.182182
              4       21.311861      -271.02438      -756.65739       74.508607     0.029954394      0.10094293      -271.02438      -485.63301   -0.0014793757   2.0989032e-09      0.23694621      0.76446794      0.69227395     0.053956981      0.18182894      0.61523671       13.766638       144.22285       9.5214948        9.5214948                           -0       23.580732                                 23.580732
              7       21.229083      -266.09097      -751.05368       74.744161     0.029999155      0.10103105      -266.09097       -484.9627   -0.0014524469   2.0989032e-09      0.23569296      0.76569467      0.69280311      0.05369755      0.18084242      0.61407654       13.741831       144.15469       9.5214948        9.5214948                           -0       23.415177                                 23.415177
              2       20.105759      -164.09999      -797.22939       70.725723     0.024675533     0.090467844      -164.09999       -633.1294  -0.00089573321   2.0989032e-09      0.23147652      0.76934682       0.6629822     0.049330073      0.18085872      0.58236425       14.633489        152.9361       9.5214948        9.5214948                           -0       21.168529                                 21.168529
              2       20.694006      -165.45442       -792.6266       70.632499     0.024687787     0.090867209      -165.45442      -627.17218  -0.00090312631   2.0989032e-09      0.23291301      0.76791754      0.66490211     0.049484937      0.18213694      0.58586015       14.619868       152.79777       9.5214948        9.5214948                           -0       22.345023                                 22.345023
             11       19.877766      -21.198687      -986.37309       66.162797      0.02845573     0.094022813      -21.198687       -965.1744  -0.00011571219   2.0989032e-09      0.28126153      0.71877146      0.65261428     0.065004289      0.21478578      0.63190402       14.822681       147.67907       9.5214948        9.5214948                           -0       20.712542                                 20.712542
              9       19.406181      -33.352953      -986.15582       65.833958     0.027394692     0.092383028      -33.352953      -952.80287  -0.00018205576   2.0989032e-09      0.27784679      0.72225172      0.64971112      0.06320719       0.2131534      0.62526247       14.957517       149.29259       9.5214948        9.5214948                           -0       19.769372                                 19.769372
              1       19.230395      -18.275618      -983.85731       66.212641     0.027549219     0.092129391      -18.275618      -965.58169  -9.9756728e-05   2.0989032e-09      0.27445169      0.72556547      0.64821634      0.06283874       0.2101437      0.62000088       14.930031       149.19947       9.5214948        9.5214948                           -0         19.4178                                   19.4178
              1       18.179066      -91.545683      -892.46863       67.328777     0.022654585     0.084936886      -91.545683      -800.92295  -0.00049969845   2.0989032e-09      0.23876392      0.76165589      0.64026569     0.049975214      0.18736777      0.57119442       15.307297       157.16735       9.5214948        9.5214948                           -0       17.315142                                 17.315142
              1       18.396048      -92.579427      -931.64635        65.77475     0.022365983     0.083863214      -92.579427      -839.06693   -0.0005053411   2.0989032e-09      0.24703071      0.75339093      0.63386811     0.051697505      0.19384433      0.57519321       15.532482       157.89347       9.5214948        9.5214948                           -0       17.749106                                 17.749106
             20       18.102154      -63.841515      -915.25023       66.163144     0.021067372      0.08255031      -63.841515      -851.40872  -0.00034847636   2.0989032e-09      0.23817327      0.76209248      0.63495646     0.048125814      0.18857601      0.56575686       15.617896        160.0304       9.5214948        9.5214948                           -0       17.161319                                 17.161319
              4       18.286078      -79.009802      -824.93878       70.116667     0.022036726     0.084698213      -79.009802      -745.92898  -0.00043127184   2.0989032e-09      0.21841232      0.78194529      0.64636035     0.044823375      0.17227876      0.55150906       15.071948       158.03079       9.5214948        9.5214948                           -0       17.529166                                 17.529166
              4       18.105024      -69.563912      -818.27893       71.586839     0.023176277     0.084208634      -69.563912      -748.71501  -0.00037971183   2.0989032e-09      0.21080173      0.78950732      0.63855787     0.045224867      0.16431993       0.5352747       14.939783       156.75818       9.5214948        9.5214948                           -0       17.167058                                 17.167058
              1       18.345275      -147.97835      -758.13448       69.795663     0.018738158     0.082039097      -147.97835      -610.15614  -0.00080773389   2.0989032e-09      0.20819615      0.79253725      0.65141352      0.03846538       0.1684085      0.54266584       15.306854       163.40337       9.5214948        9.5214948                           -0       17.647561                                 17.647561
              1       18.677119      -134.02841      -702.27122       71.699475     0.017366778     0.079196744      -134.02841       -568.2428  -0.00073158874   2.0989032e-09      0.18908999      0.81157116      0.64570445     0.033782152      0.15405485      0.51263402       15.309258         166.463       9.5214948        9.5214948                           -0       18.311248                                 18.311248
              4       18.168059      -120.72945      -637.19766       74.345194     0.015549418     0.077471885      -120.72945       -516.4682  -0.00065899688   2.0989032e-09      0.16946249        0.831131       0.6497845     0.028132501      0.14016459       0.4883661       15.211329        169.9517       9.5214948        9.5214948                           -0       17.293129                                 17.293129
              3       18.353506      -151.41707      -750.59314       71.496865      0.01952755     0.081954074      -151.41707      -599.17607    -0.000826504   2.0989032e-09      0.19978428      0.80097139       0.6478936     0.038200916      0.16032327      0.52871754       15.144686       162.32782       9.5214948        9.5214948                           -0       17.664022                                 17.664022
              1       18.539604      -180.05028      -804.25566       69.406792     0.020104975     0.082636898      -180.05028      -624.20538  -0.00098279723   2.0989032e-09      0.21461389      0.78629374       0.6457454     0.041734921      0.17154184      0.54617222       15.302135        161.2911       9.5214948        9.5214948                           -0       18.036219                                 18.036219
              6       19.146226      -273.99271      -727.34578       71.526868     0.020856692     0.086061423      -273.99271      -453.35307   -0.0014955783   2.0989032e-09      0.21024296      0.79118184      0.66311996     0.040766837      0.16821709      0.55512681       14.866376       159.09559       9.5214948        9.5214948                           -0       19.249463                                 19.249463
              1       19.246637      -346.08167      -772.82205       73.932606     0.028518532     0.095321543      -346.08167      -426.74038   -0.0018890729   2.0989032e-09      0.22774153      0.77408129       0.6709159     0.052174121      0.17438898      0.58455931       14.066778        147.2421       9.5214948        9.5214948                           -0       19.450285                                 19.450285
              3       19.676334      -320.85654      -788.26822         73.0109     0.028664076     0.096595518      -320.85654      -467.41169   -0.0017513826   2.0989032e-09      0.23619092      0.76549253      0.67537958     0.053772787      0.18120975      0.59926497       14.089753       146.72997       9.5214948        9.5214948                           -0       20.309679                                 20.309679
              5        20.03492      -128.28019      -716.86653       74.862354     0.023550286      0.08690125      -128.28019      -588.58634  -0.00070021227   2.0989032e-09      0.19823036      0.80240523       0.6551728     0.042021276      0.15505974      0.53257444       14.452924       155.41176       9.5214948        9.5214948                           -0       21.026851                                 21.026851
              5       18.500034      -44.532009      -851.70531       70.601031     0.025259208     0.087978399      -44.532009       -807.1733  -0.00024307619   2.0989032e-09      0.22847149      0.77169893      0.64599814     0.050675454      0.17650376      0.56375013       14.768168       153.03365       9.5214948        9.5214948                           -0       17.957079                                 17.957079
              1       18.444952      -39.981088      -848.97645       70.522452     0.024949555      0.08776684      -39.981088      -808.99536  -0.00021823517   2.0989032e-09      0.22793293       0.7722125      0.64653453      0.05016583      0.17647194      0.56355282       14.792729       153.46195       9.5214948        9.5214948                           -0       17.846915                                 17.846915
              1       18.629632      -107.56147      -731.73325       74.676179     0.022443678     0.083307796      -107.56147      -624.17178  -0.00058711998   2.0989032e-09      0.19079172      0.80973046      0.64109802     0.040246661      0.14938998      0.51126207       14.700563       157.98302       9.5214948        9.5214948                           -0       18.216275                                 18.216275
              3       18.736225      -104.32883       -728.1524       74.914448     0.022576842     0.083490703      -104.32883      -623.82357  -0.00056947474   2.0989032e-09       0.1901432      0.81036176      0.64158781     0.040228331      0.14876712      0.51078233       14.664657       157.75189       9.5214948        9.5214948                           -0        18.42946                                  18.42946
              3        18.34309      -67.688274      -748.52469       74.276758     0.022744912     0.083773175      -67.688274      -680.83642  -0.00036947374   2.0989032e-09      0.19423873       0.8060651      0.64155103     0.041226683      0.15184451      0.51622437       14.709262       157.44417       9.5214948        9.5214948                           -0        17.64319                                  17.64319
              1       18.293918      -145.74124      -845.99861       68.892382      0.02198736     0.084820575      -145.74124      -700.25737  -0.00079552273   2.0989032e-09       0.2263979      0.77432133      0.64579297     0.046326627       0.1787141      0.56100777       15.185855       158.05253       9.5214948        9.5214948                           -0       17.544846                                 17.544846
              1        18.31215      -155.77291      -827.35884       69.292367     0.021872946     0.085289796      -155.77291      -671.58593  -0.00085028023   2.0989032e-09      0.22453067      0.77624419      0.64962588     0.045555044      0.17763407      0.56200545       15.118418        158.0404       9.5214948        9.5214948                           -0       17.581309                                 17.581309
              1       18.098769       -144.8696      -820.07427       68.254928     0.019849961     0.081973877       -144.8696      -675.20468   -0.0007907649   2.0989032e-09      0.21994806      0.78076498      0.64208408     0.042608047      0.17595737      0.54978304       15.445947       161.87591       9.5214948        9.5214948                           -0       17.154548                                 17.154548
              8       18.002695       -176.6614      -813.88032       68.750199     0.019962473     0.081532099       -176.6614      -637.21892  -0.00096429921   2.0989032e-09      0.21609387      0.78479382      0.63950748     0.042234409      0.17249667      0.54275798       15.424957       161.87988       9.5214948        9.5214948                           -0         16.9624                                   16.9624
              6       17.954214      -35.330971      -910.19937       65.360007     0.019913757     0.081749204      -35.330971       -874.8684  -0.00019285269   2.0989032e-09       0.2394868      0.76062128      0.63638691     0.046615359      0.19136361      0.56859286       15.767678       161.86883       9.5214948        9.5214948                           -0       16.865439                                 16.865439
              5       18.286449       -11.71333      -874.53734        66.70837     0.020402658     0.083808208       -11.71333      -862.82401  -6.3936741e-05   2.0989032e-09      0.23562886       0.7643537      0.64676379     0.045848601      0.18833277      0.57319093       15.489125       160.47644       9.5214948        9.5214948                           -0       17.529908                                 17.529908
              5       18.477528      -18.879585      -877.91393       66.099214     0.019814064     0.083517401      -18.879585      -859.03435  -0.00010305346   2.0989032e-09      0.23797912      0.76204105      0.64791995     0.045350384      0.19115444       0.5770722       15.583767       161.37524       9.5214948        9.5214948                           -0       17.912067                                 17.912067
              1       18.496179      -102.02712      -908.76475       65.867756     0.021990441     0.086256701      -102.02712      -806.73763  -0.00055691095   2.0989032e-09      0.25098477      0.74948868      0.64921034     0.050686023      0.19881407      0.59381134        15.40146       157.56548       9.5214948        9.5214948                           -0       17.949368                                 17.949368
              4       20.482213      -115.80132      -920.18128       63.433362     0.021196252     0.087311668      -115.80132      -804.37996  -0.00063209688   2.0989032e-09      0.27126668      0.72927542      0.65553563     0.052677312      0.21698855      0.62335278       15.599925       158.22983       9.5214948        9.5214948                           -0       21.921436                                 21.921436
              2       19.232441      -91.666547      -883.62489       65.904498     0.021788113      0.08778218      -91.666547      -791.95834  -0.00050035818   2.0989032e-09      0.25375134      0.74666564      0.65863736     0.050163694      0.20210463       0.6057451       15.313265       157.31427       9.5214948        9.5214948                           -0       19.421893                                 19.421893
              1       19.937246      -54.180439      -904.21355       64.604222     0.021667537     0.089020827      -54.180439      -850.03311  -0.00029574176   2.0989032e-09      0.26674738       0.7334616      0.66365648     0.051914389      0.21328967      0.62579601        15.38461       157.05772       9.5214948        9.5214948                           -0       20.831502                                 20.831502
              1       20.004896      -58.359124      -900.80362       64.682991     0.021664787     0.089161674      -58.359124      -842.44449  -0.00031855094   2.0989032e-09      0.26642817      0.73380383      0.66454879     0.051781453      0.21310715      0.62626236       15.369628       157.01482       9.5214948        9.5214948                           -0       20.966802                                 20.966802
              1       19.902597      -37.693424      -910.88891       64.397426     0.021418535     0.088677863      -37.693424      -873.19549  -0.00020574805   2.0989032e-09      0.26703587      0.73308256      0.66301233      0.05164791      0.21383471      0.62552659       15.432304       157.48797       9.5214948        9.5214948                           -0       20.762204                                 20.762204
              9       20.105002      -36.207736      -903.92469       64.793889     0.021695696     0.089313783      -36.207736      -867.71695  -0.00019763848   2.0989032e-09      0.26595288      0.73415851      0.66533933     0.051677976      0.21274061      0.62644784       15.352834       156.92566       9.5214948        9.5214948                           -0       21.167015                                 21.167015
              2       19.724054      -307.17281      -846.39883       72.540953     0.027178815     0.089215606      -307.17281      -539.22602   -0.0016766905   2.0989032e-09      0.22241417      0.77919371      0.64435376     0.051649249      0.16954083      0.55481087        14.53617       150.47481       9.5214948        9.5214948                           -0       20.405119                                 20.405119
              1       18.783451      -312.29575      -817.93854       73.257706     0.026904809     0.089355547      -312.29575      -505.64278   -0.0017046539   2.0989032e-09      0.21783345      0.78380373      0.64752506     0.050132952      0.16650025      0.55177019       14.459751       150.73654       9.5214948        9.5214948                           -0       18.523913                                 18.523913
              1       19.252974       -316.4757      -819.17209       74.085541     0.028736732     0.092414289       -316.4757      -502.69639     -0.00172747   2.0989032e-09      0.22190296      0.77975853      0.65465481     0.052356483      0.16837291      0.56303227       14.207118       147.84579       9.5214948        9.5214948                           -0       19.462959                                 19.462959
              3       19.089912      -296.60065      -823.67352       74.489529     0.029444421     0.092792504      -296.60065      -527.07287   -0.0016189828   2.0989032e-09      0.22145959      0.78009413      0.65323633     0.053065536      0.16723317      0.56125077       14.143817       146.99654       9.5214948        9.5214948                           -0       19.136835                                 19.136835
              3       19.160504      -239.87048      -892.45761       71.254167     0.028756412     0.092258919      -239.87048      -652.58713   -0.0013093234   2.0989032e-09      0.23962127      0.76161673      0.65000677     0.056638815      0.18171376      0.58092483       14.463002       147.86994       9.5214948        9.5214948                           -0       19.278019                                 19.278019
              3       18.511947      -230.13653      -982.15311       65.743775      0.02623681     0.088753317      -230.13653      -752.01658   -0.0012561911   2.0989032e-09      0.26753294      0.73363947      0.63758347     0.060701825      0.20534083      0.60209504       15.183677       151.67056       9.5214948        9.5214948                           -0       17.980905                                 17.980905
              7       19.125264       -161.2395      -984.82362        67.11204     0.027424998     0.087632411       -161.2395      -823.58412  -0.00088011937   2.0989032e-09      0.25688472        0.743915      0.62723124     0.060889966      0.19456462      0.58041175       15.087104       150.68269       9.5214948        9.5214948                           -0       19.207539                                 19.207539
              5       20.020688      -153.43273       -995.0623       67.005038     0.027957685     0.087828632      -153.43273      -841.62957  -0.00083750644   2.0989032e-09      0.25932935       0.7414275      0.62519961     0.062271064      0.19562358      0.58127803       15.071533       150.03698       9.5214948        9.5214948                           -0       20.998387                                 20.998387
              1       19.780574      -168.87869      -962.72333       65.524778     0.023558856     0.083065998      -168.87869      -793.84464  -0.00092181757   2.0989032e-09      0.24984064      0.75099684      0.62221915     0.054871028      0.19346935      0.56782471       15.580058        156.6648       9.5214948        9.5214948                           -0       20.518159                                 20.518159
              5        18.69149      -291.70586      -772.90614        74.09422     0.024606121     0.084199011      -291.70586      -481.20028   -0.0015922648   2.0989032e-09      0.19936283      0.80216347      0.63298567     0.044820272      0.15336926      0.51600671       14.689527        155.0142       9.5214948        9.5214948                           -0        18.33999                                  18.33999
              3       18.471561      -308.61876      -766.62403       73.951696     0.024287749     0.084358699      -308.61876      -458.00528   -0.0016845831   2.0989032e-09      0.19984186      0.80177651      0.63560617     0.044411045      0.15425299      0.51876505       14.694036        155.3456       9.5214948        9.5214948                           -0       17.900133                                 17.900133
              7       18.615036      -341.94797      -795.82135        73.22155     0.025246264     0.084936732      -341.94797      -453.87338   -0.0018665093   2.0989032e-09      0.20671322      0.79508574      0.63258706      0.04708898      0.15842281      0.52510217       14.715771       154.01424       9.5214948        9.5214948                           -0       18.187083                                 18.187083
              3       18.887522      -207.40413      -897.36044       70.969579     0.027242639     0.086255665      -207.40413      -689.95632   -0.0011321071   2.0989032e-09      0.22662233      0.77443789      0.62601101     0.054088472      0.17125496      0.54409244       14.829749       151.30768       9.5214948        9.5214948                           -0       18.732055                                 18.732055
              1       18.927054      -205.19987      -894.65778       71.141775      0.02743277     0.086403435      -205.19987      -689.45791   -0.0011200753   2.0989032e-09      0.22619423       0.7748543      0.62597541     0.054202618       0.1707189      0.54354737       14.799144       151.05008       9.5214948        9.5214948                           -0       18.811118                                 18.811118
              1       18.809584       -143.3817      -846.61583       71.161479     0.023979947     0.083349258       -143.3817      -703.23413  -0.00078264328   2.0989032e-09      0.21321935      0.78749179      0.62855397     0.047354177      0.16459317      0.52990163       15.032495       156.05231       9.5214948        9.5214948                           -0       18.576178                                 18.576178
              1       19.033539      -137.35045      -785.81834       73.066251      0.02388045     0.083972884      -137.35045      -648.46789  -0.00074972192   2.0989032e-09      0.20322913      0.79745276      0.63476547     0.044731025      0.15729156      0.52245109       14.787957       155.96774       9.5214948        9.5214948                           -0       19.024088                                 19.024088
              2       19.279218      -180.73282      -780.84027       71.899543     0.021765463     0.080952065      -180.73282      -600.10745  -0.00098652286   2.0989032e-09      0.19994348        0.800973      0.62874496     0.042103254       0.1565942      0.51329556       15.116988       159.67004       9.5214948        9.5214948                           -0       19.515446                                 19.515446
              8       19.309968      -205.61486      -737.91338       74.150866     0.022106312     0.081360252      -205.61486      -532.29853   -0.0011223405   2.0989032e-09      0.18934896      0.81170753      0.63133631     0.040205349       0.1479721      0.50157005       14.876392       159.08423       9.5214948        9.5214948                           -0       19.576946                                 19.576946
              1       18.639642      -226.60585      -743.87091       74.082942     0.022472144     0.082298588      -226.60585      -517.26507   -0.0012369189   2.0989032e-09      0.19207261      0.80909833       0.6345655     0.040945679      0.14995327      0.50774838       14.826561       158.29071       9.5214948        9.5214948                           -0       18.236294                                 18.236294
              4       18.346151       -216.0263      -749.81949       72.713513     0.021007587     0.081171854       -216.0263      -533.79319   -0.0011791709   2.0989032e-09      0.19447441      0.80663628      0.63547797     0.039732502      0.15352362      0.51164778       15.045693       160.59433       9.5214948        9.5214948                           -0       17.649312                                 17.649312
              2       18.755241      -187.13122       -767.5433       71.461397     0.019709306     0.079476196      -187.13122      -580.41209   -0.0010214483   2.0989032e-09      0.19548637      0.80546417      0.63219605     0.038594759      0.15563027        0.510328       15.312956       162.97523       9.5214948        9.5214948                           -0       18.467492                                 18.467492
              1       18.258866      -106.52119      -754.04831       72.085572     0.020912011     0.083076024      -106.52119      -647.52712  -0.00058144166   2.0989032e-09      0.20135784      0.79915392      0.64637927     0.040243811      0.15987443      0.52955498       14.979626        160.0528       9.5214948        9.5214948                           -0       17.474743                                 17.474743
              9        18.33398      -111.04035      -748.06823       72.391816     0.020794936     0.082464432      -111.04035      -637.02787  -0.00060610933   2.0989032e-09      0.19826737      0.80226964      0.64390998     0.039680638       0.1573576      0.52346802       14.987849       160.42269       9.5214948        9.5214948                           -0        17.62497                                  17.62497
             10       18.296204      -34.037421      -752.18661       71.705228     0.018722776     0.079063403      -34.037421      -718.14919   -0.0001857919   2.0989032e-09       0.1914376      0.80867777      0.63610285     0.036414018       0.1537708      0.50813642       15.318614       164.52453       9.5214948        9.5214948                           -0       17.549418                                 17.549418
              5       19.243459       -50.36951      -877.95229       67.333515     0.020246934     0.081910452       -50.36951      -827.58278  -0.00027493995   2.0989032e-09      0.22674461      0.77345046      0.63798494     0.044657736      0.18066613      0.55464906       15.563704       161.35639       9.5214948        9.5214948                           -0       19.443928                                 19.443928
              3       18.477506      -47.609951      -871.80365       67.690587     0.020953328     0.083280656      -47.609951       -824.1937  -0.00025987701   2.0989032e-09       0.2288908      0.77129005      0.64183264       0.0457295       0.1817555      0.56062871       15.419711       159.92671       9.5214948        9.5214948                           -0       17.912022                                 17.912022
              3       17.975423      -124.59839      -857.46373       66.840992     0.019623996     0.081489295      -124.59839      -732.86534  -0.00068011531   2.0989032e-09      0.22776152      0.77283755      0.63885427      0.04392398      0.18239578      0.55664889       15.631699       162.36176       9.5214948        9.5214948                           -0       16.907857                                 16.907857
              2        18.04839      -190.08843      -841.91723       66.474383      0.01860487     0.080755479      -190.08843      -651.82881   -0.0010375901   2.0989032e-09       0.2263137      0.77464194      0.64062399      0.04210348      0.18275252      0.55641393       15.739044       164.06468       9.5214948        9.5214948                           -0        17.05379                                  17.05379
              1        19.54471      -207.84233      -894.80522       66.115638     0.021429563     0.085870707      -207.84233      -686.96289   -0.0011344991   2.0989032e-09      0.24694018      0.75411148      0.65096264      0.04902357      0.19644304      0.59059711       15.423664       158.41444       9.5214948        9.5214948                           -0       20.046429                                 20.046429
              5       19.161184      -194.07532      -951.52739       62.638052     0.018236462     0.080427163      -194.07532      -757.45207   -0.0010593524   2.0989032e-09      0.25310848      0.74785858      0.63538655     0.046479783      0.20498697      0.58362077       16.207239       164.71718       9.5214948        9.5214948                           -0       19.279378                                 19.279378
              4       18.650367      -195.22966      -969.10133       61.698175     0.017802449     0.079754546      -195.22966      -773.87167   -0.0010656533   2.0989032e-09      0.25797157      0.74299896      0.63285581     0.046766525      0.20951292        0.586854       16.365956       165.60386       9.5214948        9.5214948                           -0       18.257744                                 18.257744
              1       19.582281      -252.02281      -922.89118       63.184134     0.018821084     0.083072875      -252.02281      -670.86838   -0.0013756564   2.0989032e-09      0.25684384      0.74444111      0.64721919      0.04714423      0.20808614      0.59886004       15.959147       162.91068       9.5214948        9.5214948                           -0       20.121573                                 20.121573
              3       18.149789       -268.3238      -906.05644       68.001501     0.024371285     0.084950278       -268.3238      -637.73264   -0.0014646347   2.0989032e-09       0.2378046      0.76358173      0.63132226     0.052703741      0.18370789       0.5620832       15.217634       155.05182       9.5214948        9.5214948                           -0       17.256588                                 17.256588
              4       18.149167      -267.35537      -917.04774       67.802334     0.024549737      0.08491085      -267.35537      -649.69238   -0.0014593486   2.0989032e-09      0.23950615      0.76187443      0.62980904     0.053402004      0.18470298      0.56273846       15.238971       154.85029       9.5214948        9.5214948                           -0       17.255344                                 17.255344
              1       19.661997      -337.91152      -830.64129       73.519165      0.02704993     0.086597205      -337.91152      -492.72976   -0.0018444765   2.0989032e-09      0.21145206      0.79032542      0.63194303     0.050045497      0.16021484      0.53054627       14.600702       151.41813       9.5214948        9.5214948                           -0       20.281005                                 20.281005
             16       19.808086       -338.8372       -834.1899       73.460766     0.027152281     0.086677194       -338.8372       -495.3527   -0.0018495293   2.0989032e-09      0.21212628      0.78965614      0.63174938     0.050314762       0.1606179      0.53122859       14.601816       151.27884       9.5214948        9.5214948                           -0       20.573182                                 20.573182
              1       18.302827      -312.94041      -861.27769        70.33111     0.026050206     0.087542385      -312.94041      -548.33727   -0.0017081727   2.0989032e-09      0.23094619      0.77068877       0.6389195     0.052664288      0.17697969      0.56058428       14.812301       152.25756       9.5214948        9.5214948                           -0       17.562663                                 17.562663
              4       18.379801      -330.29955      -853.63712       70.872438     0.027084344     0.091227961      -330.29955      -523.33757   -0.0018029269   2.0989032e-09      0.23682809      0.76490274      0.65344557     0.053921699      0.18162399      0.58058445       14.563991       149.97462       9.5214948        9.5214948                           -0       17.716612                                 17.716612
              8       18.483944      -330.62726      -819.54226       71.452819     0.025183009     0.088679127      -330.62726        -488.915   -0.0018047157   2.0989032e-09         0.22428      0.77745379      0.65148638     0.049325203      0.17369315       0.5633003       14.677411       152.90275       9.5214948        9.5214948                           -0       17.924899                                 17.924899
              2       18.483364      -258.36045       -737.1709       77.788376      0.02972576     0.094967582      -258.36045      -478.81046   -0.0014102502   2.0989032e-09      0.20713407      0.79421634      0.66700533     0.049125112      0.15694445      0.55423563        13.74705       146.09172       9.5214948        9.5214948                           -0       17.923739                                 17.923739
              4        18.43994      -243.70107      -753.20573       77.339386     0.029945136     0.094954232      -243.70107      -509.50466   -0.0013302325   2.0989032e-09      0.20989051      0.79137918      0.66521024      0.05006392      0.15874969      0.55640971       13.783016       145.87156       9.5214948        9.5214948                           -0       17.836891                                 17.836891
              4       18.340827      -312.67162      -739.60197       76.726881      0.02824489     0.092771809      -312.67162      -426.93035   -0.0017067055   2.0989032e-09      0.20665966      0.79498554      0.66240333     0.047978293       0.1575872        0.549781       13.956323       148.26377       9.5214948        9.5214948                           -0       17.638664                                 17.638664
              3       18.671755       -244.6369      -687.54008       79.851458     0.027649942     0.089842926       -244.6369      -442.90319   -0.0013353407   2.0989032e-09      0.18527646      0.81600209      0.65285681     0.043363919      0.14090233      0.51305915       13.837938       149.76831       9.5214948        9.5214948                           -0       18.300521                                 18.300521
              2       18.679978      -305.80707      -624.30402       78.896686     0.021604701     0.083560075      -305.80707      -318.49695   -0.0016692357   2.0989032e-09       0.1699827      0.83162836      0.65162356     0.034708092       0.1342398      0.49049944       14.326318       158.97571       9.5214948        9.5214948                           -0       18.316967                                 18.316967
              2       18.618666      -299.89996      -624.56164       78.754658     0.021468391      0.08361823      -299.89996      -324.66168    -0.001636992   2.0989032e-09      0.17047035      0.83110826      0.65268626     0.034613619      0.13481818      0.49200358       14.337499       159.13313       9.5214948        9.5214948                           -0       18.194343                                 18.194343
             23        18.42235      -272.81682      -619.03513        78.28049     0.019574896     0.080454337      -272.81682      -346.21832   -0.0014891597   2.0989032e-09      0.16428864      0.83714143      0.64513071     0.031944228      0.13129325      0.47740928       14.596119       162.80535       9.5214948        9.5214948                           -0        17.80171                                  17.80171
              2       18.399219      -274.72515      -626.62823       78.360629     0.020540175     0.082009007      -274.72515      -351.90308   -0.0014995762   2.0989032e-09      0.16805667      0.83338393      0.64852091      0.03345094      0.13355672      0.48539046       14.480768       160.92483       9.5214948        9.5214948                           -0       17.755447                                 17.755447
             12       18.123021      -255.58067      -840.20994       63.938014     0.015369618     0.076434017      -255.58067      -584.62927   -0.0013950769   2.0989032e-09       0.2261404       0.7751661      0.63314508     0.037596271      0.18696848      0.54970753       16.372492       170.66032       9.5214948        9.5214948                           -0       17.203052                                 17.203052
              1       18.687564      -250.90846      -795.01772       65.070559     0.015213987     0.077574803      -250.90846      -544.10926   -0.0013695738   2.0989032e-09      0.22066369      0.78062036      0.64247052     0.035931386      0.18321102      0.55100813       16.161122       170.45013       9.5214948        9.5214948                           -0       18.332139                                 18.332139
              1       20.632845      -185.24977      -735.06284       68.666084     0.017644005     0.085219914      -185.24977      -549.81307   -0.0010111785   2.0989032e-09      0.21952783      0.78140655      0.67514634     0.037420761      0.18074094      0.57754002       15.272469       163.81112       9.5214948        9.5214948                           -0       22.222701                                 22.222701
              1        19.99898      -119.41213      -784.52243       74.771686     0.025603333     0.088459876      -119.41213       -665.1103  -0.00065180633   2.0989032e-09      0.20517143       0.7954156      0.65169394     0.045795433      0.15822386      0.53894135       14.396434       152.48495       9.5214948        9.5214948                           -0        20.95497                                  20.95497
              2        20.98756      -149.02444       -721.6587       76.291816     0.022831243     0.084670367      -149.02444      -572.63426  -0.00081344392   2.0989032e-09      0.18580335      0.81494788      0.64822177     0.039225966       0.1454707      0.51014044       14.517132       157.03481       9.5214948        9.5214948                           -0        22.93213                                  22.93213
              3       21.123149      -151.25485      -723.17788       76.243636     0.022864076     0.084705708      -151.25485      -571.92303  -0.00082561857   2.0989032e-09      0.18615552       0.8146078      0.64818363     0.039332038      0.14571541      0.51059363       14.519688       156.98192       9.5214948        9.5214948                           -0       23.203307                                 23.203307
              1       19.716572      -157.19411      -718.52861       76.364765     0.022961342     0.084637282      -157.19411       -561.3345  -0.00085803777   2.0989032e-09      0.18561489      0.81518105      0.64732516     0.039374153      0.14513617       0.5091764       14.503561       156.88314       9.5214948        9.5214948                           -0       20.390155                                 20.390155
              8       19.357186      -244.18863      -709.84848       78.384519     0.025828164     0.088001958      -244.18863      -465.65985   -0.0013328938   2.0989032e-09      0.18631475      0.81495921      0.65159787     0.042037118      0.14322926       0.5135026       14.108376       152.36899       9.5214948        9.5214948                           -0       19.671382                                 19.671382
             14       18.438064      -215.66065      -715.14164       79.164349     0.027762181     0.090394432      -215.66065        -499.481    -0.001177175   2.0989032e-09      0.18956576      0.81155364      0.65462958     0.044299038       0.1442389      0.52037323       13.887933       149.48164       9.5214948        9.5214948                           -0       17.833138                                 17.833138
              1       18.953375      -216.35889      -736.96284       78.725527     0.028795101     0.091858767      -216.35889      -520.60395   -0.0011809864   2.0989032e-09      0.19571427      0.80540829      0.65644981     0.046460883      0.14821408      0.53021517       13.844076       147.94497       9.5214948        9.5214948                           -0       18.863761                                 18.863761
             10       19.103286      -210.53975      -737.43284       78.670724     0.028709701     0.091882523      -210.53975      -526.89309   -0.0011492228   2.0989032e-09      0.19588744      0.80520327      0.65699656      0.04638765      0.14845903      0.53089149       13.849302       148.02837       9.5214948        9.5214948                           -0       19.163583                                 19.163583
              3       19.239692      -203.78233      -739.16476       78.782205     0.028921019     0.092106911      -203.78233      -535.38244   -0.0011123377   2.0989032e-09      0.19603545      0.80501854      0.65714843     0.046596932       0.1484007      0.53121479       13.827885       147.74039       9.5214948        9.5214948                           -0       19.436394                                 19.436394
             10       19.451659      -187.14489      -753.52535       77.559786     0.028240136     0.091749098      -187.14489      -566.38046   -0.0010215229   2.0989032e-09      0.20053688      0.80042444      0.65774059     0.046945458      0.15252063      0.53776328       13.953616       148.56685       9.5214948        9.5214948                           -0       19.860328                                 19.860328
              1       18.223396      -187.92609      -846.34331       70.135256     0.023119603     0.083388343      -187.92609      -658.41722   -0.0010257871   2.0989032e-09      0.21783509      0.78311708      0.63263725     0.047001053      0.16952454      0.53908599       15.132882        157.1033       9.5214948        9.5214948                           -0       17.403803                                 17.403803
              3       18.237135      -212.03334      -887.71476       66.862904      0.02090657     0.080611119      -212.03334      -675.68142   -0.0011573755   2.0989032e-09      0.22851682      0.77255956       0.6260757     0.046764071      0.18031194      0.54641839       15.668685       160.92832       9.5214948        9.5214948                           -0        17.43128                                  17.43128
              2        18.68196      -102.07301      -875.26187       66.316761     0.018501751     0.078040783      -102.07301      -773.18886  -0.00055716144   2.0989032e-09      0.22098362       0.7794912      0.62534864      0.04206939      0.17744959      0.53671239        15.95892       165.22869       9.5214948        9.5214948                           -0       18.320931                                 18.320931
              2       19.644661      -93.220646       -855.1539       66.336968     0.017190314     0.076889175      -93.220646      -761.93325  -0.00050884117   2.0989032e-09      0.21525194      0.78517461      0.62694396     0.039063628      0.17472457      0.53105761        16.07283       167.62205       9.5214948        9.5214948                           -0       20.246332                                 20.246332
              2       19.674784      -113.45301       -843.3545       67.159226     0.018048864     0.078995545      -113.45301      -729.90149  -0.00061927871   2.0989032e-09      0.21658695      0.78395205      0.63485474     0.040016445      0.17514238      0.53942352       15.818145       165.52871       9.5214948        9.5214948                           -0       20.306579                                 20.306579
              5       18.185473      -68.569708      -944.37597       63.111334     0.017927271     0.078801941      -68.569708      -875.80626  -0.00037428501   2.0989032e-09      0.24446989      0.75581348      0.62888867     0.045009011      0.19784369      0.56770907       16.262488       165.78094       9.5214948        9.5214948                           -0       17.327956                                 17.327956
              4       18.391373      -95.164937      -858.75726       67.332902     0.019323318     0.079905007      -95.164937      -763.59233    -0.000519454   2.0989032e-09      0.22028813      0.78015146      0.63229976     0.042621335      0.17624602      0.54182362        15.70381       163.35853       9.5214948        9.5214948                           -0       17.739757                                 17.739757
              1       17.914294       -78.74712      -934.40829       65.765944     0.021882638     0.083195881       -78.74712      -855.66117  -0.00042983801   2.0989032e-09      0.24443643      0.75590968      0.63306153     0.050593829      0.19235333      0.57143688       15.595061       158.74056       9.5214948        9.5214948                           -0       16.785598                                 16.785598
              7       17.949701      -56.864122      -940.53565       65.810444     0.021895561     0.082633271      -56.864122      -883.67153  -0.00031039053   2.0989032e-09      0.24283679      0.75738999      0.62993599      0.05055527      0.19079426      0.56675197       15.627876       158.91722       9.5214948        9.5214948                           -0       16.856413                                 16.856413
              7       18.059676       -31.00713      -932.29081        65.06173     0.020037961     0.080889423       -31.00713      -901.28368  -0.00016925118   2.0989032e-09      0.23994999      0.76013372      0.63036775     0.047337171      0.19109113      0.56375931       15.860616       162.00729       9.5214948        9.5214948                           -0       17.076363                                 17.076363
             14       17.939208      -38.430415      -937.85237        65.06351     0.021009818     0.082950588      -38.430415      -899.42196  -0.00020977088   2.0989032e-09       0.2471016      0.75302262      0.63590149     0.049630347      0.19594965      0.57712116       15.702215        159.9669       9.5214948        9.5214948                           -0       16.835426                                 16.835426
              7       18.230828      -72.796916      -994.30816       63.330275     0.021679487     0.082969255      -72.796916      -921.51125  -0.00039735905   2.0989032e-09      0.26252837       0.7377787      0.62930045     0.054053802      0.20686853      0.58868848        15.86388       159.08178       9.5214948        9.5214948                           -0       17.418667                                 17.418667
              4       18.339345       -83.14381      -981.49043       64.835335     0.023130833     0.085875391       -83.14381      -898.34662  -0.00045383716   2.0989032e-09      0.26084742      0.73952028      0.63873531     0.055025976       0.2042891      0.59559846       15.517446       156.26215       9.5214948        9.5214948                           -0       17.635701                                 17.635701
