#        weight    minuslogpost          a_samp               s              H0         omega_b       omega_cdm           a_exo           b_exo        Omega_x0             A_s         Omega_m    Omega_Lambda          sigma8         Omega_b       Omega_cdm              S8             age         rs_drag   minuslogprior minuslogprior__0 minuslogprior__h2_positivity            chi2 chi2__jwst_likelihood_uvlf.UVLFLikelihood
              2       29.511708      -76.253497      -131.59105       67.041961     0.022100308      0.12316542      -76.253497      -55.337552  -0.00041622666   2.0989032e-09      0.32463193      0.67570373        0.825229     0.049170532      0.27402827      0.85843906       13.769946       146.56535       9.5214948        9.5214948                           -0       39.980426                                 39.980426
              2       28.989939      -221.23894      -112.23955       67.230454     0.022093977      0.12260088      -221.23894       108.99938   -0.0012076239   2.0989032e-09      0.32155113      0.67957638      0.82350575     0.048881193      0.27124484      0.85257193       13.768945        146.7194       9.5214948        9.5214948                           -0       38.936889                                 38.936889
              1       28.996679      -231.34946      -112.80866       67.034262     0.022095292      0.12255609      -231.34946        118.5408   -0.0012628118   2.0989032e-09      0.32333935      0.67784288      0.82273983     0.049170665      0.27273523      0.85414416       13.787788       146.72963       9.5214948        9.5214948                           -0       38.950368                                 38.950368
              1       28.981817      -228.45802      -111.14865       67.025045      0.02210022      0.12257691      -228.45802       117.30937    -0.001247029   2.0989032e-09       0.3234856      0.67768082       0.8227635      0.04919516      0.27285659      0.85436189        13.78757       146.71875       9.5214948        9.5214948                           -0       38.920644                                 38.920644
              1       29.034021      -252.71333      -121.52988       67.121932     0.022185636      0.12245375      -252.71333       131.18344   -0.0013794256   2.0989032e-09      0.32246862      0.67883043      0.82200216     0.049242829      0.27179608      0.85222852       13.782294       146.65665       9.5214948        9.5214948                           -0       39.025053                                 39.025053
              2        29.24427      -253.13293      -116.92196       67.047625      0.02223191      0.12301512      -253.13293       136.21097    -0.001381716   2.0989032e-09      0.32453548      0.67676568      0.82383605     0.049454973      0.27364762      0.85686274       13.771746       146.45955       9.5214948        9.5214948                           -0        39.44555                                  39.44555
              3       30.663306      -277.71627      -68.674108       67.569836     0.022290196      0.12150287      -277.71627       209.04216   -0.0015159031   2.0989032e-09      0.31635401      0.68508258      0.81850076     0.048821167      0.26612203      0.84051435       13.757534       146.78989       9.5214948        9.5214948                           -0       42.283623                                 42.283623
              1       29.729035      -292.98759       -80.17537       67.317889     0.022210339      0.12175555      -292.98759       212.81222   -0.0015992611   2.0989032e-09       0.3191078      0.68241155      0.81940752     0.049011074      0.26867533      0.84509986       13.777361       146.81187       9.5214948        9.5214948                           -0       40.415081                                 40.415081
              2       29.308714      -302.17748       -86.24835       67.543152     0.022215059      0.12202237      -302.17748       215.92913   -0.0016494237   2.0989032e-09      0.31757805        0.683992      0.82117339      0.04869505      0.26747106      0.84488866       13.751377       146.73684       9.5214948        9.5214948                           -0       39.574439                                 39.574439
              5       28.957666      -341.50853      -62.601556        67.56733     0.022186756      0.12329676      -341.50853       278.90697   -0.0018641106   2.0989032e-09      0.32008026      0.68170453      0.82680407     0.048598213      0.27007112      0.85402665       13.713012       146.43608       9.5214948        9.5214948                           -0       38.872342                                 38.872342
              1        29.54031      -51.968432      -60.362205         68.3126     0.022170369      0.12289558      -51.968432      -8.3937728  -0.00028366761   2.0989032e-09      0.31223959      0.68796648      0.82716482     0.047508496      0.26335078      0.84386974       13.651754       146.55837       9.5214948        9.5214948                           -0        40.03763                                  40.03763
              2       29.100376       -28.96299      -105.94973       68.407644     0.022153912      0.12212036       -28.96299      -76.986745  -0.00015809332   2.0989032e-09       0.3096808      0.69039991      0.82429936     0.047341408      0.26096292      0.83749356       13.671441       146.77875       9.5214948        9.5214948                           -0       39.157763                                 39.157763
              2       29.896034      -254.57049      -57.705507       67.397687     0.022096146      0.12215234      -254.57049       196.86498   -0.0013895628   2.0989032e-09      0.31897473      0.68233511      0.82200569     0.048643694        0.268913      0.84760271       13.758151       146.83421       9.5214948        9.5214948                           -0       40.749078                                 40.749078
              2       31.127694       -240.5274      -22.283782       68.178556     0.022145306      0.12239876       -240.5274       218.24362   -0.0013129092   2.0989032e-09      0.31234584      0.68888917      0.82488534     0.047641573      0.26331853      0.84168739       13.675619        146.7155       9.5214948        9.5214948                           -0       43.212399                                 43.212399
              5       30.204169      -297.60892      -4.4831019       67.384569     0.022197413      0.12340102      -297.60892       293.12582   -0.0016244864   2.0989032e-09      0.32207194       0.6794728      0.82650861     0.048885657      0.27176769      0.85637345       13.715903       146.39731       9.5214948        9.5214948                           -0       41.365348                                 41.365348
              1       30.731784      -285.39354      -3.4417395       67.372914     0.022198154       0.1230918      -285.39354        281.9518   -0.0015578092   2.0989032e-09      0.32150379      0.67997424      0.82515901     0.048904203      0.27118051      0.85422065       13.724687       146.47676       9.5214948        9.5214948                           -0       42.420579                                 42.420579
              1       30.507811      -235.66558      -8.5670144       67.407247     0.022255714      0.12327739      -235.66558       227.09856   -0.0012863711   2.0989032e-09      0.32171148      0.67949519      0.82564192     0.048981079      0.27131277       0.8549966       13.714842       146.36533       9.5214948        9.5214948                           -0       41.972632                                 41.972632
              2       30.515048      -238.28483      -7.6627468       67.316187     0.022259254      0.12329133      -238.28483       230.62208   -0.0013006682   2.0989032e-09      0.32262102      0.67859974      0.82541077     0.049121496      0.27207805      0.85596465       13.722338       146.35783       9.5214948        9.5214948                           -0       41.987106                                 41.987106
              1       29.652839      -139.28428      -26.064908       67.040558     0.022182848      0.12354038      -139.28428       113.21937  -0.00076027766   2.0989032e-09      0.32566345      0.67501626       0.8261131     0.049356239      0.27487402      0.86072296       13.742693        146.3772       9.5214948        9.5214948                           -0       40.262689                                 40.262689
              4       29.734646      -141.73932      -27.801302       67.039577     0.022176267      0.12340822      -141.73932       113.93802  -0.00077367843   2.0989032e-09      0.32536426      0.67532885      0.82560431      0.04934304      0.27458799      0.85979763       13.746796        146.4187       9.5214948        9.5214948                           -0       40.426303                                 40.426303
              3       29.583594      -142.48313      -35.911094       67.261765     0.022215965      0.12339184      -142.48313       106.57204  -0.00077773849   2.0989032e-09      0.32326979       0.6774279      0.82594677     0.049105332      0.27274069      0.85738128       13.727775       146.37931       9.5214948        9.5214948                           -0       40.124197                                 40.124197
              3        30.81635      -229.80558       -33.08821       66.964605     0.022124881      0.12224065      -229.80558       196.71737   -0.0012543846   2.0989032e-09      0.32337492      0.67779871      0.82087391     0.049338997      0.27259949       0.8522539        13.78896       146.77935       9.5214948        9.5214948                           -0        42.58971                                  42.58971
              3       29.581932      -165.36923      -42.060056       67.468098     0.021981021      0.12287384      -165.36923       123.30917  -0.00090266133   2.0989032e-09      0.31964143      0.68118168      0.82593562     0.048289302      0.26993704      0.85254458       13.731109        146.7731       9.5214948        9.5214948                           -0       40.120873                                 40.120873
              1       28.958644      -273.45951      -9.3278687       66.692399       0.0218936      0.12428766      -273.45951       264.13164   -0.0014926678   2.0989032e-09      0.33010227      0.67130898      0.83013213     0.049222595      0.27943149      0.87078482       13.761926       146.50217       9.5214948        9.5214948                           -0       38.874298                                 38.874298
              1       28.884107      -235.81423      -17.230171       66.455965     0.021894543      0.12446143      -235.81423       218.58405   -0.0012871825   2.0989032e-09      0.33285089       0.6683543      0.83011294     0.049575596      0.28181678      0.87438241        13.77868       146.45614       9.5214948        9.5214948                           -0       38.725224                                 38.725224
              1       28.926482      -293.05617      -25.699963       66.152555     0.021893533      0.12409933      -293.05617       267.35621   -0.0015996354   2.0989032e-09      0.33508139       0.6664355      0.82773356     0.050029091      0.28358038      0.87479258       13.818084       146.55105       9.5214948        9.5214948                           -0       38.809975                                 38.809975
              4       28.938496      -322.05299      -26.920182       66.376511     0.021912412      0.12399885      -322.05299        295.1328   -0.0017579133   2.0989032e-09      0.33263885      0.66903688      0.82790296      0.04973491      0.28144193      0.87177677        13.80105       146.55625       9.5214948        9.5214948                           -0       38.834001                                 38.834001
              4       28.887392      -235.08812      -6.9809188       66.116595     0.022005322      0.12514909      -235.08812        228.1072   -0.0012832191   2.0989032e-09      0.33810314      0.66309724      0.83114777     0.050339252      0.28629036      0.88235269       13.786233       146.15678       9.5214948        9.5214948                           -0       38.731794                                 38.731794
              1       29.352139      -110.80561      -16.829035       66.226207     0.022054375      0.12392222      -110.80561       93.976575  -0.00060482799   2.0989032e-09      0.33429942      0.66622285      0.82605139     0.050284599      0.28254617      0.87199551       13.806538       146.41955       9.5214948        9.5214948                           -0       39.661288                                 39.661288
              2       29.332053      -317.25117      -23.878482        66.87832     0.021972257      0.12333315      -317.25117       293.37269   -0.0017317028   2.0989032e-09      0.32631122      0.67533952      0.82624794     0.049125157      0.27574592       0.8617192       13.771976       146.66309       9.5214948        9.5214948                           -0       39.621116                                 39.621116
              3       29.830383      -318.20366      -21.881554       66.638927     0.021942878      0.12282857      -318.20366        296.3221   -0.0017369019   2.0989032e-09       0.3274575      0.67419785      0.82360895     0.049412587       0.2765944       0.8604743        13.80738       146.82716       9.5214948        9.5214948                           -0       40.617776                                 40.617776
              3       30.115232      -317.01021      -20.503975       66.219018     0.021998187      0.12269288      -317.01021       296.50623   -0.0017303875   2.0989032e-09      0.33144034      0.67020747      0.82141317      0.05016738      0.27980399      0.86338344       13.846983       146.80133       9.5214948        9.5214948                           -0       41.187475                                 41.187475
              3       29.179974      -145.91023      -46.564439       66.061741     0.021982537      0.12323128      -145.91023       99.345796  -0.00079644518   2.0989032e-09      0.33421818      0.66649529      0.82322057     0.050370675      0.28237154      0.86890166       13.847074       146.67824       9.5214948        9.5214948                           -0       39.316958                                 39.316958
              2       29.066861      -106.47985      -36.588958       66.638789     0.021950674      0.12368192      -106.47985       69.890895  -0.00058121602   2.0989032e-09      0.32939807       0.6711016      0.82701992     0.049430348       0.2785172      0.86659438       13.781694       146.59626       9.5214948        9.5214948                           -0       39.090733                                 39.090733
              4       29.020346      -111.92809      -35.122843       66.641896     0.021967181      0.12381413      -111.92809       76.805246    -0.000610955   2.0989032e-09      0.32970222       0.6708272      0.82747258     0.049462907      0.27878893      0.86746891       13.777341       146.54371       9.5214948        9.5214948                           -0       38.997702                                 38.997702
              1       28.884604       -184.9117      -37.486349       66.354352     0.021946518      0.12428813       -184.9117       147.42535   -0.0010093331   2.0989032e-09      0.33359554      0.66733154      0.82874507     0.049845597      0.28228697      0.87391753       13.792885       146.44366       9.5214948        9.5214948                           -0       38.726218                                 38.726218
              1       28.892734      -181.46008      -49.344469       66.348659     0.021916571      0.12381984      -181.46008       132.11561  -0.00099049259   2.0989032e-09      0.33252098      0.66838726      0.82700099     0.049786123      0.28127162       0.8706727       13.808457       146.59812       9.5214948        9.5214948                           -0       38.742478                                 38.742478
              1       29.102305      -202.66959      -52.368721       66.853142     0.021882785      0.12436295      -202.66959       150.30087   -0.0011062639   2.0989032e-09      0.32866103      0.67236421      0.83103527     0.048961978      0.27825782       0.8698271       13.750868       146.49461       9.5214948        9.5214948                           -0       39.161621                                 39.161621
              1       29.003727      -191.62482      -45.393991       66.888815     0.021863613      0.12440296      -191.62482       146.23083   -0.0010459764   2.0989032e-09      0.32835713      0.67260791      0.83141756     0.048866914      0.27805052       0.8698248       13.745833       146.50542       9.5214948        9.5214948                           -0       38.964465                                 38.964465
              5       28.900709      -303.12711      -23.218069       67.947299     0.021995545      0.12473541      -303.12711       279.90904   -0.0016546072   2.0989032e-09      0.31921236      0.68236382      0.83512871     0.047642038      0.27017513      0.86145508       13.639766       146.27409       9.5214948        9.5214948                           -0       38.758428                                 38.758428
              2       29.546798      -105.86685      -18.631614       68.295428     0.022033188      0.12374731      -105.86685       87.235238  -0.00057786997   2.0989032e-09       0.3139286      0.68657164      0.83159298     0.047238281      0.26530931      0.85067883       13.629061       146.48822       9.5214948        9.5214948                           -0       40.050606                                 40.050606
              4       29.577795      -100.21323      -13.363566        68.34909     0.021983052      0.12380556      -100.21323       86.849664  -0.00054700991   2.0989032e-09      0.31345323      0.68701627      0.83231067     0.047056812      0.26501758      0.85076812       13.623222       146.52841       9.5214948        9.5214948                           -0       40.112601                                 40.112601
              2        29.37855      -98.948888      -2.2966079       66.644974     0.021913967      0.12410894      -98.948888        96.65228  -0.00054010855   2.0989032e-09       0.3302157      0.67024288      0.82899411     0.049338528      0.27942692      0.86974046       13.765414       146.52599       9.5214948        9.5214948                           -0       39.714111                                 39.714111
              3       29.327529      -106.26329       -3.742683       66.628523     0.021920075      0.12412363      -106.26329       102.52061  -0.00058003393   2.0989032e-09      0.33042564      0.67007283      0.82897186     0.049376656      0.27959802      0.86999354       13.766705       146.51544       9.5214948        9.5214948                           -0       39.612069                                 39.612069
              1       28.921885      -82.153501      -10.716478       66.114422     0.021889908      0.12553154      -82.153501       71.437023   -0.0004484316   2.0989032e-09      0.33873629       0.6616293      0.83338167     0.050078525      0.28718415      0.88555223        13.77654       146.18526       9.5214948        9.5214948                           -0       38.800781                                 38.800781
              3       28.818705      -26.017024      -26.458797       65.759619     0.021880521       0.1247132      -26.017024     -0.44177265  -0.00014201288   2.0989032e-09       0.3404873      0.65957098       0.8289632     0.050598668      0.28839906       0.8831309       13.831538       146.40651       9.5214948        9.5214948                           -0        38.59442                                  38.59442
              3        29.09478      -55.943568      -15.368027       65.739662     0.021900185      0.12414798      -55.943568       40.575541  -0.00030536573   2.0989032e-09       0.3394317      0.66078987      0.82644912     0.050674895      0.28726634      0.87908667        13.84703       146.53109       9.5214948        9.5214948                           -0        39.14657                                  39.14657
              4       29.091208      -62.893226      -13.215772       65.839447     0.021883697      0.12417671      -62.893226       49.677454  -0.00034330016   2.0989032e-09      0.33843184      0.66182792      0.82698809     0.050483371      0.28646252      0.87836342       13.837523       146.54185       9.5214948        9.5214948                           -0       39.139426                                 39.139426
              3        29.34259      -198.16538      -31.596436       65.511363      0.02180801      0.12504993      -198.16538       166.56894   -0.0010816778   2.0989032e-09      0.34368839      0.65730892      0.83013507     0.050813926      0.29137359      0.88852686       13.851365       146.39951       9.5214948        9.5214948                           -0       39.642191                                 39.642191
              2       29.245955      -204.65636      -31.064093        65.47615     0.021811422      0.12493835      -204.65636       173.59227   -0.0011171086   2.0989032e-09      0.34380586      0.65722678      0.82954738     0.050876557      0.29142681      0.88804957       13.857519       146.42455       9.5214948        9.5214948                           -0       39.448921                                 39.448921
              1       29.181928      -204.20563      -29.580776       65.512176     0.021811298      0.12490118      -204.20563       174.62485   -0.0011146482   2.0989032e-09      0.34334092      0.65768935      0.82950892     0.050820329      0.29101976      0.88740775       13.855039       146.43429       9.5214948        9.5214948                           -0       39.320867                                 39.320867
              2       29.319653       -223.4497      -47.060114       65.975421     0.021892998      0.12468651       -223.4497       176.38959   -0.0012196913   2.0989032e-09      0.33823084      0.66290566      0.82959962     0.050296862      0.28645414      0.88087548       13.819875       146.39965       9.5214948        9.5214948                           -0       39.596317                                 39.596317
              6       28.991383      -267.38681      -111.89867       65.570625     0.022085619      0.12214617      -267.38681       155.48814   -0.0014595202   2.0989032e-09      0.33695939       0.6644159      0.81670616     0.051367794      0.28409344      0.86555364       13.931038       146.84747       9.5214948        9.5214948                           -0       38.939776                                 38.939776
              1       28.916166      -11.611015      -159.10897       65.365567     0.022109222      0.12135558      -11.611015      -147.49796  -6.3378259e-05   2.0989032e-09      0.33728176      0.66269686      0.81255593     0.051745835      0.28402835      0.86156702        13.97244       147.02872       9.5214948        9.5214948                           -0       38.789341                                 38.789341
              2       29.325269      -31.265942      -171.85179       65.533594     0.022014444      0.12181415      -31.265942      -140.58584   -0.0001706639   2.0989032e-09      0.33640149      0.66368485      0.81563097     0.051260136       0.2836415      0.86369824       13.949573       147.01342       9.5214948        9.5214948                           -0       39.607548                                 39.607548
              3       28.958745      -9.9800873      -175.26997       65.460724     0.022045577      0.12120912      -9.9800873      -165.28988  -5.4475908e-05   2.0989032e-09      0.33581157       0.6641584      0.81267187     0.051446977      0.28286139      0.85980987       13.972171       147.13796       9.5214948        9.5214948                           -0         38.8745                                   38.8745
              1       29.009437      -100.75881      -168.32851       65.915426     0.022147515      0.12141394      -100.75881      -67.569702  -0.00054998794   2.0989032e-09      0.33190056      0.66856609      0.81428338     0.050974254      0.27944377      0.85648337       13.923485       146.97096       9.5214948        9.5214948                           -0       38.975884                                 38.975884
              1       29.087724      -201.24926      -154.48583       65.802064     0.022101693      0.12058753      -201.24926       46.763429    -0.001098511   2.0989032e-09      0.33103068       0.6699842      0.81080295     0.051044211      0.27849883      0.85170426       13.958043       147.23953       9.5214948        9.5214948                           -0       39.132459                                 39.132459
              1       29.184556      -178.06544      -153.72397       65.810749     0.022115151      0.12047977      -178.06544       24.341471  -0.00097196309   2.0989032e-09      0.33072558      0.67016277      0.81027215     0.051061815      0.27817652      0.85075436       13.959209       147.25304       9.5214948        9.5214948                           -0       39.326122                                 39.326122
              1       29.711867      -139.44727      -160.51459       65.628751     0.022039584      0.11964143      -139.44727      -21.067323  -0.00076116735   2.0989032e-09      0.33044058      0.67023651      0.80666778     0.051169965      0.27777511      0.84660489       14.001541       147.55962       9.5214948        9.5214948                           -0       40.380745                                 40.380745
              2       30.098463      -178.53881      -167.46617       65.726539     0.022070755      0.11906733      -178.53881       11.072636  -0.00097454693   2.0989032e-09      0.32820126      0.67268946      0.80434963     0.051089972      0.27562023      0.84130673       14.010018       147.67773       9.5214948        9.5214948                           -0       41.153936                                 41.153936
              1       30.705631      -176.21635       -156.5117       66.640904     0.022019148      0.11881626      -176.21635       19.704655  -0.00096186991   2.0989032e-09      0.31857515      0.68230518      0.80622091     0.049581396      0.26754333      0.83080553       13.933801        147.8026       9.5214948        9.5214948                           -0       42.368272                                 42.368272
              1       30.208636      -234.78643      -150.85879       66.567172     0.021905245      0.11905012      -234.78643        83.92764   -0.0012815723   2.0989032e-09      0.31955199      0.68164787      0.80778624     0.049434244       0.2686641      0.83369382       13.937553       147.86792       9.5214948        9.5214948                           -0       41.374283                                 41.374283
              1       29.580656      -7.9316156      -168.58626       66.412334     0.021825833      0.11943096      -7.9316156      -160.65465  -4.3294407e-05   2.0989032e-09      0.32172718      0.67823401      0.80938651     0.049484974      0.27078178       0.8381837       13.940534       147.85535       9.5214948        9.5214948                           -0       40.118322                                 40.118322
              2       29.043293      -13.939778      -170.90123       66.525288     0.021832684      0.12004036      -13.939778      -156.96146  -7.6089721e-05   2.0989032e-09      0.32202804      0.67796622      0.81227761     0.049332555      0.27124002      0.84157088       13.913715       147.68514       9.5214948        9.5214948                           -0       39.043596                                 39.043596
              1       28.959428      -26.467283      -184.76505       66.710915     0.021822149      0.11975162      -26.467283      -158.29776  -0.00014447061   2.0989032e-09      0.31956595      0.68049715        0.811678     0.049034723      0.26908384      0.83772871       13.908056       147.77389       9.5214948        9.5214948                           -0       38.875867                                 38.875867
              2       29.869134      -20.072944      -182.99519       67.702033     0.021889033      0.11867863      -20.072944      -162.92224  -0.00010956736   2.0989032e-09      0.30808287      0.69194769      0.80936998     0.047755473      0.25892209      0.82020091       13.847274       147.98568       9.5214948        9.5214948                           -0       40.695278                                 40.695278
              1       30.365299      -11.817935      -183.64594       67.542515     0.021916506      0.11836024      -11.817935        -171.828  -6.4507725e-05   2.0989032e-09      0.30890213        0.691083      0.80736519     0.048041534      0.25944863       0.8192564       13.869423       148.04021       9.5214948        9.5214948                           -0       41.687608                                 41.687608
              1       30.536863      -52.466989      -177.85108       67.524234     0.021922041      0.11834246      -52.466989      -125.38409  -0.00028638896   2.0989032e-09      0.30904254      0.69116442        0.807217     0.048079688      0.25955013      0.81929218       13.871389       148.03875       9.5214948        9.5214948                           -0       42.030737                                 42.030737
              3       30.911467      -85.769701      -186.67392       67.494044     0.021873784      0.11769103      -85.769701      -100.90422  -0.00046817048   2.0989032e-09      0.30778315      0.69260552      0.80464524     0.048016779      0.25835238       0.8150162       13.896099       148.26863       9.5214948        9.5214948                           -0       42.779944                                 42.779944
              1       30.721228      -76.601735      -184.91767       67.475146     0.021855962      0.11786139      -76.601735      -108.31594  -0.00041812751   2.0989032e-09       0.3082906      0.69204799      0.80544614     0.048004534      0.25887129      0.81649968       13.892948       148.24279       9.5214948        9.5214948                           -0       42.399467                                 42.399467
              1       28.931626        -56.6728      -181.74167       66.805183     0.022029248      0.12015879        -56.6728      -125.06887  -0.00030934621   2.0989032e-09      0.32004108      0.68018712      0.81234778     0.049360477       0.2692373      0.83904303       13.882794       147.43375       9.5214948        9.5214948                           -0       38.820263                                 38.820263
              1        28.90273      -94.655859      -168.80831       67.361812     0.022048452      0.12056567      -94.655859      -74.152452  -0.00051667522   2.0989032e-09      0.31571276      0.68472411      0.81554948     0.048590411       0.2657028      0.83663447       13.820301       147.30459       9.5214948        9.5214948                           -0        38.76247                                  38.76247
              1       28.976723      -294.09137      -157.36845       67.410369     0.021939371      0.12063822      -294.09137       136.72292    -0.001605286   2.0989032e-09      0.31517772      0.68634788      0.81681726     0.048280389      0.26547983       0.8372247       13.819978       147.40701       9.5214948        9.5214948                           -0       38.910457                                 38.910457
              2        28.96462      -285.85576      -156.76969       67.346408     0.021928592      0.12056914      -285.85576       129.08607   -0.0015603322   2.0989032e-09      0.31560059       0.6858799      0.81640448     0.048348374      0.26583202      0.83736279       13.827514       147.43733       9.5214948        9.5214948                           -0        38.88625                                  38.88625
              1       29.002446      -263.57427      -144.65972       67.451823     0.021914679      0.12123028      -263.57427       118.91455   -0.0014387096   2.0989032e-09      0.31603747      0.68532165        0.819588     0.048166793      0.26645491      0.84120966       13.797859       147.27806       9.5214948        9.5214948                           -0       38.961902                                 38.961902
              3        29.01489      -261.60792      -137.10599       67.640301     0.021918312      0.12072135      -261.60792       124.50193   -0.0014279763   2.0989032e-09      0.31317423       0.6881746      0.81790558     0.047906677      0.26385967      0.83567143       13.793685       147.40851       9.5214948        9.5214948                           -0       38.986791                                 38.986791
              2       29.269633      -207.51015       -132.9126       67.924561     0.021891074      0.12041804      -207.51015        74.59755   -0.0011326859   2.0989032e-09      0.30984204      0.69121216      0.81753304     0.047447505      0.26099841      0.83083514        13.77562       147.51937       9.5214948        9.5214948                           -0       39.496277                                 39.496277
              1       28.869677      -75.141593      -148.23963       67.682841     0.021907014      0.12126948      -75.141593      -73.098033  -0.00041015738   2.0989032e-09      0.31395257      0.68637854       0.8203509     0.047821811      0.26472464      0.83921077       13.772627       147.27626       9.5214948        9.5214948                           -0       38.696364                                 38.696364
              1       30.398348       -113.0628      -144.42163       68.544454     0.021849009      0.12288681       -113.0628       -31.35883  -0.00061714879   2.0989032e-09       0.3094282      0.69111187       0.8300977     0.046503657      0.26155356      0.84304067       13.655932       146.91605       9.5214948        9.5214948                           -0       41.753706                                 41.753706
              1       29.178081      -126.95305      -95.330735       68.400196     0.021968054      0.12361557      -126.95305       31.622312  -0.00069296813   2.0989032e-09      0.31254684      0.68806872      0.83191971     0.046954464      0.26421561      0.84913814       13.638009       146.59431       9.5214948        9.5214948                           -0       39.313172                                 39.313172
              3       28.996275      -234.10872      -102.65245       69.507233     0.022133321      0.12195651      -234.10872       131.45626   -0.0012778731   2.0989032e-09      0.29957838      0.70162454      0.82686918     0.045812773      0.25243234      0.82628794       13.586129       146.84438       9.5214948        9.5214948                           -0        38.94956                                  38.94956
              2       28.926635      -322.72842      -154.24067        69.57082     0.022272961      0.12060025      -322.72842       168.48775   -0.0017616001   2.0989032e-09      0.29651739      0.70516939      0.82037798     0.046017573      0.24916899      0.81560232       13.624604       147.04615       9.5214948        9.5214948                           -0        38.81028                                  38.81028
              1       28.910715       -337.5098      -153.05659       69.734329     0.022277532      0.12073235       -337.5098       184.45321   -0.0018422837   2.0989032e-09      0.29540955      0.70635827       0.8213628     0.045811426      0.24827353      0.81505453       13.607192       147.00629       9.5214948        9.5214948                           -0       38.778441                                 38.778441
              1         29.6698      -118.44985      -155.67768        70.35741     0.022342807      0.11989005      -118.44985       -37.22783  -0.00064655379   2.0989032e-09      0.28863076      0.71194264      0.81869002     0.045135477      0.24219405      0.80302705       13.569726       147.15626       9.5214948        9.5214948                           -0        40.29661                                  40.29661
              1       29.411827      -104.30729       -174.2274       70.739487     0.022186276      0.11927881      -104.30729      -69.920108  -0.00056935717   2.0989032e-09        0.283987         0.71651      0.81799509     0.044336419      0.23836336      0.79586481       13.561131       147.49235       9.5214948        9.5214948                           -0       39.780665                                 39.780665
              1       29.365564      -103.42746      -174.79018       70.691705     0.022185146      0.11931355      -103.42746      -71.362716  -0.00056455468   2.0989032e-09      0.28443829       0.7160538      0.81803926     0.044394113      0.23875521      0.79653992       13.564344       147.48437       9.5214948        9.5214948                           -0       39.688137                                 39.688137
              1       29.143217       -130.5796      -193.86826       70.781136     0.022120669      0.11873371       -130.5796      -63.288661  -0.00071276354   2.0989032e-09       0.2824339      0.71820659      0.81615802     0.044153304      0.23699488      0.79190309       13.578599         147.711       9.5214948        9.5214948                           -0       39.243443                                 39.243443
              5       28.773357      -130.68781      -196.48832       70.952101     0.022098999      0.11945669      -130.68781      -65.800516  -0.00071335417   2.0989032e-09      0.28246753      0.71817389       0.8199574     0.043897733      0.23729028      0.79563693       13.545978       147.54241       9.5214948        9.5214948                           -0       38.503725                                 38.503725
              2       28.777362      -139.26042      -196.17385       70.975605     0.022101498      0.11942442      -139.26042      -56.913429  -0.00076014746   2.0989032e-09      0.28222139      0.71846687      0.81986052     0.043873624      0.23706909      0.79519622        13.54498       147.54821       9.5214948        9.5214948                           -0       38.511734                                 38.511734
              1       28.776826      -125.95656      -200.22606       70.874112     0.022152551      0.11934989      -125.95656      -74.269507  -0.00068752883   2.0989032e-09      0.28298352      0.71763192       0.8189384     0.044101006      0.23760018      0.79537361       13.554553       147.51107       9.5214948        9.5214948                           -0       38.510662                                 38.510662
              1        29.20772      -166.41362      -183.22936       71.041066     0.022124361      0.11891725      -166.41362       -16.81574  -0.00090836211   2.0989032e-09      0.28074189      0.72009472      0.81759566     0.043838107      0.23562747      0.79091818       13.550608       147.65785       9.5214948        9.5214948                           -0        39.37245                                  39.37245
              1       29.358366      -149.53809      -170.76134       70.568922     0.022123937      0.11928128      -149.53809      -21.223248  -0.00081624771   2.0989032e-09      0.28524124       0.7155023      0.81801816      0.04442582      0.23952196      0.79764284       13.577678       147.56127       9.5214948        9.5214948                           -0       39.673743                                 39.673743
              3       29.080409      -19.243699      -143.92255       71.577988     0.022278413      0.12094332      -19.243699      -124.67885  -0.00010504096   2.0989032e-09      0.28080109      0.71923328      0.82673726     0.043483578      0.23606027      0.79984581       13.436559       146.94981       9.5214948        9.5214948                           -0       39.117829                                 39.117829
              1        29.03887      -13.078497      -133.56722       71.759309     0.022262814      0.12132771      -13.078497      -120.48872  -7.1388453e-05   2.0989032e-09      0.28010002      0.71990104      0.82896696     0.043233815      0.23561531       0.8010012       13.409834       146.86608       9.5214948        9.5214948                           -0        39.03475                                  39.03475
              1        29.02254       -16.86298      -140.08866       71.112975     0.022212661      0.12272172       -16.86298      -123.22568  -9.2045904e-05   2.0989032e-09      0.28787211      0.71214833      0.83382663     0.043924101      0.24267427       0.8167985       13.429974       146.55705       9.5214948        9.5214948                           -0       39.002091                                 39.002091
              2       28.926849      -12.906032      -137.44012        71.04915     0.022222951      0.12269759      -12.906032      -124.53409  -7.0447057e-05   2.0989032e-09      0.28836212      0.71163659      0.83347969     0.044023438      0.24306266      0.81715323       13.435044         146.552       9.5214948        9.5214948                           -0       38.810708                                 38.810708
              1       28.873972      -39.073703      -134.50408       71.012965     0.022212909      0.12259315      -39.073703      -95.430378  -0.00021328224   2.0989032e-09      0.28842905      0.71171243      0.83300875     0.044048399      0.24310332      0.81678628       13.441159       146.59026       9.5214948        9.5214948                           -0       38.704955                                 38.704955
              1       28.767894      -35.165042      -128.73738        70.98104     0.022159064      0.12196586      -35.165042      -93.572333  -0.00019194698   2.0989032e-09      0.28733665      0.71278342      0.83052093     0.043981161      0.24207702      0.81280332       13.460312       146.81349       9.5214948        9.5214948                           -0       38.492798                                 38.492798
              6       28.763563      -29.332609      -130.91916       70.987242      0.02215896       0.1219199      -29.332609      -101.58655  -0.00016011087   2.0989032e-09      0.28719505       0.7128932      0.83033624      0.04397327      0.24194353      0.81242231        13.46124       146.82563       9.5214948        9.5214948                           -0       38.484137                                 38.484137
              2       28.814981      -72.931513      -119.96014       71.176029     0.022162631      0.12200664      -72.931513      -47.028625  -0.00039809375   2.0989032e-09      0.28585201       0.7144746      0.83118214     0.043747557      0.24083297      0.81134619        13.44228       146.79887       9.5214948        9.5214948                           -0       38.586973                                 38.586973
              2       29.150816      -7.6323711      -141.75889       72.148669      0.02218075      0.12279509      -7.6323711      -134.12652  -4.1660992e-05   2.0989032e-09      0.27974626      0.72022583      0.83698434     0.042610788      0.23589804      0.80823723       13.343619        146.5731       9.5214948        9.5214948                           -0       39.258642                                 39.258642
              3       29.849603      -39.004068      -110.03325         73.5634     0.022201334       0.1243933      -39.004068      -71.029182  -0.00021290215   2.0989032e-09      0.27208124      0.72806475      0.84734373     0.041025651      0.22986529      0.80695309       13.183398       146.13651       9.5214948        9.5214948                           -0       40.656216                                 40.656216
              3       28.758256      -44.075479       -94.36057       73.513583      0.02218329       0.1237997      -44.075479      -50.285091  -0.00024058424   2.0989032e-09      0.27131833      0.72885525      0.84468139     0.041047883      0.22907854      0.80328908       13.199737       146.30959       9.5214948        9.5214948                           -0       38.473523                                 38.473523
              7       28.737715      -86.203463      -84.971355       73.154246     0.022055233      0.12369291      -86.203463       1.2321086  -0.00047053816   2.0989032e-09       0.2735515      0.72685137      0.84420303     0.041212843      0.23113502      0.80613139       13.233843       146.47806       9.5214948        9.5214948                           -0       38.432441                                 38.432441
              2       28.723664      -84.996765       -84.12514       73.092123     0.022050736      0.12366472      -84.996765      0.87162413  -0.00046395144   2.0989032e-09       0.2739555      0.72644067      0.84395342      0.04127451       0.2314753      0.80648791       13.239482       146.49033       9.5214948        9.5214948                           -0       38.404339                                 38.404339
              2       28.730532      -41.621033      -139.90088       73.421261     0.022256379       0.1221786      -41.621033      -98.279852  -0.00022718674   2.0989032e-09      0.26912945      0.73103056       0.8368568     0.041286762      0.22664778      0.79263114       13.254776       146.65049       9.5214948        9.5214948                           -0       38.418075                                 38.418075
              1       28.731864      -49.570097      -141.42012       73.388737     0.022230971      0.12205372      -49.570097      -91.850023  -0.00027057639   2.0989032e-09      0.26908901      0.73111434      0.83640029     0.041276191      0.22661685      0.79213924       13.261723       146.71111       9.5214948        9.5214948                           -0       38.420738                                 38.420738
              3       28.715763      -33.278643      -135.04978       74.901003     0.022040259       0.1220874      -33.278643      -101.77113  -0.00018165014   2.0989032e-09      0.25805288      0.74206423      0.84130051     0.039286327      0.21761839      0.78026994       13.143567       146.91315       9.5214948        9.5214948                           -0       38.388537                                 38.388537
              1       28.733326      -33.637573        -135.656       74.706741     0.022065192      0.12213818      -33.637573      -102.01843  -0.00018360934   2.0989032e-09      0.25953231      0.74058641      0.84092432     0.039535581      0.21884259      0.78215351       13.157126       146.87222       9.5214948        9.5214948                           -0       38.423662                                 38.423662
              2       28.692821      -84.595644      -152.16344       73.946264     0.021872918      0.12055285      -84.595644      -67.567791  -0.00046176194   2.0989032e-09      0.26164703       0.7387485      0.83337918     0.040001314      0.22046772      0.77828727       13.267528       147.50395       9.5214948        9.5214948                           -0       38.342652                                 38.342652
              1        28.76569       -132.5596      -172.37259       73.001494     0.021640394      0.11979336       -132.5596      -39.812989  -0.00072357129   2.0989032e-09      0.26660175      0.73405387      0.82940241     0.040607072      0.22478599      0.78187291       13.375114        147.9674       9.5214948        9.5214948                           -0        38.48839                                  38.48839
              1       28.680559      -56.891408      -195.65844       73.130802     0.021427698      0.11850869      -56.891408      -138.76703  -0.00031053947   2.0989032e-09         0.26286      0.73738283      0.82527735     0.040065896      0.22158969      0.77250545        13.40667       148.55395       9.5214948        9.5214948                           -0       38.318128                                 38.318128
              1       28.677103      -85.064068      -201.73173       73.505629     0.021398018      0.11802284      -85.064068      -116.66767  -0.00046431881   2.0989032e-09      0.25923187      0.74116543      0.82413088     0.039603388      0.21843632      0.76608993       13.392009       148.71937       9.5214948        9.5214948                           -0       38.311217                                 38.311217
              1       29.265361      -43.873619      -223.78733       74.540762      0.02151486      0.11859345      -43.873619      -179.91371   -0.0002394824   2.0989032e-09       0.2533193      0.74685501      0.82828398     0.038721382      0.21343864      0.76111937       13.294476       148.43185       9.5214948        9.5214948                           -0       39.487733                                 39.487733
              1       29.779779      -46.746569      -184.55924       75.535628     0.021016866      0.11968044      -46.746569      -137.81268  -0.00025516428   2.0989032e-09      0.24772272      0.75246897      0.83875479     0.036835304      0.20975847      0.76217958       13.191656       148.70714       9.5214948        9.5214948                           -0       40.516568                                 40.516568
              1       28.704278      -84.714525      -131.13703       75.044649     0.020869225      0.12021833      -84.714525      -46.422502  -0.00046241085   2.0989032e-09      0.25166772      0.74873039      0.84106689      0.03705671      0.21346724      0.77034217       13.209747        148.7315       9.5214948        9.5214948                           -0       38.365567                                 38.365567
              1       29.239572      -18.080222      -166.05373       74.628541     0.020965084      0.11779316      -18.080222      -147.97351  -9.8690166e-05   2.0989032e-09      0.25029968      0.74973399      0.82831528     0.037643214       0.2114999        0.756598       13.308879       149.27951       9.5214948        9.5214948                           -0       39.436155                                 39.436155
              4       29.319508      -53.585745      -167.72594       75.537251     0.020972452      0.11744784      -53.585745      -114.14019  -0.00029249565   2.0989032e-09      0.24372143       0.7565076      0.82860205     0.036755884      0.20583664      0.74684802        13.24676       149.36551       9.5214948        9.5214948                           -0       39.596027                                 39.596027
              1       29.152563      -182.27667      -262.72058       73.645325     0.020619366        0.112975      -182.27667      -80.443907  -0.00099494994   2.0989032e-09      0.24750658      0.75342161       0.8062775     0.038017621      0.20830131      0.73234764       13.556792       151.02614       9.5214948        9.5214948                           -0       39.262136                                 39.262136
              1       29.177858      -207.34844      -259.21773       72.966853     0.020777851      0.11345626      -207.34844       -51.86929   -0.0011318032   2.0989032e-09      0.25333237      0.74773142      0.80607731     0.039025583      0.21309695      0.74073252       13.594665       150.70247       9.5214948        9.5214948                           -0       39.312726                                 39.312726
              1       28.790019      -191.50035      -263.41767       73.010136     0.020715887       0.1137269      -191.50035      -71.917319    -0.001045297   2.0989032e-09      0.25342357      0.74755379       0.8078637     0.038863081      0.21335209      0.74250771        13.58577       150.69933       9.5214948        9.5214948                           -0       38.537049                                 38.537049
              1       28.762233      -231.16131      -254.87778       73.229644     0.020599063      0.11383164      -231.16131      -23.716477   -0.0012617848   2.0989032e-09      0.25188402      0.74931024      0.80962862     0.038412592      0.21227026      0.74186612       13.567216       150.80797       9.5214948        9.5214948                           -0       38.481476                                 38.481476
              1       28.717882      -207.35924       -248.7202       73.337307     0.020672647      0.11437415      -207.35924      -41.360951   -0.0011318621   2.0989032e-09      0.25229051      0.74877403      0.81188506     0.038436707      0.21265616      0.74453373       13.538958       150.56832       9.5214948        9.5214948                           -0       38.392774                                 38.392774
              1       28.694801      -207.23496      -252.35016       73.175203      0.02068584      0.11433808      -207.23496      -45.115204   -0.0011311837   2.0989032e-09      0.25336681      0.74769675      0.81128714     0.038631831      0.21353202      0.74557069       13.553788        150.5629       9.5214948        9.5214948                           -0       38.346613                                 38.346613
              3       28.665491      -209.62625      -262.74179       73.446176     0.020881914      0.11408633      -209.62625      -53.115539   -0.0011442365   2.0989032e-09       0.2513975      0.74967961      0.80937893      0.03871078      0.21149263      0.74092073       13.535754       150.40278       9.5214948        9.5214948                           -0       38.287993                                 38.287993
              1        28.22414      -68.556567      -371.89775       73.521985     0.021647636      0.11185109      -68.556567      -303.34119  -0.00037421328   2.0989032e-09      0.24816077      0.75214645      0.79393716     0.040047556      0.20692158      0.72209123       13.594868       150.13669       9.5214948        9.5214948                           -0        37.40529                                  37.40529
              5       28.293915      -74.350647      -374.65012       73.306013     0.021635942      0.11187033      -74.350647      -300.29948  -0.00040584003   2.0989032e-09      0.24963922      0.75069924      0.79367888     0.040262117      0.20817844       0.7240034       13.613198       150.14484       9.5214948        9.5214948                           -0        37.54484                                  37.54484
              4       27.671867      -83.644591      -456.42956       72.444619     0.021899086      0.10724559      -83.644591      -372.78496  -0.00045657065   2.0989032e-09      0.24730051      0.75308706      0.76810399      0.04172667       0.2043465      0.69738387       13.836569       151.15594       9.5214948        9.5214948                           -0       36.300744                                 36.300744
              2       27.632175      -78.583008      -460.71888       72.388508     0.021853386      0.10700256      -78.583008      -382.13587  -0.00042894221   2.0989032e-09      0.24713303       0.7532268      0.76711268     0.041704171      0.20419962      0.69624796       13.851124       151.27987       9.5214948        9.5214948                           -0        36.22136                                  36.22136
              1       27.928688      -212.86256      -481.89957       70.285787     0.021708656      0.10608952      -212.86256        -269.037   -0.0011619018   2.0989032e-09      0.25999984      0.74108876      0.75957138     0.043943831      0.21475211      0.70712225       14.072645       151.71593       9.5214948        9.5214948                           -0       36.814386                                 36.814386
              2       29.792577       -157.7778      -534.29328       68.861263     0.022627516      0.10468999       -157.7778      -376.51548   -0.0008612238   2.0989032e-09       0.2698546      0.73093026       0.7440275     0.047718514      0.22077768      0.70565638       14.225278       151.04605       9.5214948        9.5214948                           -0       40.542165                                 40.542165
              1       30.035807      -211.40374      -525.64575       68.347816     0.022626742      0.10519182      -211.40374      -314.24201   -0.0011539388   2.0989032e-09      0.27499688      0.72607954      0.74537427     0.048436499       0.2251815      0.71363749       14.253567       150.90135       9.5214948        9.5214948                           -0       41.028625                                 41.028625
              1       30.186766      -221.97836      -556.08367       68.555717     0.023805304      0.10531834      -221.97836      -334.10532     -0.00121166   2.0989032e-09      0.27610833      0.72502628      0.73907643     0.050650807      0.22408699      0.70903631       14.203474       149.51824       9.5214948        9.5214948                           -0       41.330543                                 41.330543
              1       28.548188      -188.51414      -545.19571       69.363638       0.0238641      0.10643594      -188.51414      -356.68156   -0.0010289969   2.0989032e-09      0.27215886      0.72879488      0.74569199     0.049599961       0.2212201      0.71024811       14.092249       149.13575       9.5214948        9.5214948                           -0       38.053387                                 38.053387
              1       26.435864      -302.71093      -556.76145       71.247406     0.023670756      0.10524376      -302.71093      -254.05051   -0.0016523355   2.0989032e-09      0.25522799      0.74635301      0.74503914     0.046630923      0.20732813      0.68719915       13.985533       149.69126       9.5214948        9.5214948                           -0       33.828738                                 33.828738
              4       26.497092       -303.2666      -554.15996       71.259096     0.023673269      0.10529179       -303.2666      -250.89336   -0.0016553686   2.0989032e-09      0.25524381      0.74634025      0.74527541     0.046620575      0.20735471      0.68743837       13.982079       149.67473       9.5214948        9.5214948                           -0       33.951195                                 33.951195
              2       26.878055      -131.55042      -525.87819       72.750831     0.024505512      0.10876985      -131.55042      -394.32776  -0.00071806272   2.0989032e-09       0.2530276      0.74762204      0.75957863     0.046300734      0.20550984      0.69758328       13.713362       147.77598       9.5214948        9.5214948                           -0        34.71312                                  34.71312
              4       26.880998      -114.49296      -520.21229       72.827685     0.024443736      0.10886041      -114.49296      -405.71933  -0.00062495523   2.0989032e-09      0.25254811      0.74800857      0.76052597     0.046086589      0.20524706      0.69779119       13.703771       147.81864       9.5214948        9.5214948                           -0       34.719007                                 34.719007
              1       28.556439      -63.124715      -543.23636       74.157611     0.024533105       0.1086786      -63.124715      -480.11164  -0.00034456373   2.0989032e-09      0.24340297      0.75687574      0.76159978     0.044610907      0.19762077      0.68600791       13.607221       147.77093       9.5214948        9.5214948                           -0       38.069889                                 38.069889
              3       28.552573      -61.204492      -543.95299       74.132649     0.024536339      0.10867013      -61.204492       -482.7485  -0.00033408227   2.0989032e-09      0.24355738      0.75671081      0.76149243     0.044646841      0.19773846      0.68612874       13.609503       147.76973       9.5214948        9.5214948                           -0       38.062156                                 38.062156
              2       31.805392      -87.360866      -567.58762       74.879069     0.025247287      0.10890962      -87.360866      -480.22676  -0.00047685579   2.0989032e-09      0.24042098      0.75999129      0.75963185      0.04502916      0.19424299      0.68003102       13.534391       146.93413       9.5214948        9.5214948                           -0       44.567793                                 44.567793
              1       30.753626      -62.942791      -563.73217        75.00033     0.025210924      0.10882288      -62.942791      -500.78938  -0.00034357071   2.0989032e-09      0.23942534      0.76085385      0.75962551     0.044819027      0.19346119      0.67861581       13.526098       146.99682       9.5214948        9.5214948                           -0       42.464263                                 42.464263
              2        27.12414      -129.73183      -573.19903       73.044292     0.024680617      0.10714738      -129.73183      -443.46719  -0.00070813602   2.0989032e-09      0.24828585      0.75235442      0.75128863     0.046257637      0.20082094      0.68347427       13.749716       148.03264       9.5214948        9.5214948                           -0       35.205291                                 35.205291
              1       27.484153      -147.64556      -526.27032       73.562053     0.024420089      0.10877819      -147.64556      -378.62476  -0.00080591739   2.0989032e-09      0.24733529      0.75340371      0.76171423     0.045127321      0.20101764      0.69163106       13.651837       147.86716       9.5214948        9.5214948                           -0       35.925316                                 35.925316
              1       27.011448      -121.97228      -511.12345       72.599587     0.024614788      0.10957715      -121.97228      -389.15117  -0.00066578082   2.0989032e-09      0.25582195      0.74477513      0.76242984     0.046701174      0.20789867      0.70405755       13.693485       147.43547       9.5214948        9.5214948                           -0       34.979907                                 34.979907
              2       27.004566      -240.70673      -541.10102       70.474663     0.024454999      0.10828461      -240.70673      -300.39429    -0.001313888   2.0989032e-09      0.26855725      0.73268373      0.75312912      0.04923814       0.2180222      0.71256955       13.924467       147.96506       9.5214948        9.5214948                           -0       34.966142                                 34.966142
              1       27.331761       -202.3861      -545.24762       69.920799     0.024451382      0.10805138       -202.3861      -342.86153   -0.0011047164   2.0989032e-09      0.27234429      0.72868636      0.75087369     0.050013892      0.22101285      0.71542711       13.977832        148.0335       9.5214948        9.5214948                           -0       35.620533                                 35.620533
              1       27.325921      -202.22601      -545.04487       69.925194     0.024442336      0.10805392      -202.22601      -342.81886   -0.0011038426   2.0989032e-09      0.27229675      0.72873303      0.75095068     0.049989104      0.22099027      0.71543803       13.977591       148.04273       9.5214948        9.5214948                           -0       35.608852                                 35.608852
              1       27.478414      -158.96083      -523.41464       69.500898     0.024643322      0.11029379      -158.96083      -364.45381  -0.00086768131   2.0989032e-09      0.28068474      0.72010798      0.75920547     0.051017412      0.22833381      0.73435845       13.932202       147.20914       9.5214948        9.5214948                           -0       35.913839                                 35.913839
              1       27.504122      -216.14873      -547.69161       69.982195      0.02444424      0.10753074      -216.14873      -331.54289   -0.0011798392   2.0989032e-09      0.27078899      0.73031691      0.74859546     0.049911592      0.21956217      0.71121689       13.990005       148.18564       9.5214948        9.5214948                           -0       35.965255                                 35.965255
              6       25.685014      -220.79751      -637.34766       70.157165      0.02541147      0.10555608      -220.79751      -416.55014   -0.0012052144   2.0989032e-09      0.26739322      0.73373842      0.73374297     0.051628051      0.21445649      0.69272127         14.0371       147.67825       9.5214948        9.5214948                           -0       32.327038                                 32.327038
              3       25.697651      -218.69316      -633.26938       70.351603     0.025464185      0.10567399      -218.69316      -414.57622   -0.0011937279   2.0989032e-09      0.26626196      0.73485861      0.73436464     0.051449574      0.21351093      0.69184004       14.014184       147.58856       9.5214948        9.5214948                           -0       32.352312                                 32.352312
              1       25.710185      -218.68499       -632.5133        70.34893     0.025462174      0.10569905      -218.68499       -413.8283   -0.0011936833   2.0989032e-09      0.26632876      0.73479175       0.7344907      0.05144942      0.21357779      0.69204559       14.013406       147.58379       9.5214948        9.5214948                           -0        32.37738                                  32.37738
              1       26.160086      -173.60805      -586.84904       72.072956     0.025596766      0.10645724      -173.60805      -413.24098  -0.00094763261   2.0989032e-09      0.25545838      0.74541954        0.740533     0.049276564      0.20494179      0.68335105       13.827316       147.22951       9.5214948        9.5214948                           -0       33.277182                                 33.277182
              3       26.066014      -55.479159      -599.63544       72.420968     0.025240657      0.10672672      -55.479159      -544.15628  -0.00030283077   2.0989032e-09      0.25284396      0.74738983      0.74461435      0.04812514      0.20349068      0.68359215        13.80179       147.53932       9.5214948        9.5214948                           -0       33.089038                                 33.089038
              6        26.33278      -170.00526      -726.11868       65.956298     0.026333687       0.1056013      -170.00526      -556.11343  -0.00092796689   2.0989032e-09      0.30476326      0.69608147      0.71958603     0.060533965       0.2427486      0.72527616       14.391924       146.67801       9.5214948        9.5214948                           -0        33.62257                                  33.62257
              2        26.53581      -281.19635      -700.04505       65.336327     0.026486538      0.10787057      -281.19635       -418.8487    -0.001534899   2.0989032e-09      0.31624841      0.68520166      0.72761978     0.062046284       0.2526932      0.74706441       14.365064       145.90116       9.5214948        9.5214948                           -0        34.02863                                  34.02863
              1       27.354096      -264.89411      -685.88381       64.639463      0.02664669      0.10879417      -264.89411       -420.9897   -0.0014459139   2.0989032e-09      0.32569775       0.6756615      0.72907835     0.063774606      0.26038151      0.75966296       14.388552        145.4865       9.5214948        9.5214948                           -0       35.665203                                 35.665203
              1       27.277812      -289.11476      -757.92357       63.968891     0.027284068      0.10672087      -289.11476      -468.80881   -0.0015781214   2.0989032e-09      0.32905291      0.67243672       0.7145068     0.066676298      0.26080249      0.74830494       14.515564       145.38045       9.5214948        9.5214948                           -0       35.512635                                 35.512635
              2       26.369165      -241.10224      -602.61468       71.010546     0.027630441      0.10996722      -241.10224      -361.51243   -0.0013160469   2.0989032e-09      0.27415342      0.72709081      0.74294851     0.054795148      0.21808086      0.71022332       13.756473        144.1668       9.5214948        9.5214948                           -0       33.695341                                 33.695341
              4       27.091792      -224.91101      -566.27119       71.009655     0.027680435      0.11153094      -224.91101      -341.36018   -0.0012276678   2.0989032e-09       0.2773606      0.72379525      0.74983252     0.054895672      0.22118748      0.72098468       13.698204       143.70979       9.5214948        9.5214948                           -0       35.140594                                 35.140594
              1       28.798983      -150.52043      -475.04747       71.781696     0.027282005      0.11408851      -150.52043      -324.52703  -0.00082160975   2.0989032e-09      0.27561682      0.72513451       0.7653958     0.052947914       0.2214188      0.73363207       13.547394       143.45296       9.5214948        9.5214948                           -0       38.554976                                 38.554976
              6       28.636677      -131.16711      -473.52713       72.177716     0.027656766       0.1147156      -131.16711      -342.36002   -0.0007159704   2.0989032e-09      0.27452373      0.72612274      0.76683249     0.053087849      0.22019944      0.73355016       13.487418       142.91799       9.5214948        9.5214948                           -0       38.230365                                 38.230365
              2       28.228489      -180.96626      -412.16935       74.521001     0.028306962      0.11786254      -180.96626      -231.20309   -0.0009877971   2.0989032e-09       0.2643681      0.73655449      0.78207888     0.050972496       0.2122357      0.73416632       13.190329       141.49143       9.5214948        9.5214948                           -0       37.413989                                 37.413989
              1       27.415978      -178.54386      -524.14182       72.736399     0.028014476       0.1129968      -178.54386      -345.59796  -0.00097457451   2.0989032e-09      0.26775006      0.73315607      0.75806488     0.052951578      0.21358097      0.71616079        13.49618       142.99917       9.5214948        9.5214948                           -0       35.788967                                 35.788967
              4       27.370347      -126.76973      -527.69579       73.452827     0.028611828      0.11342526      -126.76973      -400.92607  -0.00069196748   2.0989032e-09      0.26445379      0.73617106      0.75789982     0.053030848      0.21022907      0.71158384       13.411567       142.30081       9.5214948        9.5214948                           -0       35.697704                                 35.697704
              2       27.427928      -29.944928       -634.5072        72.32571     0.029028975      0.11249767      -29.944928      -604.56227  -0.00016345319   2.0989032e-09      0.27178466      0.72830956      0.74903448     0.055494033      0.21505925      0.71294111       13.543182       142.12732       9.5214948        9.5214948                           -0       35.812866                                 35.812866
              2        28.76357      -45.671386      -504.76676       67.444041     0.028070652      0.11692136      -45.671386      -459.09538  -0.00024929543   2.0989032e-09      0.32017102      0.67999867      0.76314007      0.06171139      0.25704354      0.78837826       13.811201       141.95509       9.5214948        9.5214948                           -0        38.48415                                  38.48415
              5       28.044045      -188.07773      -487.49862       68.789979     0.027421614      0.11730268      -188.07773      -299.42088   -0.0010266148   2.0989032e-09      0.30719895      0.69375114      0.77210626     0.057948561      0.24788918      0.78131527       13.705156       142.49991       9.5214948        9.5214948                           -0       37.045101                                 37.045101
              1       27.984454      -169.55146      -490.50773       68.944367     0.027545399      0.11728428      -169.55146      -320.95627  -0.00092548986   2.0989032e-09      0.30604638      0.69480293      0.77165878     0.057949739      0.24674152      0.77939623       13.689545       142.38184       9.5214948        9.5214948                           -0       36.925919                                 36.925919
              1       27.407639      -192.23634      -554.19879       68.861884     0.026776999      0.11320051      -192.23634      -361.96245   -0.0010493144   2.0989032e-09      0.29654756      0.70442539      0.75805847      0.05646822      0.23872097      0.75368394       13.848487       144.19355       9.5214948        9.5214948                           -0       35.772288                                 35.772288
              2       27.598951      -234.33177      -522.05368       70.094672     0.027750949      0.11459942      -234.33177      -287.72191   -0.0012790906   2.0989032e-09      0.29103776      0.71016763      0.76132713     0.056481708      0.23324504      0.74986891       13.672436       142.85369       9.5214948        9.5214948                           -0       36.154912                                 36.154912
              1       28.579853      -202.34349      -545.71954       68.428098     0.028346638      0.11448889      -202.34349      -343.37604   -0.0011044839   2.0989032e-09      0.30642303      0.69460411      0.75345216     0.060538634      0.24450875       0.7614752        13.80198       142.29293       9.5214948        9.5214948                           -0       38.116716                                 38.116716
              4       28.113721      -60.800977      -525.63442       70.409378     0.028429721      0.11515073      -60.800977      -464.83345   -0.0003318797   2.0989032e-09      0.29092315      0.70933568      0.76038175     0.057347116      0.23227672      0.74879029       13.608261       142.04545       9.5214948        9.5214948                           -0       37.184452                                 37.184452
              1       28.944283      -177.40504      -504.73874       70.011923     0.029943533      0.11767034      -177.40504       -327.3337   -0.0009683583   2.0989032e-09      0.30246432      0.69843016       0.7618194     0.061088439      0.24006177      0.76494195       13.530587       139.97504       9.5214948        9.5214948                           -0       38.845576                                 38.845576
              1         27.8129      -184.53052      -628.27091       68.458552     0.029729579      0.11319006      -184.53052      -443.74039   -0.0010072525   2.0989032e-09      0.30632995      0.69460003       0.7398564     0.063435642      0.24151988      0.74762108       13.817682        141.2769       9.5214948        9.5214948                           -0        36.58281                                  36.58281
              1       23.872422      -310.51162      -754.71052       69.245172     0.027844186      0.10378608      -310.51162      -444.19889   -0.0016949153   2.0989032e-09      0.27586514      0.72575426      0.70927188     0.058070495      0.21645126      0.68014345       14.140863       145.59369       9.5214948        9.5214948                           -0       28.701854                                 28.701854
              6       23.188847      -300.47956      -825.68792       67.894877      0.02736141      0.10107992      -300.47956      -525.20836   -0.0016401557   2.0989032e-09      0.28002921      0.72153239      0.69652507     0.059355976      0.21927589      0.67294225       14.388068       146.83952       9.5214948        9.5214948                           -0       27.334704                                 27.334704
              1       21.743769      -311.93385      -887.78263       67.068528     0.027280609      0.09797756      -311.93385      -575.84879   -0.0017026784   2.0989032e-09      0.27989564      0.72172654      0.68040678     0.060648004      0.21781564      0.65721289       14.600768       147.79682       9.5214948        9.5214948                           -0       24.444548                                 24.444548
              4       21.212939      -188.05019      -916.71174       66.448566     0.028134851     0.098728502      -188.05019      -728.66156   -0.0010264644   2.0989032e-09      0.28877824      0.71216621      0.67799725     0.063719651      0.22359975      0.66519586       14.601445       146.68375       9.5214948        9.5214948                           -0       23.382888                                 23.382888
              1       21.531567      -168.55841      -918.88613       65.838613     0.027869922      0.09876021      -168.55841      -750.32772  -0.00092006936   2.0989032e-09      0.29361569      0.70722084      0.67843699     0.064294585      0.22783511      0.67117924       14.659836       146.95222       9.5214948        9.5214948                           -0       24.020144                                 24.020144
              1       21.943065      -281.14919      -917.69659       65.202798     0.027849141      0.09921337      -281.14919      -636.54739   -0.0015346416   2.0989032e-09      0.30038693      0.70106254      0.67949223     0.065505737      0.23336608      0.67993029        14.70234       146.84722       9.5214948        9.5214948                           -0        24.84314                                  24.84314
             14       21.957281      -281.19801      -915.73195       65.247858     0.027834622     0.099266076      -281.19801      -634.53394   -0.0015349081   2.0989032e-09      0.30006188      0.70138797      0.67991638     0.065381189      0.23316767       0.6799865       14.696236       146.84772       9.5214948        9.5214948                           -0       24.871572                                 24.871572
              9       21.710758      -269.12886      -922.35735       66.793996     0.028521005     0.099075855      -269.12886      -653.22849   -0.0014690291   2.0989032e-09       0.2874432      0.71394466       0.6782171     0.063927832      0.22207158      0.66387166       14.554944         146.186       9.5214948        9.5214948                           -0       24.378527                                 24.378527
              1       21.808264      -291.20978      -900.34455        66.91619     0.028012602      0.09902161      -291.20978      -609.13477   -0.0015895569   2.0989032e-09      0.28513783      0.71637085      0.68104133     0.062559179      0.22114014      0.66395748       14.554425       146.72965       9.5214948        9.5214948                           -0       24.573538                                 24.573538
             15       21.961457      -319.93514      -994.28773       65.232332     0.027602749     0.095422204      -319.93514      -674.35259   -0.0017463532   2.0989032e-09       0.2906266      0.71103466      0.66266901     0.064867406      0.22424545      0.65223442        14.89864       148.18321       9.5214948        9.5214948                           -0       24.879924                                 24.879924
              7       20.868267      -287.47311      -955.84505       65.351091     0.027948564     0.097544972      -287.47311      -668.37194   -0.0015691605   2.0989032e-09      0.29535147      0.70613291      0.67125816     0.065441586      0.22840163      0.66603725       14.768002        147.2113       9.5214948        9.5214948                           -0       22.693545                                 22.693545
              8       20.127048       -241.3578      -988.23326       65.012696     0.028051462     0.096295065       -241.3578      -746.87546   -0.0013174419   2.0989032e-09      0.29572036      0.70551141      0.66396962     0.066368064      0.22782831      0.65921669       14.855339       147.45681       9.5214948        9.5214948                           -0       21.211106                                 21.211106
              1       20.353185      -276.66603       -959.7343       65.476131     0.028026814      0.09682765      -276.66603      -683.06827   -0.0015101704   2.0989032e-09      0.29273379      0.70869191      0.66759255     0.065374399       0.2258569      0.65945822       14.783579        147.3317       9.5214948        9.5214948                           -0        21.66338                                  21.66338
              6       20.558271      -286.30107      -959.80583       65.545759     0.027881798     0.096800023      -286.30107      -673.50476   -0.0015627629   2.0989032e-09      0.29171035      0.70976812      0.66840572     0.064898041      0.22531301      0.65910629       14.785145       147.49261       9.5214948        9.5214948                           -0       22.073553                                 22.073553
             19       21.541459      -306.40484      -920.11559       66.364316     0.028079709     0.098638876      -306.40484      -613.71075   -0.0016724986   2.0989032e-09      0.28918322      0.71240706      0.67777087     0.063756338      0.22396434      0.66543986       14.621902        146.7664       9.5214948        9.5214948                           -0       24.039929                                 24.039929
             10       20.961358       -307.2426      -941.57412       65.957026     0.028347869     0.098162014       -307.2426      -634.33152   -0.0016770714   2.0989032e-09      0.29228597      0.70930787       0.6731923     0.065162583      0.22564272      0.66448088        14.67436       146.61991       9.5214948        9.5214948                           -0       22.879726                                 22.879726
              1       21.069768      -301.47583       -941.9924       66.062028     0.028381384     0.098219002      -301.47583      -640.51657   -0.0016455937   2.0989032e-09      0.29156493      0.70999768      0.67348127     0.065032398      0.22505658      0.66394567       14.662525        146.5691       9.5214948        9.5214948                           -0       23.096546                                 23.096546
              5       21.132629      -179.79004      -917.21438         66.3863     0.027796786     0.098201841      -179.79004      -737.42434  -0.00098137675   2.0989032e-09      0.28735811       0.7135411        0.677229     0.063072154      0.22282438      0.66280633       14.637694       147.18603       9.5214948        9.5214948                           -0       23.222269                                 23.222269
              4       20.791452      -179.50746      -937.41376       66.026936      0.02783804     0.097570506      -179.50746       -757.9063  -0.00097983429   2.0989032e-09      0.28914108      0.71175569      0.67325635     0.063855213      0.22380834      0.66095932       14.699779       147.32061       9.5214948        9.5214948                           -0       22.539914                                 22.539914
              1       21.841437      -171.50849      -911.92798       66.196855     0.028593187     0.099687347      -171.50849      -740.41949  -0.00093617222   2.0989032e-09      0.29421263      0.70664091      0.67953097     0.065251101      0.22749158      0.67294455       14.567957       145.94247       9.5214948        9.5214948                           -0       24.639885                                 24.639885
              3       21.322596      -147.84683      -929.71835       66.610026     0.028177119     0.098544357      -147.84683      -781.87152  -0.00080701601   2.0989032e-09       0.2870602      0.71366521      0.67716876     0.063506383      0.22210204      0.66240374       14.598551       146.69108       9.5214948        9.5214948                           -0       23.602202                                 23.602202
              1       21.465763      -153.48358      -932.75378       66.591871     0.028110137     0.098389284      -153.48358      -779.27019  -0.00083778401   2.0989032e-09      0.28671599      0.71404013      0.67676373     0.063389967      0.22187346      0.66161053       14.610147       146.80441       9.5214948        9.5214948                           -0       23.888536                                 23.888536
              1       21.260167      -153.57979      -924.31864        65.96439     0.027908744     0.098330533      -153.57979      -770.73885  -0.00083830915   2.0989032e-09      0.29159882      0.70915627      0.67639435     0.064138854      0.22597963      0.66685624       14.665705       147.03201       9.5214948        9.5214948                           -0       23.477344                                 23.477344
              1       21.414648      -164.18834      -969.63378       64.916802     0.028534627     0.097473623      -164.18834      -805.44544  -0.00089621549   2.0989032e-09      0.30053783      0.70027246      0.66675125     0.067710803      0.23129853      0.66734864       14.785124       146.61818       9.5214948        9.5214948                           -0       23.786306                                 23.786306
             11       21.415248      -206.17957        -932.082       66.062198     0.029134788     0.099955676      -206.17957      -725.90243    -0.001125423   2.0989032e-09       0.2972691      0.70377334      0.67756273     0.066758385      0.22903477      0.67447176       14.562203       145.31467       9.5214948        9.5214948                           -0       23.787507                                 23.787507
              7       23.306825      -207.81171      -844.20997       67.017563     0.028792258      0.10351108      -207.81171      -636.39826   -0.0011343319   2.0989032e-09      0.29600759      0.70504612      0.69812887     0.064105969      0.23046745      0.69346795       14.333812       144.69984       9.5214948        9.5214948                           -0        27.57066                                  27.57066
              4       23.646189      -270.17186      -809.99215       67.900771     0.028182159      0.10346854      -270.17186      -539.82029   -0.0014747223   2.0989032e-09      0.28694157      0.71445461      0.70319834     0.061125841      0.22441862      0.68772362       14.271158       145.33225       9.5214948        9.5214948                           -0       28.249388                                 28.249388
              1       23.170784      -274.95967      -837.72298       67.338746     0.028324355      0.10267093      -274.95967      -562.76331   -0.0015008563   2.0989032e-09      0.29030594      0.71111506      0.69750819     0.062464028      0.22642139      0.68614618         14.3512       145.40264       9.5214948        9.5214948                           -0       27.298578                                 27.298578
             36       21.614925      -296.53088      -892.99474       67.780853     0.027692526     0.097526976      -296.53088      -596.46386   -0.0016186019   2.0989032e-09      0.27395941      0.72758037      0.67716214     0.060276567      0.21228079      0.64710559       14.548225       147.48676       9.5214948        9.5214948                           -0        24.18686                                  24.18686
             18       21.526966      -295.49842      -887.80625        67.82677     0.027652427     0.097628209      -295.49842      -592.30783   -0.0016129663   2.0989032e-09      0.27372149      0.72781276      0.67796697     0.060107821      0.21221352      0.64759331       14.539105       147.50054       9.5214948        9.5214948                           -0       24.010942                                 24.010942
              3       21.517332      -295.68947       -886.1729       66.980475     0.027597298      0.09852899      -295.68947      -590.48343   -0.0016140091   2.0989032e-09      0.28256704      0.71896626      0.68111864     0.061513455      0.21961782      0.66103261       14.574444       147.30444       9.5214948        9.5214948                           -0       23.991674                                 23.991674
             44       20.260435      -349.42769      -904.91484        66.15323     0.025890556     0.094263389      -349.42769      -555.48715   -0.0019073371   2.0989032e-09      0.27603104      0.72579355      0.66833995     0.059161511      0.21539764      0.64108521       14.881012       150.39399       9.5214948        9.5214948                           -0        21.47788                                  21.47788
             28       20.240873      -304.31415      -917.75703       65.087303     0.024872541     0.092599906      -304.31415      -613.44287   -0.0016610866   2.0989032e-09      0.27881641       0.7227592      0.66391239     0.058712099      0.21858381      0.64004323        15.08136       152.05041       9.5214948        9.5214948                           -0       21.438757                                 21.438757
             35       19.612346      -316.24151      -957.93475           64.96      0.02488674     0.091109112      -316.24151      -641.69324   -0.0017261917   2.0989032e-09      0.27641107      0.72522931      0.65606239     0.058976089      0.21590852      0.62974137       15.183316       152.49171       9.5214948        9.5214948                           -0       20.181703                                 20.181703
              6       19.989107      -283.18291      -945.69753       64.510663     0.024768879     0.092422493      -283.18291      -662.51463   -0.0015457426   2.0989032e-09      0.28314778      0.71831095      0.66254729     0.059517315      0.22208267      0.64366937       15.157842       152.22433       9.5214948        9.5214948                           -0       20.935225                                 20.935225
             31       20.446365      -242.03023      -910.33483        66.67643     0.026588018     0.095373181      -242.03023       -668.3046   -0.0013211123   2.0989032e-09      0.27578123      0.72545843      0.67077344     0.059805524      0.21452682      0.64312824       14.765337       149.29553       9.5214948        9.5214948                           -0        21.84974                                  21.84974
              5       21.211472      -238.05984      -961.71847       66.946023     0.027686222     0.094582289      -238.05984      -723.65863   -0.0012994401   2.0989032e-09      0.27425024      0.72696841      0.66111827     0.061775195       0.2110378      0.63210909       14.769071       148.33607       9.5214948        9.5214948                           -0       23.379954                                 23.379954
             14        21.20175      -279.21045      -834.59602       67.535692     0.024595838     0.094671794      -279.21045      -555.38557   -0.0015240591   2.0989032e-09      0.26290273      0.73854194      0.68036213     0.053925591      0.20756489      0.63690851       14.754278        151.7395       9.5214948        9.5214948                           -0        23.36051                                  23.36051
              6       21.083804      -273.41682      -851.02407       67.357387     0.024586389     0.094111014      -273.41682      -577.60725   -0.0014924348   2.0989032e-09      0.26303962        0.738373      0.67726672      0.05419064      0.20742925      0.63417584       14.801015       151.92024       9.5214948        9.5214948                           -0       23.124619                                 23.124619
              4       20.844327      -278.83503      -843.47154        67.99949      0.02546352     0.095038222      -278.83503      -564.63651   -0.0015220099   2.0989032e-09      0.26199761      0.73944608      0.67792105     0.055068994      0.20553557      0.63352997       14.675245       150.64236       9.5214948        9.5214948                           -0       22.645665                                 22.645665
             12       22.292888      -339.66861      -757.46546       68.994105      0.02425318     0.096159104      -339.66861      -417.79685   -0.0018540675   2.0989032e-09      0.25431025      0.74746775       0.6924731     0.050950063      0.20200701      0.63756463       14.550152       151.68588       9.5214948        9.5214948                           -0       25.542785                                 25.542785
             15       22.841226      -192.85471      -729.72431       69.661518     0.023380579     0.096647721      -192.85471       -536.8696   -0.0010526897   2.0989032e-09      0.24866932      0.75230874      0.70129921     0.048180288      0.19916167       0.6384896       14.485657       152.55449       9.5214948        9.5214948                           -0       26.639462                                 26.639462
              1       21.286774      -197.83476      -860.92061       68.746079     0.025154363      0.09314029      -197.83476      -663.08585   -0.0010798731   2.0989032e-09       0.2516678      0.74933545      0.67125269     0.053225219      0.19707962      0.61480761        14.71029       151.56273       9.5214948        9.5214948                           -0       23.530559                                 23.530559
             39       21.584665      -186.61107      -890.38582       68.180012     0.025641827     0.093282028      -186.61107      -703.77475   -0.0010186091   2.0989032e-09      0.25721766      0.74372305      0.66822458      0.05516134      0.20067064      0.61874573       14.750386       150.96661       9.5214948        9.5214948                           -0        24.12634                                  24.12634
              7       21.765491      -288.39937      -863.81642       68.459477     0.025063791     0.092907291      -288.39937      -575.41704   -0.0015742164   2.0989032e-09      0.25308899      0.74840796       0.6701679     0.053478548      0.19823605      0.61554474       14.754141       151.73705       9.5214948        9.5214948                           -0       24.487992                                 24.487992
              8       22.021851      -306.19585      -795.61741       68.515743     0.025602098     0.097071995      -306.19585      -489.42156   -0.0016713578   2.0989032e-09      0.26269181      0.73890241      0.68821988     0.054537448      0.20678223       0.6440059       14.525906        149.8869       9.5214948        9.5214948                           -0       25.000712                                 25.000712
             10       21.825848      -322.67094      -820.17361        68.86981     0.025446675     0.095804898      -322.67094      -497.50267   -0.0017612864   2.0989032e-09      0.25699854       0.7446864       0.6834012     0.053650438      0.20199004      0.63252899       14.565849       150.43371       9.5214948        9.5214948                           -0       24.608705                                 24.608705
              6       21.457461      -331.36666       -821.1903        68.82481     0.025417145     0.095468195      -331.36666      -489.82364   -0.0018087516   2.0989032e-09      0.25656156      0.74517075      0.68179773     0.053658277      0.20154344      0.63050816       14.584384       150.56673       9.5214948        9.5214948                           -0       23.871933                                 23.871933
             19       20.295254      -261.19507      -806.84647       69.508903     0.024964855     0.093038958      -261.19507       -545.6514   -0.0014257228   2.0989032e-09      0.24557229      0.75577848      0.67306051     0.051671155      0.19256793      0.60895215       14.626843       151.81047       9.5214948        9.5214948                           -0       21.547518                                 21.547518
             23       21.204437      -254.10449      -786.81517       69.526201     0.024566521     0.093282442      -254.10449      -532.71068   -0.0013870192   2.0989032e-09      0.24512977      0.75618234      0.67668912     0.050821404      0.19297582      0.61168326       14.616735       152.19545       9.5214948        9.5214948                           -0       23.365884                                 23.365884
              5       20.140062      -247.56826      -797.78568       69.804391      0.02453579     0.092449163      -247.56826      -550.21742   -0.0013513414   2.0989032e-09      0.24140666      0.75987036      0.67296675     0.050354069      0.18973065      0.60368114       14.636221       152.48635       9.5214948        9.5214948                           -0       21.237134                                 21.237134
              7       19.743428      -254.02307      -806.59031       69.767781     0.024469262     0.091935298      -254.02307      -552.56724   -0.0013865748   2.0989032e-09      0.24046771      0.76084447      0.67062171     0.050270252      0.18887413      0.60040647       14.669406       152.72209       9.5214948        9.5214948                           -0       20.443867                                 20.443867
              8       19.496916      -265.38006       -821.4313       69.436713     0.024655827     0.091588455      -265.38006      -556.05124   -0.0014485664   2.0989032e-09       0.2424338      0.75893966      0.66721141     0.051137709      0.18996011      0.59979028       14.713864       152.61186       9.5214948        9.5214948                           -0       19.950843                                 19.950843
             24       19.393634      -201.58084      -837.69023       69.422415     0.024435894     0.090855918      -201.58084      -636.10939    -0.001100321   2.0989032e-09      0.24055738       0.7604678      0.66460292     0.050702433      0.18851842      0.59512879       14.762787       153.09577       9.5214948        9.5214948                           -0       19.744279                                 19.744279
              2       22.475933      -254.44008      -869.90839       69.231902     0.024013806      0.08845514      -254.44008      -615.46832    -0.001388851   2.0989032e-09      0.23599365      0.76531965      0.65405938     0.050101241      0.18454851      0.58010513       14.937795       154.35208       9.5214948        9.5214948                           -0       25.908876                                 25.908876
             10       19.425368      -228.36916      -806.79704       69.346001     0.023286703     0.089745378      -228.36916      -578.42788   -0.0012465439   2.0989032e-09      0.23638873      0.76478251      0.66543791     0.048424502      0.18662475      0.59069092       14.837695       154.81598       9.5214948        9.5214948                           -0       19.807746                                 19.807746
             25       19.849891       -255.7265      -752.61554       68.788241     0.019504368     0.086303417       -255.7265      -496.88905   -0.0013958728   2.0989032e-09      0.22497025       0.7763491      0.66932809     0.041219572      0.18238939       0.5796168       15.149894       160.81858       9.5214948        9.5214948                           -0       20.656791                                 20.656791
             14        22.49228      -287.57932        -853.175         67.8125      0.02045995     0.083399337      -287.57932      -565.59568   -0.0015697402   2.0989032e-09      0.22725372      0.77423728      0.64581451      0.04449232      0.18136066      0.56208587       15.434852       160.54281       9.5214948        9.5214948                           -0        25.94157                                  25.94157
              5       18.849933      -285.63585      -827.43448       67.595497     0.020538779     0.085022192      -285.63585      -541.79862   -0.0015591319   2.0989032e-09      0.23243946      0.76904042      0.65405715     0.044950972      0.18607874      0.57571826       15.331283       159.87241       9.5214948        9.5214948                           -0       18.656876                                 18.656876
              3       19.474697      -256.95098      -846.88905       66.948017     0.019827836     0.083588188      -256.95098      -589.93807   -0.0014025567   2.0989032e-09      0.23217158      0.76915019      0.64958448     0.044238449      0.18649598      0.57145171       15.505042       161.33139       9.5214948        9.5214948                           -0       19.906405                                 19.906405
              1        18.87595      -261.55357      -820.59728       67.007312     0.019894936     0.084794527      -261.55357      -559.04372   -0.0014276797   2.0989032e-09      0.23459704      0.76674999      0.65594827     0.044309634       0.1888528      0.58005641       15.408893       160.81547       9.5214948        9.5214948                           -0       18.708911                                 18.708911
              9       18.589236      -275.56035       -866.3321       68.089753     0.022345687     0.085032715      -275.56035      -590.77175   -0.0015041352   2.0989032e-09      0.23299728      0.76842875      0.64378655     0.048198129      0.18340979      0.56735736       15.253691       157.52493       9.5214948        9.5214948                           -0       18.135483                                 18.135483
             61        18.54646      -276.39416      -865.18662       68.107432     0.022350907     0.085073532      -276.39416      -588.79246   -0.0015086865   2.0989032e-09      0.23297559      0.76845503      0.64400493     0.048184364      0.18340259       0.5675234       15.248796       157.50462       9.5214948        9.5214948                           -0        18.04993                                  18.04993
              8       18.548405      -285.72543      -830.59645       68.006539     0.021187661     0.085230159      -285.72543      -544.87103   -0.0015596208   2.0989032e-09      0.23149085      0.76999048      0.65178774     0.045812255      0.18428583      0.57254875       15.263208       158.94648       9.5214948        9.5214948                           -0       18.053821                                 18.053821
             19       18.542679      -285.53326      -831.16233       67.992948     0.021192151     0.085217876      -285.53326      -545.62907   -0.0015585719   2.0989032e-09      0.23156655       0.7699137      0.65167313     0.045840285      0.18433295      0.57254166         15.2652       158.94482       9.5214948        9.5214948                           -0       18.042368                                 18.042368
             11       19.251974      -297.98896      -810.85195       67.931028      0.02107683     0.085398294      -297.98896      -512.86299   -0.0016265608   2.0989032e-09      0.23212996      0.76941813      0.65329691     0.045673988      0.18506011       0.5746661       15.246106       159.03377       9.5214948        9.5214948                           -0       19.460959                                 19.460959
              5       18.350669      -310.38056      -925.19877       65.805834     0.021699465     0.082573491      -310.38056      -614.81821   -0.0016941999   2.0989032e-09      0.24227994      0.75933064      0.63088631     0.050109518      0.19068295       0.5669558       15.652288       159.19242       9.5214948        9.5214948                           -0       17.658349                                 17.658349
             17       18.070825      -253.45985      -931.95898       65.859246      0.02216182     0.083251215      -253.45985      -678.49914   -0.0013835004   2.0989032e-09      0.24451558      0.75678443      0.63191753     0.051094238      0.19193628      0.57049657       15.589514       158.36225       9.5214948        9.5214948                           -0        17.09866                                  17.09866
              4       20.666146      -259.08057      -945.93457        64.15053     0.021909651      0.08280613      -259.08057        -686.854   -0.0014141809   2.0989032e-09      0.25602061      0.74530558      0.62844621     0.053239623      0.20121576      0.58055711       15.762389       158.83948       9.5214948        9.5214948                           -0       22.289303                                 22.289303
             11       21.054503      -272.80455      -980.15344        64.78778     0.021711967     0.080872829      -272.80455      -707.34889   -0.0014890927   2.0989032e-09      0.24593211      0.75547071      0.61987066     0.051726486      0.19267104       0.5612393       15.902788       159.76781       9.5214948        9.5214948                           -0       23.066016                                 23.066016
              8         18.1645      -270.98123      -930.43774       65.888178     0.023361549     0.085579754      -270.98123      -659.45652   -0.0014791402   2.0989032e-09      0.25242819      0.74896754      0.63755033     0.053812929       0.1971315      0.58482075       15.406526       156.07483       9.5214948        9.5214948                           -0       17.286011                                 17.286011
              4       18.163577      -271.20155      -930.81314       65.879138     0.023360726     0.085558118      -271.20155       -659.6116   -0.0014803428   2.0989032e-09      0.25244573      0.74895118      0.63742519     0.053825803      0.19713576      0.58472627       15.408724       156.08296       9.5214948        9.5214948                           -0       17.284164                                 17.284164
             28       18.308831      -252.85329      -974.43539        65.49683     0.023923807     0.085566786      -252.85329       -721.5821   -0.0013801896   2.0989032e-09       0.2567342      0.74456158       0.6335871     0.055768598      0.19946406      0.58612137        15.45849       155.39185       9.5214948        9.5214948                           -0       17.574672                                 17.574672
             18       18.348726      -232.38708      -984.99675       64.603821     0.023356539     0.085746908      -232.38708      -752.60966   -0.0012684756   2.0989032e-09      0.26295326      0.73822846      0.63642576     0.055961853      0.20544807      0.59583554       15.548517       156.02603       9.5214948        9.5214948                           -0       17.654462                                 17.654462
             12       20.198797      -309.56841      -865.04412        67.23123     0.025066644     0.093326789      -309.56841      -555.47572   -0.0016897668   2.0989032e-09      0.26335522      0.73825443      0.67026107     0.055456708      0.20647345      0.62799233       14.834945       151.60649       9.5214948        9.5214948                           -0       21.354604                                 21.354604
              2       20.173814      -241.89723      -995.45428        64.03002       0.0268619      0.09338017      -241.89723      -753.55705   -0.0013203864   2.0989032e-09      0.29485566       0.7063764      0.65445896     0.065519331      0.22776521      0.64882343        15.10206       149.58038       9.5214948        9.5214948                           -0       21.304638                                 21.304638
              4       19.127473      -153.21145      -732.04493       77.897419     0.029554869     0.096460839      -153.21145      -578.83348  -0.00083629855   2.0989032e-09      0.20873381      0.79204281      0.67588909     0.048706048      0.15896624      0.56378201       13.677505       145.84968       9.5214948        9.5214948                           -0       19.211956                                 19.211956
             34       19.012594      -154.33589      -723.09893       77.950043     0.029077244     0.095902636      -154.33589      -568.76304  -0.00084243627   2.0989032e-09      0.20674735      0.79403549      0.67568029     0.047854251      0.15783301      0.56091958       13.701566       146.49629       9.5214948        9.5214948                           -0       18.982199                                 18.982199
             18       18.699716      -113.20999       -736.6065       78.303594     0.028040196     0.091813602      -113.20999       -623.3965  -0.00061795223   2.0989032e-09      0.19652428      0.80403461      0.65993919     0.045731733        0.149742      0.53413544       13.883908        148.7623       9.5214948        9.5214948                           -0       18.356442                                 18.356442
              4       18.772147      -81.779624      -724.05841       77.824239     0.028399331     0.094206876      -81.779624      -642.27878  -0.00044639081   2.0989032e-09      0.20349717      0.79688943      0.67029201     0.046889796      0.15554385      0.55205532       13.788152       147.68583       9.5214948        9.5214948                           -0       18.501304                                 18.501304
              3       18.894794      -86.959093      -723.66713        78.20734     0.027667494       0.0930021      -86.959093      -636.70804  -0.00047466273   2.0989032e-09      0.19834211      0.80207335      0.66838952     0.045235021      0.15205396      0.54347112       13.836901       148.81553       9.5214948        9.5214948                           -0       18.746599                                 18.746599
             21       18.899115      -66.741782      -691.88776        79.31434     0.027987642     0.093907665      -66.741782      -625.14598  -0.00036430735   2.0989032e-09      0.19479261      0.80551414      0.67260191     0.044490049      0.14927862      0.54198055       13.685307       148.20891       9.5214948        9.5214948                           -0        18.75524                                  18.75524
              8       19.090881      -71.345599      -690.36979       79.272946     0.028073952     0.094172098      -71.345599      -619.02419   -0.0003894371   2.0989032e-09      0.19555423      0.80477759      0.67349693     0.044673868      0.14985535      0.54376168       13.674058       148.04064       9.5214948        9.5214948                           -0       19.138772                                 19.138772
             25       18.876251      -71.344003      -707.11089       79.180262     0.029199644     0.095719688      -71.344003      -635.76688  -0.00038942839   2.0989032e-09      0.20027624      0.80005543      0.67533576     0.046574017      0.15267482      0.55179001       13.603365       146.42127       9.5214948        9.5214948                           -0       18.709512                                 18.709512
              2       18.880526      -67.791535       -725.1813       79.466869     0.029581176     0.095078825      -67.791535      -657.38976  -0.00037003738   2.0989032e-09      0.19842355      0.80188915      0.67010354     0.046842842      0.15056069      0.54497664       13.615783       146.20862       9.5214948        9.5214948                           -0       18.718063                                 18.718063
             23        18.82518      -65.161483      -735.16691       78.949674     0.029870165     0.095599521      -65.161483      -670.00543  -0.00035568135   2.0989032e-09       0.2023308      0.79796678      0.67071678     0.047922221      0.15337516       0.5508198       13.628211       145.76794       9.5214948        9.5214948                           -0       18.607371                                 18.607371
             60       18.704562      -39.193318      -716.11089       78.956435     0.029077916     0.095176173      -39.193318      -676.91757  -0.00021393516   2.0989032e-09      0.20034624      0.79980961      0.67286239     0.046643186      0.15266981      0.54986519       13.646821       146.70013       9.5214948        9.5214948                           -0       18.366135                                 18.366135
              2       18.216747      -69.566647      -724.76915       79.801435     0.029924474      0.09427318      -69.566647       -655.2025  -0.00037972676   2.0989032e-09      0.19603724      0.80428562      0.66422792     0.046989965       0.1480358      0.53694005       13.613491        146.0833       9.5214948        9.5214948                           -0       17.390504                                 17.390504
              1       18.449028      -82.630909      -724.50554        79.25207     0.029962592     0.095076343      -82.630909      -641.87463  -0.00045103751   2.0989032e-09       0.2001039      0.80028948       0.6677503     0.047704369      0.15137398      0.54535744       13.615357       145.81971       9.5214948        9.5214948                           -0       17.855066                                 17.855066
             15       18.539659      -81.349483      -722.71843       79.226947     0.029928999     0.095084182      -81.349483      -641.36894   -0.0004440429   2.0989032e-09       0.2001898      0.80019655       0.6679486     0.047681109      0.15148249      0.54563646        13.61552       145.85172       9.5214948        9.5214948                           -0       18.036328                                 18.036328
             19       18.139051      -41.014219       -741.3627       78.184871     0.028255477     0.091134528      -41.014219      -700.34848  -0.00022387448   2.0989032e-09      0.19636286      0.80380178      0.65485231     0.046222902      0.14908622      0.52980055       13.906571        148.7305       9.5214948        9.5214948                           -0       17.235112                                 17.235112
              6       26.170035      -62.584832      -776.63252        77.78302     0.027917027     0.090278084      -62.584832      -714.04768   -0.0003416168   2.0989032e-09      0.19642207      0.80385969      0.65166025     0.046142335      0.14921509      0.52729754       14.042265        149.3481       9.5214948        9.5214948                           -0       33.297081                                 33.297081
              9       23.922239      -33.271276      -749.97138        79.01067     0.027523646      0.08922845      -33.271276       -716.7001  -0.00018160993   2.0989032e-09      0.18805404      0.81206957      0.64922547     0.044089428      0.14293278      0.51401554       13.995297       150.09086       9.5214948        9.5214948                           -0       28.801489                                 28.801489
             26       18.434722      -43.106335      -747.16905       77.862208     0.027354286     0.089987831      -43.106335      -704.06271   -0.0002352942   2.0989032e-09      0.19461574      0.80555982        0.653308     0.045120296      0.14843296      0.52619454       14.017446       150.04883       9.5214948        9.5214948                           -0       17.826454                                 17.826454
              7       21.256964       -105.3336      -713.56421       74.773696       0.0218271     0.087571749       -105.3336      -608.23061  -0.00057495924   2.0989032e-09      0.19681793      0.80369226      0.66932082     0.039038969      0.15662689      0.54213325       14.497349       157.33468       9.5214948        9.5214948                           -0       23.470939                                 23.470939
              9       22.096441      -98.453262      -652.26634       74.785415     0.021548009     0.089584096      -98.453262      -553.81308  -0.00053740319   2.0989032e-09       0.1998553      0.80061735      0.68229318     0.038527721      0.16017587      0.55688849       14.359701       157.02395       9.5214948        9.5214948                           -0       25.149893                                 25.149893
              2       21.655308      -103.11582      -656.18664       74.701861     0.021495863     0.089367537      -103.11582      -553.07083  -0.00056285356   2.0989032e-09      0.19982111      0.80067685      0.68132267     0.038520511      0.16014631      0.55604879       14.380363       157.16144       9.5214948        9.5214948                           -0       24.267627                                 24.267627
             41       21.649242      -103.11239       -656.2364       74.705009     0.021497875     0.089363192      -103.11239      -553.12401  -0.00056283486   2.0989032e-09      0.19980009      0.80069785      0.68128961     0.038520871      0.16012503      0.55599256       14.380267       157.16031       9.5214948        9.5214948                           -0       24.255495                                 24.255495
              4       19.188996      -85.283976       -676.4483       76.275626     0.022511276     0.089054871      -85.283976      -591.16432  -0.00046551917   2.0989032e-09      0.19286841      0.80753487      0.67506941     0.038692658       0.1530686      0.54127548       14.259322       155.98899       9.5214948        9.5214948                           -0       19.335002                                 19.335002
              9       19.252958      -232.55625      -689.96238       77.857887     0.023902847     0.086832392      -232.55625      -457.40613    -0.001269399   2.0989032e-09      0.18373824      0.81747142      0.65576548     0.039431601      0.14324403      0.51320124       14.235552        155.0064       9.5214948        9.5214948                           -0       19.462926                                 19.462926
             17       19.480674      -264.75455      -676.99226       76.306269     0.021743066     0.086000141      -264.75455      -412.23771   -0.0014451521   2.0989032e-09      0.18614789      0.81523507      0.66262209     0.037342237       0.1476994      0.52195655       14.442341       157.96737       9.5214948        9.5214948                           -0       19.918358                                 19.918358
              7       19.804952      -332.11369      -689.37499       73.331511     0.021900908     0.089283744      -332.11369       -357.2613   -0.0018128293   2.0989032e-09      0.20795643      0.79378906      0.67683826     0.040726854      0.16603174      0.56352144       14.519149       156.67664       9.5214948        9.5214948                           -0       20.566915                                 20.566915
              8       19.890267      -343.74282      -696.95069        73.00586     0.022055214     0.089665935      -343.74282      -353.20787   -0.0018763064   2.0989032e-09      0.21082238      0.79098598      0.67758441      0.04138051      0.16823333      0.56801675       14.529309       156.35815       9.5214948        9.5214948                           -0       20.737545                                 20.737545
             25       20.554723      -332.48619      -738.09914       72.400397     0.021993379     0.088014906      -332.48619      -405.61295   -0.0018148626   2.0989032e-09      0.21109552      0.79065026      0.66810041     0.041957544      0.16790914      0.56042903       14.685711       156.97738       9.5214948        9.5214948                           -0       22.066456                                 22.066456
              6       18.119372      -250.05657      -952.50655       62.931039     0.019468555     0.081735224      -250.05657      -702.44998   -0.0013649238   2.0989032e-09      0.25717121      0.74410228      0.63542337       0.0491591      0.20638563      0.58832016       16.049039        162.4886       9.5214948        9.5214948                           -0       17.195754                                 17.195754
             15       18.099437      -253.69584      -945.50206       62.543251     0.018645965     0.080894937      -253.69584      -691.80622   -0.0013847886   2.0989032e-09       0.2561191      0.74517311      0.63529027     0.047667675      0.20680472      0.58699251       16.163466       163.95438       9.5214948        9.5214948                           -0       17.155885                                 17.155885
              1       18.144929      -246.09119      -941.80294       62.556299     0.018826212      0.08120543      -246.09119      -695.71175   -0.0013432789   2.0989032e-09       0.2572663      0.74398445      0.63589961     0.048108393      0.20751188      0.58886993       16.129981       163.58349       9.5214948        9.5214948                           -0       17.246868                                 17.246868
             40       17.902838      -249.02305      -980.12125         61.8836      0.01892132     0.080136781      -249.02305       -731.0982   -0.0013592824   2.0989032e-09      0.26034771      0.74091701      0.62828559     0.049408345      0.20925737      0.58529303       16.284191       163.84174       9.5214948        9.5214948                           -0       16.762687                                 16.762687
             22       17.929996      -230.65974      -996.63289       60.955893     0.017932382     0.078509875      -230.65974      -765.97316   -0.0012590469   2.0989032e-09      0.26129252      0.73986907      0.62387352     0.048262142      0.21129679      0.58223648       16.530477        165.8845       9.5214948        9.5214948                           -0       16.817002                                 16.817002
             24       17.994663      -231.17346      -980.10537       60.896968     0.017241121     0.078268302      -231.17346      -748.93191   -0.0012618511   2.0989032e-09      0.25928298      0.74188122      0.62680683     0.046491563      0.21105448      0.58272024       16.569756       167.00883       9.5214948        9.5214948                           -0       16.946337                                 16.946337
              7       18.012377       -230.2347      -981.12428       60.883635     0.017211334      0.07815646       -230.2347      -750.88957   -0.0012567269   2.0989032e-09      0.25901448      0.74214455      0.62634478     0.046431572      0.21084521      0.58198911        16.58087       167.09705       9.5214948        9.5214948                           -0       16.981764                                 16.981764
             14       18.066881      -220.05692      -967.53213       61.623058     0.018444937     0.080432833      -220.05692      -747.47521   -0.0012011719   2.0989032e-09      0.26207898      0.73902683      0.63246071     0.048572526       0.2118102       0.5911382       16.295965       164.41385       9.5214948        9.5214948                           -0       17.090773                                 17.090773
              9       18.549973      -227.93223      -985.10042       61.476421     0.019704729     0.082381476      -227.93223      -757.16819    -0.001244159   2.0989032e-09      0.27182011      0.72932824      0.63502231     0.052137873      0.21797788       0.6044622       16.150233       161.92955       9.5214948        9.5214948                           -0       18.056957                                 18.056957
             18       18.602581      -294.93175      -971.29023       60.208046     0.015278922     0.074517806      -294.93175      -676.35848   -0.0016098731   2.0989032e-09      0.24949143      0.75201855      0.61696661     0.042148649      0.20556586      0.56263773       16.995653       171.59377       9.5214948        9.5214948                           -0       18.162172                                 18.162172
              8       18.252926      -301.63184      -942.94007       61.047165     0.015448325     0.075094567      -301.63184      -641.30823   -0.0016464453   2.0989032e-09      0.24468202      0.75686726       0.6205309     0.041452467      0.20150114      0.56040734       16.837014       171.07961       9.5214948        9.5214948                           -0       17.462863                                 17.462863
             10       18.218463      -294.52306      -931.92282       61.043466      0.01580457     0.076005069      -294.52306      -637.39977   -0.0016076423   2.0989032e-09      0.24811115      0.75339931       0.6234927     0.042413521      0.20396901      0.56701414       16.733412       170.13453       9.5214948        9.5214948                           -0       17.393937                                 17.393937
              6       18.175011      -294.39676      -933.90918       60.955964     0.015710926     0.075809986      -294.39676      -639.51243   -0.0016069529   2.0989032e-09      0.24804692      0.75346257      0.62284038     0.042283348      0.20402999      0.56634758       16.761834       170.36355       9.5214948        9.5214948                           -0       17.307033                                 17.307033
             10       18.256661      -288.22394      -929.64323        61.00376     0.015656894     0.075877945      -288.22394      -641.41929   -0.0015732588   2.0989032e-09      0.24769581      0.75378014      0.62366186     0.042071926      0.20389302      0.56669305       16.750236       170.42278       9.5214948        9.5214948                           -0       17.470333                                 17.470333
             32       17.945281      -252.41247      -932.60714       60.952326     0.015230142     0.075145049      -252.41247      -680.19466   -0.0013777834   2.0989032e-09      0.24499265      0.75628766      0.62211256     0.040994294      0.20226457      0.56219228       16.830725       171.41472       9.5214948        9.5214948                           -0       16.847573                                 16.847573
              6       18.026529      -274.54197      -983.41538        60.22765     0.016108011     0.075638108      -274.54197      -708.87341   -0.0014985764   2.0989032e-09      0.25470316      0.74669559      0.61807007     0.044406863      0.20852053      0.56950068       16.874761       169.79973       9.5214948        9.5214948                           -0       17.010069                                 17.010069
             30       19.872428       -306.3546      -888.93436       61.783657     0.016149728     0.078202601       -306.3546      -582.57976   -0.0016722243   2.0989032e-09      0.24886293      0.75271443      0.63501754     0.042307561      0.20486793      0.57836926       16.463549       168.71099       9.5214948        9.5214948                           -0       20.701867                                 20.701867
              4       20.278648       -271.8289      -885.99692       61.269384      0.01527072     0.077212614       -271.8289      -614.16802   -0.0014837672   2.0989032e-09      0.24807944      0.75330786      0.63432803     0.040679208      0.20568434       0.5768311       16.612341        170.5047       9.5214948        9.5214948                           -0       21.514307                                 21.514307
              7        19.65629       -273.9732      -860.12019        62.25759     0.015693733     0.079134286       -273.9732      -586.14698   -0.0014954718   2.0989032e-09      0.24631571      0.75508634      0.64406393     0.040489428      0.20416443      0.58359882        16.36117       169.06017       9.5214948        9.5214948                           -0       20.269591                                 20.269591
             19       19.097268      -276.16228      -861.29546       61.945897     0.015116128     0.078745138      -276.16228      -585.13318   -0.0015074208   2.0989032e-09      0.24628136       0.7551317      0.64520363     0.039392674      0.20521006      0.58459076       16.445498       170.13777       9.5214948        9.5214948                           -0       19.151547                                 19.151547
              3       19.592628      -315.87098      -905.58699       61.032628      0.01607339      0.08117959      -315.87098      -589.71601   -0.0017241691   2.0989032e-09      0.26281234      0.73881462      0.65087823     0.043150252      0.21793286      0.60920295        16.38404       167.66862       9.5214948        9.5214948                           -0       20.142267                                 20.142267
              2       19.896322      -328.13411      -924.79959       60.657259     0.016238066     0.081285303      -328.13411      -596.66548   -0.0017911069   2.0989032e-09      0.26681005      0.73488264      0.64968987     0.044133536      0.22092581      0.61269814       16.421759       167.37411       9.5214948        9.5214948                           -0       20.749654                                 20.749654
             11       20.482037      -339.09149      -906.60354       60.450344     0.016947719     0.083383547      -339.09149      -567.51205   -0.0018509173   2.0989032e-09      0.27632363      0.72542819      0.65603335     0.046378179      0.22818275       0.6296139       16.277892       165.50713       9.5214948        9.5214948                           -0       21.921085                                 21.921085
              2       18.075421       -308.5326      -944.33147       61.172705     0.016900155     0.078882342       -308.5326      -635.79888   -0.0016841128   2.0989032e-09      0.25768055       0.7439068      0.63294952     0.045162224        0.210797      0.58660973       16.494539       167.28806       9.5214948        9.5214948                           -0       17.107852                                 17.107852
              2       17.952444       -304.3222      -975.25495       60.557358     0.017046321     0.078384217       -304.3222      -670.93274   -0.0016611306   2.0989032e-09      0.26198418       0.7395782       0.6281716     0.046483284      0.21374442      0.58702312       16.602976        167.2588       9.5214948        9.5214948                           -0       16.861897                                 16.861897
              4       17.944741      -303.86171      -975.07525       60.564416     0.017064575     0.078400296      -303.86171      -671.21355    -0.001658617   2.0989032e-09      0.26201673      0.73954316      0.62815693     0.046522219      0.21373844      0.58704588       16.600032       167.22487       9.5214948        9.5214948                           -0       16.846492                                 16.846492
              2       18.751864      -299.78418      -971.14394       60.603547     0.017942062     0.080103135      -299.78418      -671.35977   -0.0016363599   2.0989032e-09      0.26870399      0.73283377      0.63210415     0.048851315      0.21809887      0.59822571       16.439512       165.26741       9.5214948        9.5214948                           -0       18.460739                                 18.460739
             65       18.369487      -298.32486      -977.62012       60.589415     0.017983475     0.080092099      -298.32486      -679.29526   -0.0016283943   2.0989032e-09      0.26891211      0.73261765       0.6317519     0.048986915      0.21817057      0.59812383         16.4457       165.21091       9.5214948        9.5214948                           -0       17.695985                                 17.695985
              6       18.050475      -303.76145       -979.2703       60.719802     0.017532458      0.07925562      -303.76145      -675.50885   -0.0016580697   2.0989032e-09      0.26426636       0.7372935      0.63020341     0.047553459       0.2149658      0.59148135       16.512846        166.1931       9.5214948        9.5214948                           -0        17.05796                                  17.05796
             12       18.131483      -295.94579      -963.63249        60.90086     0.017518869     0.079777073      -295.94579       -667.6867   -0.0016154083   2.0989032e-09      0.26406667       0.7374511      0.63349843     0.047234488      0.21509546      0.59434924       16.449091       166.01487       9.5214948        9.5214948                           -0       17.219977                                 17.219977
              3       18.144307      -294.89081      -963.52513       61.003522     0.017688898     0.080017771      -294.89081      -668.63433   -0.0016096497   2.0989032e-09      0.26428231      0.73723003      0.63392379     0.047532533       0.2150189      0.59499111       16.416605       165.67186       9.5214948        9.5214948                           -0       17.245624                                 17.245624
             17       18.444463      -290.29299      -965.98795       60.538659      0.01755694     0.080389326      -290.29299      -675.69496   -0.0015845527   2.0989032e-09      0.26901038      0.73247536      0.63599896     0.047905263      0.21934755      0.60225484       16.444507       165.72656       9.5214948        9.5214948                           -0       17.845937                                 17.845937
              5       18.482401      -246.48975      -991.02728       64.812843     0.025478551     0.089871726      -246.48975      -744.53753   -0.0013454545   2.0989032e-09      0.27613085       0.7251284      0.64606673     0.060653043      0.21394441      0.61983231        15.24529       152.19088       9.5214948        9.5214948                           -0       17.921812                                 17.921812
             11       18.325802      -269.78881      -938.29655       63.920292     0.021182078     0.084540742      -269.78881      -668.50774   -0.0014726314   2.0989032e-09        0.260333        0.741051      0.64181753     0.051843111      0.20691337      0.59788211        15.72102        159.1899       9.5214948        9.5214948                           -0       17.608613                                 17.608613
              2       18.221253      -341.24237       -953.2516       62.714874     0.020067201     0.082342779      -341.24237      -612.00923   -0.0018626578   2.0989032e-09      0.26201384      0.73975675      0.63475336     0.051020615      0.20935552      0.59320732       16.010363       161.44701       9.5214948        9.5214948                           -0       17.399516                                 17.399516
             11       18.841557       -332.2663      -982.68041       62.569762       0.0195492     0.080090761       -332.2663      -650.41411   -0.0018136623   2.0989032e-09      0.25615513      0.74556603      0.62527723     0.049934418       0.2045754      0.57778135       16.216412       162.97378       9.5214948        9.5214948                           -0       18.640125                                 18.640125
             26       18.214074      -337.13293      -975.99042       62.605892     0.019703601     0.080660765      -337.13293      -638.85749   -0.0018402266   2.0989032e-09      0.25770777      0.74404007       0.6275563     0.050270729      0.20579363      0.58164208       16.161213       162.55129       9.5214948        9.5214948                           -0       17.385159                                 17.385159
              1       17.991309      -346.29474      -982.76909       61.580728     0.018462749     0.078726104      -346.29474      -636.47435    -0.001890236   2.0989032e-09      0.25798573      0.74380902       0.6228314     0.048686294      0.20760084       0.5775741       16.434482       165.02656       9.5214948        9.5214948                           -0       16.939629                                 16.939629
             10        17.86871      -341.72306      -980.14749       61.325581     0.018375671     0.079086461      -341.72306      -638.42443   -0.0018652817   2.0989032e-09      0.26086356      0.74090544      0.62497954     0.048860719      0.21029009      0.58278972       16.431356       165.01732       9.5214948        9.5214948                           -0       16.694431                                 16.694431
             26       17.889126      -340.37664      -968.76131       61.700341     0.018522927     0.079492235      -340.37664      -628.38467   -0.0018579323   2.0989032e-09      0.25915697      0.74260584      0.62693632     0.048655784      0.20880918      0.58269897       16.354935         164.652       9.5214948        9.5214948                           -0       16.735263                                 16.735263
              4       20.665567      -276.32648      -994.94987       60.987861     0.020629384     0.083773749      -276.32648      -718.62339    -0.001508317   2.0989032e-09      0.28242163      0.71898933      0.63597009     0.055462502      0.22522736      0.61705666       16.083473       160.18528       9.5214948        9.5214948                           -0       22.288144                                 22.288144
              4       20.767148       -153.8789      -900.59115       62.728454     0.019577107     0.086196669       -153.8789      -746.71226  -0.00083994181   2.0989032e-09      0.27044912       0.7302988      0.65841265     0.049753008      0.21905911      0.62514437        15.77876       160.75684       9.5214948        9.5214948                           -0       22.491305                                 22.491305
             16         18.0781      -186.31283      -967.78152       63.906883     0.021894612     0.084676214      -186.31283      -781.46869   -0.0010169811   2.0989032e-09      0.26251863      0.73840969      0.63819555     0.053609527      0.20733192      0.59699845       15.702377       158.22022       9.5214948        9.5214948                           -0        17.11321                                  17.11321
              7       18.109243      -163.43928      -947.85611       64.596995     0.021631542     0.084386518      -163.43928      -784.41683  -0.00089212678   2.0989032e-09      0.25561474      0.74519061      0.63931491     0.051839743      0.20223133      0.59012926       15.654588       158.65781       9.5214948        9.5214948                           -0       17.175496                                 17.175496
             10       18.376294      -224.91592      -969.05659       64.152491     0.022640462     0.086247411      -224.91592      -744.14067   -0.0012276945   2.0989032e-09      0.26614236      0.73499734      0.64254674     0.055012103      0.20956513      0.60520304       15.573641       156.74901       9.5214948        9.5214948                           -0       17.709598                                 17.709598
              2       18.574356      -234.23796      -955.62083       65.141449     0.023399546     0.087174695      -234.23796      -721.38287   -0.0012785786   2.0989032e-09       0.2620968      0.73909644      0.64461204     0.055143281      0.20543555      0.60251609        15.40556       155.50681       9.5214948        9.5214948                           -0       18.105722                                 18.105722
              2       19.159045      -173.87342      -948.46745       64.178641     0.021569811     0.086139186      -173.87342      -774.59403  -0.00094908108   2.0989032e-09       0.2630634      0.73779776      0.64839821     0.052367917      0.20913163      0.60717153       15.603957       158.14289       9.5214948        9.5214948                           -0         19.2751                                   19.2751
              9       20.731745      -175.69132      -841.87407       65.089103     0.020033735     0.087030662      -175.69132      -666.18276  -0.00095900403   2.0989032e-09      0.25423394      0.74663959      0.66414496     0.047287389      0.20542614      0.61139097       15.468593       159.85319       9.5214948        9.5214948                           -0       22.420499                                 22.420499
              8       21.598525      -154.74335      -765.43125       67.527731     0.020042528     0.088825734      -154.74335       -610.6879  -0.00084466038   2.0989032e-09      0.24015906      0.76060619      0.67767993     0.043952966      0.19479351      0.60633618       15.122711       159.22915       9.5214948        9.5214948                           -0       24.154061                                 24.154061
             10        21.88749      -145.26093      -783.23959       66.976795     0.020601353     0.089589693      -145.26093      -637.97866    -0.000792901   2.0989032e-09      0.24707506      0.75363712      0.67733302     0.045924772      0.19971437       0.6146899       15.125204       158.23828       9.5214948        9.5214948                           -0       24.731989                                 24.731989
              3       20.087198      -77.168787      -856.21626       66.707909     0.020074786     0.085561167      -77.168787      -779.04748  -0.00042122274   2.0989032e-09      0.23883461      0.76150524      0.65848572     0.045112434      0.19227466      0.58753584       15.405699       160.30561       9.5214948        9.5214948                           -0       21.131407                                 21.131407
              3       19.602523      -39.783561      -806.87273       68.675084     0.021396396     0.088370935      -39.783561      -767.08916  -0.00021715698   2.0989032e-09      0.23410774      0.76603263      0.66847262     0.045367226      0.18737474      0.59051493       15.013412       157.61821       9.5214948        9.5214948                           -0       20.162057                                 20.162057
              2       20.320822      -37.661293      -802.90358        69.27559     0.019824665     0.084698556      -37.661293      -765.24229  -0.00020557266   2.0989032e-09      0.21913941      0.78099071      0.65890941     0.041309067      0.17648814      0.56315161       15.203269       160.94444       9.5214948        9.5214948                           -0       21.598653                                 21.598653
              1       19.360989      -42.056056      -799.88724       68.815127     0.019516564     0.084529035      -42.056056      -757.83118   -0.0002295613   2.0989032e-09      0.22107329      0.77907981      0.65929107     0.041213124      0.17849994      0.56595865        15.25714        161.4244       9.5214948        9.5214948                           -0       19.678987                                 19.678987
             15       19.353509       -41.97077      -799.53575       68.819726     0.019513402     0.084537015       -41.97077      -757.56498  -0.00022909577   2.0989032e-09      0.22105391      0.77909873      0.65936197     0.041200939      0.17849293      0.56599471       15.256155       161.42591       9.5214948        9.5214948                           -0       19.664029                                 19.664029
              7       19.199585      -57.389002      -792.78363       69.206994     0.020179498     0.085715676      -57.389002      -735.39463  -0.00031325557   2.0989032e-09      0.22243847      0.77779918      0.66227471     0.042131836      0.17896178      0.57027259       15.134037       160.11168       9.5214948        9.5214948                           -0        19.35618                                  19.35618
              1       19.357991      -10.835708      -784.85868       69.523604     0.020697206     0.087140262      -10.835708      -774.02297  -5.9146276e-05   2.0989032e-09       0.2244355      0.77554873       0.6673134      0.04282005      0.18028281      0.57718494       15.009468       158.93757       9.5214948        9.5214948                           -0       19.672993                                 19.672993
              5       19.434374      -4.0864307      -839.28957        66.92893     0.020563671     0.086965051      -4.0864307      -835.20314  -2.2305619e-05   2.0989032e-09      0.24148521      0.75845625      0.66337311     0.045906363      0.19414088      0.59517202        15.27757       159.17261       9.5214948        9.5214948                           -0       19.825758                                 19.825758
              1       19.337813      -42.348951        -914.334       68.176324     0.024708062     0.088890281      -42.348951      -871.98505  -0.00023116005   2.0989032e-09      0.24578787      0.75436538      0.65068348     0.053158353      0.19124369      0.58896485       14.987025       153.39133       9.5214948        9.5214948                           -0       19.632637                                 19.632637
             22       18.934725      -21.261556       -915.8221       68.153766     0.025188384     0.089861342      -21.261556      -894.56055  -0.00011605535   2.0989032e-09      0.24907527      0.75096283      0.65298457     0.054227627      0.19346089      0.59498716       14.923707       152.52848       9.5214948        9.5214948                           -0        18.82646                                  18.82646
              1       19.026804      -16.148111       -915.7543       68.384785     0.025405348     0.090008613      -16.148111      -899.60618   -8.814382e-05   2.0989032e-09      0.24817411       0.7518366      0.65285329     0.054325806      0.19247091      0.59379045       14.891123       152.23279       9.5214948        9.5214948                           -0       19.010618                                 19.010618
              2       20.829164      -122.24232      -856.80777       71.816822     0.029315577       0.0928411      -122.24232      -734.56545  -0.00066725483   2.0989032e-09      0.23809424      0.76250281      0.65067463     0.056838956      0.18000639      0.57966581       14.330654       147.11654       9.5214948        9.5214948                           -0       22.615339                                 22.615339
              6        18.95196      -122.50505      -867.62455        72.09047      0.02907107     0.091376297      -122.50505      -745.11949  -0.00066868894   2.0989032e-09      0.23300109      0.76759792      0.64472496     0.055937789      0.17582387      0.56818901       14.393279       147.79387       9.5214948        9.5214948                           -0        18.86093                                  18.86093
             10       18.882718       -126.3821      -865.61317       72.168569     0.029187382     0.091759185       -126.3821      -739.23108  -0.00068985162   2.0989032e-09      0.23345554      0.76716478      0.64620248     0.056040108      0.17617868      0.57004624       14.366082       147.56106       9.5214948        9.5214948                           -0       18.722447                                 18.722447
              4       18.075231      -147.85767      -888.04925       72.048641     0.028847178     0.089823264      -147.85767      -740.19158  -0.00080707517   2.0989032e-09      0.22984863      0.77088868      0.63769655     0.055571452      0.17303631      0.55818017       14.502976        148.4838       9.5214948        9.5214948                           -0       17.107473                                 17.107473
             10       18.305964      -146.44043      -939.26783       69.645099     0.029660808     0.092233907      -146.44043       -792.8274  -0.00079933924   2.0989032e-09      0.25263452      0.74809017      0.64264754     0.061150761      0.19015576      0.58973726        14.57003       146.93172       9.5214948        9.5214948                           -0       17.568939                                 17.568939
             11       18.370194      -143.48591      -763.30217       76.692689     0.027338628     0.088092565      -143.48591      -619.81626   -0.0007832121   2.0989032e-09      0.19734766      0.80337398       0.6418088     0.046480285      0.14977224      0.52054831       14.203208       150.63835       9.5214948        9.5214948                           -0       17.697399                                 17.697399
              2       18.324975      -135.50152       -778.1717       76.323943      0.02749111     0.088461952      -135.50152      -642.67018  -0.00073962963   2.0989032e-09      0.20015503      0.80052244       0.6426223     0.047192249      0.15185704      0.52490223       14.223879       150.35782       9.5214948        9.5214948                           -0        17.60696                                  17.60696
              8        18.14875      -136.27965      -774.92568        76.15783     0.027401587     0.088678139      -136.27965      -638.64604    -0.000743877   2.0989032e-09      0.20124751      0.79943393      0.64414943     0.047243993      0.15289294      0.52758357        14.22031       150.39118       9.5214948        9.5214948                           -0       17.254511                                 17.254511
              2       18.744628      -127.20259      -765.87195       76.696725     0.028160523     0.089493125      -127.20259      -638.66935  -0.00069433027   2.0989032e-09      0.20110505      0.79952772      0.64494253     0.047872606      0.15213742      0.52804614       14.107568       149.31775       9.5214948        9.5214948                           -0       18.446267                                 18.446267
              2       18.416437      -73.370574      -774.59844        77.26878     0.029095148     0.090409924      -73.370574      -701.22787  -0.00040049034   2.0989032e-09       0.2012393      0.79910053      0.64533883     0.048731802      0.15142863      0.52854696       14.006656       148.04939       9.5214948        9.5214948                           -0       17.789884                                 17.789884
             22       18.500799      -60.673275      -803.63141       76.016459     0.028688508     0.089062393      -60.673275      -742.95814  -0.00033118264   2.0989032e-09       0.2048888      0.79537971      0.63892653     0.049646963      0.15412713      0.52801883       14.192933       148.87751       9.5214948        9.5214948                           -0       17.958608                                 17.958608
              6       18.853142      -63.601073      -798.97128       75.704808     0.028766964     0.089946212      -63.601073      -735.37021  -0.00034716391   2.0989032e-09       0.2082582      0.79202578      0.64298387     0.050193456      0.15694083      0.53572326       14.158676       148.53306       9.5214948        9.5214948                           -0       18.663295                                 18.663295
             16       18.818391      -62.554351      -798.67158       75.736534     0.028750693     0.089904486      -62.554351      -736.11723  -0.00034145042   2.0989032e-09      0.20798264      0.79229568      0.64288028     0.050123046      0.15673663      0.53528248       14.158861       148.56265       9.5214948        9.5214948                           -0       18.593793                                 18.593793
              5       18.757161      -56.643305      -800.85078       75.537104     0.028610145     0.089874935      -56.643305      -744.20748  -0.00030918521   2.0989032e-09       0.2087842      0.79146152      0.64327545      0.05014174      0.15751355      0.53664262       14.179251       148.72134       9.5214948        9.5214948                           -0       18.471332                                 18.471332
             17        18.77406      -55.945708      -800.58899       75.553213     0.028612604     0.089863595      -55.945708      -744.64329  -0.00030537741   2.0989032e-09      0.20867962      0.79156232      0.64321729     0.050124669      0.15742653      0.53645969       14.178271       148.72206       9.5214948        9.5214948                           -0       18.505129                                 18.505129
              1       19.183867      -63.397711      -802.48604       74.129586     0.026893038     0.088164674      -63.397711      -739.08833  -0.00034605387   2.0989032e-09      0.21055092      0.78972924      0.64197448     0.048939183      0.16043956      0.53781846       14.408189       151.11235       9.5214948        9.5214948                           -0       19.324744                                 19.324744
              9       18.172336      -105.67465      -775.38425       75.655918     0.027375555     0.090876375      -105.67465       -669.7096  -0.00057682086   2.0989032e-09      0.20772161      0.79279195      0.65575756     0.047827438      0.15876881      0.54566175       14.151442        149.7599       9.5214948        9.5214948                           -0       17.301683                                 17.301683
              1       18.359647      -62.603763      -775.75782        75.73765     0.027040821     0.088681189      -62.603763      -713.15406  -0.00034172014   2.0989032e-09      0.20286307      0.79741552      0.64571569      0.04714072      0.15459942      0.53098495       14.248638       150.78997       9.5214948        9.5214948                           -0       17.676305                                 17.676305
              6       18.239737      -70.814775      -784.00686       76.107174     0.027700501     0.088788261      -70.814775      -713.19209  -0.00038653962   2.0989032e-09      0.20222167      0.79810235      0.64299122     0.047822959      0.15328666      0.52790803       14.210809       150.02928       9.5214948        9.5214948                           -0       17.436485                                 17.436485
              7       18.338677       -70.46789      -781.44263       76.003479     0.027525325     0.088638839       -70.46789      -710.97474  -0.00038464616   2.0989032e-09      0.20221192      0.79811003      0.64304119     0.047650286      0.15344655      0.52793633       14.225872       150.26669       9.5214948        9.5214948                           -0       17.634363                                 17.634363
              5        19.86153       -86.90867      -736.04907       78.076029     0.028400082     0.090191887       -86.90867       -649.1404   -0.0004743875   2.0989032e-09      0.19560157      0.80481341      0.64880065     0.046589082      0.14795581      0.52388603       13.942734       148.85281       9.5214948        9.5214948                           -0       20.680071                                 20.680071
             17       20.080281      -89.136361      -732.75786       78.138038     0.028364006      0.09022798      -89.136361       -643.6215  -0.00048654726   2.0989032e-09      0.19529127      0.80513596      0.64926116      0.04645608      0.14778019      0.52384188       13.934706       148.88089       9.5214948        9.5214948                           -0       21.117573                                 21.117573
              3       20.473886      -116.25075      -733.80309       77.707616     0.028485648     0.090988408      -116.25075      -617.55234  -0.00063455008   2.0989032e-09      0.19892145      0.80165313      0.65232969      0.04717359      0.15068114      0.53118686       13.928731       148.52716       9.5214948        9.5214948                           -0       21.904782                                 21.904782
              7       19.483116      -120.07067      -676.36909       76.316911     0.022095448     0.085131679      -120.07067      -556.29842  -0.00065540093   2.0989032e-09       0.1852099      0.81538333      0.65535755     0.037936848       0.1461671      0.51493188       14.444687       157.80952       9.5214948        9.5214948                           -0       19.923241                                 19.923241
              2       18.118789      -84.487806      -699.71168       74.573437     0.019693256     0.081361365      -84.487806      -615.22387  -0.00046117331   2.0989032e-09      0.18287204      0.81752401       0.6465039     0.035411897      0.14630188      0.50475913       14.880466       162.31214       9.5214948        9.5214948                           -0       17.194588                                 17.194588
              7       18.306079      -170.52021      -842.28207       68.777718     0.021021554     0.082390776      -170.52021      -671.76185  -0.00093077777   2.0989032e-09      0.21997511      0.78087912      0.63789982     0.044439512       0.1741739      0.54623387        15.36525       160.14695       9.5214948        9.5214948                           -0       17.569168                                 17.569168
              2         18.8287      -73.692951      -781.14214       72.318082     0.023588765     0.086627709      -73.692951      -707.44919  -0.00040225002   2.0989032e-09      0.21197443      0.78835858      0.65051146      0.04510362      0.16563917      0.54680951       14.705568       155.45379       9.5214948        9.5214948                           -0        18.61441                                  18.61441
              7       18.990013      -125.26622      -937.60826       63.827018     0.020495045     0.085129918      -125.26622      -812.34204  -0.00068376063   2.0989032e-09      0.26085424      0.73974064      0.64894771     0.050308316      0.20896479      0.60512908       15.719515       159.89328       9.5214948        9.5214948                           -0       18.937037                                 18.937037
              6       18.687537      -140.68819      -975.96375        63.22524     0.021390312     0.085497118      -140.68819      -835.27557  -0.00076794084   2.0989032e-09      0.26900168      0.73167567      0.64442628     0.053510147      0.21388016      0.61022517       15.743398       158.59198       9.5214948        9.5214948                           -0       18.332084                                 18.332084
              2       18.284814      -175.65577      -940.87978       64.139297     0.020945045     0.084290615      -175.65577      -765.22402  -0.00095880998   2.0989032e-09      0.25737402      0.74349677      0.64221889     0.050913494      0.20489475      0.59484635        15.72235       159.58743       9.5214948        9.5214948                           -0       17.526639                                 17.526639
              4       18.525945       -145.5791      -868.20655        64.63035     0.017969121     0.080342849       -145.5791      -722.62744  -0.00079463771   2.0989032e-09      0.23690247      0.76380548      0.63968966     0.043018358      0.19234204      0.56845161       15.963944       165.13782       9.5214948        9.5214948                           -0         18.0089                                   18.0089
              1       18.224183      -147.27685      -870.75622        64.52604     0.017676544     0.079803583      -147.27685      -723.47937  -0.00080390478   2.0989032e-09      0.23567113       0.7650458       0.6383462     0.042454852      0.19166922      0.56578163       16.021538       165.77115       9.5214948        9.5214948                           -0       17.405377                                 17.405377
              6       18.714563      -184.75717       -877.6756       65.273122     0.019529241     0.083654154      -184.75717      -692.91842   -0.0010084896   2.0989032e-09      0.24369339       0.7572301      0.64929217     0.045837044       0.1963445      0.58519609       15.671497       161.71698       9.5214948        9.5214948                           -0       18.386135                                 18.386135
              1       18.228543      -157.27084      -866.01738       66.211806     0.019878061     0.083041144      -157.27084      -708.74654  -0.00085845662   2.0989032e-09      0.23623007      0.76454578        0.645116     0.045342258      0.18941853      0.57245951       15.597042       161.45676       9.5214948        9.5214948                           -0       17.414096                                 17.414096
              6       19.943522         -178.16      -765.45217       71.252797     0.019592804     0.081747751         -178.16      -587.29217  -0.00097247925   2.0989032e-09      0.20087743      0.80002372      0.64601767     0.038591598      0.16101709        0.528627       15.196562       162.31173       9.5214948        9.5214948                           -0       20.844055                                 20.844055
              2       20.234525      -196.37185      -763.08971       70.694464     0.018764832     0.080937397      -196.37185      -566.71787   -0.0010718879   2.0989032e-09       0.2007848      0.80021463      0.64591781     0.037546881      0.16194906      0.52842341       15.317437       163.76927       9.5214948        9.5214948                           -0        21.42606                                  21.42606
              2       20.144853      -187.08535      -761.96048       70.483099     0.018367449     0.080440004      -187.08535      -574.87513   -0.0010211979   2.0989032e-09      0.20018971       0.8007586      0.64529867     0.036972504       0.1619206      0.52713399       15.376169       164.52296       9.5214948        9.5214948                           -0       21.246716                                 21.246716
              5       18.437336      -167.94996      -844.59593       69.012278     0.022817734     0.085074954      -167.94996      -676.64598  -0.00091674812   2.0989032e-09      0.22788954      0.77295118      0.64240226     0.047909296      0.17862778      0.55989763       15.125793       156.91674       9.5214948        9.5214948                           -0       17.831682                                 17.831682
              2       18.609206      -182.26236      -846.84187       68.436411     0.022526905     0.085360903      -182.26236      -664.57951  -0.00099487182   2.0989032e-09      0.23173046      0.76918709      0.64494346     0.048098006      0.18225714      0.56682968       15.170144       157.18625       9.5214948        9.5214948                           -0       18.175423                                 18.175423
             10        18.26872      -202.39062       -847.7699       68.964115     0.023135889     0.085795911      -202.39062      -645.37928   -0.0011047411   2.0989032e-09      0.23039277      0.77063583      0.64443153     0.048645183      0.18039324      0.56474264       15.087366        156.2821       9.5214948        9.5214948                           -0        17.49445                                  17.49445
              9       18.289208      -342.45799      -795.23013       69.546319     0.021553459     0.084953973      -342.45799      -452.77214   -0.0018692932   2.0989032e-09      0.22153902       0.7802554      0.65014552     0.044562411      0.17564484      0.55869536       15.112987       158.56547       9.5214948        9.5214948                           -0       17.535427                                 17.535427
              6       18.079371      -290.02458      -754.74147       72.131126     0.021621139     0.083503861      -290.02458      -464.71689   -0.0015830876   2.0989032e-09      0.20328884      0.79822465      0.64464835     0.041555944      0.16049486      0.53066325       14.946679       158.97364       9.5214948        9.5214948                           -0       17.115752                                 17.115752
              6       18.877061      -328.09525      -805.73429        70.75087     0.022018097     0.083207681      -328.09525      -477.63903   -0.0017908948   2.0989032e-09      0.21149933      0.79021922      0.63898279     0.043986177      0.16622634      0.53651644       15.114807       158.56182       9.5214948        9.5214948                           -0       18.711133                                 18.711133
             10       18.089115      -234.98063      -767.30471       71.968971     0.021872818     0.083543646      -234.98063      -532.32407   -0.0012826324   2.0989032e-09      0.20476866      0.79644405       0.6431305     0.042229326      0.16129572      0.53133721       14.954539       158.63412       9.5214948        9.5214948                           -0       17.135241                                 17.135241
              4       18.196459      -227.25204      -744.03716       70.245438      0.01762936     0.079132161      -227.25204      -516.78511   -0.0012404462   2.0989032e-09      0.19740036       0.8037667      0.64209946     0.035727309      0.16036766      0.52085357       15.479335       166.09611       9.5214948        9.5214948                           -0       17.349928                                 17.349928
              1        20.40695      -211.30959      -742.00075       71.592199     0.019421491     0.083346697      -211.30959      -530.69116    -0.001153425   2.0989032e-09      0.20176271      0.79932007      0.65676965     0.037892318      0.16261365      0.53860812       15.068085       161.97512       9.5214948        9.5214948                           -0        21.77091                                  21.77091
             13       18.594266      -147.26848      -694.99255       73.995701     0.019330051     0.082557647      -147.26848      -547.72406  -0.00080385913   2.0989032e-09      0.18726032      0.81347741      0.65534553     0.035303684      0.15078021      0.51776488       14.874543       162.38465       9.5214948        9.5214948                           -0       18.145541                                 18.145541
              6       18.659373      -163.54838      -686.45021       74.267025     0.019038575     0.082064837      -163.54838      -522.90183  -0.00089272229   2.0989032e-09      0.18447261      0.81635446      0.65458833     0.034517743      0.14878702      0.51330274       14.884813       162.97007       9.5214948        9.5214948                           -0       18.275757                                 18.275757
              6       18.087688      -163.12228      -785.77323       69.652824     0.019008295     0.080198005      -163.12228      -622.65096  -0.00089039643   2.0989032e-09      0.20581286       0.7950029      0.63884368     0.039180115      0.16530504      0.52913956       15.443886        163.6957       9.5214948        9.5214948                           -0       17.132387                                 17.132387
              8       20.771621      -343.65755      -659.29625       76.187935     0.019839384     0.077840069      -343.65755       -315.6387    -0.001875841   2.0989032e-09      0.16938904      0.83242442      0.62592174     0.034178718      0.13410063      0.47032933        14.94593       163.39608       9.5214948        9.5214948                           -0       22.500252                                 22.500252
             13       21.470909      -301.06748      -722.36938       74.235869      0.02032639     0.077443376      -301.06748      -421.30191   -0.0016433648   2.0989032e-09      0.17857837      0.82299929      0.61884876     0.036883545        0.140526      0.47746147        15.20736       162.86503       9.5214948        9.5214948                           -0       23.898828                                 23.898828
              5       21.256038      -312.32533      -687.55893       76.481085     0.023644742     0.084313052      -312.32533       -375.2336   -0.0017048153   2.0989032e-09      0.18566475      0.81597816      0.64160505     0.040422809      0.14414073      0.50474483       14.446274       156.14435       9.5214948        9.5214948                           -0       23.469087                                 23.469087
              1       20.835882      -321.19219      -704.90096       76.298523     0.024418136     0.084710198      -321.19219      -383.70877   -0.0017532147   2.0989032e-09      0.18856504      0.81312597      0.63917975     0.041945005      0.14551355      0.50674908        14.43377       155.07361       9.5214948        9.5214948                           -0       22.628774                                 22.628774
              8       18.833088      -287.33062      -778.92984       71.903527     0.022287252     0.082013464      -287.33062      -491.59921   -0.0015683827   2.0989032e-09      0.20298351      0.79851483      0.63182758     0.043107827       0.1586298      0.51971868       15.044746       158.62534       9.5214948        9.5214948                           -0       18.623186                                 18.623186
              2       19.098545       -305.0244      -849.85703       70.653912      0.02476959     0.083843196       -305.0244      -544.83264   -0.0016649635   2.0989032e-09      0.21886511      0.78272732      0.62629502     0.049618814      0.16795595      0.53494187       15.020752       154.93417       9.5214948        9.5214948                           -0       19.154101                                 19.154101
              1        19.47945      -300.80883      -846.61779       70.599245     0.024634641     0.083640402      -300.80883      -545.80896    -0.001641953   2.0989032e-09      0.21852657      0.78304273      0.62587232     0.049424937      0.16780929      0.53416723       15.034213       155.16235       9.5214948        9.5214948                           -0        19.91591                                  19.91591
              4        21.37032      -334.50376      -863.65346       69.275703     0.022314758     0.079199022      -334.50376       -529.1497   -0.0018258754   2.0989032e-09      0.21286788      0.78888254      0.61253918     0.046497575      0.16502811      0.51597459       15.546818       159.56788       9.5214948        9.5214948                           -0       23.697651                                 23.697651
              1       21.309584      -342.02204       -890.4955       67.651692     0.021780695     0.078339047      -342.02204      -548.47346   -0.0018669136   2.0989032e-09      0.22016463      0.78162316      0.60887304     0.047589859      0.17116736      0.52160278       15.762601       160.57292       9.5214948        9.5214948                           -0       23.576178                                 23.576178
              3       21.294511      -277.24888      -960.36162       65.564151     0.022301383      0.07879542      -277.24888      -683.11273   -0.0015133519   2.0989032e-09       0.2366807      0.76474841      0.60583448     0.051879873      0.18330237      0.53811461        15.93089        159.7273       9.5214948        9.5214948                           -0       23.546032                                 23.546032
              1       21.064402      -262.42594      -953.77121       65.461231      0.02178477     0.078414599      -262.42594      -691.34527   -0.0014324415   2.0989032e-09      0.23533125      0.76601669      0.60654956     0.050837555      0.18299052       0.5372117       15.974389       160.54057       9.5214948        9.5214948                           -0       23.085813                                 23.085813
              1       18.771554       -196.6612      -849.89323       73.174711     0.028116143      0.08772838       -196.6612      -653.23203   -0.0010734673   2.0989032e-09      0.21755127      0.78345457      0.63179721     0.052508996       0.1638393      0.53801934        14.52072       149.89426       9.5214948        9.5214948                           -0       18.500118                                 18.500118
              3        18.33329      -186.69061      -894.02613       71.566082     0.028858402     0.089373264      -186.69061      -707.33551   -0.0010190433   2.0989032e-09      0.23210205      0.76884629      0.63466508     0.056345314      0.17449908      0.55824323       14.562443       148.60427       9.5214948        9.5214948                           -0        17.62359                                  17.62359
              1       18.445277      -190.58123      -879.85648       71.702287     0.028220453     0.088671446      -190.58123      -689.27525     -0.00104028   2.0989032e-09      0.22861516      0.77235469      0.63457334     0.054890599      0.17247167      0.55395401       14.594804       149.49784       9.5214948        9.5214948                           -0       17.847564                                 17.847564
              9       18.677619      -198.60051      -884.98928       71.221503     0.028261944     0.089105006      -198.60051      -686.38877   -0.0010840529   2.0989032e-09      0.23264865      0.76836401      0.63606477     0.055715979      0.17566281      0.56013277       14.608143       149.32362       9.5214948        9.5214948                           -0       18.312249                                 18.312249
              8       18.542954      -215.16025       -886.7063       70.289396     0.027054135     0.088141198      -215.16025      -671.54605   -0.0011744436   2.0989032e-09      0.23446441      0.76663674      0.63639726     0.054758812      0.17840184       0.5626083       14.764564       150.93962       9.5214948        9.5214948                           -0       18.042918                                 18.042918
              1       18.401209      -229.37644      -856.56307       72.057383     0.026780865     0.086728459      -229.37644      -627.18662   -0.0012520421   2.0989032e-09      0.21985286      0.78132944      0.63246245     0.051578372      0.16703392      0.54142733       14.703857       151.68026       9.5214948        9.5214948                           -0       17.759428                                 17.759428
              4       19.125105      -309.73039      -804.60837       68.745345     0.020266142     0.080798659      -309.73039      -494.87799   -0.0016906509   2.0989032e-09      0.21521499      0.78639904      0.63350128     0.042882934      0.17096907      0.53656597       15.452021       161.72771       9.5214948        9.5214948                           -0        19.20722                                  19.20722
              9       19.173331      -312.24413      -818.05609       67.284201     0.019331267     0.080393555      -312.24413      -505.81196   -0.0017043721   2.0989032e-09      0.22170384      0.77992055      0.63513954     0.042700613       0.1775804      0.54600313       15.643389       163.16821       9.5214948        9.5214948                           -0       19.303673                                 19.303673
              1       19.526722      -278.72806      -916.39378       63.179759     0.020141882      0.08456175      -278.72806      -637.66572    -0.001521426   2.0989032e-09      0.26391824      0.73751247      0.64705213     0.050459637      0.21184491       0.6068947       15.812554       160.56339       9.5214948        9.5214948                           -0       20.010453                                 20.010453
              3       20.491185      -333.16884      -898.29317       63.297473     0.020602111     0.086500875      -333.16884      -565.12433   -0.0018185888   2.0989032e-09      0.26892609      0.73280212      0.65476769     0.051420817      0.21589757      0.61993061       15.676496       159.28026       9.5214948        9.5214948                           -0       21.939381                                 21.939381
              5       20.597011       -332.0978       -904.7337       63.149713     0.020833343     0.086891767       -332.0978      -572.63589   -0.0018127426   2.0989032e-09      0.27174608      0.72997586      0.65513895     0.052241567      0.21788928      0.62352581       15.665062       158.84357       9.5214948        9.5214948                           -0       22.151033                                 22.151033
              1       20.885978      -165.64871      -871.06587       63.887111     0.020077123     0.087399626      -165.64871      -705.41716  -0.00090418684   2.0989032e-09      0.26490069      0.73591478      0.66373984      0.04918979      0.21413274      0.62370439        15.57567       159.66881       9.5214948        9.5214948                           -0       22.728967                                 22.728967
              3       20.915391      -165.84759      -853.58682        63.13637     0.017791403     0.084399764      -165.84759      -687.73923  -0.00090527243   2.0989032e-09       0.2579782      0.74283623      0.66090555     0.044632475      0.21172981       0.6128727       15.880732       163.89652       9.5214948        9.5214948                           -0       22.787792                                 22.787792
              3       20.795106      -171.96851       -857.4238       63.177909     0.018230766     0.085525606      -171.96851      -685.45529  -0.00093868325   2.0989032e-09      0.26156047      0.73928749      0.66421229     0.045674564      0.21427212      0.62020082        15.80442       162.86156       9.5214948        9.5214948                           -0       22.547222                                 22.547222
              4       20.196905      -137.66264      -913.32803       62.245014     0.018122107     0.081929789      -137.66264      -775.66539  -0.00075142601   2.0989032e-09      0.25989817      0.74075979       0.6437682     0.046773466      0.21146218       0.5991982       16.116284       164.32495       9.5214948        9.5214948                           -0        21.35082                                  21.35082
              3       21.800183      -83.760212      -863.44343        62.69108     0.016773978     0.081195293      -83.760212      -779.68321  -0.00045720177   2.0989032e-09      0.25091375      0.74945131       0.6491378     0.042680017      0.20659479      0.59366098       16.137291       166.59186       9.5214948        9.5214948                           -0       24.557376                                 24.557376
              3        21.76405      -105.38294      -864.69274       62.619057     0.016838928     0.081320033      -105.38294       -759.3098  -0.00057522855   2.0989032e-09      0.25197504      0.74850784      0.64929688     0.042943892      0.20738842      0.59506094       16.136749       166.44643       9.5214948        9.5214948                           -0       24.485111                                 24.485111
              1       21.700779      -67.210672        -778.808       68.005776     0.017386615     0.077823246      -67.210672      -711.59733  -0.00036686676   2.0989032e-09      0.20726149      0.79302707      0.63326956     0.037594423      0.16827428      0.52636535       15.752486       166.96158       9.5214948        9.5214948                           -0       24.358568                                 24.358568
              8        18.66001       -94.04016      -773.46145       68.429788     0.015946489      0.07475801       -94.04016      -679.42129  -0.00051331445   2.0989032e-09      0.19507952      0.80535646      0.62464049     0.034054514      0.15964942      0.50370394       15.998014       170.41393       9.5214948        9.5214948                           -0       18.277031                                 18.277031
              4       18.818428      -110.60645      -803.49148       67.337067     0.016214901     0.074704041      -110.60645      -692.88503   -0.0006037409   2.0989032e-09      0.20193518       0.7985887      0.62136894     0.035760692       0.1647539      0.50979422       16.117362       170.00818       9.5214948        9.5214948                           -0       18.593867                                 18.593867
              3       19.029992      -156.40767      -727.91434       71.598277     0.017242721     0.077271424      -156.40767      -571.50666  -0.00085374504   2.0989032e-09      0.18562713      0.81515598      0.63477291     0.033635715      0.15073488      0.49931945       15.488584       167.39326       9.5214948        9.5214948                           -0       19.016994                                 19.016994
              3       18.628583      -179.35657      -700.80759       74.428789     0.019655642     0.079340379      -179.35657      -521.45102  -0.00097901066   2.0989032e-09      0.17986741      0.82104623      0.63458949     0.035481773      0.14322287      0.49136984       15.020039       163.09995       9.5214948        9.5214948                           -0       18.214177                                 18.214177
              5       18.664633      -174.63632       -739.0449       73.170738      0.02058585     0.080196991      -174.63632      -564.40858  -0.00095324535   2.0989032e-09      0.18944302      0.81144259      0.63275631     0.038449787      0.14979013      0.50282303       15.068947       161.50882       9.5214948        9.5214948                           -0       18.286277                                 18.286277
              1       18.412014      -257.56311      -742.65877       74.774107     0.023942403     0.084721981      -257.56311      -485.09566   -0.0014058979   2.0989032e-09      0.19550215      0.80583898      0.64050305     0.042821834      0.15152826      0.51705453       14.596479       155.64561       9.5214948        9.5214948                           -0       17.781039                                 17.781039
              1       18.209509      -235.81014      -730.81927       74.196272     0.022476544     0.084002085      -235.81014      -495.00913   -0.0012871602   2.0989032e-09       0.1945887      0.80663268      0.64450413     0.040828683      0.15258994      0.51906755       14.710008       157.70618       9.5214948        9.5214948                           -0       17.376028                                 17.376028
             15       18.072221      -238.46257      -836.99388       69.941009     0.023843425     0.086555993      -238.46257      -598.53131   -0.0013016384   2.0989032e-09      0.22700194      0.77422567      0.64573541     0.048742169      0.17694299      0.56170561       14.943717       155.16771       9.5214948        9.5214948                           -0       17.101452                                 17.101452
              4       18.073946      -241.57766       -836.0361       69.987901     0.023878727     0.086644347      -241.57766      -594.45843    -0.001318642   2.0989032e-09      0.22695031      0.77429441      0.64607444     0.048748947      0.17688634       0.5619366       14.934023       155.09635       9.5214948        9.5214948                           -0       17.104902                                 17.104902
             12       19.570716       -242.3394      -795.14698       68.608897     0.018812395     0.078122055       -242.3394      -552.80758   -0.0013227999   2.0989032e-09       0.2072973      0.79394857       0.6267521     0.039965314      0.16596358      0.52099313       15.667529       164.74857       9.5214948        9.5214948                           -0       20.098443                                 20.098443
              3       19.645806      -242.91663      -799.50426       68.380351     0.018826412     0.078207898      -242.91663      -556.58763   -0.0013259507   2.0989032e-09      0.20889887      0.79234964      0.62690826     0.040262886      0.16725841      0.52313215       15.683642       164.69613       9.5214948        9.5214948                           -0       20.248622                                 20.248622
              6       18.094338      -131.00065      -704.05868        73.15074     0.018738308     0.080468128      -131.00065      -573.05803   -0.0007150618   2.0989032e-09      0.18660063      0.81404676      0.64590537     0.035018128      0.15037874       0.5094069       15.077483       163.98014       9.5214948        9.5214948                           -0       17.145687                                 17.145687
             16       18.189695      -137.69884      -660.57043       73.212238     0.015620351     0.077024357      -137.69884      -522.87158  -0.00075162361   2.0989032e-09      0.17404532      0.82663874      0.64552689     0.029142273      0.14370131      0.49168265       15.353798       170.01805       9.5214948        9.5214948                           -0       17.336401                                 17.336401
              1        18.09929       -134.7833      -663.53425       73.087309     0.015835365     0.077299679       -134.7833      -528.75095  -0.00073570923   2.0989032e-09      0.17555875      0.82510917        0.645667       0.0296445       0.1447084      0.49392295       15.338821       169.56492       9.5214948        9.5214948                           -0        17.15559                                  17.15559
              1       18.105926      -133.74604      -658.48597       73.159914     0.015687157     0.077259732      -133.74604      -524.73993  -0.00073004741   2.0989032e-09      0.17485894      0.82580346      0.64648505     0.029308789      0.14434669      0.49356207       15.334806       169.81671       9.5214948        9.5214948                           -0       17.168863                                 17.168863
              3       18.123655      -114.54213      -663.93756       73.325972     0.016290841     0.078196459      -114.54213      -549.39543  -0.00062522363   2.0989032e-09      0.17693282      0.82362506      0.64833869     0.030298968      0.14543584      0.49790388       15.245106       168.49337       9.5214948        9.5214948                           -0       17.204321                                 17.204321
              3       18.321911      -109.99985      -684.97723       72.928318     0.017740319     0.080721005      -109.99985      -574.97738  -0.00060042978   2.0989032e-09      0.18633961      0.81419273      0.65362289      0.03335562      0.15177288      0.51513282       15.095789       165.33131       9.5214948        9.5214948                           -0       17.600832                                 17.600832
              3       18.360546      -31.169275      -695.73219       71.599609     0.016130464     0.079224327      -31.169275      -664.56291  -0.00017013624   2.0989032e-09      0.18726002      0.81283948      0.65387803     0.031464841       0.1545387      0.51660506       15.355895       168.33964       9.5214948        9.5214948                           -0       17.678102                                 17.678102
              1       23.372088      -54.916582      -623.22925       74.537609     0.017956375     0.088668477      -54.916582      -568.31267  -0.00029975996   2.0989032e-09      0.19307376      0.80716082      0.70011795     0.032319732      0.15959465      0.56165834       14.529907        162.1341       9.5214948        9.5214948                           -0       27.701187                                 27.701187
             12       21.790762      -3.9477313       -627.5993       76.639993     0.022290756     0.094149634      -3.9477313      -623.65157  -2.1548533e-05   2.0989032e-09      0.19933731      0.80062259       0.7049206     0.037950185      0.16029048      0.57461092       13.996191       154.63219       9.5214948        9.5214948                           -0       24.538535                                 24.538535
             10       22.023785      -1.8902273      -622.59262       76.280222     0.021114883     0.092865338      -1.8902273      -620.70239   -1.031773e-05   2.0989032e-09      0.19699401      0.80295407      0.70492201     0.036288147      0.15959885      0.57122467       14.107947        156.5034       9.5214948        9.5214948                           -0       25.004581                                 25.004581
              6       20.671221       -165.4165      -559.93496       77.602575     0.017015452     0.083849325       -165.4165      -394.51846  -0.00090291937   2.0989032e-09      0.16855899       0.8322838      0.68167686     0.028254734      0.13923464      0.51096821       14.490798       165.23346       9.5214948        9.5214948                           -0       22.299452                                 22.299452
             14       20.275118      -220.31404      -689.43092       73.803213     0.017382713     0.076295886      -220.31404      -469.11688   -0.0012025754   2.0989032e-09      0.17316728      0.82796881      0.62991789     0.031912955      0.14007176      0.47858186        15.35404       167.56207       9.5214948        9.5214948                           -0       21.507247                                 21.507247
              3       18.786365      -261.47332      -791.90181       70.391683     0.021614371     0.085359836      -261.47332      -530.42849   -0.0014272417   2.0989032e-09      0.21719189      0.78416227      0.65307941     0.043621431      0.17227048      0.55568307       15.019175       158.34897       9.5214948        9.5214948                           -0        18.52974                                  18.52974
              2       18.170817      -186.97068      -816.74079       70.939691     0.023987106     0.087460098      -186.97068      -629.77011    -0.001020572   2.0989032e-09      0.22273757      0.77821105        0.651103     0.047664963      0.17379264      0.56102964       14.798702       154.70254       9.5214948        9.5214948                           -0       17.298644                                 17.298644
              2        19.49064      -241.16356      -730.78133       73.877616     0.024122983      0.08859624      -241.16356      -489.61777   -0.0013163816   2.0989032e-09      0.20770501      0.79354503      0.66017073      0.04419827      0.16232655      0.54931204        14.45135       154.17672       9.5214948        9.5214948                           -0        19.93829                                  19.93829
             13       19.140086      -231.67027      -774.71979       75.443272     0.029072681     0.092778707      -231.67027      -543.04952   -0.0012645629   2.0989032e-09       0.2152183      0.78598264      0.65630412     0.051079195      0.16300739       0.5558839        14.03478       147.38783       9.5214948        9.5214948                           -0       19.237182                                 19.237182
              1       19.478999      -228.75687      -770.44186       75.423196     0.029035501       0.0930631      -228.75687      -541.68499   -0.0012486602   2.0989032e-09      0.21576746      0.78541755      0.65799147     0.051041034      0.16359411      0.55802365       14.021481       147.34518       9.5214948        9.5214948                           -0       19.915009                                 19.915009
              4       19.456808      -238.64755      -772.44719       75.621938     0.029593521     0.093718216      -238.64755      -533.79964   -0.0013026481   2.0989032e-09      0.21675619      0.78448314       0.6586189     0.051748891      0.16388093      0.55983406       13.966662       146.57923       9.5214948        9.5214948                           -0       19.870626                                 19.870626
              1       19.443621      -235.24528      -783.27866       75.025062     0.029087124     0.092492072      -235.24528      -548.03338    -0.001284077   2.0989032e-09      0.21714078      0.78407896      0.65421329       0.0516759      0.16432051      0.55658235        14.08111       147.45503       9.5214948        9.5214948                           -0       19.844252                                 19.844252
              2       20.308521      -307.19918      -866.56443       70.650138     0.029638607     0.094549878      -307.19918      -559.36525   -0.0016768344   2.0989032e-09       0.2500933      0.75151098      0.65613806     0.059378847      0.18942397      0.59908112       14.356629       146.29823       9.5214948        9.5214948                           -0       21.574053                                 21.574053
              2       21.444596      -161.73597      -958.85008       65.454305     0.027414029     0.093842699      -161.73597      -797.11412   -0.0008828293   2.0989032e-09       0.2845315       0.7162668      0.65627446     0.063987691      0.21904032      0.63913125       14.916914       148.84369       9.5214948        9.5214948                           -0       23.846203                                 23.846203
              2       21.229292      -118.31988      -843.87171       68.930781     0.024759312     0.089571007      -118.31988      -725.55183  -0.00064584433   2.0989032e-09      0.24197749      0.75859214      0.65514469     0.052108932       0.1885129      0.58838837       14.838004       153.11783       9.5214948        9.5214948                           -0       23.415594                                 23.415594
              3       18.003205       -39.98289      -850.19464        72.59666     0.026954103     0.088676011       -39.98289      -810.21175  -0.00021824501   2.0989032e-09      0.22062274       0.7795268      0.64262612     0.051143636      0.16825689      0.55109044       14.537728        150.8881       9.5214948        9.5214948                           -0        16.96342                                  16.96342
              3       18.038964      -49.853711      -939.97074       67.111506     0.024895735     0.087914354      -49.853711      -890.11703  -0.00027212449   2.0989032e-09      0.25189915      0.74829257      0.64284475     0.055275285      0.19519371      0.58905905       15.125553       153.47849       9.5214948        9.5214948                           -0       17.034938                                 17.034938
              7       18.077942      -36.953436      -977.08077       67.343603     0.027629231     0.091043818      -36.953436      -940.12733  -0.00020170885   2.0989032e-09      0.26309361      0.73702825      0.64409831     0.060922273      0.20075102      0.60317965       14.886723       149.43335       9.5214948        9.5214948                           -0       17.112894                                 17.112894
              1       18.024686      -48.301795      -966.68605       68.166798     0.028050527     0.091210411      -48.301795      -918.38425  -0.00026365342   2.0989032e-09      0.25804281      0.74214291      0.64390848     0.060366394       0.1962902      0.59718571        14.79657       148.92833       9.5214948        9.5214948                           -0       17.006383                                 17.006383
              5       18.029104      -50.679374      -967.17954       68.092698     0.028225144     0.091437226      -50.679374      -916.50017  -0.00027663134   2.0989032e-09      0.25947053        0.740728      0.64400395     0.060874454      0.19720684      0.59892429       14.785023       148.67418       9.5214948        9.5214948                           -0       17.015219                                 17.015219
              2       17.974755      -63.858896      -962.03848        68.23879     0.027973807     0.090905767      -63.858896      -898.17959  -0.00034857123   2.0989032e-09      0.25667965      0.74359116       0.6428776     0.060074331      0.19522202      0.59465268        14.80476       149.10085       9.5214948        9.5214948                           -0       16.906521                                 16.906521
              8       17.988285      -30.093935      -920.01891       68.806012     0.025858924     0.088458501      -30.093935      -889.92497  -0.00016426654   2.0989032e-09      0.24282862      0.75725915       0.6426935     0.054620751      0.18684729      0.57822014       14.918174       152.19195       9.5214948        9.5214948                           -0       16.933579                                 16.933579
              1       18.061767      -24.612788      -926.30994       68.717629     0.026168353     0.089099288      -24.612788      -901.69715  -0.00013434792   2.0989032e-09      0.24546593      0.75459173      0.64420527     0.055416622      0.18868523      0.58271911       14.887892       151.64184       9.5214948        9.5214948                           -0       17.080544                                 17.080544
              4       18.164319      -42.993136      -920.80128       69.063154     0.026400069     0.089432541      -42.993136      -877.80814  -0.00023467631   2.0989032e-09      0.24420042      0.75595833      0.64515822     0.055349314      0.18750064      0.58207482       14.835707       151.27807       9.5214948        9.5214948                           -0       17.285649                                 17.285649
              3       20.136423      -174.77019      -908.15801        69.91696     0.026096375     0.087683585      -174.77019      -733.38781  -0.00095397611   2.0989032e-09      0.23407359      0.76680631      0.63878642     0.053384492      0.17937141      0.56424959       14.879512       152.16093       9.5214948        9.5214948                           -0       21.229857                                 21.229857
              2       21.094553      -194.07685      -898.44211       70.049803     0.025514325     0.086839552      -194.07685      -704.36525   -0.0010593607   2.0989032e-09       0.2302804      0.77070517      0.63770968     0.051996037      0.17697167      0.55871569       14.929842       153.09535       9.5214948        9.5214948                           -0       23.146117                                 23.146117
              2       18.412067      -151.80922      -870.41725       64.422855     0.017226891     0.080015267      -151.80922      -718.60803  -0.00082864455   2.0989032e-09      0.23585329       0.7648881      0.64229195     0.041507537      0.19279374      0.56949882       16.042984       166.35987       9.5214948        9.5214948                           -0       17.781145                                 17.781145
              2       18.419888      -131.75067      -831.78408       66.227471     0.017051437     0.078986495      -131.75067      -700.03342  -0.00071915575   2.0989032e-09      0.22042944      0.78020716      0.64004531     0.038876275      0.18008457      0.54863673       15.921421       167.01832       9.5214948        9.5214948                           -0       17.796786                                 17.796786
              5       18.062057       -113.7512      -828.71679       66.556071     0.016922401     0.077151866       -113.7512      -714.96559  -0.00062090638   2.0989032e-09      0.21382527      0.78671389      0.63053727     0.038202047      0.17416909      0.53232841       16.009461        167.9283       9.5214948        9.5214948                           -0       17.081124                                 17.081124
              7       18.001947      -119.49335      -833.83212       65.718307     0.016748784     0.078408198      -119.49335      -714.33877   -0.0006522497   2.0989032e-09      0.22181854      0.77874987      0.63797114     0.038780245      0.18154686      0.54857918       16.010702       167.70326       9.5214948        9.5214948                           -0       16.960904                                 16.960904
              2       18.052921      -145.44438      -831.66656        65.34623     0.016033544     0.077488488      -145.44438      -686.22218  -0.00079390235   2.0989032e-09      0.22052297      0.78018613      0.63679953     0.037548143      0.18146635       0.5459703       16.134966       169.17624       9.5214948        9.5214948                           -0       17.062852                                 17.062852
              8       18.221542      -153.39353      -813.36274       66.637689     0.016861943      0.07887266      -153.39353       -659.9692  -0.00083729245   2.0989032e-09       0.2170408      0.78371494      0.64117549     0.037972375      0.17761786      0.54536464        15.88462       167.35001       9.5214948        9.5214948                           -0       17.400094                                 17.400094
             11       17.983779      -162.42571      -857.33213       63.848183     0.015572059     0.076932061      -162.42571      -694.90642  -0.00088659424   2.0989032e-09       0.2284955      0.77230227      0.63453745     0.038198734      0.18871668      0.55377769       16.349222       170.13251       9.5214948        9.5214948                           -0       16.924568                                 16.924568
              2        18.00927      -162.23018      -857.63155       63.909278     0.015805684     0.077289456      -162.23018      -695.40138  -0.00088552693   2.0989032e-09      0.22950586      0.77129101       0.6351657     0.038697729      0.18923106      0.55555019       16.308855       169.61608       9.5214948        9.5214948                           -0        16.97555                                  16.97555
              6       18.092981      -114.08864      -871.13494       65.440556     0.018719454     0.081131358      -114.08864      -757.04631  -0.00062274827   2.0989032e-09      0.23466605      0.76587213      0.64054017     0.043711853      0.18945008       0.5665143       15.817997       163.76248       9.5214948        9.5214948                           -0       17.142973                                 17.142973
              1       17.994763      -92.783896      -880.55735       65.802406      0.01942508     0.081359402      -92.783896      -787.77345  -0.00050645719   2.0989032e-09      0.23424858      0.76617425      0.63790243     0.044862065      0.18789888      0.56367933       15.750707       162.68511       9.5214948        9.5214948                           -0       16.946537                                 16.946537
              3       18.133266      -80.742368      -664.32835       73.875175     0.016415639     0.077436386      -80.742368      -583.58598  -0.00044072899   2.0989032e-09      0.17314786      0.82722652      0.64330762     0.030078817      0.14188877      0.48872733       15.241822       168.59886       9.5214948        9.5214948                           -0       17.223542                                 17.223542
              6       18.157449      -59.583663      -685.35114       74.651777     0.018535327     0.079734909      -59.583663      -625.76748  -0.00032523504   2.0989032e-09      0.17749213      0.82276813      0.64418517     0.033259824      0.14307646      0.49549542       14.990934       164.54354       9.5214948        9.5214948                           -0       17.271909                                 17.271909
              4       18.596415      -18.853804      -639.62232       76.991388     0.018880262     0.081095188      -18.853804      -620.76852  -0.00010291273   2.0989032e-09      0.16974548      0.83029634      0.65220867     0.031851047      0.13680778      0.49059719       14.669096       163.54734       9.5214948        9.5214948                           -0        18.14984                                  18.14984
              3       18.293195      -20.426505      -657.23964       75.442659     0.018427487     0.081802314      -20.426505      -636.81313  -0.00011149726   2.0989032e-09      0.17723317      0.82281471      0.65800171     0.032376666      0.14372477      0.50575349       14.784243        163.9328       9.5214948        9.5214948                           -0       17.543401                                 17.543401
              6       18.261255      -1.3185717      -655.90991       74.667697     0.016853617     0.079705058      -1.3185717      -654.59134  -7.1973708e-06   2.0989032e-09      0.17434653      0.82559572      0.65496063     0.030229266      0.14296192      0.49929961       15.014854        167.0415       9.5214948        9.5214948                           -0        17.47952                                  17.47952
              3       19.020845       -222.0666      -649.43403       79.390561     0.025014937     0.089442822       -222.0666      -427.36743   -0.0012121417   2.0989032e-09      0.18261848      0.81853621       0.6653876     0.039688224      0.14190828      0.51914233       13.926733       152.85974       9.5214948        9.5214948                           -0       18.998701                                 18.998701
              5       19.140651      -265.70542      -649.84147       77.301769     0.023036416     0.088622135      -265.70542      -384.13606   -0.0014503424   2.0989032e-09      0.18793656      0.81345318      0.67061548     0.038551035      0.14830758      0.53078494        14.17585       155.48196       9.5214948        9.5214948                           -0       19.238312                                 19.238312
              4       20.414106      -305.24484      -580.35415       79.729114      0.02203505     0.089112869      -305.24484      -275.10932   -0.0016661667   2.0989032e-09      0.17586405      0.82574515      0.68198084     0.034664119      0.14018662      0.52215577       13.959809       156.56407       9.5214948        9.5214948                           -0       21.785222                                 21.785222
              9       19.552184      -320.31548      -636.33223       77.182332     0.022244765     0.089297177      -320.31548      -316.01675   -0.0017484292   2.0989032e-09      0.18832292      0.81336473      0.67920998     0.037341524       0.1499001      0.53813968       14.178745       156.24153       9.5214948        9.5214948                           -0       20.061378                                 20.061378
              4        19.77016      -311.26044      -619.11532       78.128157     0.022872081     0.090593121      -311.26044      -307.85487   -0.0016990027   2.0989032e-09      0.18694163      0.81469805      0.68358958     0.037470589      0.14841577      0.53961972       14.020321        155.0495       9.5214948        9.5214948                           -0       20.497331                                 20.497331
              3       19.524172      -287.35259      -617.76478       79.034242     0.023501636     0.090860864      -287.35259      -330.41219   -0.0015685026   2.0989032e-09      0.18411633       0.8173942      0.68214306      0.03762422       0.1454609      0.53439329       13.922052       154.20254       9.5214948        9.5214948                           -0       20.005354                                 20.005354
              5       19.764333      -265.46958      -639.38564       78.347936     0.024155623     0.092053052      -265.46958      -373.91605   -0.0014490551   2.0989032e-09      0.19036366       0.8110264      0.68407872     0.039351667      0.14996264      0.54492593       13.918536       153.05295       9.5214948        9.5214948                           -0       20.485676                                 20.485676
              2       20.012692      -266.55597      -641.19898       78.181272     0.024036957     0.092148781      -266.55597      -374.64301   -0.0014549851   2.0989032e-09      0.19113862      0.81025712      0.68515098     0.039325479      0.15075931      0.54688987       13.932393       153.16286       9.5214948        9.5214948                           -0       20.982393                                 20.982393
              6       20.140107       -269.4921      -639.29776       77.856973     0.023798369     0.092262614       -269.4921      -369.80565   -0.0014710119   2.0989032e-09      0.19252844      0.80888284      0.68687534      0.03926017      0.15220564      0.55025594       13.957061        153.4093       9.5214948        9.5214948                           -0       21.237225                                 21.237225
              3       20.119171      -243.83805      -631.77491        77.32716     0.022089676     0.090178035      -243.83805      -387.93686   -0.0013309802   2.0989032e-09      0.18883191      0.81243851      0.68522692      0.03694241      0.15081226       0.5436401       14.127566       156.14857       9.5214948        9.5214948                           -0       21.195352                                 21.195352
             12       19.724531      -241.34413      -618.84614       77.753023     0.021853987     0.089395308      -241.34413      -377.50201   -0.0013173673   2.0989032e-09      0.18508449      0.81617298      0.68273033     0.036148986      0.14787003      0.53625775       14.124441        156.6992       9.5214948        9.5214948                           -0       20.406073                                 20.406073
              3       19.700606      -241.99094      -618.74242       77.625827        0.021607     0.089100789      -241.99094      -376.75148   -0.0013208978   2.0989032e-09      0.18479289      0.81646792      0.68247995     0.035857664      0.14786625      0.53563863       14.154455        157.1082       9.5214948        9.5214948                           -0       20.358222                                 20.358222
              2        19.93023       -291.2475      -662.82992       75.179444      0.02136421     0.088549724       -291.2475      -371.58243   -0.0015897628   2.0989032e-09      0.19561053      0.80591516      0.67828042     0.037799723      0.15667114      0.54770256       14.408351           157.6       9.5214948        9.5214948                           -0       20.817471                                 20.817471
              8       18.162669      -243.73498      -651.85499       79.498453     0.024144443     0.087276199      -243.73498      -408.12001   -0.0013304176   2.0989032e-09      0.17731757      0.82395555      0.65836503     0.038203208      0.13809516      0.50615324        14.05179       154.57276       9.5214948        9.5214948                           -0       17.282348                                 17.282348
              4       18.129687      -281.31197      -662.84091       79.553978     0.025156768      0.08806678      -281.31197      -381.52894   -0.0015355301   2.0989032e-09      0.17991886      0.82155946      0.65697068     0.039749443      0.13915164      0.50877259       13.995698       153.12521       9.5214948        9.5214948                           -0       17.216384                                 17.216384
             13       18.134092      -283.10313      -661.59838       79.680292     0.025292012     0.088186851      -283.10313      -378.49525   -0.0015453071   2.0989032e-09      0.17975101      0.82173726      0.65697404     0.039836534      0.13889992      0.50853782       13.976232       152.93018       9.5214948        9.5214948                           -0       17.225195                                 17.225195
              5       18.150324      -272.50417      -667.97087       79.902525     0.025505121     0.087419261      -272.50417       -395.4667   -0.0014874531   2.0989032e-09      0.17788402      0.82354671      0.65154811     0.039949043      0.13692606      0.50171182        13.99829       152.92367       9.5214948        9.5214948                           -0       17.257658                                 17.257658
              1       18.192258      -272.98444       -674.8541       79.508851     0.025499332     0.087820558      -272.98444      -401.86966   -0.0014900747   2.0989032e-09      0.18027555      0.82115724      0.65352434     0.040336466      0.13892015       0.5066051       14.013758       152.80456       9.5214948        9.5214948                           -0       17.341526                                 17.341526
              1       18.156517      -310.18053      -659.08654        78.75388     0.023493692     0.085634391      -310.18053      -348.90602    -0.001693108   2.0989032e-09      0.17698991      0.82464481      0.65218533     0.037879771      0.13807158      0.50093878       14.216707       155.89459       9.5214948        9.5214948                           -0       17.270045                                 17.270045
              3       18.158583      -314.96208      -645.92551       79.359637     0.023665986     0.086053121      -314.96208      -330.96343   -0.0017192079   2.0989032e-09      0.17523672      0.82642499      0.65410638     0.037577272      0.13663667      0.49991977       14.134215       155.54688       9.5214948        9.5214948                           -0       17.274176                                 17.274176
              9       18.246354      -302.33344      -648.06833       79.315739     0.024221485     0.087930312      -302.33344      -345.73489    -0.001650275   2.0989032e-09      0.17929769      0.82229503      0.66152405     0.038501886       0.1397719      0.51141369       14.033349       154.27133       9.5214948        9.5214948                           -0       17.449718                                 17.449718
              2       18.332258      -311.06776      -661.30229       78.321258     0.024160021     0.088273214      -311.06776      -350.23453   -0.0016979509   2.0989032e-09      0.18433865      0.81730027      0.66291649     0.039385648      0.14390293      0.51964457       14.100644       154.23535       9.5214948        9.5214948                           -0       17.621527                                 17.621527
              5       18.193082      -321.66315      -647.21984       77.644143     0.021851034     0.084715333      -321.66315      -325.55669   -0.0017557854   2.0989032e-09       0.1778361      0.82385962      0.65582801     0.036245542       0.1405221      0.50493945       14.376172       158.26299       9.5214948        9.5214948                           -0       17.343174                                 17.343174
              3       18.522612      -324.04063      -626.57933       78.463952     0.022079048     0.086281072      -324.04063       -302.5387   -0.0017687628   2.0989032e-09      0.17705292      0.82465702      0.66427107     0.035862453      0.14014422      0.51031257       14.215447       157.44485       9.5214948        9.5214948                           -0       18.002235                                 18.002235
              5       18.191401      -347.56773      -645.17424       79.154993     0.023865304     0.087042785      -347.56773      -297.60651   -0.0018971845   2.0989032e-09      0.17804165      0.82379774      0.65846143     0.038089944      0.13892364      0.50725988       14.097077        154.9838       9.5214948        9.5214948                           -0       17.339812                                 17.339812
              1       18.964795      -262.21957      -632.71377       76.903519     0.020908956     0.086413196      -262.21957       -370.4942    -0.001431315   2.0989032e-09      0.18255584      0.81881424      0.67078659      0.03535411      0.14611259      0.52326491       14.360821       158.90734       9.5214948        9.5214948                           -0         18.8866                                   18.8866
              5       18.925813      -258.40226      -639.79936       76.801329     0.021259958     0.086751813      -258.40226       -381.3971   -0.0014104784   2.0989032e-09      0.18421113      0.81713796      0.67042781     0.036043331      0.14707576      0.52535071       14.346804       158.33605       9.5214948        9.5214948                           -0       18.808637                                 18.808637
              3       18.735716      -254.84468      -722.12001       78.559914     0.027824569     0.091067233      -254.84468      -467.27534   -0.0013910595   2.0989032e-09      0.19368523      0.80764716      0.65742333     0.045084415      0.14755711      0.52824176       13.905801       149.21453       9.5214948        9.5214948                           -0       18.428443                                 18.428443
              1       18.678575      -249.89299      -891.81231       69.032203     0.026168625     0.088227563      -249.89299      -641.91932   -0.0013640309   2.0989032e-09       0.2414052      0.75988284      0.64014639     0.054913286      0.18514024      0.57423808       14.889364       151.91008       9.5214948        9.5214948                           -0       18.314161                                 18.314161
              3       19.005024      -196.40198      -836.01683       72.727134     0.029220109     0.095397827      -196.40198      -639.61484   -0.0010720524   2.0989032e-09      0.23682451      0.76417908      0.66568735     0.055244479      0.18036221      0.59145676       14.163337       146.49057       9.5214948        9.5214948                           -0       18.967059                                 18.967059
              3       21.288108      -164.50874      -751.71132       69.941058      0.02265041     0.092020947      -164.50874      -587.20258  -0.00089796439   2.0989032e-09      0.23573457      0.76508937       0.6822141     0.046303271      0.18811452      0.60474418       14.676893       154.86534       9.5214948        9.5214948                           -0       23.533226                                 23.533226
              3       20.481103      -294.22919      -734.22039        68.37661     0.018211196      0.08419056      -294.22919       -439.9912   -0.0016060382   2.0989032e-09      0.22040201      0.78112658      0.66530106     0.038951423      0.18007286      0.57025009       15.326682       163.37032       9.5214948        9.5214948                           -0       21.919217                                 21.919217
              2       20.647925      -333.70134      -659.32179       71.235547     0.017831492     0.085438817      -333.70134      -325.62044   -0.0018214954   2.0989032e-09      0.20477757      0.79697256      0.67868467     0.035139384      0.16836883      0.56072331       14.989325       163.46204       9.5214948        9.5214948                           -0       22.252861                                 22.252861
              3       21.089464       -172.8303      -765.03209       65.722407     0.015380841     0.082668181       -172.8303      -592.20179   -0.0009433873   2.0989032e-09      0.22848628      0.77237327      0.67159987     0.035608458      0.19138657      0.58611123        15.78209       168.17384       9.5214948        9.5214948                           -0       23.135939                                 23.135939
              1       18.337767      -141.13913      -879.57307       66.015316     0.019676721     0.080312194      -141.13913      -738.43393  -0.00077040231   2.0989032e-09      0.23091451       0.7697728      0.63074158     0.045150577      0.18428589      0.55337106       15.784548       162.71531       9.5214948        9.5214948                           -0       17.632545                                 17.632545
              1       18.229175      -146.29851      -883.20956       65.916389     0.019575091     0.079986521      -146.29851      -736.91105  -0.00079856457   2.0989032e-09       0.2306247      0.77009053      0.62938369     0.045052301      0.18408991      0.55183312       15.821725       162.97574       9.5214948        9.5214948                           -0       17.415361                                 17.415361
              4        18.88131      -139.39149      -908.69694       64.973097     0.019657904     0.079543958      -139.39149      -769.30545  -0.00076086287   2.0989032e-09      0.23651763      0.76415745      0.62505948     0.046566121      0.18842566      0.55499936       15.943721       163.02209       9.5214948        9.5214948                           -0        18.71963                                  18.71963
              1       18.638468      -84.941092      -846.29115       67.927618     0.020566375     0.081581432      -84.941092      -761.35006  -0.00046364755   2.0989032e-09      0.22277492      0.77761025      0.63497801     0.044572293      0.17680663      0.54718125       15.481331       161.04104       9.5214948        9.5214948                           -0       18.233946                                 18.233946
              4       18.741055      -70.821812      -854.55657       67.524705      0.02032238     0.081027006      -70.821812      -783.73476  -0.00038657803   2.0989032e-09      0.22369032      0.77661684      0.63279649      0.04457067      0.17770694      0.54642056       15.561541       161.56922       9.5214948        9.5214948                           -0        18.43912                                  18.43912
              3        18.65037      -108.23113      -744.05222       72.948227     0.022045742     0.085134726      -108.23113      -635.82109  -0.00059077528   2.0989032e-09      0.20262284      0.79789989      0.65215477     0.041428122      0.15998426       0.5359623       14.757222       157.87188       9.5214948        9.5214948                           -0       18.257751                                 18.257751
              1       18.407485      -161.58935      -813.79917       72.418363     0.026117427      0.08910795      -161.58935      -652.20982  -0.00088202902   2.0989032e-09      0.22093869      0.77987429      0.64955668     0.049800416      0.16991004      0.55743253       14.530779       151.69694       9.5214948        9.5214948                           -0       17.771981                                 17.771981
              4       19.067396      -68.433121      -799.46985       74.729316     0.028795502     0.092380199      -68.433121      -731.03673  -0.00037353946   2.0989032e-09      0.21814035      0.78216835      0.65478383      0.05156353      0.16542338      0.55834845       14.116257       147.79365       9.5214948        9.5214948                           -0       19.091803                                 19.091803
              1       19.161481      -69.685656      -791.57063       75.025736     0.028784995     0.092501377      -69.685656      -721.88497  -0.00038037637   2.0989032e-09      0.21661666      0.78369939      0.65583736     0.051138222      0.16433409      0.55729026       14.084729       147.76974       9.5214948        9.5214948                           -0       19.279973                                 19.279973
              1       18.703271      -110.32121      -821.42302       72.798848     0.027961433     0.092825161      -110.32121      -711.10181  -0.00060218389   2.0989032e-09      0.22912876       0.7714051      0.65938363     0.052760684      0.17515265      0.57625848       14.282589       148.55115       9.5214948        9.5214948                           -0       18.363552                                 18.363552
              2        18.69833      -108.88728      -821.39993       72.828259     0.028009419     0.092919505      -108.88728      -712.51265  -0.00059435686   2.0989032e-09      0.22921208      0.77131401      0.65964777     0.052808551      0.17518908      0.57659413       14.274956       148.47228       9.5214948        9.5214948                           -0        18.35367                                  18.35367
              3       18.815971      -102.79169      -817.35981       73.243711     0.028417539     0.093252477      -102.79169      -714.56811  -0.00056108435   2.0989032e-09      0.22800062      0.77249297      0.65965258     0.052971928      0.17382798      0.57507256       14.214359       147.94119       9.5214948        9.5214948                           -0       18.588953                                 18.588953
             10       19.679416      -51.434521      -934.09771        66.57631      0.02331394     0.083293885      -51.434521      -882.66319  -0.00028075327   2.0989032e-09      0.24197239      0.75822667      0.62632036     0.052598848      0.18792029      0.56249518        15.45833       156.89256       9.5214948        9.5214948                           -0       20.315843                                 20.315843
              2       19.929518       -56.86455      -941.50773        66.20928     0.023248359      0.08317411       -56.86455      -884.64318  -0.00031039287   2.0989032e-09      0.24423973      0.75598806      0.62553469     0.053034025       0.1897363       0.5644155       15.502689       157.01438       9.5214948        9.5214948                           -0       20.816047                                 20.816047
              5       21.248465      -53.718175      -961.81581       66.022594     0.024613386     0.084851694      -53.718175      -908.09764  -0.00029321851   2.0989032e-09        0.252603      0.74760715      0.62652248     0.056465892      0.19465938      0.57490393       15.386198       154.79325       9.5214948        9.5214948                           -0       23.453941                                 23.453941
              1       19.049594      -43.536211      -942.23074       68.208729     0.026239212     0.086634183      -43.536211      -898.69452  -0.00023764066   2.0989032e-09      0.24399618      0.75616363      0.63000197     0.056398932      0.18621273       0.5681628       15.053923       152.32459       9.5214948        9.5214948                           -0       19.056198                                 19.056198
              7       19.029086      -33.090856      -990.86014       66.277251      0.02493266     0.083816922      -33.090856      -957.76928  -0.00018062511   2.0989032e-09      0.24903674      0.75106145      0.61945855     0.056759643      0.19081071      0.56439523       15.449369       154.74783       9.5214948        9.5214948                           -0       19.015183                                 19.015183
             11       18.804137      -57.216126      -963.00293       66.968752     0.024398402     0.083322667      -57.216126      -905.78681  -0.00031231193   2.0989032e-09      0.24162699      0.75860458      0.62075565     0.054402264      0.18578847      0.55709952       15.425188       155.55168       9.5214948        9.5214948                           -0       18.565284                                 18.565284
             22       19.454416      -65.241393      -938.50453       68.598908     0.024923998     0.083407367      -65.241393      -873.26314  -0.00035611753   2.0989032e-09      0.23157649      0.76870268      0.62035198     0.052964307      0.17724337      0.54503549       15.271902        154.8916       9.5214948        9.5214948                           -0       19.865843                                 19.865843
             12       19.288065      -6.2503616      -949.17129       69.149926     0.026192488     0.085354144      -6.2503616      -942.92093  -3.4117349e-05   2.0989032e-09      0.23462468      0.76533371      0.62455787     0.054776379      0.17850122      0.55233034       15.081398       152.77989       9.5214948        9.5214948                           -0        19.53314                                  19.53314
              2       19.296797      -14.219513      -954.14562       68.891262     0.026101384     0.085058003      -14.219513      -939.92611  -7.7616642e-05   2.0989032e-09      0.23557392       0.7644274      0.62312777     0.054996525      0.17922018      0.55217925       15.125029       152.97842       9.5214948        9.5214948                           -0       19.550605                                 19.550605
              1       20.378484      -27.321438      -988.13042       68.072827     0.026424479      0.08540102      -27.321438      -960.80899  -0.00014913298   2.0989032e-09      0.24271002      0.75736097       0.6221114     0.057024154      0.18429582      0.55956608       15.194783       152.49905       9.5214948        9.5214948                           -0       21.713978                                 21.713978
              9       19.997648      -18.059077      -992.69701       67.430417     0.025692163     0.084584647      -18.059077      -974.63794  -9.8574749e-05   2.0989032e-09      0.24395059      0.75606835      0.62090826     0.056505272      0.18602865      0.55990938        15.31475       153.60398       9.5214948        9.5214948                           -0       20.952307                                 20.952307
              2       18.822279        -78.7088      -991.92565       66.413195     0.024729031     0.084140869        -78.7088      -913.21685  -0.00042962884   2.0989032e-09      0.24829104      0.75205649      0.62256036     0.056065843       0.1907648      0.56637145        15.44516       154.88576       9.5214948        9.5214948                           -0       18.601568                                 18.601568
              1       21.280281      -163.03111      -714.36655       77.429958     0.026343547      0.08748934      -163.03111      -551.33543  -0.00088989881   2.0989032e-09      0.19094148      0.80988802      0.64480107     0.043939609      0.14592748      0.51441694       14.153501       151.93972       9.5214948        9.5214948                           -0       23.517572                                 23.517572
              7       21.756334      -247.49373      -710.31374        78.18076     0.026002108     0.084234674      -247.49373         -462.82   -0.0013509346   2.0989032e-09      0.18140825      0.81988344      0.62894884     0.042541105       0.1378133      0.48908372       14.290712       153.35497       9.5214948        9.5214948                           -0       24.469678                                 24.469678
              1       18.986209      -271.84984      -817.28148       69.350362      0.02009072     0.078863328      -271.84984      -545.43163   -0.0014838815   2.0989032e-09      0.20708753      0.79432106      0.62400302     0.041773228        0.163975      0.51844542       15.560798       162.66984       9.5214948        9.5214948                           -0       18.929429                                 18.929429
              2       18.570012      -282.69522      -770.90096       71.454803     0.020638768     0.081473144      -282.69522      -488.20574   -0.0015430806   2.0989032e-09      0.20125401      0.80021815      0.63820013     0.040422291      0.15957014      0.52271929       15.170584       160.98197       9.5214948        9.5214948                           -0       18.097035                                 18.097035
