#        weight    minuslogpost     theta_s_100         omega_b       omega_cdm        tau_reio            logA             n_s        A_planck         Omega_m    Omega_Lambda          sigma8         Omega_b       Omega_cdm              S8             age         rs_drag              H0             A_s          z_reio       chi2__BAO       chi2__CMB        chi2__H0        chi2__SN   minuslogprior minuslogprior__0            chi2 chi2__H0.riess2020 chi2__sn.pantheonplus chi2__bao.desi_dr2 chi2__planck_2018_lowl.TT_clik chi2__planck_2018_lowl.EE_clik chi2__planck_2018_highl_plik.TTTEEE_lite chi2__planck_2018_lensing.native
              1       1262.7002       1.0415391     0.022467731      0.11922637     0.053333837       3.0526537      0.96976998      0.99958223      0.31132126      0.68859954      0.81239696     0.049141275      0.26077113      0.82758393       13.792565       147.19352       67.617078   2.1171452e-09        7.546524       24.212563       1109.6749       18.443206       1404.1784      -15.554307       -15.554307       2556.5091          18.443206             1404.1784          24.212563                      23.376706                      395.91305                                680.00007                        10.385089
              1       1259.4955       1.0415391     0.022467731      0.11922637     0.053333837       3.0526537      0.96976998      0.99983327      0.31132126      0.68859954      0.81239696     0.049141275      0.26077113      0.82758393       13.792565       147.19352       67.617078   2.1171452e-09        7.546524       24.212563        1103.289       18.443206       1404.1784      -15.566046       -15.566046       2550.1232          18.443206             1404.1784          24.212563                      23.338967                      395.92124                                673.75268                        10.276154
              6       1251.1306        1.041645     0.022428401      0.11924823     0.051347678       3.0398367      0.96382459      0.99565328      0.31135217      0.68856861      0.80572439     0.049066144      0.26087686      0.82082737       13.793711       147.23109       67.609573    2.090183e-09       7.3513947       23.815668       1083.9481       18.492824       1404.1745      -14.084922       -14.084922        2530.431          18.492824             1404.1745          23.815668                      24.611719                      395.75893                                654.56419                        9.0132464
              2       1251.0117       1.0418431     0.022802451      0.11758294     0.068047414       3.0671446      0.96536133      0.99372096      0.29961023      0.70031284      0.81011764     0.048442674      0.24979912      0.80959121       13.740182       147.26156       68.608309   2.1480479e-09       8.8738251       11.697464       1095.1622       12.475521       1406.1224      -11.717118       -11.717118       2525.4577          12.475521             1406.1224          11.697464                      25.264722                      401.02924                                659.87756                        8.9907224
              2       1238.7654       1.0418431     0.022802451      0.11758294     0.068047414       3.0671446      0.96536133      0.99484268      0.29961023      0.70031284      0.81011764     0.048442674      0.24979912      0.80959121       13.740182       147.26156       68.608309   2.1480479e-09       8.8738251       11.697464       1072.7221       12.475521       1406.1224      -12.743389       -12.743389       2503.0176          12.475521             1406.1224          11.697464                      25.058021                       400.9904                                637.98901                        8.6847174
              2       1235.4991       1.0413194     0.022942733      0.11725543     0.056397915       3.0406819      0.96778782      0.99483643      0.29861863      0.70130459      0.79804117     0.048643963      0.24860895      0.79620174       13.739257       147.19303       68.676492   2.0919503e-09       7.7191925       11.854506       1065.1115       12.107764       1406.3299      -12.202724       -12.202724       2495.4037          12.107764             1406.3299          11.854506                      23.734292                      396.26625                                636.69144                         8.419524
              1       1230.6721       1.0413194     0.022942733      0.11725543     0.056397915       3.0406819      0.96778782      0.99551674      0.29861863      0.70130459      0.79804117     0.048643963      0.24860895      0.79620174       13.739257       147.19303       68.676492   2.0919503e-09       7.7191925       11.854506       1056.5076       12.107764       1406.3299      -12.727748       -12.727748       2486.7998          12.107764             1406.3299          11.854506                      23.627208                      396.22562                                628.10725                        8.5475083
             12       1229.9203       1.0419128     0.022822219      0.11840918     0.038640797       3.0113281      0.96713232      0.99694797      0.30366898      0.69625351      0.79117008     0.048848449      0.25344183      0.79599336       13.739824       147.01771       68.352365   2.0314361e-09       5.9005585       14.760485       1053.9498       13.905068       1405.3437      -14.059271       -14.059271       2487.9591          13.905068             1405.3437          14.760485                      23.238525                       397.8907                                623.09525                        9.7253495
              4       1229.4693       1.0419468      0.02275636      0.11854188     0.038295966       3.0084627      0.96631026      0.99584985      0.30466117       0.6952611      0.79053316     0.048843621        0.254435      0.79665084       13.746443       147.05504       68.257044   2.0256236e-09        5.874588        15.51179       1051.0748       14.457288       1405.1704      -13.637895       -13.637895       2486.2143          14.457288             1405.1704           15.51179                      23.369152                      398.02976                                619.80286                        9.8730475
              2       1231.2019       1.0417498     0.022868747      0.11832704     0.040230858       3.0204842      0.96713693      0.99971934      0.30344664      0.69647589      0.79419033      0.04892448      0.25314412      0.79873945       13.739335        146.9884       68.368818   2.0501216e-09       6.0676117       14.911055       1057.5581       13.810838       1405.3835      -14.629764       -14.629764       2491.6634          13.810838             1405.3835          14.911055                      23.330654                      397.39826                                  627.828                        9.0011466
              1       1231.7618       1.0417535     0.022850323        0.118464     0.038525328       3.0182949      0.96640171       1.0001364      0.30427315      0.69564923      0.79364327     0.048977282      0.25391523      0.79927554       13.741816       146.97226       68.304423   2.0456382e-09       5.8830109       15.696981       1057.8141       14.181462       1405.2374      -14.703148       -14.703148       2492.9299          14.181462             1405.2374          15.696981                      23.440166                      397.96556                                627.38599                         9.022375
              2       1231.3149       1.0417095     0.022775591      0.11754892     0.035950238       3.0121822      0.96881278       1.0009136       0.2999779      0.69994504      0.78909577     0.048465911      0.25014128       0.7890667       13.746862       147.29769       68.551449    2.033172e-09       5.5938263       11.985845       1061.5915       12.786409       1406.0472      -14.890593       -14.890593        2492.411          12.786409             1406.0472          11.985845                      22.826761                      398.96044                                629.57649                        10.227806
              1       1227.7077       1.0417095     0.022775591      0.11754892     0.035950238       3.0121822      0.96881278       1.0014808       0.2999779      0.69994504      0.78909577     0.048465911      0.25014128       0.7890667       13.746862       147.29769       68.551449    2.033172e-09       5.5938263       11.985845       1054.1599       12.786409       1406.0472      -14.781941       -14.781941       2484.9794          12.786409             1406.0472          11.985845                      22.749625                       398.9668                                621.93642                        10.507067
              1       1226.8318       1.0416913     0.022725306      0.11892025     0.041019651       3.0199264      0.96261656      0.99869082      0.30764587      0.69227584      0.79513787     0.049134597      0.25711858      0.80520665        13.75908       146.98923       68.008183   2.0489784e-09       6.1869354       19.466394       1043.4929       15.949681       1404.6893      -14.967332       -14.967332       2483.5982          15.949681             1404.6893          19.466394                      24.227329                      397.02145                                613.44961                        8.7945063
              5       1226.1473       1.0415404     0.022657194      0.11876372      0.04056168       3.0168778      0.96263535      0.99816197      0.30766756      0.69225402      0.79354881     0.049068254      0.25720431      0.80362581       13.770159       147.10571       67.952082   2.0427413e-09        6.146225        19.50583       1041.8145       16.296242       1404.6859      -15.003962       -15.003962       2482.3025          16.296242             1404.6859           19.50583                      24.123705                       397.1548                                611.49888                        9.0371048
              8       1225.9177       1.0416312     0.022678539      0.11877197     0.041183551        3.019003       0.9630496      0.99841332      0.30730906      0.69261262      0.79453848     0.049047031      0.25686895      0.80415912       13.765206       147.08003       67.998789   2.0470872e-09       6.2115021       18.929808       1042.2041       16.007453       1404.7405      -15.023265       -15.023265       2481.8819          16.007453             1404.7405          18.929808                      24.085595                      397.01807                                 612.1807                        8.9197306
              3       1226.0302       1.0416226     0.022676597      0.11878152      0.04106294       3.0188269      0.96295212      0.99844239      0.30739795      0.69252371      0.79447166     0.049054392      0.25695015      0.80420777       13.765711       147.07963       67.990775   2.0467268e-09       6.1981659       19.057916       1042.2892        16.05682       1404.7269      -15.035226       -15.035226       2482.1309           16.05682             1404.7269          19.057916                      24.102911                      397.05776                                612.20972                        8.9188289
              2       1226.5925        1.041464     0.022678351      0.11875197     0.042137617       3.0225134      0.96619248      0.99945624      0.30771012      0.69221145      0.79666831     0.049117611      0.25719741      0.80684071       13.770121       147.08561       67.949633   2.0542858e-09       6.3153839       19.805352       1042.7916        16.31145       1404.6795      -15.201468       -15.201468       2483.5879           16.31145             1404.6795          19.805352                      23.361748                      396.77477                                 613.8606                        8.7944748
              1       1225.4284        1.041397      0.02261579       0.1180956     0.039947582       3.0151452      0.96632173      0.99899964      0.30474922      0.69517271      0.79175983     0.048757519      0.25460301       0.7980023       13.775803       147.32901       68.105954   2.0392051e-09       6.0767365       15.982106       1044.9265       15.354616       1405.1553      -15.280821       -15.280821       2481.4185          15.354616             1405.1553          15.982106                      23.206533                      397.45677                                614.60037                        9.6628378
              2       1223.8285       1.0415038     0.022661905      0.11756202     0.044515939       3.0189855      0.97016684      0.99713097      0.30130885       0.6986137      0.79252304     0.048472539      0.25145854      0.79424998       13.765184       147.42057       68.375469   2.0470514e-09       6.5610504       12.825432       1044.4863       13.772839       1405.7827      -14.605075       -14.605075       2476.8672          13.772839             1405.7827          12.825432                      22.547344                      396.31972                                615.61836                        10.000826
              1       1215.9645       1.0415038     0.022661905      0.11756202     0.044515939       3.0189855      0.97016684      0.99894402      0.30130885       0.6986137      0.79252304     0.048472539      0.25145854      0.79424998       13.765184       147.42057       68.375469   2.0470514e-09       6.5610504       12.825432       1029.8968       13.772839       1405.7827      -15.174373       -15.174373       2462.2777          13.772839             1405.7827          12.825432                      22.312388                       396.3659                                600.32265                        10.895824
              7       1214.5867       1.0416365     0.022626996       0.1178339     0.048456789       3.0234008      0.96733648       0.9967768      0.30256611      0.69735625      0.79460693     0.048518199      0.25266671       0.7979981       13.766239         147.387       68.290629   2.0561098e-09        6.989212       13.571884        1024.811       14.261492       1405.5441      -14.507542       -14.507542       2458.1884          14.261492             1405.5441          13.571884                      22.991618                      395.76574                                595.89483                        10.158786
              8       1214.2046       1.0416536     0.022639108      0.11756431     0.050444586       3.0261231      0.96857039      0.99647029      0.30100873      0.69891388      0.79510055     0.048382588      0.25124954      0.79643616       13.763164        147.4457       68.404569   2.0617146e-09       7.1885529        12.40867       1025.1858       13.607194       1405.8413      -14.316915       -14.316915        2457.043          13.607194             1405.8413           12.40867                      22.799866                      395.64957                                596.52889                        10.207512
              1        1214.413       1.0418735     0.022656401      0.11782937     0.050357056       3.0248867      0.96848939      0.99548022      0.30166674      0.69825586      0.79561598     0.048428308      0.25186158      0.79782306       13.756012       147.35577       68.398379   2.0591672e-09       7.1808319       12.681679       1024.0718       13.642345       1405.7137      -13.641734       -13.641734       2456.1095          13.642345             1405.7137          12.681679                      22.861793                      395.65464                                595.40358                        10.151732
              3       1214.3015       1.0419252     0.022629792      0.11760354     0.056040091       3.0345452      0.97116735      0.99487468      0.30046774      0.69945502       0.7996557     0.048265508       0.2508284      0.80027885       13.756251       147.44602       68.473392    2.079152e-09        7.759201        11.80842       1024.0898        13.21942       1405.9484      -13.231467       -13.231467        2455.066           13.21942             1405.9484           11.80842                       22.50447                      396.19902                                 595.8114                        9.5748676
              2       1214.2452       1.0419393     0.022627209      0.11784099     0.055978779       3.0384964      0.97243736      0.99645264      0.30170253      0.69822005       0.8024722      0.04837767      0.25194767      0.80474603       13.757227       147.38549       68.390066   2.0873834e-09       7.7570953       12.573444       1025.1835       13.689626       1405.7068      -14.331532       -14.331532       2457.1534          13.689626             1405.7068          12.573444                      22.297134                      396.20808                                597.54665                        9.1316637
              1       1214.3195       1.0418709      0.02266705      0.11768275     0.061380664       3.0488215      0.97176481       0.9962502      0.30083414      0.69908859      0.80563803     0.048363941      0.25109583      0.80675728       13.754265       147.38404       68.459962   2.1090474e-09       8.2758026       12.141521        1025.581        13.29465       1405.8757      -14.126883       -14.126883       2456.8929           13.29465             1405.8757          12.141521                      22.617286                      397.64902                                596.64764                        8.6670918
              1        1214.573       1.0418122     0.022527571      0.11761531     0.061350444       3.0478601      0.97153629      0.99607233      0.30145331      0.69846915      0.80547344     0.048236061      0.25183803      0.80742209       13.770596       147.55685       68.339416   2.1070207e-09       8.3045807        12.31484       1025.6362       13.979452       1405.7547      -14.269604       -14.269604       2457.6852          13.979452             1405.7547           12.31484                      22.579964                      397.70916                                596.62849                        8.7186089
              1       1214.2477        1.041848     0.022545111      0.11741054     0.060671261       3.0479325      0.97197757      0.99687801      0.30015712      0.69976557       0.8048836     0.048130056      0.25065194      0.80509434       13.766681        147.5921       68.441262   2.1071734e-09       8.2308807        11.55333       1026.9317       13.399758       1406.0108      -14.700109       -14.700109       2457.8956          13.399758             1406.0108           11.55333                      22.492861                      397.46448                                598.19891                          8.77546
              2       1208.8032        1.041848     0.022545111      0.11741054     0.060671261       3.0479325      0.97197757      0.99878416      0.30015712      0.69976557       0.8048836     0.048130056      0.25065194      0.80509434       13.766681        147.5921       68.441262   2.1071734e-09       8.2308807        11.55333       1017.3657       13.399758       1406.0108      -15.361595       -15.361595       2448.3296          13.399758             1406.0108           11.55333                      22.245218                      397.45675                                588.39283                        9.2709529
              1       1209.2153       1.0418845     0.022599621      0.11760809     0.064046551       3.0539636      0.96948457      0.99796883      0.30078593      0.69913674      0.80703902     0.048260978      0.25114941      0.80809545        13.76071       147.47902       68.430941   2.1199203e-09       8.5467377        11.96915       1017.2409       13.457941       1405.8852      -15.061263       -15.061263       2448.5532          13.457941             1405.8852           11.96915                      22.904715                      398.83336                                586.73098                        8.7718466
              1        1209.247       1.0418557     0.022625227      0.11747106     0.063382287       3.0529568      0.96971817      0.99829233      0.29999641      0.69992641      0.80609384     0.048226989       0.2503964      0.80608901       13.758183       147.48717       68.493821   2.1177871e-09       8.4744415       11.594274       1017.9689       13.105396       1406.0434      -15.108941       -15.108941       2448.7119          13.105396             1406.0434          11.594274                      22.833176                       398.4848                                587.77142                        8.8794722
              7       1209.2629       1.0419529     0.022652189      0.11791856       0.0589529       3.0461697      0.97046977      0.99879859      0.30192974      0.69799284      0.80512735     0.048432355      0.25212016      0.80771267       13.754513       147.33739       68.389164   2.1034621e-09       8.0469818       12.774831       1016.7324        13.69476       1405.6635      -15.169901       -15.169901       2448.8655           13.69476             1405.6635          12.774831                      22.560169                      396.91612                                 588.1772                        9.0789156
              4       1210.2275       1.0419529     0.022652189      0.11791856       0.0589529       3.0461697      0.97046977        1.000221      0.30192974      0.69799284      0.80512735     0.048432355      0.25212016      0.80771267       13.754513       147.33739       68.389164   2.1034621e-09       8.0469818       12.774831       1018.8847        13.69476       1405.6635      -15.281462       -15.281462       2451.0179           13.69476             1405.6635          12.774831                      22.373065                      396.91197                                590.07483                        9.5248681
              6        1210.026       1.0420796     0.022567436      0.11797023     0.071862784       3.0711073      0.96925225      0.99921596      0.30232016       0.6976023      0.81549052     0.048324861      0.25261597      0.81863789       13.760036        147.4188       68.336984   2.1565769e-09       9.2963715       12.730942       1018.5319       13.993449       1405.5899       -15.39704        -15.39704       2450.8462          13.993449             1405.5899          12.730942                      23.141627                      402.94135                                583.99452                        8.4543469
              2       1209.1906       1.0419619     0.022549778        0.117839     0.068272455       3.0663123      0.97201804       1.0007809      0.30207306      0.69784937       0.8139089     0.048298519       0.2523949      0.81671621       13.764816       147.47306       68.328869   2.1462609e-09       8.9636688       12.636276        1016.917       14.040185       1405.6364      -15.424335       -15.424335       2449.2298          14.040185             1405.6364          12.636276                      22.396166                      400.77647                                585.16047                        8.5838987
             10       1209.0567       1.0419619     0.022549778        0.117839     0.068272455       3.0663123      0.97201804       1.0005542      0.30207306      0.69784937       0.8139089     0.048298519       0.2523949      0.81671621       13.764816       147.47306       68.328869   2.1462609e-09       8.9636688       12.636276       1016.6977       14.040185       1405.6364      -15.448556       -15.448556       2449.0106          14.040185             1405.6364          12.636276                      22.425888                      400.77953                                584.92793                        8.5643932
              3       1209.1371       1.0419619     0.022549778        0.117839     0.068272455       3.0663123      0.97201804       1.0007101      0.30207306      0.69784937       0.8139089     0.048298519       0.2523949      0.81671621       13.764816       147.47306       68.328869   2.1462609e-09       8.9636688       12.636276       1016.8269       14.040185       1405.6364      -15.432787       -15.432787       2449.1397          14.040185             1405.6364          12.636276                      22.405437                      400.77452                                585.06948                        8.5774903
              3       1209.4233        1.042266     0.022548012      0.11818012     0.058163246       3.0456389       0.9724965       1.0001668      0.30299665      0.69692574      0.80715195     0.048326112      0.25328999      0.81117318       13.757534       147.38306       68.306684    2.102346e-09       7.9985504       13.007334        1017.153       14.168366       1405.4649      -15.473464       -15.473464       2449.7935          14.168366             1405.4649          13.007334                      22.012819                      396.65468                                589.02877                        9.4567014
              1       1209.3671       1.0422497     0.022540812      0.11818629     0.057859466       3.0447626       0.9724368       1.0000756      0.30312008      0.69680228      0.80681665     0.048330711      0.25340825      0.81100135       13.758817       147.38937       68.292527   2.1005044e-09       7.9697723       13.103448       1016.9088       14.250469       1405.4424      -15.485459       -15.485459       2449.7051          14.250469             1405.4424          13.103448                      22.007267                      396.59216                                588.79578                        9.5135516
              1       1209.3796       1.0422497     0.022540812      0.11818629     0.057859466       3.0447626       0.9724368       1.0000887      0.30312008      0.69680228      0.80681665     0.048330711      0.25340825      0.81100135       13.758817       147.38937       68.292527   2.1005044e-09       7.9697723       13.103448       1016.9335       14.250469       1405.4424      -15.485287       -15.485287       2449.7298          14.250469             1405.4424          13.103448                      22.005695                      396.59216                                588.81789                        9.5178018
              3       1209.4938       1.0422736     0.022497161      0.11810868     0.054775014       3.0414675       0.9731758        1.001537       0.3028893      0.69703305      0.80565163     0.048241773      0.25326627      0.80952194       13.762411       147.45825       68.289232   2.0935944e-09       7.6700592       12.806454       1017.1287       14.269611       1405.4845      -15.350817       -15.350817       2449.6893          14.269611             1405.4845          12.806454                       21.79931                      396.02964                                589.51576                        9.7840123
              1        1209.364       1.0422736     0.022497161      0.11810868     0.054775014       3.0414675       0.9731758       1.0013073       0.3028893      0.69703305      0.80565163     0.048241773      0.25326627      0.80952194       13.762411       147.45825       68.289232   2.0935944e-09       7.6700592       12.806454       1016.9735       14.269611       1405.4845       -15.40307        -15.40307        2449.534          14.269611             1405.4845          12.806454                       21.82559                      396.02893                                589.41733                        9.7016425
              3       1209.3521       1.0421148     0.022548797      0.11816565     0.055263575       3.0403672      0.97222853       1.0004513      0.30336599      0.69655629      0.80475893     0.048391387      0.25359224      0.80926102       13.761886       147.38579       68.261787   2.0912921e-09       7.7086639       13.471779       1016.3216       14.429556       1405.3979      -15.458262       -15.458262       2449.6208          14.429556             1405.3979          13.471779                      21.971783                      396.03878                                588.56741                         9.743587
              4       1209.1427       1.0421346     0.022589737      0.11811941     0.054408704       3.0416063      0.97149467       1.0017072      0.30282186      0.69710056      0.80472222     0.048394109      0.25304782      0.80849805       13.756711       147.35266       68.321805    2.093885e-09       7.6125031       13.113188        1015.946       14.080937       1405.4969      -15.175809       -15.175809        2448.637          14.080937             1405.4969          13.113188                      22.118859                      395.92226                                588.29905                          9.60583
              1        1209.181       1.0421346     0.022589737      0.11811941     0.054408704       3.0416063      0.97149467       1.0017447      0.30282186      0.69710056      0.80472222     0.048394109      0.25304782      0.80849805       13.756711       147.35266       68.321805    2.093885e-09       7.6125031       13.113188       1016.0019       14.080937       1405.4969      -15.165456       -15.165456       2448.6929          14.080937             1405.4969          13.113188                      22.114281                      395.92226                                588.34632                        9.6190448
              3        1210.039       1.0419095     0.022597579       0.1178008     0.054656477       3.0360603      0.97080234      0.99967153      0.30174858      0.69817394      0.80095271     0.048345616      0.25202489      0.80328354       13.761091       147.42896       68.367926   2.0823045e-09       7.6307526       12.572165       1018.7646        13.81594        1405.698      -15.386393       -15.386393       2450.8508           13.81594              1405.698          12.572165                      22.155484                      395.96285                                590.18041                        10.465898
              2       1209.7628        1.041979     0.022682382      0.11775749     0.060412451       3.0492219      0.97088704       1.0001098      0.30082251      0.69910028      0.80582181     0.048363888      0.25108518      0.80692571        13.74976       147.34703       68.483149   2.1098922e-09       8.1803436       12.067438       1018.8442       13.164899        1405.878      -15.214431       -15.214431       2449.9545          13.164899              1405.878          12.067438                      22.395657                      397.35681                                589.75561                        9.3361272
              2       1209.7726       1.0419699     0.022685253      0.11776637      0.06033359        3.048991      0.97094471       1.0000843      0.30088011      0.69904267      0.80575762     0.048375241      0.25113128      0.80693868       13.749767       147.34148       68.479447    2.109405e-09       8.1719208       12.116901       1018.7918       13.185575       1405.8666      -15.207825       -15.207825       2449.9609          13.185575             1405.8666          12.116901                      22.380581                      397.29843                                589.76173                        9.3510461
             10       1210.5615       1.0419699     0.022685253      0.11776637      0.06033359        3.048991      0.97094471      0.99806523      0.30088011      0.69904267      0.80575762     0.048375241      0.25113128      0.80693868       13.749767       147.34148       68.479447    2.109405e-09       8.1719208       12.116901       1019.7717       13.185575       1405.8666      -14.908926       -14.908926       2450.9408          13.185575             1405.8666          12.116901                      22.648845                       397.3132                                591.00612                        8.8035791
              8       1209.1962       1.0419699     0.022685253      0.11776637      0.06033359        3.048991      0.97094471      0.99936947      0.30088011      0.69904267      0.80575762     0.048375241      0.25113128      0.80693868       13.749767       147.34148       68.479447    2.109405e-09       8.1719208       12.116901       1017.5765       13.185575       1405.8666      -15.176589       -15.176589       2448.7456          13.185575             1405.8666          12.116901                      22.474044                      397.32564                                  588.646                        9.1307959
              1       1209.4875       1.0420242      0.02268413      0.11805159     0.059876829       3.0490063      0.96990466      0.99938969      0.30224019      0.69768239      0.80648786     0.048493866       0.2523693      0.80949341       13.749601       147.26669       68.393946   2.1094372e-09       8.1326141       13.003098       1017.0622        13.66755       1405.6049      -15.181342       -15.181342       2449.3378           13.66755             1405.6049          13.003098                      22.680119                      397.20065                                588.22219                        8.9592083
              2       1209.4914       1.0420577     0.022672463      0.11800188     0.058620778       3.0448832      0.97005132      0.99875817      0.30194403       0.6979786      0.80477864     0.048442458       0.2521253      0.80738195       13.749618       147.29271       68.412626   2.1007577e-09       8.0118866       12.722537       1017.2695       13.561507       1405.6608      -15.115748       -15.115748       2449.2143          13.561507             1405.6608          12.722537                      22.592074                      396.83282                                588.57724                        9.2673232
              1       1208.8006       1.0420978     0.022573443      0.11817966     0.054060007        3.039372      0.96828548       1.0002083      0.30334779      0.69657452      0.80308186     0.048428133      0.25353776      0.80755034       13.759825       147.35464       68.273165   2.0892118e-09       7.5823212       13.539077        1015.164       14.363137       1405.4012      -15.433073       -15.433073       2448.4673          14.363137             1405.4012          13.539077                      22.791577                       395.9402                                587.01111                        9.4210717
              3       1208.7589       1.0420959     0.022554475      0.11823231     0.054433335       3.0397652      0.96859285        1.000023      0.30374565      0.69617657      0.80359098     0.048439364      0.25392291      0.80859204       13.762153       147.36166       68.236563   2.0900335e-09       7.6244354       13.831332       1014.7113       14.577344         1405.33      -15.466148       -15.466148         2448.45          14.577344               1405.33          13.831332                      22.730558                      395.97451                                 586.6361                        9.3701703
              1       1208.7586       1.0420959     0.022554475      0.11823231     0.054433335       3.0397652      0.96859285       1.0000352      0.30374565      0.69617657      0.80359098     0.048439364      0.25392291      0.80859204       13.762153       147.36166       68.236563   2.0900335e-09       7.6244354       13.831332       1014.7108       14.577344         1405.33      -15.466091       -15.466091       2448.4495          14.577344               1405.33          13.831332                      22.728885                      395.97451                                586.63329                        9.3740939
              2       1208.8103       1.0420869     0.022548518      0.11823955     0.054115863       3.0389984      0.96869518       1.0000012      0.30384593      0.69607627      0.80335591     0.048442117      0.25401998      0.80848893       13.763089       147.36631       68.225613   2.0884314e-09       7.5942535       13.914438       1014.7021       14.641732       1405.3123      -15.474957       -15.474957       2448.5706          14.641732             1405.3123          13.914438                      22.690093                      395.93271                                586.64917                        9.4301612
              2       1210.1094       1.0417431     0.022525697      0.11809208     0.056668062       3.0516736      0.97013322       1.0038263      0.30421947      0.69570255      0.80818235     0.048510993      0.25432127        0.813846       13.775096       147.43115       68.142653   2.1150712e-09       7.8525543       14.635201       1013.8727       15.134174       1405.2467      -14.334916       -14.334916       2448.8887          15.134174             1405.2467          14.635201                      22.479881                      396.37539                                586.31049                        8.7068912
              2       1210.1131       1.0417113     0.022500477      0.11749799     0.070088873       3.0684868      0.97264083      0.99983555      0.30128322      0.69863921      0.81377136     0.048200303      0.25170305      0.81550991       13.775946       147.61924       68.323638    2.150933e-09       9.1391449       12.237382       1019.1989       14.070361       1405.7876      -15.534029       -15.534029       2451.2943          14.070361             1405.7876          12.237382                      22.374849                      401.74664                                586.58216                         8.495283
              2       1210.7926       1.0419237     0.022475542      0.11713963     0.075135881       3.0807554      0.97155322       1.0006627      0.29889394       0.7010289      0.81745778     0.047895599      0.24962568      0.81594945        13.77056       147.74366       68.502637   2.1774844e-09       9.6031036       10.856126       1022.4536       13.056345       1406.2715      -15.526195       -15.526195       2452.6376          13.056345             1406.2715          10.856126                       22.87822                      404.78475                                586.36393                        8.4266659
              1         1211.12       1.0419237     0.022475542      0.11713963     0.075135881       3.0807554      0.97155322       1.0004915      0.29889394       0.7010289      0.81745778     0.047895599      0.24962568      0.81594945        13.77056       147.74366       68.502637   2.1774844e-09       9.6031036       10.856126         1023.14       13.056345       1406.2715      -15.542002       -15.542002        2453.324          13.056345             1406.2715          10.856126                      22.902625                      404.79001                                587.00916                        8.4381755
              2       1211.1827       1.0419287     0.022471665      0.11717091     0.074950776       3.0806898      0.97155957        1.000595        0.299067       0.7008558      0.81756563     0.047905703      0.24978811      0.81629333       13.770974       147.73956       68.489503   2.1773416e-09       9.5883636       10.910643       1023.1631       13.129457       1406.2351      -15.536505       -15.536505       2453.4384          13.129457             1406.2351          10.910643                      22.894591                      404.66938                                587.14944                         8.449729
              2        1211.487       1.0418978     0.022442545      0.11718836     0.075331852       3.0801609      0.97129724        1.000051      0.29941601       0.7005067        0.817426     0.047903443      0.25013766      0.81662999       13.775088        147.7674       68.446728   2.1761904e-09       9.6311798       11.025166       1023.5922        13.36899       1406.1624      -15.587404       -15.587404       2454.1488           13.36899             1406.1624          11.025166                      22.935699                      404.91154                                587.29802                        8.4469648
              1       1211.6999       1.0420261     0.022405407      0.11746184     0.072775762       3.0785119      0.97150042       1.0012393      0.30070499      0.69921752      0.81805988     0.047949266      0.25137722      0.81902052       13.776542       147.73517       68.357385   2.1726049e-09       9.4128876       11.475515       1023.1165       13.876284       1405.9011      -15.484808       -15.484808       2454.3694          13.876284             1405.9011          11.475515                      22.823946                      403.41901                                588.30195                        8.5716263
              1       1211.5988       1.0420261     0.022405407      0.11746184     0.072775762       3.0785119      0.97150042       1.0012819      0.30070499      0.69921752      0.81805988     0.047949266      0.25137722      0.81902052       13.776542       147.73517       68.357385   2.1726049e-09       9.4128876       11.475515       1022.8971       13.876284       1405.9011      -15.476225       -15.476225         2454.15          13.876284             1405.9011          11.475515                      22.817949                      403.41647                                588.09526                        8.5673892
              3       1211.1225       1.0420183     0.022447653      0.11706608     0.071026638       3.0747652      0.97394368       1.0017239      0.29838511       0.7015378      0.81570269     0.047789293       0.2492245      0.81350427       13.770362       147.79411       68.536223   2.1644798e-09       9.2324982       10.629895       1023.0577       12.870305       1406.3797       -15.34632        -15.34632       2452.9375          12.870305             1406.3797          10.629895                      22.264587                       402.1793                                590.14846                        8.4653442
              1       1210.7232       1.0418131     0.022417467      0.11722389     0.064044827       3.0628211      0.97342884       1.0029022      0.29999757      0.69992499      0.81119434     0.047939282      0.25068082      0.81119105       13.780468        147.7847         68.3829   2.1387808e-09       8.5846405       11.300021       1020.2298       13.730446       1406.0431      -14.928447       -14.928447       2451.3033          13.730446             1406.0431          11.300021                      22.063848                      398.75718                                590.78713                        8.6216048
              1       1210.5781       1.0418284     0.022447512      0.11704833     0.066172753       3.0669638      0.97328579       1.0029113      0.29884816      0.70107462      0.81209613     0.047869265      0.24960527      0.81053562       13.775952       147.79854       68.478735   2.1476596e-09       8.7762604       10.860916       1020.6369       13.189551       1406.2812      -14.906104       -14.906104       2450.9685          13.189551             1406.2812          10.860916                       22.18216                      399.63645                                590.29364                        8.5246025
              4       1209.4035       1.0418381     0.022472956      0.11705514     0.059098049       3.0534848      0.97041617       1.0032436      0.29871178      0.70121105       0.8056879      0.04789063      0.24944848      0.80395621       13.772981       147.76765       68.502248   2.1189055e-09       8.0876923       10.839991       1018.0424       13.058507         1406.31       -14.72201        -14.72201       2448.2509          13.058507               1406.31          10.839991                       22.49436                      396.94343                                589.60405                        9.0005965
              3       1209.1799       1.0418381     0.022472956      0.11705514     0.059098049       3.0534848      0.97041617       1.0035942      0.29871178      0.70121105       0.8056879      0.04789063      0.24944848      0.80395621       13.772981       147.76765       68.502248   2.1189055e-09       8.0876923       10.839991       1017.2117       13.058507         1406.31      -14.530186       -14.530186       2447.4202          13.058507               1406.31          10.839991                      22.448195                      396.95028                                588.71244                        9.1007964
              1       1209.0543       1.0422006     0.022567038      0.11687553     0.066154015       3.0663191      0.97231912       1.0025982      0.29617486      0.70374858      0.81073973     0.047711803      0.24710121      0.80555449       13.751265       147.71173       68.774013   2.1462756e-09        8.742569       10.316595       1019.1438       11.591338       1406.8704      -14.906782       -14.906782       2447.9221          11.591338             1406.8704          10.316595                      22.446507                      399.60236                                588.47254                        8.6223538
              1       1209.1269       1.0422035     0.022594377      0.11689186     0.064039436       3.0636762      0.97274343       1.0033351      0.29609864      0.70382485      0.80974702     0.047742429      0.24699513      0.80446459       13.748342       147.67672       68.793584   2.1406106e-09       8.5355072       10.320042       1018.5785       11.489057        1406.888      -14.510942       -14.510942       2447.2756          11.489057              1406.888          10.320042                       22.30917                      398.65101                                588.89028                        8.7280506
              1       1209.1258       1.0421085     0.022649276      0.11665985     0.066069262       3.0645203      0.97220703       1.0021621      0.29485016      0.70507355      0.80877577      0.04771695      0.24577616      0.80180395       13.744189       147.67814       68.895495   2.1424182e-09       8.7095795       10.357725       1019.5847       10.963764        1407.181       -14.91779        -14.91779       2448.0872          10.963764              1407.181          10.357725                      22.463184                      399.51256                                588.81789                        8.7911153
              3       1210.4243       1.0421085     0.022649276      0.11665985     0.066069262       3.0645203      0.97220703       1.0012461      0.29485016      0.70507355      0.80877577      0.04771695      0.24577616      0.80180395       13.744189       147.67814       68.895495   2.1424182e-09       8.7095795       10.357725       1022.6811       10.963764        1407.181      -15.167553       -15.167553       2451.1836          10.963764              1407.181          10.357725                      22.585391                      399.49175                                592.01025                        8.5937456
              4        1210.225        1.042062     0.022655317      0.11669968     0.066839949       3.0652425      0.97247093       1.0008956      0.29515903      0.70476463      0.80922594     0.047764019      0.24603698      0.80267032        13.74512        147.6608       68.870723   2.1439661e-09       8.7811737        10.34017       1022.3406        11.09032       1407.1075      -15.214257       -15.214257       2450.8786           11.09032             1407.1075           10.34017                      22.547068                      399.92246                                591.30596                        8.5651251
              2       1209.2894        1.042062     0.022655317      0.11669968     0.066839949       3.0652425      0.97247093       1.0014296      0.29515903      0.70476463      0.80922594     0.047764019      0.24603698      0.80267032        13.74512        147.6608       68.870723   2.1439661e-09       8.7811737        10.34017       1020.2708        11.09032       1407.1075      -15.114935       -15.114935       2448.8087           11.09032             1407.1075           10.34017                      22.475916                      399.87989                                589.24709                        8.6678557
              1       1209.3105       1.0421574     0.022658066      0.11684628     0.065386147       3.0636729      0.97347845       1.0018465      0.29563572      0.70428789      0.80950019     0.047795976      0.24648097      0.80359048       13.742701       147.61824       68.851872   2.1406036e-09       8.6464081        10.32811       1020.1094       11.187112       1406.9954      -14.999515       -14.999515         2448.62          11.187112             1406.9954           10.32811                      22.259074                      399.14796                                589.98946                        8.7129303
              2       1209.4612       1.0422104     0.022675151      0.11704054     0.063708775       3.0619846      0.97374936       1.0023699      0.29640464      0.70351889      0.80956831     0.047884214      0.24716017      0.80470253       13.740243       147.54702       68.814335   2.1369925e-09       8.4870758       10.363573       1019.9267       11.381101       1406.8179      -14.783456       -14.783456       2448.4893          11.381101             1406.8179          10.363573                      22.181517                      398.42348                                590.59781                        8.7238827
              4       1209.1327       1.0422104     0.022675151      0.11704054     0.063708775       3.0619846      0.97374936       1.0026797      0.29640464      0.70351889      0.80956831     0.047884214      0.24716017      0.80470253       13.740243       147.54702       68.814335   2.1369925e-09       8.4870758       10.363573       1019.0195       11.381101       1406.8179      -14.658312       -14.658312       2447.5821          11.381101             1406.8179          10.363573                      22.143006                      398.41783                                589.67058                        8.7881059
              1       1209.1682       1.0422143     0.022676039      0.11703875     0.063651373       3.0620328      0.97370605       1.0027461      0.29637909      0.70354445      0.80956774     0.047882267      0.24713667      0.80466728       13.740025       147.54651        68.81708   2.1370955e-09       8.4814606       10.360928       1019.0396       11.366857       1406.8237      -14.627381       -14.627381       2447.5911          11.366857             1406.8237          10.360928                      22.151531                      398.41775                                589.68638                        8.7839561
              1       1208.9069       1.0422041     0.022643299      0.11715091     0.065103205       3.0644709      0.97370877       1.0024229      0.29718222      0.70274115      0.81108359     0.047915588      0.24790358      0.80726552       13.744355       147.55295       68.743467   2.1423123e-09       8.6288605       10.449946       1018.6394       11.751884       1406.6426      -14.835054       -14.835054       2447.4838          11.751884             1406.6426          10.449946                       22.18569                      399.06157                                588.74004                        8.6520881
              2       1209.0662       1.0421879     0.022689819      0.11737496     0.065109751       3.0630645      0.97392258       1.0015918      0.29814487       0.7017784       0.8111639     0.048076933       0.2487031      0.80865199       13.740949       147.44138       68.698481   2.1393015e-09       8.6225433       10.716511        1018.983        11.99034       1406.4315      -14.994425       -14.994425       2448.1213           11.99034             1406.4315          10.716511                      22.150349                       399.0628                                589.09937                        8.6704499
              1       1209.1027       1.0423262     0.022676277      0.11752111     0.065168957        3.062977      0.97341398       1.0013951      0.29858646      0.70133677      0.81166595     0.048074101      0.24914678      0.80975149       13.738969       147.41734       68.680001   2.1391144e-09       8.6344757        10.77372       1019.1547       12.088987       1406.3368      -15.074373       -15.074373       2448.3542          12.088987             1406.3368           10.77372                      22.241164                      399.11335                                589.12181                        8.6784245
              1       1209.0609       1.0423262     0.022676277      0.11752111     0.065168957        3.062977      0.97341398       1.0015079      0.29858646      0.70133677      0.81166595     0.048074101      0.24914678      0.80975149       13.738969       147.41734       68.680001   2.1391144e-09       8.6344757        10.77372       1019.0187       12.088987       1406.3368      -15.048186       -15.048186       2448.2182          12.088987             1406.3368           10.77372                      22.226876                      399.10775                                588.98751                        8.6965424
              1       1208.5223       1.0419915     0.022578039      0.11804007      0.05848465       3.0465827      0.96882377      0.99970681      0.30289342      0.69702893      0.80554959     0.048411656      0.25310061      0.80942492       13.761855       147.38713       68.291734   2.1043309e-09       8.0203094       13.297388       1014.8525       14.255076       1405.4837       -15.42209        -15.42209       2447.8887          14.255076             1405.4837          13.297388                      22.800783                      396.84345                                  586.147                        9.0612987
              1       1209.5635        1.041966     0.022545361      0.11755035     0.058119247       3.0384797      0.97226398      0.99696209      0.30055008      0.69937259      0.80176587     0.048145639      0.25102889      0.80250059       13.763802       147.55417       68.430564   2.0873485e-09       7.9831085       11.673769       1017.5435       13.460073        1405.932      -14.741189       -14.741189       2448.6093          13.460073              1405.932          11.673769                      22.068478                      396.64995                                588.67219                        10.152892
              2        1209.721        1.041999     0.022568003      0.11741878     0.059759803       3.0405501       0.9720018      0.99647383      0.29962516      0.70029769      0.80199185     0.048082892      0.25016988      0.80149066       13.759778       147.56437       68.509575   2.0916747e-09       8.1368256       11.225705       1017.9803       13.017804       1406.1193      -14.450604       -14.450604       2448.3431          13.017804             1406.1193          11.225705                      22.172368                      397.12479                                588.56902                        10.114148
              1       1208.8081       1.0420661     0.022542479      0.11746722     0.057370915       3.0387811      0.97008847      0.99776354      0.29983027      0.70009253      0.80103158     0.048053563      0.25040361      0.80080496       13.760734       147.57955       68.491715   2.0879777e-09       7.9087067       11.239159       1017.3496       13.117128       1406.0772      -15.083442       -15.083442       2447.7831          13.117128             1406.0772          11.239159                      22.470418                      396.50911                                588.19569                        10.174411
              1       1209.6749       1.0419871      0.02250261      0.11715829     0.057107062       3.0358771      0.97061407       0.9969844       0.2986531      0.70126982      0.79905247     0.047899024      0.24938297      0.79725672       13.765869       147.70671       68.541422    2.081923e-09       7.8862457       10.779614       1019.0187       12.841625       1406.3225      -14.806325       -14.806325       2448.9625          12.841625             1406.3225          10.779614                      22.328045                      396.43797                                589.52315                        10.729571
              1       1209.4845       1.0419761     0.022554176      0.11672652     0.056467683       3.0377728      0.97285439       0.9987906      0.29611485      0.70380852      0.79875742     0.047730104       0.2470216      0.79356841       13.758595       147.76521        68.74123   2.0858735e-09       7.8041229        10.33852       1020.6817       11.763688       1406.8842      -15.349624       -15.349624       2449.6682          11.763688             1406.8842           10.33852                      21.951052                       396.2354                                591.55538                        10.939905
              1       1209.4696       1.0419761     0.022554176      0.11672652     0.056467683       3.0377728      0.97285439      0.99881063      0.29611485      0.70380852      0.79875742     0.047730104       0.2470216      0.79356841       13.758595       147.76521        68.74123   2.0858735e-09       7.8041229        10.33852       1020.6598       11.763688       1406.8842      -15.353467       -15.353467       2449.6462          11.763688             1406.8842           10.33852                      21.948661                      396.24002                                591.52018                        10.950908
              1       1210.8992       1.0416507     0.022583399      0.11667531     0.054848176       3.0347028      0.97176339       0.9988404      0.29662649      0.70329673      0.79661881     0.047882047      0.24737873      0.79212715       13.764924       147.74629       68.676523   2.0794797e-09       7.6342621       10.484173        1023.064       12.107601       1406.7673      -15.312359       -15.312359       2452.4232          12.107601             1406.7673          10.484173                      22.095236                      395.93028                                593.98891                        11.049619
              2       1210.7675       1.0416747     0.022582936      0.11670578     0.054930849       3.0349381      0.97175601      0.99885031      0.29671986      0.70320335      0.79683981     0.047885865      0.24746814       0.7924716       13.764406       147.73862       68.673082   2.0799691e-09       7.6433868       10.492427       1022.8003        12.12603       1406.7462      -15.314979       -15.314979       2452.1649           12.12603             1406.7462          10.492427                      22.099187                      395.98306                                593.70769                        11.010315
              1       1211.6102       1.0416195     0.022622166      0.11662325     0.056110952       3.0440087      0.97499497       1.0019837      0.29622516      0.70369815      0.80095057     0.047903897      0.24695727      0.79589552       13.761461       147.71723       68.719766   2.0989213e-09       7.7514801       10.455732       1024.0958       11.877218       1406.8589      -15.033551       -15.033551       2453.2876          11.877218             1406.8589          10.455732                      21.633948                      396.11682                                596.31861                        10.026376
              1        1212.321       1.0416523     0.022659312      0.11660449     0.052398308       3.0383816      0.97481586        1.002826      0.29582327      0.70410016      0.79845424     0.047911161      0.24655014      0.79287654        13.75643       147.68063       68.770948   2.0871438e-09       7.3703461       10.419661       1024.9243       11.607396       1406.9516      -14.630562       -14.630562        2453.903          11.607396             1406.9516          10.419661                      21.592288                      395.69679                                597.03426                        10.601003
              2       1214.1707       1.0414931     0.022655884      0.11702083     0.048418954       3.0287026      0.97517957       1.0018007      0.29850235      0.70142061      0.79604583     0.048195508      0.24893658      0.79405635       13.763561       147.57237       68.562591   2.0670398e-09        6.967453       11.197293          1028.1       12.725184       1406.3546      -15.017777       -15.017777        2458.377          12.725184             1406.3546          11.197293                      21.419412                      395.81776                                599.68655                        11.176244
              1       1213.7645       1.0414338     0.022582285      0.11751444     0.047031993       3.0304815       0.9718179       1.0033839      0.30172251      0.69819986      0.79769467     0.048412263      0.25192934      0.79998146       13.775558       147.52183       68.297726   2.0707201e-09       6.8432159       13.021515       1023.5958       14.220288        1405.703      -14.505741       -14.505741       2456.5406          14.220288              1405.703          13.021515                      21.916372                      395.93499                                595.49445                        10.249998
              3       1214.9566       1.0414338     0.022582285      0.11751444     0.047031993       3.0304815       0.9718179       1.0025628      0.30172251      0.69819986      0.79769467     0.048412263      0.25192934      0.79998146       13.775558       147.52183       68.297726   2.0707201e-09       6.8432159       13.021515       1026.7612       14.220288        1405.703      -14.896377       -14.896377       2459.7059          14.220288              1405.703          13.021515                      22.012914                      395.92893                                598.92935                        9.8899698
              3       1214.9644       1.0414339     0.022582412      0.11751374     0.047028328       3.0304758      0.97182254       1.0025643      0.30171753      0.69820483      0.79769098     0.048411936      0.25192471      0.79997116       13.775537       147.52188       68.298149   2.0707084e-09        6.842514       13.017851       1026.7804       14.217836       1405.7039       -14.89557        -14.89557       2459.7199          14.217836             1405.7039          13.017851                      22.012327                      395.92893                                598.94882                        9.8902696
              1       1215.7906       1.0414692     0.022526803      0.11757103      0.04572413       3.0298591      0.97231375       1.0034949      0.30223984       0.6976824      0.79805243     0.048375745      0.25248083      0.80102607       13.780699       147.56823       68.239518   2.0694316e-09       6.7161713       13.249655       1027.2218       14.559987       1405.6049       -14.52756        -14.52756       2460.6363          14.559987             1405.6049          13.249655                      21.887246                      396.15537                                599.29632                        9.8828398
              2       1215.5002       1.0414682     0.022519298      0.11761886     0.045327469       3.0286155      0.97170183       1.0032441      0.30254214      0.69738004      0.79756504     0.048394132      0.25276376      0.80093712       13.781758       147.56375       68.215187   2.0668597e-09       6.6754608       13.476482       1026.6168        14.70317       1405.5485      -14.672284       -14.672284       2460.3449           14.70317             1405.5485          13.476482                      21.976087                      396.19235                                 598.5039                        9.9444811
              1       1215.8954       1.0415547     0.022496182      0.11736031     0.043213386       3.0212078      0.97355284       1.0021611      0.30103712      0.69888529      0.79446152     0.048200395       0.2514566      0.79583359       13.780419       147.65855       68.317051   2.0516056e-09       6.4487457       12.230234       1029.9509       14.108396       1405.8356      -15.167204       -15.167204       2462.1252          14.108396             1405.8356          12.230234                      21.601807                      396.70781                                600.55124                        11.090034
              2       1216.4075       1.0414656     0.022550878      0.11735857     0.043380541       3.0186546      0.97401547       1.0008396       0.3009772      0.69894525      0.79327997      0.04828977       0.2513081      0.79457091       13.777221       147.59817       68.336724   2.0463742e-09       6.4564667       12.388254       1031.4146       13.994942       1405.8474      -15.415123       -15.415123       2463.6452          13.994942             1405.8474          12.388254                      21.531824                      396.67212                                 601.7842                        11.426488
              2        1218.524       1.0414507     0.022629226      0.11692161     0.039927547       3.0136157      0.97400056       1.0019965      0.29825244      0.70167053      0.78944183      0.04814168      0.24874041      0.78713914        13.76719       147.62797       68.560539   2.0360885e-09       6.0584869       11.087712       1036.8461       12.736448       1406.4082      -15.015254       -15.015254       2467.0784          12.736448             1406.4082          11.087712                      21.506276                      397.65977                                605.08565                        12.594383
              2       1217.5533       1.0414953     0.022649607      0.11668971     0.041340004       3.0149111      0.97325265        1.001429      0.29678231      0.70314091      0.78887588      0.04801998      0.24739668      0.78463388       13.762559       147.66766       68.678271   2.0387278e-09       6.2079926       10.625641        1035.906       12.098246       1406.7321      -15.127679       -15.127679        2465.362          12.098246             1406.7321          10.625641                      21.654669                        397.239                                604.18351                        12.828804
              1       1217.5884       1.0414953     0.022649607      0.11668971     0.041340004       3.0149111      0.97325265       1.0014108      0.29678231      0.70314091      0.78887588      0.04801998      0.24739668      0.78463388       13.762559       147.66766       68.678271   2.0387278e-09       6.2079926       10.625641       1035.9844       12.098246       1406.7321      -15.131807       -15.131807       2465.4404          12.098246             1406.7321          10.625641                      21.656646                      397.22859                                604.28352                        12.815647
              4       1216.8891       1.0415323     0.022661821      0.11667407     0.043005372       3.0185893       0.9737588       1.0015687      0.29652342      0.70339987      0.79040684     0.048005141      0.24715379      0.78581364       13.760075       147.65841       68.707402   2.0462404e-09       6.3869781       10.565205       1034.6132       11.942862       1406.7908      -15.066915       -15.066915        2463.912          11.942862             1406.7908          10.565205                      21.620414                      396.81517                                603.82256                        12.355042
              1       1216.2555       1.0415323     0.022661821      0.11667407     0.043005372       3.0185893       0.9737588         1.00189      0.29652342      0.70339987      0.79040684     0.048005141      0.24715379      0.78581364       13.760075       147.65841       68.707402   2.0462404e-09       6.3869781       10.565205       1033.1682       11.942862       1406.7908      -14.977989       -14.977989        2462.467          11.942862             1406.7908          10.565205                      21.585831                       396.8161                                602.18817                        12.578079
              3       1213.4703       1.0415032     0.022607596      0.11705117     0.046346668       3.0244323      0.96996408        1.001057       0.2989079      0.70101495      0.79308021     0.048164284      0.24937132      0.79163535       13.768563       147.61774       68.511683   2.0582316e-09       6.7596893       11.298589       1026.9416       13.006107       1406.2686      -15.287169       -15.287169       2457.5149          13.006107             1406.2686          11.298589                      22.280274                      396.00835                                597.41631                        11.236634
              2       1211.6257       1.0420228     0.022654255      0.11788618     0.049015647       3.0222454      0.97039339      0.99707758      0.30153833      0.69838433      0.79547819     0.048384369      0.25177824       0.7975151       13.752061       147.34289       68.426188   2.0537354e-09       7.0432587        12.43983       1020.7835        13.48478       1405.7384      -14.597554       -14.597554       2452.4465           13.48478             1405.7384           12.43983                       22.25219                      395.73306                                591.46333                        11.334949
              1       1212.7658       1.0427897     0.022513606      0.11747542     0.050791655       3.0288659      0.96964686       0.9989045      0.29791627      0.70200702      0.79771349     0.047692659      0.24885908       0.7949383        13.74232       147.60891       68.706332   2.0673774e-09       7.2517242       10.357707       1027.5947       11.948554        1406.481      -15.425123       -15.425123       2456.3819          11.948554              1406.481          10.357707                      22.460647                      395.69971                                597.86522                        11.569094
              1       1210.9961       1.0424989     0.022742388       0.1167776     0.058351932       3.0488911      0.97198746       1.0013935      0.29382169       0.7061024      0.80277744     0.047674162      0.24479725       0.7944681       13.723242        147.5424        69.06794   2.1091943e-09       7.9494171       10.537179       1023.7238       10.102913       1407.4307      -14.901199       -14.901199       2451.7946          10.102913             1407.4307          10.537179                       22.38319                      396.62966                                594.85189                        9.8590178
              2       1210.5315       1.0425782     0.022721281      0.11707643     0.061194869       3.0552221       0.9722856       1.0014484      0.29526808      0.70465579      0.80663544     0.047769729       0.2461441      0.80024859       13.724575         147.486        68.96679   2.1225899e-09       8.2357941       10.335458       1022.9373       10.603589       1407.0818      -14.947599       -14.947599       2450.9581          10.603589             1407.0818          10.335458                      22.415141                      397.49125                                593.82167                        9.2092062
              1       1210.6989       1.0425782     0.022721281      0.11707643     0.061194869       3.0552221       0.9722856       1.0012712      0.29526808      0.70465579      0.80663544     0.047769729       0.2461441      0.80024859       13.724575         147.486        68.96679   2.1225899e-09       8.2357941       10.335458       1023.3493       10.603589       1407.0818      -14.986143       -14.986143       2451.3701          10.603589             1407.0818          10.335458                      22.438304                      397.48905                                 594.2675                        9.1544276
              3       1211.0531       1.0425996     0.022749046      0.11739238      0.05819308       3.0515445      0.97095153        1.002041      0.29669995      0.70322374      0.80576242     0.047942708      0.24739975       0.8013184       13.722485       147.37051       68.884311   2.1147982e-09          7.9431       10.349174       1023.3935        11.02081       1406.7509      -14.704068       -14.704068       2451.5144           11.02081             1406.7509          10.349174                      22.613431                      396.62154                                 594.9723                        9.1862217
              2       1210.9404       1.0425996     0.022749046      0.11739238      0.05819308       3.0515445      0.97095153       1.0023745      0.29669995      0.70322374      0.80576242     0.047942708      0.24739975       0.8013184       13.722485       147.37051       68.884311   2.1147982e-09          7.9431       10.349174       1022.9324        11.02081       1406.7509      -14.586229       -14.586229       2451.0533           11.02081             1406.7509          10.349174                      22.568649                      396.63305                                594.43849                        9.2922121
              2       1210.0515       1.0424783     0.022669635      0.11707716     0.054766837       3.0419607      0.97067189       1.0014813      0.29585038      0.70407331      0.80094566     0.047772461      0.24672051        0.795387       13.733041       147.54253       68.886395   2.0946272e-09       7.6160126       10.309766        1021.978       11.010168       1406.9454      -15.070217       -15.070217       2450.2434          11.010168             1406.9454          10.309766                      22.461388                      395.94406                                593.31386                        10.258731
              2       1209.9398       1.0419802     0.022450799      0.11750388     0.062012326       3.0616476      0.97068378       1.0034593      0.30080422       0.6991183      0.81086193     0.048032378      0.25139375      0.81194806       13.773263        147.6722       68.367368   2.1362726e-09       8.3852997       11.640122       1017.7878       13.819133       1405.8815      -14.624451       -14.624451       2449.1286          13.819133             1405.8815          11.640122                      22.611371                      398.00686                                588.65333                        8.5162609
              5       1210.5347       1.0420133     0.022432715       0.1173742     0.065422337       3.0679024      0.96941035       1.0032185      0.30011983      0.69980279      0.81265354     0.047934866      0.25080855      0.81281582       13.773586       147.72746       68.409302   2.1496765e-09       8.7151947       11.246231        1019.755       13.580349       1406.0183      -14.765209       -14.765209       2450.5999          13.580349             1406.0183          11.246231                      23.000804                       399.5533                                588.80472                        8.3961447
              1       1211.3002       1.0419461     0.022388721      0.11745094     0.065421509       3.0678197      0.97026287       1.0031832      0.30097934      0.69894308      0.81328053     0.047966688      0.25163262      0.81460691       13.780662       147.75599       68.319515   2.1494987e-09        8.727829       11.655681       1020.6091       14.094162        1405.847      -14.802773       -14.802773       2452.2059          14.094162              1405.847          11.655681                      22.791424                       399.5515                                589.82944                         8.436705
              6       1211.7545       1.0419461     0.022388721      0.11745094     0.065421509       3.0678197      0.97026287       1.0029839      0.30097934      0.69894308      0.81328053     0.047966688      0.25163262      0.81460691       13.780662       147.75599       68.319515   2.1494987e-09        8.727829       11.655681       1021.7144       14.094162        1405.847      -14.901112       -14.901112       2453.3112          14.094162              1405.847          11.655681                      22.819294                       399.5515                                590.90963                        8.4339267
              1       1211.2536       1.0419944     0.022417477      0.11701629     0.060599102       3.0574261      0.97106731       1.0030732      0.29836222      0.70156065      0.80771118     0.047748632      0.24924159      0.80550341       13.774056       147.84018       68.519297   2.1272732e-09       8.2477264       10.609978       1022.2421       12.963893       1406.3846      -14.846679       -14.846679       2452.2005          12.963893             1406.3846          10.609978                      22.502951                      397.45731                                593.56109                        8.7207234
              1       1211.6185       1.0422319       0.0224368      0.11710008     0.061074583       3.0597436      0.97365662       1.0037352      0.29800149      0.70192153      0.80987178       0.0476969      0.24893526      0.80716971       13.765318       147.79611       68.585986    2.132209e-09       8.2912445       10.461901       1022.6661       12.597114       1406.4624      -14.475229       -14.475229       2452.1875          12.597114             1406.4624          10.461901                       22.05456                      397.54743                                594.31008                         8.753988
              2       1212.5323       1.0425621     0.022340813      0.11744806     0.063270634       3.0610616      0.97124422       1.0020812      0.29942149       0.7005013      0.81157986     0.047633529      0.25041458      0.81079697         13.7674       147.81005       68.484629    2.135021e-09       8.5341034       10.615485       1025.6754       13.156639       1406.1613      -15.272081       -15.272081       2455.6088          13.156639             1406.1613          10.615485                      22.533053                      398.52397                                595.90557                        8.7127817
              1         1213.15        1.042732     0.022364956      0.11780302     0.056085182       3.0493639      0.97192891       1.0031462      0.30066659      0.69925609      0.80835021     0.047754382      0.25153683      0.80924777       13.761447       147.68724       68.434865   2.1101917e-09       7.8272858       10.979695       1025.6281       13.435806       1405.9088      -14.826189       -14.826189       2455.9524          13.435806             1405.9088          10.979695                      22.194854                      396.26643                                 597.9629                        9.2039639
              6       1213.0961        1.042732     0.022364956      0.11780302     0.056085182       3.0493639      0.97192891       1.0031845      0.30066659      0.69925609      0.80835021     0.047754382      0.25153683      0.80924777       13.761447       147.68724       68.434865   2.1101917e-09       7.8272858       10.979695       1025.4814       13.435806       1405.9088      -14.806788       -14.806788       2455.8057          13.435806             1405.9088          10.979695                      22.190075                      396.26643                                597.81081                        9.2141232
              4       1214.1161       1.0428536     0.022392534      0.11759036     0.057103537       3.0499077      0.97393448       1.0027435       0.2990245       0.7008985       0.8084404     0.047614716      0.25004012      0.80712494       13.753881       147.71355       68.577401   2.1113395e-09       7.9199371       10.467208       1028.8971       12.644037       1406.2441      -15.010159       -15.010159       2458.2524          12.644037             1406.2441          10.467208                      21.873323                      396.40494                                601.19591                        9.4229053
              1       1211.9842       1.0422944     0.022475353      0.11808721     0.063646364       3.0539859      0.97619562      0.99820841      0.30283962      0.69708272      0.81167576     0.048201873       0.2532563      0.81550814       13.764022         147.489        68.28437   2.1199675e-09       8.5488434       12.696191       1022.0902       14.297881       1405.4936      -15.304719       -15.304719       2454.5779          14.297881             1405.4936          12.696191                      21.624496                      398.49823                                592.97185                        8.9956311
              1       1213.2402       1.0418266     0.022572986      0.11708626     0.055780449       3.0301372      0.97579073      0.99532223      0.29834217      0.70158083      0.79766081     0.047999367      0.24897311      0.79545378       13.762787       147.64759       68.576727   2.0700073e-09       7.7367401       10.833421       1023.9839       12.647722       1406.3889      -13.686764       -13.686764        2453.854          12.647722             1406.3889          10.833421                      21.461717                      396.09231                                595.16372                         11.26617
              1       1213.4691       1.0417302     0.022526417      0.11710799     0.056986358       3.0323403      0.97532588      0.99519687      0.29900451      0.70091831      0.79858189     0.048015186      0.24961634      0.79725582       13.770739       147.69368       68.494667   2.0745728e-09       7.8679962       11.074555        1023.834       13.100688       1406.2483      -13.659613       -13.659613       2454.2575          13.100688             1406.2483          11.074555                      21.541913                      396.32142                                595.09099                        10.879687
              3       1212.8659       1.0416285       0.0225391      0.11703151     0.051920081       3.0263104      0.97374436      0.99707371      0.29882521      0.70109761       0.7952932     0.048035257      0.24941717      0.79373451       13.772048       147.69965       68.499631    2.062101e-09       7.3527985       11.082561       1024.8967        13.07306        1406.286      -14.803235       -14.803235       2455.3383           13.07306              1406.286          11.082561                      21.691701                      395.74033                                596.03515                        11.429531
              2       1213.2014       1.0416266      0.02253399      0.11704129     0.051624701       3.0243418      0.97313896      0.99643511      0.29891181        0.701011      0.79438046     0.048036683      0.24950199      0.79293842       13.772699       147.70269       68.490848   2.0580454e-09       7.3240204       11.112367        1024.858       13.121959       1406.2677      -14.478576       -14.478576         2455.36          13.121959             1406.2677          11.112367                        21.7734                      395.72405                                595.67643                        11.684079
              2       1210.6768       1.0417904     0.022518756      0.11763002     0.052611083        3.028819      0.97079538      0.99702429      0.30164746      0.69827495      0.79768939     0.048246219      0.25202119      0.79987666       13.772259       147.56195       68.318851   2.0672803e-09       7.4377289       12.452607       1018.6986       14.097998       1405.7173       -14.80649        -14.80649       2450.9666          14.097998             1405.7173          12.452607                      22.220036                      395.74017                                590.15043                        10.587981
              3       1211.1574       1.0417904     0.022518756      0.11763002     0.052611083        3.028819      0.97079538      0.99871059      0.30164746      0.69827495      0.79768939     0.048246219      0.25202119      0.79987666       13.772259       147.56195       68.318851   2.0672803e-09       7.4377289       12.452607       1020.8106       14.097998       1405.7173      -15.381874       -15.381874       2453.0785          14.097998             1405.7173          12.452607                      22.012863                      395.74621                                591.53803                        11.513481
              1       1212.7036       1.0418015      0.02250286      0.11797668     0.049285507        3.022693      0.96810911      0.99863443      0.30355955      0.69636256      0.79569869     0.048404056      0.25376995      0.80040532       13.775259       147.48669       68.183294    2.054655e-09       7.1029205       13.894779       1022.0262       14.891914       1405.3631       -15.38437        -15.38437        2456.176          14.891914             1405.3631          13.894779                      22.403376                      395.73318                                592.06671                        11.822882
              3       1211.8138       1.0419257     0.022478804      0.11744247     0.048105406       3.0218369      0.96799424      0.99975872      0.30047788      0.69944471      0.79370142      0.04805153      0.25104942      0.79433332       13.771604       147.65625       68.396359   2.0528966e-09       6.9765778       11.560054       1023.5746       13.653825       1405.9463      -15.553642       -15.553642       2454.7348          13.653825             1405.9463          11.560054                      22.406459                       395.7836                                592.70018                         12.68436
              7       1210.5578        1.042006     0.022475212      0.11720907     0.051815698       3.0275872      0.97076494      0.99926238      0.29902226      0.70090058      0.79610302     0.047891859      0.24975783      0.79480465       13.768474       147.72315       68.504807   2.0647355e-09       7.3591156       10.866336       1021.9966       13.044281       1406.2445      -15.518105       -15.518105       2452.1518          13.044281             1406.2445          10.866336                      21.998015                      395.69299                                591.93751                        12.368093
              1       1210.6517       1.0420072     0.022469673      0.11722346     0.052100402       3.0278704      0.97065874      0.99911936      0.29912658      0.70079623      0.79625719     0.047893738      0.24985988      0.79509724       13.769099       147.72549       68.495022   2.0653203e-09       7.3899994        10.89648       1022.0945       13.098709       1406.2227      -15.504543       -15.504543       2452.3124          13.098709             1406.2227           10.89648                      22.020033                       395.6993                                592.05953                        12.315668
              1        1211.233       1.0419978     0.022481136      0.11843301     0.051839093       3.0340337      0.96770939       1.0010519      0.30554659      0.69437525      0.80192225     0.048524426      0.25563183      0.80930152       13.773844       147.38933       68.065795   2.0780888e-09       7.3787689       15.480084       1017.3021       15.597669       1405.0214      -15.467564       -15.467564       2453.4012          15.597669             1405.0214          15.480084                       22.59197                      395.72627                                588.86257                        10.121298
              2       1212.5071       1.0420634     0.022453392      0.11863472     0.048975458       3.0275749       0.9688058       1.0006912      0.30659791      0.69332375      0.80052675     0.048571606       0.2566329      0.80928188       13.775777       147.36617       67.990737     2.06471e-09       7.0909882       16.441843       1018.7472       16.057057       1404.8513      -15.541634       -15.541634       2456.0974          16.057057             1404.8513          16.441843                      22.272769                      395.73905                                590.05074                        10.684623
              2         1211.53       1.0420429     0.022339052      0.11822534     0.059292357       3.0528042      0.97370352        1.003177      0.30512841      0.69479334      0.81124136     0.048271017      0.25546552      0.81814594       13.786732       147.60342       68.028225   2.1174638e-09       8.1585846       14.563411       1017.2008       15.826777        1405.091      -14.810977       -14.810977        2452.682          15.826777              1405.091          14.563411                      21.702288                      397.05596                                589.33981                        9.1027379
              1        1211.683       1.0421783     0.022377766      0.11688463     0.067782745       3.0676881      0.97720779       1.0032651      0.29735241      0.70257063      0.81363488     0.047560914      0.24842247      0.81003664       13.772174       147.92072       68.593549   2.1492158e-09       8.9440155        10.34545       1023.3865       12.555854       1406.6047      -14.763221       -14.763221       2452.8925          12.555854             1406.6047           10.34545                      21.417197                      400.25932                                592.74555                        8.9644719
              1       1211.3249       1.0422248     0.022386238      0.11691844     0.067504451       3.0672411      0.97672077       1.0032721      0.29734786       0.7025752      0.81342681     0.047563817      0.24841545      0.80982329       13.770049       147.90211       68.604437   2.1482552e-09       8.9159393       10.340215       1022.7224       12.496569       1406.6057       -14.75756        -14.75756       2452.1649          12.496569             1406.6057          10.340215                      21.488931                      400.16093                                592.09672                        8.9758598
              1       1211.3181       1.0422261       0.0223867      0.11692078     0.067559639        3.067313      0.97673281       1.0032527       0.2973538      0.70256926      0.81346719     0.047564799      0.24842041      0.80987158       13.769972       147.90097       68.604438   2.1484097e-09       8.9215546       10.340774       1022.7296       12.496564       1406.6044       -14.76759        -14.76759       2452.1714          12.496564             1406.6044          10.340774                      21.488188                      400.19915                                592.06785                        8.9744446
              2       1212.5298       1.0422261       0.0223867      0.11692078     0.067559639        3.067313      0.97673281       1.0019898       0.2973538      0.70256926      0.81346719     0.047564799      0.24842041      0.80987158       13.769972       147.90097       68.604438   2.1484097e-09       8.9215546       10.340774       1026.2124       12.496564       1406.6044      -15.297227       -15.297227       2455.6541          12.496564             1406.6044          10.340774                      21.625859                      400.17733                                595.66654                        8.7426247
              2        1212.938       1.0422304     0.022361528      0.11701027     0.069412078       3.0717316      0.97600618       1.0022006      0.29795666      0.70196628      0.81546759      0.04758577      0.24900016      0.81268572       13.772967       147.90521       68.550746   2.1579237e-09       9.1040497       10.409023       1026.6666       12.790275       1406.4721      -15.231013       -15.231013        2456.338          12.790275             1406.4721          10.409023                      21.799295                      401.23273                                 595.0208                        8.6137465
              2       1212.4012       1.0422304     0.022361528      0.11701027     0.069412078       3.0717316      0.97600618        1.002476      0.29795666      0.70196628      0.81546759      0.04758577      0.24900016      0.81268572       13.772967       147.90521       68.550746   2.1579237e-09       9.1040497       10.409023        1025.387       12.790275       1406.4721      -15.127963       -15.127963       2455.0584          12.790275             1406.4721          10.409023                      21.767393                      401.22723                                  593.755                        8.6373848
              2       1211.9208       1.0422565     0.022366323      0.11691918     0.067915003       3.0683359       0.9755273       1.0023694      0.29737136      0.70255169      0.81361505     0.047531774       0.2484707       0.8100427       13.771232       147.92423       68.597025   2.1506085e-09       8.9601593       10.330386       1024.7114       12.536909       1406.6005      -15.168793       -15.168793       2454.1791          12.536909             1406.6005          10.330386                      21.805083                      400.43531                                593.74996                        8.7210084
              1       1211.9109       1.0422157     0.022360072      0.11690009     0.068251519       3.0687888      0.97524416       1.0022682      0.29742466      0.70249836      0.81363321     0.047535617      0.24851966      0.81013338       13.773023        147.9364       68.584667   2.1515826e-09       8.9931488       10.340048       1024.7026       12.604318       1406.5887      -15.206951       -15.206951       2454.2356          12.604318             1406.5887          10.340048                      21.861053                      400.65144                                593.49905                        8.6910269
              3       1209.5344       1.0419707     0.022537923      0.11694986     0.063743225       3.0614588      0.97502315       1.0028781      0.29739901      0.70252414      0.80979895     0.047831757      0.24820021      0.80628083       13.761579       147.72394       68.643398   2.1358692e-09       8.5214691       10.491211        1019.352       12.285572       1406.5944       -14.82724        -14.82724       2448.7232          12.285572             1406.5944          10.491211                      21.815748                      398.44796                                590.24653                        8.8417668
              1       1208.5891       1.0421473     0.022531545      0.11715853      0.06207733        3.057962      0.97382168       1.0026496      0.29802081      0.70190229      0.80893344     0.047849124      0.24880377      0.80626064       13.758005       147.67488       68.621228   2.1284136e-09       8.3663483       10.560798       1017.6275       12.405415       1406.4582       -14.93687        -14.93687       2447.0519          12.405415             1406.4582          10.560798                      21.973541                      397.85626                                588.81161                        8.9860555
              1       1208.4656       1.0421473     0.022531545      0.11715853      0.06207733        3.057962      0.97382168        1.002976      0.29802081      0.70190229      0.80893344     0.047849124      0.24880377      0.80626064       13.758005       147.67488       68.621228   2.1284136e-09       8.3663483       10.560798       1017.0867       12.405415       1406.4582      -14.790007       -14.790007       2446.5112          12.405415             1406.4582          10.560798                       21.93458                       397.8576                                588.22418                        9.0703431
              1       1208.9363       1.0419483     0.022595137      0.11711369     0.055390556       3.0433506      0.97403972       1.0024971      0.29800557      0.70191754      0.80251975      0.04797531      0.24866259      0.79984768       13.756931       147.61557       68.627566   2.0975406e-09        7.693924       10.694551       1018.1466       12.371096       1406.4616      -14.900593       -14.900593       2447.6738          12.371096             1406.4616          10.694551                      21.712984                      396.02972                                590.28968                        10.114168
              1       1208.7425       1.0418826     0.022575621      0.11724854     0.055233719       3.0432522      0.97289318       1.0024514       0.2990218      0.70090111      0.80262455     0.048057839      0.24959276      0.80131494       13.761617        147.6011       68.538995   2.0973343e-09       7.6847992       11.054753        1017.235       12.855011       1406.2447      -14.952237       -14.952237       2447.3894          12.855011             1406.2447          11.054753                      21.890306                      396.03319                                589.38009                        9.9314064
              2       1209.0664       1.0418938     0.022559222      0.11732528     0.053968032       3.0422962       0.9731225       1.0031379      0.29948913      0.70043369      0.80265845     0.048077331      0.25003905      0.80197474       13.763403       147.59866       68.500208   2.0953302e-09       7.5619659       11.223522       1017.0348       13.069852       1406.1473      -14.671309       -14.671309       2447.4755          13.069852             1406.1473          11.223522                      21.820092                      395.85509                                589.42347                        9.9361508
              2        1208.877       1.0417848     0.022442571      0.11742126     0.060046637       3.0512297      0.97224713       1.0015705      0.30098912      0.69893331      0.80670519     0.048075349      0.25153394      0.80803398       13.779576       147.70334       68.324283   2.1141326e-09       8.1943817       11.886708       1016.7362       14.066639       1405.8451      -15.390276       -15.390276       2448.5346          14.066639             1405.8451          11.886708                      22.075352                      397.21688                                 588.2852                        9.1587924
              2       1210.1135       1.0417044     0.022540429      0.11740012     0.065377195       3.0588144      0.97502171       1.0001646      0.30055224      0.69937034      0.81006921     0.048188581      0.25098658      0.81081446       13.771412       147.60054       68.392585   2.1302285e-09       8.6843109       11.874471       1019.7142       13.675292       1405.9315      -15.484282       -15.484282       2451.1955          13.675292             1405.9315          11.874471                      21.769127                      399.18235                                589.89993                        8.8628134
              1       1210.4873       1.0417044     0.022540429      0.11740012     0.065377195       3.0588144      0.97502171      0.99972018      0.30055224      0.69937034      0.81006921     0.048188581      0.25098658      0.81081446       13.771412       147.60054       68.392585   2.1302285e-09       8.6843109       11.874471       1020.4537       13.675292       1405.9315      -15.480185       -15.480185        2451.935          13.675292             1405.9315          11.874471                      21.820522                      399.19055                                590.66429                        8.7783356
              2       1209.6046        1.041866      0.02256974      0.11747204     0.067704645       3.0598141      0.97280207      0.99790777      0.30028965      0.69963306      0.81005831     0.048174399      0.25074036      0.81044927       13.763809       147.54894       68.447112   2.1323594e-09       8.8983917       11.646985        1018.396       13.366829       1405.9841      -15.092345       -15.092345       2449.3939          13.366829             1405.9841          11.646985                      22.297132                      400.40542                                586.95544                         8.738012
              2       1209.5491       1.0418658     0.022568658      0.11748013     0.067677559       3.0597122       0.9727763      0.99788045      0.30033944      0.69958326      0.81004179     0.048177676      0.25078672      0.81049993       13.763969       147.54797       68.443143    2.132142e-09        8.896286       11.672236       1018.2324       13.389163       1405.9741      -15.084871       -15.084871       2449.2679          13.389163             1405.9741          11.672236                      22.300827                      400.40484                                586.78583                        8.7409101
              1       1210.9345       1.0415062     0.022566776      0.11781268     0.054830797       3.0443243      0.96939827       1.0022339       0.3031911      0.69673104       0.8036509     0.048517029      0.25328923      0.80791382       13.776463       147.45998       68.200516    2.099584e-09       7.6539154       14.109202       1017.6365       14.789847       1405.4294      -15.048036       -15.048036        2451.965          14.789847             1405.4294          14.109202                      22.561162                      396.03606                                590.01438                        9.0249474
              1       1211.1901       1.0414749     0.022554279      0.11774859     0.054751101       3.0440997      0.97000353       1.0022851      0.30301403      0.69690812      0.80354832     0.048488174      0.25314107      0.80757477       13.778432       147.49096       68.201913   2.0991125e-09       7.6475983       13.956816       1018.2777        14.78158       1405.4616      -15.048761       -15.048761       2452.4777           14.78158             1405.4616          13.956816                      22.433628                      396.01064                                 590.7676                        9.0658337
              2       1211.1394       1.0414691     0.022546822      0.11771215     0.054899991       3.0441881      0.96983145       1.0022148      0.30287955      0.69704261      0.80343081     0.048465724      0.25302922      0.80727747       13.779231       147.50899       68.206429    2.099298e-09       7.6637421       13.826183       1018.3815       14.754884       1405.4862      -15.084975       -15.084975       2452.4487          14.754884             1405.4862          13.826183                      22.466866                      396.02685                                590.81667                        9.0710721
              1       1211.7994       1.0414691     0.022546822      0.11771215     0.054899991       3.0441881      0.96983145       1.0016433      0.30287955      0.69704261      0.80343081     0.048465724      0.25302922      0.80727747       13.779231       147.50899       68.206429    2.099298e-09       7.6637421       13.826183       1020.0542       14.754884       1405.4862      -15.261368       -15.261368       2454.1215          14.754884             1405.4862          13.826183                      22.542247                      396.02503                                592.56663                        8.9203445
              1       1210.3482       1.0416187     0.022563674      0.11763807     0.056855595        3.044627      0.97112952       1.0001825      0.30194053      0.69798184      0.80380913     0.048371223      0.25218843      0.80640463       13.772615       147.51025       68.298532   2.1002195e-09         7.85466       12.934714       1018.7837       14.215613       1405.6614      -15.449478       -15.449478       2451.5954          14.215613             1405.6614          12.934714                      22.346876                      396.37979                                590.98353                        9.0734692
              5        1209.424       1.0417303     0.022514916      0.11773653     0.057811279       3.0461963      0.96956457      0.99992647      0.30241678       0.6975055      0.80460194     0.048325774      0.25270844      0.80783635       13.774964       147.53818       68.256773    2.103518e-09       7.9627533       13.060595        1016.795       14.458871       1405.5718      -15.519128       -15.519128       2449.8863          14.458871             1405.5718          13.060595                      22.666462                      396.66914                                 588.5043                        8.9551305
              2       1209.8581       1.0416741     0.022499422      0.11771149      0.05700377       3.0435034      0.96956518      0.99948173      0.30254009      0.69738213      0.80344798     0.048326115      0.25283045      0.80684219       13.778181       147.56203       68.233042   2.0978611e-09       7.8855438       13.181892       1017.4191       14.598031       1405.5489       -15.51586        -15.51586       2450.7478          14.598031             1405.5489          13.181892                      22.619826                      396.47229                                589.22338                        9.1035667
              1        1209.923       1.0416738     0.022502095       0.1175829     0.056693013       3.0430767      0.96967998      0.99967387      0.30183806      0.69808427      0.80285548     0.048262849      0.25219366      0.80531122       13.777293       147.59344       68.281805   2.0969661e-09       7.8518524       12.662478       1018.2416       14.312805       1405.6809      -15.525896       -15.525896       2450.8978          14.312805             1405.6809          12.662478                       22.59039                      396.39782                                590.06376                        9.1896507
              2       1209.1779       1.0421185     0.022608745      0.11771901      0.05506569       3.0361078      0.96929524      0.99790271      0.30063066      0.69929212      0.80036477     0.048214448      0.25104255      0.80120559       13.753289       147.43845       68.477773   2.0824034e-09       7.6686554       11.707728       1017.5821       13.194927        1405.916      -15.022484       -15.022484       2448.4008          13.194927              1405.916          11.707728                      22.656611                      396.04074                                588.87006                        10.014733
              2       1209.1608       1.0421534     0.022599509       0.1176664      0.05479246       3.0352716      0.97040632      0.99787519      0.30030191      0.69962092      0.80025654      0.04816318      0.25076597      0.80065912       13.752989       147.46273       68.500215   2.0806628e-09        7.641983       11.491872       1017.8389       13.069813       1405.9817      -15.030335       -15.030335       2448.3823          13.069813             1405.9817          11.491872                      22.426704                      396.01422                                589.20858                        10.189448
              2       1209.0721       1.0421534     0.022599509       0.1176664      0.05479246       3.0352716      0.97040632      0.99802554      0.30030191      0.69962092      0.80025654      0.04816318      0.25076597      0.80065912       13.752989       147.46273       68.500215   2.0806628e-09        7.641983       11.491872       1017.7602       13.069813       1405.9817      -15.079638       -15.079638       2448.3035          13.069813             1405.9817          11.491872                      22.407121                      396.01422                                589.08056                        10.258283
              3       1209.6888       1.0421534     0.022599509       0.1176664      0.05479246       3.0352716      0.97040632      0.99911114      0.30030191      0.69962092      0.80025654      0.04816318      0.25076597      0.80065912       13.752989       147.46273       68.500215   2.0806628e-09        7.641983       11.491872       1019.4909       13.069813       1405.9817      -15.328313       -15.328313       2450.0343          13.069813             1405.9817          11.491872                      22.267535                      396.03425                                590.39617                        10.792981
              3       1211.2381       1.0421893     0.022732332      0.11697063     0.053976525       3.0414697       0.9758875       1.0032758      0.29577814      0.70414554      0.80146799     0.047907843       0.2465128      0.79580854       13.734443       147.50145       68.884051    2.093599e-09       7.5205536        10.34619       1022.5987       11.022137       1406.9622      -14.226519       -14.226519       2450.9293          11.022137             1406.9622           10.34619                      21.431047                      395.81829                                594.52784                        10.821554
              3        1211.238       1.0422065     0.022743687      0.11691961     0.054308763       3.0405326      0.97602875       1.0025953      0.29539774      0.70452602      0.80092325     0.047883661      0.24615794      0.79475607       13.732476       147.50256        68.91865   2.0916381e-09       7.5507355       10.339008       1023.2676       10.846129       1407.0512      -14.513994       -14.513994        2451.504          10.846129             1407.0512          10.339008                      21.415076                       395.8278                                594.98095                        11.043818
              1       1210.8927       1.0420472     0.022735078       0.1167804     0.056191806       3.0429747      0.97620992        1.002075      0.29517875      0.70474499      0.80136205     0.047880497      0.24594169      0.79489669       13.737458       147.54957       68.907881   2.0967522e-09        7.737442       10.351092       1022.8965       10.900761       1407.1029       -14.73287        -14.73287       2451.2512          10.900761             1407.1029          10.351092                       21.41577                      396.09807                                594.58832                        10.794328
              4       1209.4434        1.042103     0.022718492      0.11717159     0.058651701       3.0476501      0.97371519        1.001547      0.29716084      0.70276259      0.80396695     0.048038452      0.24776036      0.80015359       13.739451        147.4634       68.769403   2.1065784e-09       7.9901276       10.530991       1019.9558       11.615497       1406.6474      -14.931504       -14.931504       2448.7497          11.615497             1406.6474          10.530991                      21.875816                      396.65954                                591.44947                         9.971021
              2        1209.054       1.0424071     0.022624968      0.11736924      0.06267372       3.0539005      0.97163336       1.0005584      0.29784251       0.7020808      0.80719226     0.047914937      0.24856343      0.80428451       13.741316       147.51462       68.716104   2.1197865e-09       8.4063568       10.501407       1019.8485       11.896638       1406.4971      -15.317809       -15.317809       2448.7436          11.896638             1406.4971          10.501407                      22.343562                      398.11282                                589.91323                         9.478851
              1       1209.1974       1.0424071     0.022624968      0.11736924      0.06267372       3.0539005      0.97163336       1.0006617      0.29784251       0.7020808      0.80719226     0.047914937      0.24856343      0.80428451       13.741316       147.51462       68.716104   2.1197865e-09       8.4063568       10.501407        1020.115       11.896638       1406.4971      -15.307728       -15.307728       2449.0102          11.896638             1406.4971          10.501407                      22.330213                      398.11282                                 590.1566                        9.5153951
              2       1209.0485       1.0423698     0.022608502      0.11734132     0.062044035       3.0520002      0.97160579       1.0004502      0.29789808      0.70202519      0.80635574     0.047904116      0.24862914      0.80352595       13.744049       147.54033       68.698852   2.1157622e-09       8.3488007       10.513843       1019.8271       11.988362        1406.485       -15.35862        -15.35862       2448.8143          11.988362              1406.485          10.513843                      22.296737                      397.90431                                589.94945                         9.676648
              2       1209.1781       1.0423759     0.022613071      0.11739162     0.059271551       3.0474599      0.97062528       1.0008219      0.29811912      0.70180413      0.80438965     0.047930643      0.24882316      0.80186408        13.74362       147.52154       68.686778   2.1061777e-09       8.0792694       10.566142       1019.9244       12.052764        1406.437      -15.312085       -15.312085       2448.9803          12.052764              1406.437          10.566142                       22.40403                       396.9405                                590.60221                        9.9776904
              2       1208.7453       1.0422968     0.022527306      0.11774588     0.059018744       3.0484799      0.96927995       1.0012866        0.300715      0.69920772       0.8059135      0.04807286      0.25126757      0.80687332         13.7568       147.52202       68.454916   2.1083272e-09       8.0799713       11.484243       1017.5274       13.322969       1405.8992      -15.371645       -15.371645       2448.2338          13.322969             1405.8992          11.484243                      22.614523                      396.94122                                 588.4466                        9.5250443
              2        1208.581       1.0421819     0.022548392      0.11769208     0.055802894       3.0448389      0.96987369       1.0025942      0.30064763      0.69927509      0.80425652     0.048118248       0.2511548      0.80512415       13.757717       147.51269       68.454639   2.1006646e-09       7.7549896       11.567762       1016.2307        13.32453       1405.9126      -14.936755       -14.936755       2447.0355           13.32453             1405.9126          11.567762                      22.416567                      396.18793                                587.88971                          9.73646
              4       1208.0019       1.0421819     0.022548392      0.11769208     0.055802894       3.0448389      0.96987369       1.0020026      0.30064763      0.69927509      0.80425652     0.048118248       0.2511548      0.80512415       13.757717       147.51269       68.454639   2.1006646e-09       7.7549896       11.567762       1015.5075        13.32453       1405.9126      -15.154296       -15.154296       2446.3124           13.32453             1405.9126          11.567762                      22.493917                      396.17405                                587.32255                        9.5169821
              4       1208.8313       1.0420928     0.022557304       0.1174903     0.054608263       3.0371798      0.96803676      0.99975282       0.2997893      0.70013354      0.79980721     0.048065638      0.25035112       0.7995263       13.758466       147.55666       68.505627   2.0846369e-09       7.6300507       11.225385       1018.2259       13.039729       1406.0856      -15.457047       -15.457047       2448.5766          13.039729             1406.0856          11.225385                       22.78371                      396.00312                                589.08629                        10.352773
              4       1209.0503       1.0420982     0.022588594      0.11758531     0.053798534       3.0352071      0.96814318      0.99940489      0.30009756      0.69982527        0.799256     0.048138591      0.25058625      0.79938595       13.755415       147.49643       68.501159   2.0805287e-09       7.5430145       11.412739       1018.3657       13.064563       1406.0229      -15.382645       -15.382645       2448.8659          13.064563             1406.0229          11.412739                       22.76015                       395.8453                                589.31481                        10.445476
              3       1209.5633       1.0422603     0.022580604      0.11775992     0.053725522       3.0351227      0.96729976      0.99923742      0.30059068      0.69933211      0.79974348      0.04814367      0.25107366      0.80053041       13.752264       147.45863       68.485428    2.080353e-09       7.5402069       11.532677       1019.2741       13.152182       1405.9239      -15.378148       -15.378148       2449.8829          13.152182             1405.9239          11.532677                      22.941238                      395.85221                                590.09817                        10.382461
              2       1208.6795       1.0423592     0.022578995      0.11754986     0.059858953       3.0482661      0.96891463      0.99990378      0.29919692      0.70072612      0.80486921     0.047989077       0.2498388       0.8037912       13.748502        147.5171       68.593207   2.1078765e-09       8.1473541       10.860182       1018.5862       12.557718       1406.2081       -15.42663        -15.42663       2448.2122          12.557718             1406.2081          10.860182                      22.823571                      397.20705                                589.04329                        9.5123366
              1       1210.7876       1.0419726     0.022534817      0.11778102     0.055983641       3.0360382      0.96529459      0.99758357      0.30181866      0.69810381      0.79950939     0.048250777      0.25218868      0.80192912       13.765821       147.50401       68.339982   2.0822584e-09       7.7774506       12.425302        1019.543       13.976197       1405.6846       -15.02701        -15.02701       2451.6291          13.976197             1405.6846          12.425302                      23.384165                      396.27624                                589.79058                        10.092022
              8       1210.6647       1.0419726     0.022534817      0.11778102     0.055983641       3.0360382      0.96529459      0.99732588      0.30181866      0.69810381      0.79950939     0.048250777      0.25218868      0.80192912       13.765821       147.50401       68.339982   2.0822584e-09       7.7774506       12.425302       1019.0875       13.976197       1405.6846      -14.922065       -14.922065       2451.1736          13.976197             1405.6846          12.425302                      23.423367                      396.27383                                589.41317                        9.9770998
              5       1210.9198       1.0423443     0.022518941       0.1169086     0.062480223        3.051628      0.96685712      0.99960874      0.29620188      0.70372154      0.80357108     0.047619567       0.2472202      0.79846812       13.752279       147.75606       68.767187   2.1149748e-09       8.4042511       10.299172       1024.0538       11.627121       1406.8642      -15.502406       -15.502406       2452.8443          11.627121             1406.8642          10.299172                        23.3258                      398.23039                                592.81924                        9.6783578
              2       1210.7288       1.0423582     0.022525419      0.11693205     0.062115767       3.0512393      0.96691834      0.99972436      0.29624831      0.70367512      0.80350134     0.047630555      0.24725571      0.79846138       13.751288       147.74251       68.769143   2.1141529e-09        8.368454       10.299309       1023.6887        11.61686       1406.8536      -15.500427       -15.500427       2452.4584           11.61686             1406.8536          10.299309                      23.305803                      398.05253                                592.63533                        9.6949947
              1        1212.637       1.0425366     0.022417455       0.1171972     0.059684911       3.0482422      0.96552291       1.0005525      0.29773393       0.7021892      0.80341446     0.047586586         0.24878      0.80037438       13.758776       147.79148       68.635828    2.107826e-09       8.1620941       10.342313       1027.2402       12.326427       1406.5207      -15.577856       -15.577856       2456.4297          12.326427             1406.5207          10.342313                      23.471981                      397.28986                                 596.6564                        9.8219529
              1       1212.7747       1.0424671     0.022423084       0.1172205      0.05586007       3.0395595      0.96485761       1.0000408      0.29802796      0.70189511      0.79973191     0.047635715      0.24902384      0.79709907       13.760355       147.77859       68.609037   2.0896037e-09        7.781662       10.398722        1027.421       12.471562       1406.4567      -15.599252       -15.599252       2456.7479          12.471562             1406.4567          10.398722                      23.466758                      396.24619                                597.10603                        10.601984
              1        1211.178       1.0421334     0.022387475      0.11764635     0.053383831       3.0396458      0.96411805       1.0018904      0.30147414      0.69844826       0.8008834     0.047976562      0.25211719      0.80284868       13.776138       147.70386       68.310585    2.089784e-09       7.5458221       11.790826       1021.3244       14.145789       1405.7507      -15.327869       -15.327869       2453.0117          14.145789             1405.7507          11.790826                       23.54102                       395.9436                                592.05428                         9.785471
              1        1213.161       1.0421334     0.022387475      0.11764635     0.053383831       3.0396458      0.96411805       1.0000903      0.30147414      0.69844826       0.8008834     0.047976562      0.25211719      0.80284868       13.776138       147.70386       68.310585    2.089784e-09       7.5458221       11.790826        1025.861       14.145789       1405.7507      -15.613111       -15.613111       2457.5483          14.145789             1405.7507          11.790826                      23.823907                      395.92448                                596.97747                         9.135118
              3       1211.5519       1.0421334     0.022387475      0.11764635     0.053383831       3.0396458      0.96411805       1.0008739      0.30147414      0.69844826       0.8008834     0.047976562      0.25211719      0.80284868       13.776138       147.70386       68.310585    2.089784e-09       7.5458221       11.790826       1022.5219       14.145789       1405.7507      -15.552671       -15.552671       2454.2092          14.145789             1405.7507          11.790826                       23.69949                      395.92423                                593.50228                        9.3958881
              2       1211.6094       1.0421355     0.022416638      0.11760597     0.052256123       3.0377081      0.96382101       1.0009816      0.30108466      0.69883783      0.79975908     0.047980821      0.25172512      0.80120356       13.772765       147.68205       68.352028   2.0857386e-09       7.4236908       11.622492       1022.9141       13.907004       1405.8264      -15.525595       -15.525595         2454.27          13.907004             1405.8264          11.622492                      23.751967                      395.77728                                593.82905                        9.5558032
             10       1211.2376       1.0424405     0.022471634      0.11735785     0.059972578       3.0508783      0.96557591       1.0001209      0.29855615      0.70136689      0.80474252     0.047760172      0.24942696      0.80280363       13.756627       147.68794       68.593724   2.1133897e-09       8.1803436       10.539441        1024.165       12.554897       1406.3432      -15.563689       -15.563689       2453.6025          12.554897             1406.3432          10.539441                      23.688456                       397.4316                                594.01936                        9.0256028
              5       1210.6007       1.0423043     0.022509669      0.11715857     0.061024425       3.0534606      0.96623691       1.0004652      0.29768646      0.70223671      0.80500559      0.04775647      0.24856339      0.80189556       13.755666       147.69913       68.654411   2.1188543e-09       8.2701874       10.428806       1023.0321       12.226258       1406.5311      -15.508471       -15.508471       2452.2183          12.226258             1406.5311          10.428806                      23.594463                      397.73198                                592.79197                        8.9136581
              1       1211.3027       1.0425235     0.022556682      0.11712944     0.066926483       3.0665885      0.96792064       1.0010033       0.2966293      0.70329415      0.81071138     0.047680185      0.24758755      0.80614407       13.743989       147.65517       68.781025   2.1468538e-09        8.823288       10.299996       1024.7487        11.55464       1406.7668      -15.382343       -15.382343       2453.3702           11.55464             1406.7668          10.299996                      23.519599                      400.20239                                592.57956                        8.4471824
              1       1212.6838       1.0418503     0.022554769      0.11798965     0.051057169        3.042102      0.96336769       1.0031912      0.30318061      0.69674163      0.80188344      0.04843288      0.25336455      0.80612303       13.768313       147.42574       68.241575   2.0949232e-09       7.2762909       13.644507       1021.0459       14.547918       1405.4314      -14.651068       -14.651068       2454.6697          14.547918             1405.4314          13.644507                      23.976575                      395.68086                                592.66542                        8.7230595
              3       1213.0705       1.0417511     0.022541706      0.11778707     0.052221252       3.0423928       0.9627346       1.0024957      0.30246957      0.69745274      0.80107566      0.04836518      0.25272234      0.80436608       13.771717       147.49442       68.269542   2.0955325e-09       7.3949127       13.146417       1023.0211       14.384269        1405.562      -14.986388       -14.986388       2456.1138          14.384269              1405.562          13.146417                      24.137926                      395.76618                                594.34363                        8.7733792
              1       1212.6955        1.041597     0.022386301      0.11781895     0.052679373       3.0411709      0.96581225       1.0020219      0.30400379      0.69591805       0.8021412     0.048317714       0.2542958      0.80747614       13.793089       147.65887       68.067215   2.0929736e-09       7.4756317       14.227318       1020.8644       15.589041       1405.2843      -15.287042       -15.287042       2455.9651          15.589041             1405.2843          14.227318                      23.275181                       395.7858                                592.89163                        8.9118212
              1       1211.6645        1.041597     0.022386301      0.11781895     0.052679373       3.0411709      0.96581225       1.0032696      0.30400379      0.69591805       0.8021412     0.048317714       0.2542958      0.80747614       13.793089       147.65887       68.067215   2.0929736e-09       7.4756317       14.227318       1017.7459       15.589041       1405.2843      -14.758845       -14.758845       2452.8466          15.589041             1405.2843          14.227318                      23.091835                      395.81288                                589.56736                        9.2738413
              2        1212.511       1.0416706     0.022329857      0.11787079      0.05385729       3.0455757      0.96501352        1.004266      0.30439093      0.69553081       0.8041435     0.048258841      0.25473999      0.81000701       13.797173       147.70805       68.022803    2.102213e-09       7.6089935       14.329644       1017.9386       15.859982       1405.2168      -14.161502       -14.161502        2453.345          15.859982             1405.2168          14.329644                      23.286082                      395.94842                                589.72247                        8.9816373
              1       1212.2231       1.0416822     0.022316229      0.11778302       0.0525686       3.0404101      0.96529464       1.0032546      0.30396274      0.69595905      0.80192109      0.04819624      0.25437537      0.80720006       13.797869       147.74667       68.046191   2.0913819e-09       7.4791412        13.89175       1019.0805       15.717007       1405.2915      -14.767318       -14.767318       2453.9808          15.717007             1405.2915           13.89175                      23.148255                      395.79463                                590.70603                        9.4315742
              1         1213.68       1.0418489     0.022321585      0.11769817     0.059088672       3.0489181      0.96182743       1.0011134       0.3029774       0.6969446      0.80410951      0.04807869       0.2535113      0.80808992       13.791914       147.76402       68.137501   2.1092512e-09        8.133316       12.909885       1024.8504       15.165028       1405.4683      -15.516779       -15.516779       2458.3936          15.165028             1405.4683          12.909885                      24.198807                      397.25622                                594.42229                        8.9731118
              1       1214.3457       1.0417564     0.022335734      0.11766675     0.057177869       3.0450674      0.96113569       1.0010776      0.30300304      0.69691895      0.80210576     0.048119146      0.25349619      0.80611035       13.793017       147.75647       68.130434   2.1011448e-09       7.9395905       13.061025         1026.01       15.207395       1405.4636      -15.525255       -15.525255        2459.742          15.207395             1405.4636          13.061025                      24.295058                      396.68399                                595.85385                        9.1770973
              4       1212.0532       1.0416576     0.022500897      0.11717814      0.06244938       3.0527386      0.96416135      0.99993694      0.29973602      0.70018663      0.80362543     0.048062835      0.25029729      0.80327179       13.775971       147.70378       68.421915   2.1173249e-09       8.4091644       11.409698       1024.1622       13.508935       1406.0965      -15.535412       -15.535412       2455.1773          13.508935             1406.0965          11.409698                      23.873704                      398.34284                                592.96251                        8.9831712
              1       1212.0655       1.0416576     0.022500897      0.11717814      0.06244938       3.0527386      0.96416135      0.99996374      0.29973602      0.70018663      0.80362543     0.048062835      0.25029729      0.80327179       13.775971       147.70378       68.421915   2.1173249e-09       8.4091644       11.409698       1024.1872       13.508935       1406.0965      -15.535625       -15.535625       2455.2023          13.508935             1406.0965          11.409698                      23.869372                      398.34284                                592.98374                        8.9912767
              5       1212.1279        1.041755      0.02248078      0.11704711     0.057431194        3.040405      0.96452302      0.99919654      0.29886838      0.70105441      0.79850909     0.047932492      0.24956249      0.79700165       13.774584       147.76093       68.484247   2.0913711e-09       7.9213409       10.949509       1024.8802       13.158772       1406.2769      -15.504782       -15.504782       2455.2654          13.158772             1406.2769          10.949509                      23.544568                      396.61235                                594.46577                        10.257491
              1       1214.3856       1.0418783     0.022499612      0.11679153     0.058823988       3.0472389      0.96241041       1.0012008      0.29704868      0.70287445      0.79972583     0.047761224      0.24792011      0.79578236       13.767654       147.80876       68.635656   2.1057124e-09       8.0504913        10.43315        1030.182       12.327356       1406.6723      -15.421791       -15.421791       2459.6148          12.327356             1406.6723           10.43315                      24.162573                      397.04175                                599.14372                        9.8339258
              1       1214.4557       1.0418783     0.022499612      0.11679153     0.058823988       3.0472389      0.96241041       1.0000796      0.29704868      0.70287445      0.79972583     0.047761224      0.24792011      0.79578236       13.767654       147.80876       68.635656   2.1057124e-09       8.0504913        10.43315        1030.552       12.327356       1406.6723      -15.536633       -15.536633       2459.9848          12.327356             1406.6723           10.43315                       24.35099                      397.04666                                 599.7807                        9.3736163
              3       1214.5431       1.0419377      0.02249276      0.11683559     0.058084666       3.0452988      0.96215697      0.99984093      0.29714694      0.70277619      0.79910823     0.047749772      0.24802973      0.79529931        13.76683       147.80448       68.633432    2.101631e-09        7.979599       10.428713       1030.7525       12.339374       1406.6504      -15.542433       -15.542433        2460.171          12.339374             1406.6504          10.428713                      24.378321                      396.84143                                599.99629                        9.5364901
              2       1215.7116       1.0419636     0.022408043      0.11794755     0.059649564       3.0519081      0.95867209       1.0002211      0.30347112      0.69645095      0.80495115     0.048228416      0.25385634      0.80959455       13.780425       147.60084       68.163277   2.1155673e-09       8.1726227       13.377652       1028.8609       15.010994       1405.3789      -15.602677       -15.602677       2462.6285          15.010994             1405.3789          13.377652                      25.377505                      397.56174                                597.51818                         8.403494
              1       1215.5845       1.0419335     0.022389906      0.11793782     0.060210792       3.0525055      0.95902847       1.0000508      0.30361424      0.69630777      0.80531584      0.04822164      0.25400531      0.81015232       13.783215       147.62371       68.140473   2.1168316e-09       8.2322845       13.483644       1028.4105       15.147226       1405.3533       -15.61287        -15.61287       2462.3947          15.147226             1405.3533          13.483644                      25.278037                      397.75366                                596.98449                        8.3942858
              1       1212.3419       1.0419076     0.022520913      0.11725672     0.062213488       3.0541923      0.96307746      0.99955557      0.29930366      0.70061915      0.80428565      0.04800247      0.24992824      0.80335169       13.766755       147.66039       68.495369   2.1204051e-09       8.3838959       11.080178       1025.3138       13.096779       1406.1858      -15.496402       -15.496402       2455.6765          13.096779             1406.1858          11.080178                      24.367013                      398.30333                                594.01297                        8.6304889
              5       1211.8841       1.0419076     0.022520913      0.11725672     0.062213488       3.0541923      0.96307746        1.000368      0.29930366      0.70061915      0.80428565      0.04800247      0.24992824      0.80335169       13.766755       147.66039       68.495369   2.1204051e-09       8.3838959       11.080178       1024.4082       13.096779       1406.1858      -15.501371       -15.501371       2454.7709          13.096779             1406.1858          11.080178                      24.229615                      398.27637                                593.06767                        8.8345458
              2       1212.5763       1.0420195     0.022554068      0.11704378     0.061365071       3.0520706      0.96305082       1.0003477       0.2976609      0.70226224      0.80263341     0.047870575      0.24842316      0.79949822       13.758855       147.68053       68.640134   2.1159112e-09       8.2898407       10.541715       1026.6852       12.303183       1406.5367      -15.457123       -15.457123       2456.0668          12.303183             1406.5367          10.541715                      24.225132                      397.90706                                595.38401                        9.1689582
              1       1212.4278       1.0419148     0.022573362      0.11704078     0.057204101       3.0457183      0.96311477       1.0012176      0.29784188      0.70208123      0.79992937     0.047935084      0.24853895      0.79704694       13.759902        147.6595       68.623264   2.1025128e-09       7.8778229       10.643267        1025.957       12.394384       1406.4971      -15.318073       -15.318073       2455.4918          12.394384             1406.4971          10.643267                       24.05069                      396.57107                                595.76273                        9.5724757
              3       1212.4803       1.0423349     0.022408353      0.11773938     0.047407453       3.0257422      0.96419435       1.0008609      0.30125272       0.6986698      0.79576858      0.04794721      0.25192725       0.7974283        13.76834       147.65515       68.363345   2.0609295e-09       6.9225311       11.554729       1024.8644       13.842149       1405.7936      -15.547161       -15.547161       2456.0548          13.842149             1405.7936          11.554729                      23.338783                      395.80223                                594.41346                        11.309896
              1       1212.6254       1.0423349     0.022408353      0.11773938     0.047407453       3.0257422      0.96419435       1.0010253      0.30125272       0.6986698      0.79576858      0.04794721      0.25192725       0.7974283        13.76834       147.65515       68.363345   2.0609295e-09       6.9225311       11.554729        1025.105       13.842149       1405.7936      -15.522363       -15.522363       2456.2955          13.842149             1405.7936          11.554729                      23.314237                      395.79325                                594.59093                        11.406632
              1        1212.517        1.042314     0.022418828      0.11767521      0.04719868       3.0249798      0.96441697        1.000922      0.30091263      0.69900995      0.79525112     0.047933749      0.25160165      0.79645981       13.767539       147.66064       68.388922   2.0593588e-09       6.8972626       11.411639       1025.1333       13.696138       1405.8601      -15.533586       -15.533586       2456.1012          13.696138             1405.8601          11.411639                      23.260244                      395.84225                                594.45559                        11.575218
              1       1211.8068       1.0424038     0.022448351      0.11783876     0.047733854       3.0256145      0.96536561       1.0004906      0.30134692      0.69857565      0.79630782     0.048000294       0.2519693      0.79809342       13.762482       147.58401       68.386483   2.0606663e-09       6.9506073       11.618452       1023.6385       13.710027       1405.7753       -15.56431        -15.56431       2454.7423          13.710027             1405.7753          11.618452                      23.103235                      395.80483                                593.35304                        11.377375
              8         1211.56       1.0424038     0.022448351      0.11783876     0.047733854       3.0256145      0.96536561      0.99981584      0.30134692      0.69857565      0.79630782     0.048000294       0.2519693      0.79809342       13.762482       147.58401       68.386483   2.0606663e-09       6.9506073       11.618452       1023.1779       13.710027       1405.7753      -15.580851       -15.580851       2454.2817          13.710027             1405.7753          11.618452                      23.202058                      395.79384                                593.18832                        10.993647
              1       1211.1177       1.0424414     0.022567429      0.11720801     0.057425172       3.0392789      0.96712504      0.99760816      0.29722027      0.70270308      0.79963975     0.047767537      0.24808932      0.79592649       13.745661       147.62126       68.734475   2.0890173e-09       7.9051971       10.359879       1023.4191       11.799359       1406.6341      -14.988557       -14.988557       2452.2125          11.799359             1406.6341          10.359879                      23.192321                      396.54827                                593.29062                        10.387931
              1       1211.2547       1.0424414     0.022567429      0.11720801     0.057425172       3.0392789      0.96712504      0.99741436      0.29722027      0.70270308      0.79963975     0.047767537      0.24808932      0.79592649       13.745661       147.62126       68.734475   2.0890173e-09       7.9051971       10.359879       1023.5389       11.799359       1406.6341      -14.911387       -14.911387       2452.3323          11.799359             1406.6341          10.359879                      23.221116                      396.56319                                593.46116                        10.293439
              1       1211.2097       1.0424841     0.022468346      0.11698447     0.066343763       3.0595502       0.9684468      0.99903792       0.2964795      0.70344387      0.80785339     0.047548528      0.24756782      0.80309932       13.753886       147.79247       68.741185   2.1317966e-09       8.7874908       10.289807       1024.5523       11.763922       1406.8008      -15.493692       -15.493692       2453.4068          11.763922             1406.8008          10.289807                      23.214249                       399.9531                                592.44542                        8.9394808
              2       1209.5484       1.0421013     0.022514522      0.11737696     0.067378742       3.0621804      0.97328932      0.99883773      0.29940802      0.70051483      0.81127478     0.047966691      0.25006901      0.81047395        13.76224       147.63576       68.511186    2.137411e-09       8.8801422       10.998914       1019.7488       13.008861       1406.1641      -15.411964       -15.411964       2449.9207          13.008861             1406.1641          10.998914                      22.279288                      400.26204                                588.55987                         8.647578
              3       1208.5535       1.0421013     0.022514522      0.11737696     0.067378742       3.0621804      0.97328932       1.0001795      0.29940802      0.70051483      0.81127478     0.047966691      0.25006901      0.81047395        13.76224       147.63576       68.511186    2.137411e-09       8.8801422       10.998914         1017.97       13.008861       1406.1641      -15.517457       -15.517457       2448.1419          13.008861             1406.1641          10.998914                      22.109892                      400.21231                                 586.7592                        8.8885812
              2       1208.4491       1.0419688     0.022539614      0.11747246     0.067287238       3.0631768      0.97181522       1.0004645      0.30016106      0.69976166      0.81133496      0.04809965      0.25068682      0.81155272       13.763962       147.58226       68.454543   2.1395419e-09        8.866806       11.454438       1017.0492       13.325066         1406.01      -15.470317       -15.470317       2447.8388          13.325066               1406.01          11.454438                      22.405824                       400.2753                                585.66449                        8.7036225
              1       1208.7649       1.0422054     0.022519454      0.11782443     0.054081467       3.0434646      0.96876233       1.0031732      0.30144816      0.69847442      0.80396436     0.048149111      0.25192181      0.80590247       13.760731       147.50932       68.388769   2.0977797e-09        7.590744       11.951117        1015.543       13.697007       1405.7557      -14.708498       -14.708498       2446.9468          13.697007             1405.7557          11.951117                      22.611279                      395.92854                                587.39369                        9.6094778
              2       1208.8218       1.0420995     0.022567759      0.11806898     0.055152787       3.0469689      0.96941945       1.0033745      0.30278535      0.69713704      0.80612875     0.048365972       0.2530389      0.80986236       13.759868       147.39053       68.308424   2.1051439e-09       7.6918182       13.070683       1013.9804       14.158296       1405.5036      -14.534703       -14.534703        2446.713          14.158296             1405.5036          13.070683                      22.556484                      396.05321                                586.24257                        9.1281801
              2       1208.6921       1.0420406       0.0225259      0.11812712     0.056272169       3.0483434      0.96916473       1.0030074      0.30351551       0.6964067      0.80692576     0.048387104      0.25374476      0.81163992       13.766367       147.42155        68.23014   2.1080395e-09       7.8139496       13.624466       1013.3382       14.615095        1405.371      -14.782339       -14.782339       2446.9488          14.615095              1405.371          13.624466                      22.608467                      396.28845                                585.42345                         9.017876
              1       1208.1658        1.042162     0.022548134      0.11792557     0.060974185       3.0534251      0.97098515       1.0012589      0.30194924      0.69797328      0.80885365     0.048246145      0.25232484      0.81147714       13.759434       147.45107       68.363453    2.118779e-09       8.2694855       12.358713        1015.169        13.84153       1405.6598      -15.348734       -15.348734        2447.029           13.84153             1405.6598          12.358713                      22.397982                      397.61996                                586.16077                        8.9902447
              5       1208.2979       1.0421856      0.02254786      0.11796307     0.061440972       3.0544527      0.97071303       1.0012469       0.3020803       0.6978422      0.80933751     0.048253773      0.25244804      0.81213878       13.758935       147.44141       68.357635   2.1209574e-09       8.3158112       12.423957       1015.3651       13.874854        1405.635      -15.351532       -15.351532        2447.299          13.874854              1405.635          12.423957                      22.467266                      397.75815                                586.21424                        8.9254754
              1       1208.2003       1.0422088     0.022543508      0.11790236      0.06086619       3.0539206      0.97137953       1.0016425      0.30171342      0.69820914      0.80915615     0.048208087      0.25212789      0.81146357       13.758424       147.46239       68.383418   2.1198291e-09       8.2596588       12.153372       1015.3477       13.727495       1405.7048      -15.266314       -15.266314       2446.9333          13.727495             1405.7048          12.153372                      22.322375                      397.55366                                586.46943                        9.0021972
              1       1208.0437       1.0422088     0.022543508      0.11790236      0.06086619       3.0539206      0.97137953       1.0012957      0.30171342      0.69820914      0.80915615     0.048208087      0.25212789      0.81146357       13.758424       147.46239       68.383418   2.1198291e-09       8.2596588       12.153372       1015.1974       13.727495       1405.7048      -15.347823       -15.347823        2446.783          13.727495             1405.7048          12.153372                      22.367055                      397.55366                                586.35347                        8.9232237
              2         1209.28       1.0420754     0.022582318      0.11833673     0.055339779       3.0451427       0.9710339       1.0017323      0.30420221      0.69571998      0.80673083     0.048526679      0.25429136      0.81236127       13.760269       147.30309       68.217214    2.101303e-09       7.7114716       14.342889       1014.6395       14.691217       1405.2497      -15.181706       -15.181706       2448.9233          14.691217             1405.2497          14.342889                        22.2925                      396.09372                                587.18969                        9.0636031
              1       1209.3019       1.0420754     0.022582318      0.11833673     0.055339779       3.0451427       0.9710339       1.0015624      0.30420238       0.6957198      0.80673078     0.048526706      0.25429151      0.81236145       13.760271       147.30309       68.217195    2.101303e-09       7.7114716       14.343115       1014.7728       14.691332       1405.2497      -15.226495       -15.226495       2449.0569          14.691332             1405.2497          14.343115                      22.314209                      396.10499                                587.33038                        9.0231805
              1       1209.1338        1.042167     0.022577972       0.1183212     0.056880649       3.0483406       0.9713303        1.001653      0.30387058      0.69605168      0.80815864     0.048471252      0.25401647      0.81335533       13.757935       147.31217       68.249637   2.1080335e-09       7.8665924       13.914408       1014.9656       14.500645       1405.3079      -15.210489       -15.210489       2448.6886          14.500645             1405.3079          13.914408                      22.307429                      396.41603                                587.30986                         8.932317
              1        1208.902       1.0420891     0.022544712      0.11825038     0.060530681        3.053457       0.9716098       1.0008098      0.30391949       0.6960027      0.81013537      0.04844326      0.25409213      0.81541039        13.76348       147.36821        68.21905   2.1188465e-09       8.2322845       13.961658       1014.7186       14.680393       1405.2993      -15.427963       -15.427963       2448.6599          14.680393             1405.2993          13.961658                       22.33515                      397.45957                                586.14731                        8.7765327
              4       1208.0877       1.0421345     0.022574213      0.11752379     0.060054115       3.0468951      0.97124114      0.99902301      0.29974713      0.70017575      0.80476572     0.048077682      0.25029759      0.80442648       13.755578        147.5294       68.522713   2.1049884e-09       8.1663055       11.201203       1016.6528       12.944978       1406.0943      -15.358925       -15.358925       2446.8933          12.944978             1406.0943          11.201203                      22.362985                      397.23977                                587.53669                        9.5133901
              5       1207.9977       1.0421191     0.022564326      0.11751712     0.060331178       3.0477659      0.97124276      0.99919854      0.29981364      0.70010921      0.80512092     0.048072943      0.25036838      0.80487082        13.75706       147.54219       68.511082   2.1068222e-09       8.1957855       11.226841       1016.4779       13.009439       1406.0806      -15.399734       -15.399734       2446.7948          13.009439             1406.0806          11.226841                      22.364998                      397.34965                                587.31602                        9.4471905
              2        1208.004       1.0421191     0.022564326      0.11751712     0.060331178       3.0477659      0.97124276       0.9993673      0.29981364      0.70010921      0.80512092     0.048072943      0.25036838      0.80487082        13.75706       147.54219       68.511082   2.1068222e-09       8.1957855       11.226841       1016.5293       13.009439       1406.0806      -15.419097       -15.419097       2446.8462          13.009439             1406.0806          11.226841                      22.343158                      397.34965                                587.33049                        9.5060152
              1       1209.5705       1.0420372     0.022462899      0.11758754     0.058883198       3.0410834      0.96794022      0.99773235      0.30101145      0.69891107      0.80202003     0.048058639      0.25157471       0.8033709       13.770666       147.63601       68.367102   2.0927904e-09       8.0785675       11.732023       1018.0696       13.820653       1405.8407      -15.160961       -15.160961        2449.463          13.820653             1405.8407          11.732023                      22.852304                      396.98763                                588.26499                        9.9646819
              2       1209.7669       1.0422294     0.022383607      0.11753287     0.063044403       3.0502871      0.96904623      0.99844583      0.30060789      0.69931467      0.80636638     0.047870372      0.25135994      0.80718294       13.773152       147.73948         68.3804   2.1121407e-09       8.5025177        11.26403       1019.4478       13.744702       1405.9204      -15.421533       -15.421533       2450.3769          13.744702             1405.9204           11.26403                      22.730571                      398.46418                                588.80415                        9.4488827
              1       1209.8893       1.0421183     0.022371773      0.11709176     0.061795939       3.0476121      0.97041337       0.9989632      0.29865841       0.7012644      0.80412077     0.047688455       0.2495969      0.80232076       13.775609       147.87108       68.492588   2.1064983e-09       8.3761749       10.601196       1020.8062       13.112266       1406.3213      -15.531165       -15.531165        2450.841          13.112266             1406.3213          10.601196                      22.388179                      397.91019                                590.50676                         10.00109
              2        1212.267       1.0422067     0.022395418      0.11690854     0.064000772       3.0445639      0.97227711      0.99578545      0.29729645      0.70262662      0.80280118     0.047575342      0.24835275      0.79917564       13.769559       147.89416       68.610191   2.1000871e-09       8.5804291       10.341751       1023.4905       12.465296       1406.6171      -14.190362       -14.190362       2452.9147          12.465296             1406.6171          10.341751                      22.084984                       398.7063                                591.95313                        10.746115
              2       1212.2472       1.0422067     0.022395418      0.11690854     0.064000772       3.0445639      0.97227711      0.99546654      0.29729645      0.70262662      0.80280118     0.047575342      0.24835275      0.79917564       13.769559       147.89416       68.610191   2.1000871e-09       8.5804291       10.341751       1023.0046       12.465296       1406.6171      -13.967178       -13.967178       2452.4287          12.465296             1406.6171          10.341751                      22.124602                      398.71526                                591.58173                        10.582968
              1        1214.585       1.0424746     0.022406931      0.11633946     0.074843258       3.0681517       0.9765972       0.9970595       0.2934658      0.70645796      0.81181127     0.047174423      0.24493524       0.8029217       13.757552       148.03586       68.918829   2.1502123e-09       9.5799408       10.882266       1029.7544       10.845224       1407.5187      -14.915331       -14.915331       2459.0006          10.845224             1407.5187          10.882266                      21.748069                      404.09486                                594.57045                        9.3410211
              1       1213.3368       1.0422528     0.022345075      0.11659273     0.073862656       3.0719436      0.97740627      0.99956565      0.29577838      0.70414488      0.81458734     0.047349894      0.24706355      0.80883557       13.772012       148.03666       68.695992   2.1583811e-09       9.5118561       10.325195       1028.5903       12.003604        1406.962      -15.603711       -15.603711       2457.8811          12.003604              1406.962          10.325195                      21.568273                      403.57287                                594.55432                        8.8948535
              3       1211.5188       1.0423314     0.022508969      0.11724237     0.073434476       3.0742777      0.97760163      0.99981316      0.29805357      0.70186955      0.81729345     0.047785575      0.24890053      0.81463781       13.755338       147.67864       68.632433   2.1634251e-09       9.4416656       10.487133       1024.8021       12.344774       1406.4512      -15.523802       -15.523802       2454.0851          12.344774             1406.4512          10.487133                      21.640132                      403.30845                                591.19257                        8.6609193
              2       1209.8562        1.042116      0.02248323      0.11746117     0.068975878       3.0627342      0.97482652      0.99834981      0.29999058      0.69993215      0.81241721     0.047975159      0.25064095      0.81240446       13.765548       147.64819       68.457517    2.138595e-09       9.0401764       11.191664       1019.8402       13.308371       1406.0446      -15.336213       -15.336213       2450.3848          13.308371             1406.0446          11.191664                       21.93477                       401.0139                                588.08989                         8.801647
              1          1210.1        1.042116      0.02248323      0.11746117     0.068975878       3.0627342      0.97482652       0.9981292      0.29999058      0.69993215      0.81241721     0.047975159      0.25064095      0.81240446       13.765548       147.64819       68.457517    2.138595e-09       9.0401764       11.191664       1020.2036       13.308371       1406.0446      -15.274071       -15.274071       2450.7482          13.308371             1406.0446          11.191664                      21.961301                       401.0306                                588.44601                        8.7657158
              6       1211.1644       1.0420888     0.022400751      0.11753518     0.059931513        3.046623      0.97668376      0.99931634      0.30093717      0.69898531      0.80705642     0.047952878      0.25160541      0.80831603       13.775521       147.71943       68.347707   2.1044158e-09       8.1950836       11.549356       1022.1366       13.931803       1405.8553      -15.572095       -15.572095        2453.473          13.931803             1405.8553          11.549356                      21.361809                      397.14491                                594.00776                        9.6221332
              1       1211.1028       1.0420586     0.022399125      0.11736073     0.059846425       3.0467919      0.97685806      0.99968243      0.30010687      0.69981573      0.80655015     0.047877065      0.25085299      0.80669379       13.775762       147.76805       68.399317   2.1047713e-09       8.1845551        11.16784       1022.5839       13.637018       1406.0209      -15.602011       -15.602011       2453.4097          13.637018             1406.0209           11.16784                      21.327594                       397.1139                                594.42937                        9.7130443
              1       1210.7198       1.0420586     0.022399125      0.11736073     0.059846425       3.0467919      0.97685806       1.0001258      0.30010687      0.69981573      0.80655015     0.047877065      0.25085299      0.80669379       13.775762       147.76805       68.399317   2.1047713e-09       8.1845551        11.16784       1021.8313       13.637018       1406.0209      -15.608813       -15.608813       2452.6571          13.637018             1406.0209           11.16784                      21.282908                      397.09738                                593.57476                        9.8762902
              1       1210.8237       1.0420472     0.022407186      0.11735306     0.059604897       3.0464527      0.97713753       1.0001886      0.30005345      0.69986917      0.80642932     0.047885636      0.25079125      0.80650115       13.775202       147.76108       68.405501   2.1040575e-09       8.1585846       11.162455       1022.0594       13.601907       1406.0318      -15.604103       -15.604103       2452.8556          13.601907             1406.0318          11.162455                      21.241563                      396.97369                                593.94175                         9.902432
              2       1210.6175       1.0420311     0.022417125      0.11735257     0.060214534       3.0479569      0.97701784       1.0002792      0.30004157      0.69988105      0.80694108     0.047901757       0.2507634      0.80699698       13.774619       147.75017       68.409156   2.1072248e-09       8.2161407        11.18046       1021.6316       13.581176       1406.0342        -15.5962         -15.5962       2452.4274          13.581176             1406.0342           11.18046                      21.278715                      397.16834                                 593.4217                        9.7628279
              3       1210.6683       1.0420483     0.022419772      0.11735584     0.060138462       3.0480773      0.97715343       1.0003991       0.2999931      0.69992954      0.80704733     0.047897657      0.25071931      0.80703805       13.773839       147.74633       68.416123   2.1074784e-09       8.2077179       11.152291       1021.7753       13.541705        1406.044       -15.58837        -15.58837       2452.5133          13.541705              1406.044          11.152291                      21.261114                      397.15716                                593.59807                        9.7589226
              1       1210.7396       1.0420483     0.022419772      0.11735584     0.060138462       3.0480773      0.97715343       1.0002815       0.2999931      0.69992954      0.80704733     0.047897657      0.25071931      0.80703805       13.773839       147.74633       68.416123   2.1074784e-09       8.2077179       11.152291       1021.9307       13.541705        1406.044      -15.594772       -15.594772       2452.6687          13.541705              1406.044          11.152291                      21.272822                      397.15716                                593.78402                        9.7167198
              3       1209.2429       1.0422054     0.022499754      0.11849849     0.055737092       3.0436375      0.97039998       1.0005039      0.30516363      0.69475835       0.8069393     0.048474944      0.25530092      0.81385424       13.765965       147.35158       68.128719   2.0981425e-09       7.7725372       14.852721       1014.3636       15.217684       1405.0852      -15.516674       -15.516674       2449.5192          15.217684             1405.0852          14.852721                      22.395638                      396.19609                                586.64986                        9.1220251
              4       1209.2618       1.0422054     0.022499754      0.11849849     0.055737092       3.0436375      0.97039998       1.0007594      0.30516363      0.69475835       0.8069393     0.048474944      0.25530092      0.81385424       13.765965       147.35158       68.128719   2.0981425e-09       7.7725372       14.852721       1014.3497       15.217684       1405.0852      -15.490845       -15.490845       2449.5053          15.217684             1405.0852          14.852721                       22.36263                      396.20481                                586.59608                        9.1861705
              1         1212.76       1.0424669     0.022294599      0.11840569     0.055883927       3.0447494      0.97358944       1.0019629      0.30508447      0.69483737        0.809133     0.048121711      0.25557242      0.81596088       13.779671       147.60449       68.065854   2.1004767e-09        7.832901       13.880544       1021.5427        15.59731       1405.0984      -15.299459       -15.299459        2456.119           15.59731             1405.0984          13.880544                      21.694983                      396.23137                                 594.1003                        9.5160365
              1       1212.4973       1.0424879     0.022245257      0.11770487     0.060701814       3.0487446      0.97205086       1.0002627      0.30155423       0.6983681      0.80807695      0.04771284      0.25245981      0.81016748       13.781041        147.8477        68.28119   2.1088852e-09       8.3115997       11.355443       1024.7342       14.316388       1405.7352        -15.5733         -15.5733       2456.1413          14.316388             1405.7352          11.355443                      22.010146                      397.56645                                 595.4182                        9.7394386
              1       1212.5152        1.042492      0.02224277      0.11772304     0.060291748       3.0482265      0.97184642       1.0003819      0.30165323      0.69826908      0.80788216     0.047717843      0.25255351      0.81010513       13.781268       147.84557       68.273793   2.1077929e-09       8.2722931       11.397838       1024.6873       14.359476       1405.7162       -15.56523        -15.56523       2456.1608          14.359476             1405.7162          11.397838                       22.03515                      397.43182                                595.46214                        9.7581589
              2       1212.4582        1.042492      0.02224277      0.11772304     0.060291748       3.0482265      0.97184642       1.0002594      0.30165323      0.69826908      0.80788216     0.047717843      0.25255351      0.81010513       13.781268       147.84557       68.273793   2.1077929e-09       8.2722931       11.397838       1024.5858       14.359476       1405.7162      -15.571512       -15.571512       2456.0593          14.359476             1405.7162          11.397838                      22.050067                      397.44686                                595.37469                        9.7142064
              1       1212.6834       1.0426082     0.022280971      0.11769205     0.065452013       3.0573597       0.9716481      0.99960991      0.30092456      0.69899794      0.81134964     0.047681888      0.25186421      0.81259892       13.773578       147.81166       68.358156   2.1271321e-09       8.7636261        11.04786       1025.7679       13.871864       1405.8578      -15.589316       -15.589316       2456.5453          13.871864             1405.8578           11.04786                      22.278235                      399.53072                                594.75996                        9.1989422
              1        1212.667       1.0426003     0.022284528      0.11766847     0.065550713       3.0573804      0.97180706      0.99955147      0.30080189      0.69912064      0.81130282     0.047676846      0.25174694      0.81238638       13.773321       147.81402       68.367226   2.1271761e-09        8.771347       11.006482       1025.7999       13.819943        1405.882      -15.587142       -15.587142       2456.5083          13.819943              1405.882          11.006482                       22.25208                      399.55765                                594.78497                        9.2051812
              3       1210.6004       1.0424688     0.022340293      0.11782858     0.065034278       3.0597207      0.97167247       1.0007244      0.30172347      0.69819894      0.81241899     0.047869091      0.25247417      0.81474928       13.772041       147.70874        68.31512   2.1321601e-09       8.7109833       11.593778       1020.9379       14.119555       1405.7028      -15.576571       -15.576571        2452.354          14.119555             1405.7028          11.593778                      22.315633                      399.31718                                 590.3928                        8.9122881
              1       1211.8513       1.0426172      0.02237774      0.11727258     0.065804045       3.0554693      0.97244728      0.99867655      0.29812168      0.70180137      0.80896045     0.047552055      0.24920086        0.806424        13.76098       147.81618       68.599898   2.1231148e-09       8.7650299       10.359956        1025.337       12.521266       1406.4364      -15.475961       -15.475961       2454.6546          12.521266             1406.4364          10.359956                      22.179587                      399.54405                                594.03668                        9.5766396
              5       1211.8697       1.0426321     0.022404939       0.1173096      0.06781235       3.0592139      0.97174605      0.99839149      0.29811923      0.70180386      0.81028608     0.047587676      0.24916342      0.80774214       13.757809       147.77605       68.615879   2.1310799e-09       8.9489288        10.36765       1025.3022       12.434415       1406.4369      -15.400884       -15.400884       2454.5412          12.434415             1406.4369           10.36765                      22.403479                      400.56961                                593.05743                        9.2716524
              1       1212.6528       1.0427252      0.02244055      0.11778124     0.065827351       3.0535061       0.9724171      0.99700374      0.30013719      0.69978566      0.80977214     0.047813148      0.25095161      0.80995727       13.753478        147.6097       68.508283   2.1189506e-09       8.7608185       10.863593       1025.1436       13.024977       1406.0149      -14.870742       -14.870742       2455.0471          13.024977             1406.0149          10.863593                      22.241859                      399.57221                                593.89451                        9.4350244
              2       1213.1163       1.0427279     0.022488088      0.11731633     0.062672261        3.044683      0.97231319      0.99629434      0.29740444      0.70251888      0.80435702     0.047619267      0.24842119      0.80086986       13.746124         147.681       68.720278   2.1003373e-09       8.4386444       10.306835       1026.3594         11.8745       1406.5933      -14.450697       -14.450697        2455.134            11.8745             1406.5933          10.306835                      22.159588                      398.14587                                595.47313                         10.58084
              6       1214.1532       1.0427784     0.022531883      0.11807172     0.047876898       3.0208889      0.97102589      0.99800293      0.30099273       0.6989301      0.79692848     0.048014453      0.25160566      0.79824595       13.743506       147.42898       68.503499   2.0509515e-09        6.952713       11.306824       1028.4615       13.051553       1405.8445      -15.179005       -15.179005       2458.6644          13.051553             1405.8445          11.306824                      22.039466                       395.8253                                598.31184                         12.28493
              5       1211.8809       1.0425522     0.022532297      0.11794368     0.047769511       3.0218063      0.97125159      0.99865105      0.30098063      0.69894214      0.79672453     0.048056827      0.25154999      0.79802562       13.749593       147.46268       68.473919   2.0528339e-09       6.9393768       11.451958       1023.9504       13.216472       1405.8468      -15.351946       -15.351946       2454.4657          13.216472             1405.8468          11.451958                      21.995236                      395.82947                                594.05415                        12.071565
              2       1211.0675       1.0426223     0.022471799      0.11779794     0.053554598       3.0335248      0.97276326      0.99907398      0.30034976      0.69957306      0.80167479     0.047897338      0.25107948      0.80214198       13.753286       147.56933       68.495687   2.0770316e-09       7.5479279       11.036973       1023.0231       13.095004       1405.9721      -15.496109       -15.496109       2453.1272          13.095004             1405.9721          11.036973                      21.850234                      395.85248                                594.32106                        10.999355
              1       1210.8699       1.0426051     0.022470647       0.1177974     0.054122418       3.0351046      0.97327064      0.99929192      0.30040413      0.69951867      0.80245173     0.047904127       0.2511268      0.80299203       13.753916        147.5708       68.489079   2.0803155e-09        7.605484       11.067266       1022.6308        13.13182       1405.9612      -15.525621       -15.525621        2452.791           13.13182             1405.9612          11.067266                      21.781487                      395.87957                                 594.1499                        10.819811
              1       1209.9892       1.0421956     0.022399366      0.11794137     0.060484984       3.0437645      0.97031097      0.99727275      0.30279626      0.69712597       0.8054499     0.048107601      0.25330523      0.80919493       13.774404       147.61224         68.2356   2.0984089e-09       8.2568512       12.601139       1017.3227       14.582999       1405.5015      -15.014963       -15.014963       2450.0083          14.582999             1405.5015          12.601139                      22.413739                      397.49404                                587.78207                        9.6328146
              1       1209.9578       1.0419601     0.022381114       0.1179742     0.053114762       3.0315486      0.96945244      0.99843763      0.30378112      0.69614086      0.80026814     0.048219763      0.25417357      0.80529553       13.783532       147.62315        68.12842   2.0729308e-09       7.5240631       13.575089       1016.6374       15.219482       1405.3237      -15.420076       -15.420076       2450.7557          15.219482             1405.3237          13.575089                      22.336321                      395.83226                                588.03644                        10.432416
              4       1209.9703       1.0418147     0.022684849      0.11702383     0.061445256       3.0586142      0.96871226       1.0032992        0.297414      0.70250927      0.80620431     0.048070228      0.24797882      0.80272205       13.750906       147.54052       68.695748   2.1298023e-09       8.2666779       10.674826        1019.347       12.004901       1406.5911      -14.338624       -14.338624       2448.6179          12.004901             1406.5911          10.674826                      23.013227                      397.68893                                589.91399                        8.7308532
              3       1210.4671        1.041839     0.022536951      0.11688434     0.071555165       3.0669623      0.96904116      0.99841966      0.29744269      0.70248041      0.80982378     0.047859431      0.24821538      0.80636478       13.765289        147.7434        68.62207   2.1476565e-09       9.2535553       10.542146       1021.9893       12.400853       1406.5847      -15.291443       -15.291443       2451.5171          12.400853             1406.5847          10.542146                      23.157593                      402.66171                                587.58916                        8.5808673
              1       1211.2682         1.04166      0.02251318       0.1174104     0.073918522       3.0740617      0.96849661      0.99889128      0.30089504      0.69902745       0.8143433      0.04819104      0.25132518      0.81555718       13.775701       147.62896       68.349489   2.1629577e-09       9.4872894       12.061523       1021.5364        13.92157       1405.8636      -15.423299       -15.423299       2453.3831           13.92157             1405.8636          12.061523                      23.382769                      404.21651                                585.61128                        8.3258511
              2       1211.0661        1.041696     0.022499474      0.11747544      0.07360447       3.0737633      0.96824253      0.99900058      0.30121393       0.6987085      0.81446267     0.048195141      0.25163902      0.81610885       13.776401       147.62676       68.325772   2.1623124e-09       9.4634247       12.202528       1020.9853       14.058045       1405.8011      -15.457384       -15.457384        2453.047          14.058045             1405.8011          12.202528                      23.422382                      404.04417                                 585.1843                        8.3344533
              1       1209.9737        1.041808     0.022539525      0.11733844     0.072169558       3.0706914      0.96903021      0.99900893      0.29992392      0.69999879       0.8129046     0.048107327      0.25044178      0.81280152       13.768125       147.61875       68.448946   2.1556803e-09       9.3188324        11.44957       1019.9015        13.35652       1406.0581      -15.409126       -15.409126       2450.7657           13.35652             1406.0581           11.44957                        23.2142                      403.06967                                585.24891                        8.3687445
              1       1210.2197        1.041941     0.022482128      0.11766594     0.070080797       3.0644056      0.96770986      0.99781368      0.30160365      0.69831878      0.81145651      0.04816099      0.25206279      0.81362243       13.771854       147.59469       68.323641   2.1421725e-09       9.1468658       12.197731        1018.791       14.070342       1405.7258      -15.172732       -15.172732       2450.7849          14.070342             1405.7258          12.197731                      23.380587                      402.04665                                584.87845                        8.4853376
              3       1208.9779       1.0420264     0.022442494      0.11803494     0.064880458       3.0612328      0.96759753       1.0008244      0.30355084      0.69637127      0.81166734     0.048273541      0.25389177      0.81645671       13.775275       147.53961       68.183765   2.1353866e-09       8.6737823        13.45342       1015.3152       14.889122       1405.3647      -15.533277       -15.533277       2449.0224          14.889122             1405.3647           13.45342                      23.221605                      399.41897                                584.15402                        8.5205674
              7       1209.3866       1.0419524     0.022416372      0.11809368     0.065116552       3.0603733      0.97089914       1.0003393      0.30423964      0.69568231      0.81258503     0.048315599      0.25453569      0.81830667       13.780549       147.55301       68.114406    2.133552e-09       8.7032623       14.066402       1015.3472       15.303707       1405.2431      -15.593594       -15.593594       2449.9604          15.303707             1405.2431          14.066402                      22.504762                      399.38775                                584.81323                        8.6414253
              1       1209.6361       1.0419517     0.022511651      0.11851684     0.060011507       3.0527728      0.97035202       1.0007842      0.30595597      0.69396582      0.81040086     0.048616126      0.25594877      0.81840586       13.772336       147.33388       68.047708   2.1173974e-09       8.1936798        16.08182       1013.4769       15.707761       1404.9543      -15.474258       -15.474258       2450.2207          15.707761             1404.9543           16.08182                      22.525822                      397.34134                                584.90257                        8.7071251
              5       1209.6366       1.0419517     0.022511651      0.11851684     0.060011507       3.0527728      0.97035202       1.0007822      0.30595597      0.69396582      0.81040086     0.048616126      0.25594877      0.81840586       13.772336       147.33388       68.047708   2.1173974e-09       8.1936798        16.08182       1013.4784       15.707761       1404.9543      -15.474508       -15.474508       2450.2223          15.707761             1404.9543           16.08182                      22.526087                      397.34134                                 584.9041                         8.706902
              4       1209.9615       1.0419517     0.022511651      0.11851684     0.060011507       3.0527728      0.97035202       1.0003134      0.30595597      0.69396582      0.81040086     0.048616126      0.25594877      0.81840586       13.772336       147.33388       68.047708   2.1173974e-09       8.1936798        16.08182       1014.2102       15.707761       1404.9543      -15.515595       -15.515595       2450.9541          15.707761             1404.9543           16.08182                       22.58875                      397.32961                                585.63124                        8.6606471
              2       1209.6223       1.0419517     0.022511651      0.11851684     0.060011507       3.0527728      0.97035202       1.0008147      0.30595597      0.69396582      0.81040086     0.048616126      0.25594877      0.81840586       13.772336       147.33388       68.047708   2.1173974e-09       8.1936798        16.08182       1013.4414       15.707761       1404.9543      -15.470356       -15.470356       2450.1853          15.707761             1404.9543           16.08182                      22.521769                       397.3282                                584.88085                        8.7105725
              1       1210.1455       1.0419258     0.022509329      0.11865706     0.059741845       3.0525904      0.96998221       1.0008055      0.30680311      0.69311855      0.81068003     0.048698303      0.25671123      0.81982041       13.773999       147.29914       67.986762   2.1170113e-09        8.170517       17.090337       1013.2487       16.081568        1404.819      -15.474275       -15.474275       2451.2396          16.081568              1404.819          17.090337                      22.585017                      397.27822                                584.69678                        8.6886714
              1        1211.097       1.0421023     0.022610559      0.11871972     0.064197268       3.0574547      0.96975045      0.99858208      0.30600665       0.6939153      0.81253821        0.048734       0.2558843      0.82063229       13.758201       147.17087       68.114507   2.1273342e-09       8.5797272       16.233552       1016.1314       15.303101       1404.9461      -15.210095       -15.210095       2452.6142          15.303101             1404.9461          16.233552                      22.832462                      398.98052                                585.70534                        8.6131283
              2        1211.631       1.0421921     0.022543221      0.11883638     0.065477324        3.058135      0.96978004       0.9977822      0.30676111      0.69316067      0.81358252     0.048691744      0.25667808      0.82269931        13.76325        147.2145       68.042509   2.1287819e-09       8.7208099       16.719726       1016.1553       15.739475       1404.8256      -15.089045       -15.089045       2453.4401          15.739475             1404.8256          16.719726                      22.823523                      399.61508                                585.05243                        8.6642506
              4       1211.1334       1.0424593     0.022563198      0.11833085     0.068244176       3.0621873      0.97169062      0.99771886      0.30313516      0.69678728       0.8142357     0.048324052      0.25343155      0.81847924       13.750856       147.32703       68.331138   2.1374259e-09       8.9685822       12.937852       1019.9353       14.027113       1405.4397      -15.036594       -15.036594         2452.34          14.027113             1405.4397          12.937852                      22.557275                      400.83174                                587.85672                        8.6895955
              1       1210.4077       1.0423858     0.022620032       0.1181787     0.066802076       3.0597537      0.97155935      0.99794025      0.30221361      0.69770902      0.81237425     0.048331043      0.25250628      0.81536588       13.746274       147.30444       68.412195   2.1322306e-09       8.8148651       12.470205       1019.1977       13.563953       1405.6099      -15.013172       -15.013172       2450.8418          13.563953             1405.6099          12.470205                      22.566484                      400.03897                                587.88624                        8.7059843
              7       1209.2503       1.0424007     0.022557296      0.11808261     0.062437415        3.059328      0.97277698       1.0020823      0.30202282      0.69789977      0.81252256     0.048220719      0.25242513      0.81525727       13.752082       147.39915       68.395366    2.131323e-09        8.411972       12.206746       1017.2186       13.659474       1405.6459      -15.115061       -15.115061       2448.7307          13.659474             1405.6459          12.206746                      22.195027                      398.09102                                588.17492                        8.7576452
              1       1209.4044       1.0424007     0.022557296      0.11808261     0.062437415        3.059328      0.97277698       1.0025102      0.30202282      0.69789977      0.81252256     0.048220719      0.25242513      0.81525727       13.752082       147.39915       68.395366    2.131323e-09        8.411972       12.206746       1017.2123       13.659474       1405.6459      -14.957845       -14.957845       2448.7244          13.659474             1405.6459          12.206746                      22.141865                      398.08874                                588.16163                        8.8200618
              1       1209.4998       1.0423986     0.022549838      0.11813704     0.061982081       3.0581515      0.97285423       1.0023536      0.30236168      0.69756085      0.81228785      0.04824282       0.2527408      0.81547885       13.753191       147.39287       68.368393   2.1288169e-09       8.3712616       12.418328       1017.2455       13.813272       1405.5822      -15.029867       -15.029867       2449.0593          13.813272             1405.5822          12.418328                      22.106971                      397.92613                                588.35585                        8.8565881
              2       1210.8646       1.0419869     0.022494864      0.11886159     0.060070888       3.0558932       0.9689746       1.0022018      0.30780727      0.69211423      0.81252389     0.048760944      0.25765007      0.82302864       13.774653       147.26085       67.921245   2.1240148e-09       8.2098236       18.175218       1012.7097       16.488315       1404.6649      -15.154422       -15.154422       2452.0381          16.488315             1404.6649          18.175218                      22.750618                      397.43452                                583.87216                        8.6523687
