#        weight    minuslogpost     theta_s_100         omega_b       omega_cdm        tau_reio            logA             n_s        A_planck         Omega_m    Omega_Lambda          sigma8         Omega_b       Omega_cdm              S8             age         rs_drag              H0             A_s          z_reio       chi2__BAO       chi2__CMB        chi2__H0        chi2__SN   minuslogprior minuslogprior__0            chi2 chi2__H0.riess2020 chi2__sn.pantheonplus chi2__bao.desi_dr2 chi2__planck_2018_lowl.TT_clik chi2__planck_2018_lowl.EE_clik chi2__planck_2018_highl_plik.TTTEEE_lite chi2__planck_2018_lensing.native
              1       1265.4671       1.0414116     0.022464312      0.12064531     0.048713855       3.0497087      0.96079437       1.0009749      0.31955326      0.68036624      0.81307382     0.049936393        0.268185      0.83915266       13.802917       146.82245       67.071493   2.1109194e-09       7.0881805       41.708103       1094.6378       22.224026       1403.3546       -15.49513        -15.49513       2561.9245          22.224026             1403.3546          41.708103                      25.417471                      395.72217                                661.57724                        11.920936
              1       1263.4726       1.0408534     0.022370151      0.11851337      0.05029933       3.0505409      0.96518941       1.0029367      0.31012201      0.68979864       0.8074977     0.049018518      0.25969203      0.82100718         13.8203       147.49112       67.554513   2.1126769e-09       7.2418976       23.335466       1110.2707       18.858887       1404.3351      -14.927463       -14.927463       2556.8002          18.858887             1404.3351          23.335466                      24.130825                      395.70177                                681.06508                        9.3730391
              2        1262.558       1.0408457     0.022503395      0.11811564     0.066400072       3.0772148        0.962954       1.0002382      0.30718449      0.69273676      0.81570331     0.048934863      0.25684892      0.82541288       13.804401       147.45053       67.813293   2.1697886e-09       8.8022308       19.519896       1114.7236       17.169593       1404.7596      -15.528413       -15.528413       2556.1727          17.169593             1404.7596          19.519896                      25.534553                      400.53986                                677.30091                        11.348329
              3       1262.0948       1.0409483     0.022518777       0.1180308     0.066505155        3.078158      0.96323671       1.0005151      0.30632314       0.6935983      0.81590813     0.048855026      0.25607064       0.8244618       13.799289        147.4561       67.891871    2.171836e-09       8.8071442       18.236518        1115.373       16.672325        1404.895      -15.493632       -15.493632       2555.1769          16.672325              1404.895          18.236518                       25.51246                      400.57953                                677.94256                        11.338487
              1       1262.6818       1.0410216     0.022540326      0.11782595     0.068824938       3.0824132      0.96292598       1.0003565       0.3048688      0.69505291      0.81680714     0.048732871      0.25474329      0.82340858       13.793827       147.48709       68.009425   2.1810973e-09       9.0163116       16.425752       1118.8138       15.942053       1405.1349      -15.476425       -15.476425       2556.3165          15.942053             1405.1349          16.425752                      25.772984                      401.78442                                679.71348                        11.542929
              2       1263.0603       1.0410767     0.022563057      0.11804864      0.06783693        3.082297      0.96161821       1.0008259      0.30577061      0.69415101      0.81708926     0.048841306      0.25553497      0.82491033        13.79079       147.40234       67.968131   2.1808438e-09       8.9222565       17.482015       1118.2544       16.196715       1404.9845      -15.398528       -15.398528       2556.9176          16.196715             1404.9845          17.482015                       26.16301                      401.30407                                678.87285                        11.914456
              4       1261.0026       1.0410767     0.022563057      0.11804864      0.06783693        3.082297      0.96161821       1.0009973      0.30577061      0.69415101      0.81708926     0.048841306      0.25553497      0.82491033        13.79079       147.40234       67.968131   2.1808438e-09       8.9222565       17.482015       1114.0891       16.196715       1404.9845      -15.373539       -15.373539       2552.7523          16.196715             1404.9845          17.482015                      26.129005                      401.30407                                674.85351                         11.80251
              1       1257.1707       1.0408219     0.022483674      0.11845548     0.065943398       3.0706346      0.96439245      0.99776812       0.3092228      0.69069811      0.81469826     0.049105123      0.25871086      0.82712647       13.808802        147.3818        67.66596   2.1555577e-09       8.7699432       22.507629       1099.5634       18.121659        1404.459      -15.155126       -15.155126       2544.6517          18.121659              1404.459          22.507629                      24.983383                      400.21003                                663.55568                        10.814323
              1       1256.2895        1.040728     0.022492065      0.11807837     0.067267992       3.0698124      0.96460338      0.99671378      0.30740687       0.6925143      0.81300756     0.048962476      0.25704219      0.82298277       13.808966       147.47314         67.7771   2.1537861e-09       8.8864594       20.017872        1099.797       17.401093       1404.7254      -14.681242       -14.681242       2541.9414          17.401093             1404.7254          20.017872                      24.927604                      400.88697                                 663.8776                        10.104809
              2       1257.3009       1.0406969      0.02237903      0.11802055     0.062818019       3.0616638       0.9653027      0.99737828       0.3078558      0.69206516      0.81016052     0.048846657      0.25760319       0.8206994       13.821744       147.61395       67.686679   2.1363071e-09       8.4877777       20.223141       1101.8669        17.98622       1404.6575      -15.065942       -15.065942       2544.7337           17.98622             1404.6575          20.223141                      24.445486                      398.73519                                669.26128                        9.4249342
              4       1253.2717       1.0406969      0.02237903      0.11802055     0.062818019       3.0616638       0.9653027       0.9977463       0.3078558      0.69206516      0.81016052     0.048846657      0.25760319       0.8206994       13.821744       147.61395       67.686679   2.1363071e-09       8.4877777       20.223141       1094.0955        17.98622       1404.6575      -15.209481       -15.209481       2536.9624           17.98622             1404.6575          20.223141                      24.382476                      398.74305                                661.67281                        9.2971796
              1        1253.456       1.0406969      0.02237903      0.11802055     0.062818019       3.0616638       0.9653027      0.99772895       0.3078558      0.69206516      0.81016052     0.048846657      0.25760319       0.8206994       13.821744       147.61395       67.686679   2.1363071e-09       8.4877777       20.223141       1094.4515        17.98622       1404.6575      -15.203201       -15.203201       2537.3183           17.98622             1404.6575          20.223141                      24.385438                      398.74305                                662.01995                        9.3030206
              1       1253.7048       1.0404626     0.022439257      0.11739353     0.061902766       3.0581803      0.96618806      0.99794337      0.30480399      0.69511744      0.80639749     0.048688244      0.25471811      0.81282838        13.81933       147.71464       67.887869   2.1288783e-09       8.3726654        16.92363       1099.1455       16.697475       1405.1458      -15.251418       -15.251418       2537.9124          16.697475             1405.1458           16.92363                      24.073575                      398.22614                                 668.2955                        8.5502387
              1       1252.8959       1.0404845     0.022443432      0.11734454     0.062074104       3.0573546       0.9660725      0.99744702      0.30444867      0.69547283      0.80586128     0.048656057      0.25439616       0.8118143       13.817992       147.72314       67.916638   2.1271211e-09       8.3874054       16.490566       1097.7086       16.517111       1405.2068      -15.065594       -15.065594        2535.923          16.517111             1405.2068          16.490566                      24.107076                      398.28583                                666.84337                        8.4723244
              1       1250.7971       1.0407769     0.022461461      0.11753034     0.052022206       3.0468267      0.96393222       1.0012412       0.3044698       0.6954518      0.80181222     0.048627944      0.25444733      0.80776337       13.808193       147.65233       67.963548   2.1048445e-09        7.385788       16.113961       1094.9525       16.225104       1405.2031      -15.450273       -15.450273       2532.4947          16.225104             1405.2031          16.113961                      24.374609                      395.77021                                666.53664                        8.2710605
              5       1250.3873       1.0408125     0.022481587       0.1174073     0.052281027       3.0475707      0.96546717       1.0014741       0.3035826      0.69633917      0.80209821     0.048565229       0.2536259      0.80687332       13.804386       147.66291       68.037878   2.1064111e-09       7.4061432       15.186071       1095.2254       15.767753       1405.3589      -15.381812       -15.381812       2531.5381          15.767753             1405.3589          15.186071                      24.024041                      395.76943                                  667.159                        8.2729463
              1       1250.1224       1.0408256     0.022489226      0.11729078      0.05268454       3.0478995      0.96563205       1.0013561      0.30287185      0.69705004      0.80185584     0.048505574      0.25297698      0.80568472       13.802617       147.68569        68.09127   2.1071038e-09        7.444046       14.496072       1095.6199       15.443267       1405.4876      -15.400971       -15.400971       2531.0468          15.443267             1405.4876          14.496072                      24.004886                      395.79492                                667.57786                        8.2422408
              3       1243.7206       1.0408256     0.022489226      0.11729078      0.05268454       3.0478995      0.96563205       1.0020277      0.30287185      0.69705004      0.80185584     0.048505574      0.25297698      0.80568472       13.802617       147.68569        68.09127   2.1071038e-09        7.444046       14.496072       1082.4526       15.443267       1405.4876      -15.219165       -15.219165       2517.8795          15.443267             1405.4876          14.496072                      23.896453                      395.81944                                654.52398                         8.212702
              2        1235.381       1.0408256     0.022489226      0.11729078      0.05268454       3.0478995      0.96563205       1.0030816      0.30287185      0.69705004      0.80185584     0.048505574      0.25297698      0.80568472       13.802617       147.68569        68.09127   2.1071038e-09        7.444046       14.496072       1064.9119       15.443267       1405.4876      -14.788405       -14.788405       2500.3388          15.443267             1405.4876          14.496072                      23.728722                      395.79549                                637.16834                        8.2193399
              2       1234.3421       1.0410802     0.022430523      0.11720003     0.065575537       3.0667834      0.96615351      0.99954304      0.30196437      0.69795767      0.80976765     0.048285394      0.25229237      0.81241447       13.800847       147.77668       68.157211   2.1472722e-09       8.7257233        13.22177       1065.9155       15.047174       1405.6568      -15.578507       -15.578507       2499.8412          15.047174             1405.6568           13.22177                      24.162559                      399.83572                                633.42331                        8.4938795
              2       1231.9954       1.0413522     0.022357265      0.11693394     0.056982836       3.0477656      0.96679892      0.99903699      0.30015338      0.69976895      0.80192296     0.047955065      0.25081668      0.80212794       13.799265       147.92934       68.279777   2.1068217e-09       7.9016876       11.617986       1063.1258       14.324613       1406.0114      -15.544509       -15.544509       2495.0798          14.324613             1406.0114          11.617986                      23.636587                      396.56712                                634.58435                        8.3377435
              3       1229.6975       1.0416885     0.022475477      0.11784583     0.058666753        3.050949      0.96086105      0.99723701      0.30335534      0.69656673      0.80435946      0.04836686      0.25360231      0.80884512       13.780943       147.55288       68.167993   2.1135392e-09       8.0582123       13.775345       1055.1384       14.982894       1405.3997      -14.950662       -14.950662       2489.2964          14.982894             1405.3997          13.775345                      25.399203                      397.16434                                624.35221                         8.222627
              7       1227.8609       1.0415127      0.02242329      0.11757909     0.055792385       3.0395798      0.96343045      0.99554121      0.30275247      0.69716958      0.79972586      0.04826786      0.25309805      0.80338618       13.790513       147.68214       68.158597   2.0896461e-09       7.7788544       13.346494       1049.8445         15.0389       1405.5095      -14.008811       -14.008811       2483.7395            15.0389             1405.5095          13.346494                      24.404764                      396.32836                                620.68392                         8.427498
              2       1226.2471       1.0416216     0.022516522      0.11772827     0.051944437       3.0366428      0.97124169      0.99778666      0.30268713      0.69723507      0.80115244     0.048374711      0.25292855      0.80473244       13.777998        147.5381       68.224672   2.0835179e-09        7.371048       13.404941       1049.1719        14.64727       1405.5216      -15.125705       -15.125705       2482.7457           14.64727             1405.5216          13.404941                        22.5877                      395.73442                                622.17139                        8.6783458
              3       1225.9127       1.0415383     0.022559363      0.11708476     0.054286006       3.0340505      0.97294483      0.99536187      0.29925739      0.70066536      0.79815436     0.048122744       0.2497606      0.79716589        13.77283       147.66301       68.468092   2.0781236e-09       7.5893402       11.359202       1048.4973       13.249083       1406.1954      -13.737819       -13.737819        2479.301          13.249083             1406.1954          11.359202                      22.265679                      395.88335                                 621.1502                        9.1980748
              5       1226.7653       1.0414716     0.022570216      0.11696536     0.052908583       3.0294311       0.9744236      0.99486797      0.29875793      0.70116489      0.79624577     0.048102763      0.24928236      0.79459574       13.773083       147.68287       68.498782   2.0685461e-09       7.4461517       11.196576       1049.6256       13.077779       1406.3002      -13.334756       -13.334756       2480.2001          13.077779             1406.3002          11.196576                       21.93091                       395.7327                                  622.266                        9.6959457
              1       1222.3445       1.0414716     0.022570216      0.11696536     0.052908583       3.0294311       0.9744236      0.99553224      0.29875793      0.70116489      0.79624577     0.048102763      0.24928236      0.79459574       13.773083       147.68287       68.498782   2.0685461e-09       7.4461517       11.196576       1041.8043       13.077779       1406.3002        -13.8449         -13.8449       2472.3789          13.077779             1406.3002          11.196576                        21.8529                      395.72192                                614.25867                        9.9707986
              3       1224.6375       1.0415995     0.022562707      0.11649078     0.050962724       3.0270764      0.97708614      0.99670521      0.29591844      0.70400486      0.79460472      0.04779409      0.24675989      0.78918082       13.767752       147.81867       68.708189    2.063681e-09       7.2418976       10.394233        1049.183       11.938677       1406.9295      -14.585198       -14.585198       2478.4454          11.938677             1406.9295          10.394233                      21.414331                      395.70612                                621.35748                         10.70507
              2       1223.7468       1.0415744      0.02257519      0.11665961     0.051942174       3.0287025      0.97657753      0.99636318      0.29681169      0.70311148      0.79561376     0.047902709      0.24754217      0.79137469       13.767997       147.75941        68.64923   2.0670396e-09       7.3422699       10.538279       1046.7269       12.254147       1406.7255      -14.375565       -14.375565       2476.2448          12.254147             1406.7255          10.538279                      21.509442                      395.73096                                619.12368                        10.362823
              1       1225.4594       1.0417412     0.022535807      0.11678179     0.048948734       3.0173509      0.97738546      0.99389421      0.29719243      0.70273068      0.79208963     0.047852162      0.24797252      0.78837451       13.767825       147.77018        68.62554    2.043708e-09       7.0439606       10.527719       1046.3895       12.382061       1406.6402      -12.510344       -12.510344       2475.9395          12.382061             1406.6402          10.527719                       21.29778                      395.77365                                617.59498                        11.723087
              2        1223.415       1.0418352     0.022503659      0.11692477     0.051079044       3.0197573      0.97285624      0.99256122      0.29785577      0.70206723      0.79237753     0.047852659      0.24863339      0.78954072       13.769156       147.76775       68.576219   2.0486318e-09       7.2727814       10.618959       1039.2781       12.650506       1406.4941      -11.105817       -11.105817       2469.0416          12.650506             1406.4941          10.618959                       22.07759                      395.68972                                610.33498                        11.175777
              1       1219.4874       1.0418352     0.022503659      0.11692477     0.051079044       3.0197573      0.97285624      0.99325415      0.29785577      0.70206723      0.79237753     0.047852659      0.24863339      0.78954072       13.769156       147.76775       68.576219   2.0486318e-09       7.2727814       10.618959       1032.9955       12.650506       1406.4941      -11.892138       -11.892138       2462.7591          12.650506             1406.4941          10.618959                      21.993716                      395.69722                                603.71544                        11.589122
              3       1219.4597       1.0418267     0.022448244      0.11722225     0.050157883       3.0183161      0.97147094      0.99314071      0.29977306      0.70014957      0.79263809     0.047959209       0.2504377      0.79233823       13.776765       147.74955       68.415607   2.0456816e-09       7.1941681       11.238249       1031.6869       13.544627       1406.0889      -11.819657       -11.819657       2462.5587          13.544627             1406.0889          11.238249                      22.196836                      395.70467                                602.46141                        11.323999
              1       1218.8479        1.041864     0.022434452      0.11714392      0.05272269       3.0268663      0.97193001      0.99459625      0.29932557      0.70059713      0.79599015     0.047889637      0.25006093      0.79509492       13.776749        147.7862       68.444248   2.0632476e-09       7.4594879       11.007415       1033.6379       13.382944       1406.1812      -13.256801       -13.256801       2464.2094          13.382944             1406.1812          11.007415                      22.223139                      395.80211                                605.25847                        10.354144
              1       1218.7812       1.0419389      0.02244516      0.11727699     0.055072214       3.0312224      0.97174519      0.99413853      0.29975128      0.70017139      0.79815031     0.047931489      0.25044424      0.79781937       13.774011       147.73871       68.430685   2.0722548e-09       7.6974335       11.151255       1032.5329       13.459389       1406.0933      -12.837269       -12.837269       2463.2369          13.459389             1406.0933          11.151255                         22.352                      396.03804                                604.30104                        9.8418183
              3        1218.345       1.0422029     0.022493368       0.1180373     0.047299275       3.0263005      0.96994717       0.9977886      0.30274095      0.69718139      0.79829372     0.048235687      0.25312395      0.80193224       13.764589       147.48089       68.287782   2.0620804e-09       6.8979645       12.765083       1034.4404       14.278038       1405.5117      -15.152599       -15.152599       2466.9953          14.278038             1405.5117          12.765083                      22.628975                      395.85423                                606.45322                         9.503964
              1       1218.7553       1.0421851      0.02250259      0.11856156     0.048067937       3.0297255      0.96883479      0.99802793       0.3055464      0.69437553      0.80105756     0.048519289      0.25563824      0.80842861       13.766555       147.33101        68.10187   2.0691551e-09       6.9842987       15.281187       1032.2742       15.379246       1405.0214      -15.222729       -15.222729        2467.956          15.379246             1405.0214          15.281187                      22.889281                       395.7791                                604.62637                        8.9794188
              1       1217.1049       1.0421851      0.02250259      0.11856156     0.048067937       3.0297255      0.96883479      0.99833575       0.3055464      0.69437553      0.80105756     0.048519289      0.25563824      0.80842861       13.766555       147.33101        68.10187   2.0691551e-09       6.9842987       15.281187       1029.1524       15.379246       1405.0214      -15.312277       -15.312277       2464.8343          15.379246             1405.0214          15.281187                      22.846345                      395.76103                                601.49395                        9.0511186
              4       1214.8067       1.0417952     0.022606798      0.11788937     0.050234212       3.0318947      0.96992211      0.99844593      0.30250669      0.69741569      0.79918722     0.048453259      0.25267286      0.80251914       13.763926       147.39474       68.305869   2.0736485e-09       7.1787262       13.285971       1026.9689       14.173085       1405.5551      -15.184832       -15.184832       2459.9831          14.173085             1405.5551          13.285971                      22.637869                      395.68464                                599.37817                        9.2682437
              6       1214.7226       1.0417952     0.022606798      0.11788937     0.050234212       3.0318947      0.96992211       0.9984658      0.30250669      0.69741569      0.79918722     0.048453259      0.25267286      0.80251914       13.763926       147.39474       68.305869   2.0736485e-09       7.1787262       13.285971       1026.8104       14.173085       1405.5551      -15.189741       -15.189741       2459.8246          14.173085             1405.5551          13.285971                      22.635185                      395.68464                                599.21607                        9.2745284
              8       1214.8297       1.0418034     0.022604585      0.11795274     0.050603985       3.0335607      0.96996877      0.99878583      0.30283339      0.69708894      0.80010145     0.048479833      0.25297209      0.80387091       13.764215       147.38032       68.283805   2.0771061e-09       7.2187347       13.537171       1026.8547       14.301169       1405.4947      -15.264237       -15.264237       2460.1878          14.301169             1405.4947          13.537171                      22.647244                      395.69682                                599.38949                        9.1211566
              1       1214.8574       1.0416773      0.02260824      0.11745925     0.050313476       3.0312573       0.9708041      0.99872331      0.30055791      0.69936475      0.79760869     0.048290858      0.25089118      0.79834999        13.76526       147.50804       68.422811   2.0723272e-09         7.18013       12.036523       1028.7338       13.503866       1405.9304      -15.244933       -15.244933       2460.2046          13.503866             1405.9304          12.036523                      22.427651                      395.66808                                601.00835                        9.6297357
              2       1214.3417       1.0416773      0.02260824      0.11745925     0.050313476       3.0312573       0.9708041      0.99885131      0.30055791      0.69936475      0.79760869     0.048290858      0.25089118      0.79834999        13.76526       147.50804       68.422811   2.0723272e-09         7.18013       12.036523       1027.7521       13.503866       1405.9304      -15.269769       -15.269769       2459.2229          13.503866             1405.9304          12.036523                      22.411037                      395.65912                                 600.0026                        9.6793825
              1       1214.2514        1.041686     0.022626535      0.11745532     0.049698708       3.0291753      0.96999407      0.99844368      0.30040596      0.69951674      0.79645136     0.048300572      0.25073036      0.79699005       13.763024       147.48873       68.443607   2.0680171e-09       7.1127472       11.972485       1027.4746       13.386552       1405.9608      -15.145824       -15.145824       2458.7944          13.386552             1405.9608          11.972485                      22.550949                      395.68295                                599.37035                        9.8703453
              1       1215.4039       1.0418721      0.02267926      0.11720969     0.047026672       3.0258005      0.97267763      0.99949864      0.29825755       0.7016656      0.79501841     0.048132869      0.24875761      0.79270624       13.750683       147.49573       68.642575   2.0610497e-09       6.8200531       10.904695       1031.6117       12.290015       1406.4071       -15.20283        -15.20283       2461.2135          12.290015             1406.4071          10.904695                      22.043755                      395.95743                                603.10073                        10.509763
              5       1215.8662        1.041823     0.022701239      0.11723511     0.046384018       3.0256768      0.97285162       1.0000495      0.29841081      0.70151233      0.79497764     0.048188018      0.24885548      0.79286922       13.749924        147.4645       68.636519   2.0607947e-09       6.7484589       11.015859       1032.3558       12.322695       1406.3742      -15.168116       -15.168116       2462.0686          12.322695             1406.3742          11.015859                      22.004534                      396.07325                                603.80266                         10.47537
              1        1217.403       1.0418715      0.02271724      0.11630894     0.054467622       3.0325552      0.97641689      0.99680253       0.2933216      0.70660235      0.79552062     0.047708472      0.24426038      0.78661611        13.74228       147.69585       69.004916   2.0750186e-09       7.5619659       10.535458       1034.9192       10.413448       1407.5547      -14.308417       -14.308417       2463.4229          10.413448             1407.5547          10.535458                        21.5662                      395.85072                                606.43458                        11.067733
              4        1217.754       1.0419389      0.02274007      0.11633542     0.052884863        3.029282      0.97656894      0.99669392      0.29313997      0.70678406      0.79432268     0.047709998      0.24407853      0.78518836       13.737973       147.66322       69.038476   2.0682377e-09       7.3991241       10.576789        1035.461       10.247504       1407.6003      -14.188764       -14.188764       2463.8855          10.247504             1407.6003          10.576789                      21.518255                      395.70994                                606.74976                        11.482999
              2       1217.9483       1.0423354     0.022799658      0.11680604     0.056852641       3.0460007      0.97471207      0.99928774       0.2941209      0.70580316      0.80218024     0.047813645      0.24495642      0.79428118       13.722141        147.4712       69.053904   2.1031066e-09       7.7900848       10.434079       1037.6132       10.171665       1407.3573      -14.839842       -14.839842       2465.5763          10.171665             1407.3573          10.434079                      22.121184                      396.22787                                610.04267                        9.2215016
              3       1216.4425       1.0423354     0.022799658      0.11680604     0.056852641       3.0460007      0.97471207      0.99960548       0.2941209      0.70580316      0.80218024     0.047813645      0.24495642      0.79428118       13.722141        147.4712       69.053904   2.1031066e-09       7.7900848       10.434079       1034.6579       10.171665       1407.3573      -14.867975       -14.867975        2462.621          10.171665             1407.3573          10.434079                      22.082339                      396.23889                                607.01027                        9.3263961
              1        1217.473       1.0423109     0.022714145      0.11631542     0.055577419       3.0416825      0.97601078      0.99950862      0.29211511      0.70780915      0.79944466     0.047504612      0.24326335      0.78886883       13.729576       147.69765       69.148109   2.0940446e-09       7.6742706       11.033523       1036.5669       9.7146887       1407.8615      -15.115277       -15.115277       2465.1766          9.7146887             1407.8615          11.033523                      21.761828                      396.01026                                608.68635                        10.108486
              2       1217.5145       1.0422142     0.022707399      0.11613435     0.055783863        3.036707      0.97689536      0.99752148      0.29148858      0.70843575      0.79703082     0.047452453      0.24269005      0.78564303       13.732274       147.75391       69.175828   2.0836515e-09        7.693222       11.268866       1035.4749       9.5822269       1408.0248      -14.660923       -14.660923       2464.3508          9.5822269             1408.0248          11.268866                      21.563075                      396.01669                                 606.9158                        10.979352
              1       1217.3278       1.0422375     0.022699676      0.11618438     0.056769199       3.0382993      0.97656274      0.99723804      0.29172379      0.70820049      0.79779384     0.047460199      0.24291684      0.78671237       13.732649       147.74912       69.158418   2.0869721e-09       7.7935944       11.181413       1034.9697        9.665318       1407.9632      -14.562039       -14.562039       2463.7796           9.665318             1407.9632          11.181413                       21.64236                      396.21391                                606.37224                        10.741219
              1        1216.685       1.0415875     0.022626509      0.11623143     0.061915381       3.0491087      0.97666635      0.99808165      0.29423463      0.70568899      0.80206728     0.047723322      0.24515271      0.79432287       13.760019       147.81839       68.856261   2.1096533e-09       8.3108978       10.400926       1034.5657       11.164536       1407.3294      -15.045242       -15.045242       2463.4606          11.164536             1407.3294          10.400926                      21.641027                      397.63974                                605.78497                        9.4999419
              1       1215.7897       1.0415799     0.022599357       0.1163985     0.059708341       3.0451125      0.97568756      0.99814545      0.29528474      0.70463869      0.80086884     0.047788241      0.24613442      0.79455007       13.763969       147.80343       68.768179   2.1012396e-09       8.1066437       10.371741       1032.7413       11.621916       1407.0777      -15.116648       -15.116648       2461.8127          11.621916             1407.0777          10.371741                      21.725895                       396.9508                                604.40384                        9.6607711
              4       1214.6759       1.0415799     0.022599357       0.1163985     0.059708341       3.0451125      0.97568756      0.99844392      0.29528474      0.70463869      0.80086884     0.047788241      0.24613442      0.79455007       13.763969       147.80343       68.768179   2.1012396e-09       8.1066437       10.371741       1030.6767       11.621916       1407.0777      -15.198085       -15.198085        2459.748          11.621916             1407.0777          10.371741                      21.692203                       396.9508                                602.25251                        9.7811762
              2        1212.732       1.0416835     0.022619386      0.11747878     0.059966278        3.052107      0.97220496      0.99986426       0.3005791      0.69934357      0.80641943     0.048307543      0.25089589      0.80719738       13.763975       147.49127       68.427856   2.1159882e-09       8.1459503       12.060166       1024.7071       13.475359       1405.9262      -15.352375       -15.352375       2456.1688          13.475359             1405.9262          12.060166                      22.406745                      397.19379                                596.49303                        8.6135602
              1       1211.0462       1.0416835     0.022619386      0.11747878     0.059966278        3.052107      0.97220496        1.000435       0.3005791      0.69934357      0.80641943     0.048307543      0.25089589      0.80719738       13.763975       147.49127       68.427856   2.1159882e-09       8.1459503       12.060166       1021.3081       13.475359       1405.9262      -15.338711       -15.338711       2452.7698          13.475359             1405.9262          12.060166                      22.332862                      397.19242                                593.07057                        8.7122028
              5       1212.2737       1.0415128      0.02250355      0.11747567     0.060527846       3.0561282      0.96889857       1.0017737      0.30173502      0.69818728      0.80734623     0.048285784      0.25206712      0.80967747       13.781434       147.62088       68.267794    2.124514e-09       8.2273712       12.754555       1022.2601       14.394472       1405.7005      -15.281091       -15.281091       2455.1097          14.394472             1405.7005          12.754555                      22.961918                      397.50271                                593.34462                        8.4508408
              2       1211.9384       1.0415128      0.02250355      0.11747567     0.060527846       3.0561282      0.96889857       1.0019101      0.30173502      0.69818728      0.80734623     0.048285784      0.25206712      0.80967747       13.781434       147.62088       68.267794    2.124514e-09       8.2273712       12.754555        1021.509       14.394472       1405.7005      -15.240889       -15.240889       2454.3586          14.394472             1405.7005          12.754555                       22.94251                      397.49378                                592.60589                        8.4668137
              9       1213.8124       1.0416061     0.022715623      0.11670745        0.067511       3.0716219      0.96988962        1.002899      0.29618311      0.70374032      0.81038276     0.048033968      0.24678706      0.80521101       13.752306       147.59176       68.768269    2.157687e-09       8.8282013       10.512376       1027.5392       11.621443       1406.8686      -14.458326       -14.458326       2456.5415          11.621443             1406.8686          10.512376                       23.15854                      400.31648                                 595.8482                        8.2159274
              1       1213.9112       1.0416061     0.022715623      0.11670745        0.067511       3.0716219      0.96988962       1.0028595      0.29618311      0.70374032      0.81038276     0.048033968      0.24678706      0.80521101       13.752306       147.59176       68.768269    2.157687e-09       8.8282013       10.512376       1027.7731       11.621443       1406.8686      -14.476531       -14.476531       2456.7755          11.621443             1406.8686          10.512376                      23.164375                      400.32163                                596.07295                        8.2141674
              3       1214.7519       1.0415586     0.022738516       0.1165452     0.066126921       3.0702995      0.97146091        1.003808      0.29534042      0.70458315      0.80961506     0.047993324      0.24598754      0.80330301       13.750486       147.60976       68.832041   2.1548355e-09       8.6899261       10.433425       1028.5313       11.289388       1407.0646      -13.907506       -13.907506       2457.3187          11.289388             1407.0646          10.433425                      22.779089                      399.52445                                597.96521                        8.2625447
              1       1213.8843       1.0418709      0.02282294      0.11739534     0.063492034       3.0665033      0.97228314       1.0033197       0.2984224      0.70150089       0.8112825     0.048351267       0.2487065      0.80914655       13.736285       147.28852       68.703974   2.1466709e-09       8.4365387       11.145814       1026.1306       11.961093       1406.3718      -13.920345       -13.920345       2455.6093          11.961093             1406.3718          11.145814                      22.628807                      398.38621                                596.76897                        8.3466038
              2       1213.9185       1.0419084     0.022806753      0.11747278      0.06302728       3.0665654      0.97230376       1.0036527      0.29881247      0.70111075      0.81168989     0.048359103      0.24908755      0.81008179       13.737259       147.28571       68.674042   2.1468043e-09        8.397934       11.265309       1025.7411       12.120887       1406.2888      -13.789552       -13.789552       2455.4161          12.120887             1406.2888          11.265309                      22.616806                      398.20702                                596.55467                        8.3625548
              2        1214.577       1.0419588       0.0227491      0.11710513     0.072941188       3.0654928      0.96998467      0.99454095      0.29705856      0.70286488      0.80950979     0.048098885      0.24759776      0.80553147       13.740158       147.44863       68.772466   2.1445028e-09        9.329361       10.582365       1025.6081        11.59944       1406.6702      -12.653055       -12.653055       2454.4601           11.59944             1406.6702          10.582365                      23.334976                      403.34058                                590.52952                        8.4030662
              4       1215.5675       1.0419347     0.022770629      0.11681312     0.075377724       3.0698503      0.97007332      0.99454408      0.29547614      0.70444756      0.81014504      0.04798031      0.24613856      0.80401353       13.737173       147.50322       68.889968   2.1538678e-09       9.5385284        10.38075       1027.9122       10.991937       1407.0328      -12.591335       -12.591335       2456.3177          10.991937             1407.0328           10.38075                      23.433584                      404.75398                                591.39242                        8.3322207
              2       1212.1082       1.0421153     0.022519667      0.11730147     0.067898159       3.0603145      0.96853722       0.9965043      0.29893794        0.700985      0.80877172     0.047926312      0.24964078      0.80733884       13.760914       147.65032       68.547871   2.1334267e-09       8.9264679       10.825776       1023.3946       12.806095       1406.2623      -14.536162       -14.536162       2453.2888          12.806095             1406.2623          10.825776                      23.406619                      400.74561                                590.76844                        8.4739312
              3       1211.8595       1.0421246     0.022518386      0.11743588      0.06789924       3.0614699      0.96895332       0.9968822      0.29962994      0.70029289       0.8098546     0.047989042      0.25026818      0.80935495       13.761416       147.61573       68.501107    2.135893e-09       8.9292755       11.079333       1022.9319       13.064847       1406.1183       -14.73768        -14.73768       2453.1944          13.064847             1406.1183          11.079333                      23.325963                      400.77099                                590.39887                        8.4360794
              1       1210.6133       1.0419753      0.02252592      0.11722671     0.064232496       3.0558663      0.96999668      0.99817581      0.29891723      0.70100567      0.80701588     0.047959692      0.24958612      0.80555821       13.764058       147.66305       68.533526   2.1239578e-09       8.5762177       10.898701       1021.6553       12.885193       1406.2666      -15.239648       -15.239648       2451.7059          12.885193             1406.2666          10.898701                      22.913603                       398.8977                                591.19006                        8.6539743
              2       1210.1943       1.0421386      0.02254984      0.11790883     0.056285298       3.0444247      0.96690997       0.9993169      0.30191971      0.69800281      0.80388835     0.048250218      0.25229122       0.8064563       13.759871       147.45323       68.363154   2.0997947e-09       7.8069305       12.367066       1019.3842       13.843244       1405.6654      -15.435705       -15.435705         2451.26          13.843244             1405.6654          12.367066                      23.365624                      396.32534                                590.85397                        8.8393109
              1       1210.5577       1.0421411     0.022643466      0.11727981      0.05444927        3.044363      0.96970511       1.0016249      0.29804359      0.70187963      0.80214284     0.048010702      0.24866714      0.79952304       13.746828       147.51728       68.675594   2.0996653e-09       7.5921478       10.667009       1022.0688       12.112575       1406.4533      -15.093136       -15.093136       2451.3018          12.112575             1406.4533          10.667009                      22.766402                      395.92309                                594.18081                        9.1985269
              5       1210.6191       1.0421701     0.022652231      0.11728964     0.054343372       3.0438383      0.96962542       1.0014395      0.29796071      0.70196254        0.801931     0.048009577      0.24858594      0.79920074       13.745075       147.50491       68.689689   2.0985638e-09       7.5795135       10.640354       1022.3282       12.037224       1406.4713      -15.119511       -15.119511       2451.4771          12.037224             1406.4713          10.640354                      22.787023                      395.93235                                594.36965                         9.239201
              2       1209.1823       1.0421701     0.022652231      0.11728964     0.054343372       3.0438383      0.96962542       1.0022644      0.29796071      0.70196254        0.801931     0.048009577      0.24858594      0.79920074       13.745075       147.50491       68.689689   2.0985638e-09       7.5795135       10.640354        1018.966       12.037224       1406.4713      -14.875089       -14.875089       2448.1149          12.037224             1406.4713          10.640354                      22.673924                      395.91955                                590.84505                         9.527431
              1       1214.0686       1.0422969     0.022633289      0.11830275     0.047938459       3.0417536      0.97148905       1.0060651      0.30306065      0.69686183      0.80538087     0.048447879      0.25323396      0.80947877       13.748075       147.25509       68.349675   2.0941935e-09       6.9414825       13.230578       1020.2989       13.920507       1405.4532       -12.38297        -12.38297       2452.9032          13.920507             1405.4532          13.230578                      22.209254                      395.79916                                593.27815                        9.0123393
              2       1213.0552       1.0421608     0.022626981      0.11838766     0.051848597       3.0488426      0.97121198       1.0056959      0.30395666      0.69596563      0.80835005     0.048550622      0.25402392      0.81366321       13.753188        147.2398         68.2678   2.1090921e-09        7.348587       14.134843       1017.7749       14.394435       1405.2928      -12.743267       -12.743267       2451.5969          14.394435             1405.2928          14.134843                      22.343815                       395.7118                                591.01801                        8.7012715
              4       1214.3713       1.0422351     0.022618993      0.11836458     0.053239935       3.0546405      0.97067644       1.0068612      0.30365836        0.696264       0.8105499     0.048496486       0.2537808      0.81547706       13.751726        147.2549       68.293835   2.1213558e-09       7.4924774       13.757542       1018.5737       14.242874       1405.3456      -11.588518       -11.588518       2451.9196          14.242874             1405.3456          13.757542                      22.535042                      395.81299                                591.65528                        8.5703493
              2       1213.6345       1.0421883     0.022689791      0.11833468      0.05760575       3.0619772      0.96939584       1.0060963      0.30322442      0.69669807      0.81268855      0.04856474      0.25328099      0.81704429        13.74542       147.18496       68.352549   2.1369768e-09         7.91362       13.622458       1018.7672       13.904012       1405.4235      -12.224038       -12.224038       2451.7171          13.904012             1405.4235          13.622458                      22.954749                      396.61278                                590.70858                        8.4910464
              2       1214.0401       1.0422158     0.022711129      0.11811406      0.05830992       3.0641863      0.96968222       1.0066013      0.30184608      0.69807666      0.81284101      0.04845761      0.25201411      0.81533813       13.741309       147.22011       68.460232   2.1417028e-09       7.9746857       12.577579       1019.8428       13.293136       1405.6795      -11.656384       -11.656384        2451.393          13.293136             1405.6795          12.577579                      22.950736                      396.74389                                 591.6963                        8.4518476
              1       1212.6176       1.0420612     0.022683105      0.11787985     0.059182183       3.0639591      0.96998172       1.0061689      0.30122402      0.69869873       0.8120007      0.04838777      0.25146218      0.81365553       13.747808        147.3135       68.467339   2.1412161e-09       8.0624237       12.248406       1018.2727         13.2533       1405.7992      -12.169254       -12.169254       2449.5736            13.2533             1405.7992          12.248406                      22.864595                      396.98449                                 590.0132                        8.4103976
              1       1212.9371       1.0420508     0.022680002      0.11790633      0.05784574       3.0618443      0.97041326       1.0064631      0.30141343      0.69850929      0.81137363     0.048403558      0.25163516      0.81328275       13.748574       147.30976        68.45149   2.1366928e-09       7.9318695       12.377306       1018.1509       13.342217       1405.7625      -11.879393       -11.879393       2449.6329          13.342217             1405.7625          12.377306                      22.726065                      396.62137                                 590.3705                        8.4329675
              1       1212.4051        1.042047     0.022676862      0.11793801     0.058149336       3.0615305       0.9704873       1.0060362      0.30161097      0.69831171      0.81138971      0.04841879      0.25181684      0.81356533       13.749169       147.30482       68.435984   2.1360225e-09       7.9627533       12.508237       1017.7757       13.429497       1405.7244      -12.313848       -12.313848       2449.4379          13.429497             1405.7244          12.508237                      22.711408                      396.69818                                589.92158                        8.4445405
              5       1211.8103       1.0419518     0.022577095      0.11819127     0.053566802       3.0517656      0.96791211       1.0057206      0.30382496      0.69609724      0.80785444     0.048506921      0.25393411      0.81298815       13.763838       147.34745       68.223215   2.1152658e-09       7.5310822       14.142021       1015.1317       14.655853        1405.316      -12.812478       -12.812478       2449.2455          14.655853              1405.316          14.142021                      23.010122                      395.85914                                587.73215                         8.530276
              1       1211.5643       1.0419518     0.022577095      0.11819127     0.053566802       3.0517656      0.96791211       1.0066259      0.30382496      0.69609724      0.80785444     0.048506921      0.25393411      0.81298815       13.763838       147.34745       68.223215   2.1152658e-09       7.5310822       14.142021       1012.8515       14.655853        1405.316      -11.918338       -11.918338       2446.9653          14.655853              1405.316          14.142021                      22.882583                      395.86248                                585.45646                         8.649953
              2       1210.0771       1.0423456     0.022644264      0.11773111     0.058714129       3.0591022      0.97039345       1.0052472      0.29982052      0.70010249      0.81005175       0.0481438      0.25030723      0.80980941       13.742795       147.39615       68.581807   2.1308419e-09       8.0231171       11.196467       1016.4584       12.619947       1406.0793      -13.099948       -13.099948       2446.3541          12.619947             1406.0793          11.196467                       22.65371                      396.84396                                588.33779                        8.6229743
              1       1210.0736       1.0423459     0.022643275      0.11773214     0.058715105       3.0591056      0.97040341       1.0052476      0.29983078      0.70009223      0.81006421     0.048143328      0.25031791      0.80983571       13.742896       147.39697       68.580644    2.130849e-09        8.023819       11.199457       1016.4477       12.626301       1406.0772      -13.101794       -13.101794       2446.3507          12.626301             1406.0772          11.199457                      22.650968                      396.84396                                588.32906                        8.6237461
              2       1210.4194       1.0422942     0.022586046      0.11838337      0.06555872       3.0575434      0.96836375      0.99781881       0.3037745      0.69614782       0.8112572     0.048449211      0.25394356      0.81634474       13.753569       147.28749       68.277364   2.1275227e-09       8.7095795       13.692377       1017.5524       14.338663       1405.3249      -15.034788       -15.034788       2450.9083          14.338663             1405.3249          13.692377                      23.160411                      399.64083                                586.12446                        8.6266577
              2       1210.3691       1.0422268     0.022573556      0.11806465     0.066146505       3.0560287      0.96810032      0.99702436      0.30234966      0.69757285      0.80944763     0.048308281       0.2526629      0.81261133       13.755439       147.38627       68.357976   2.1243026e-09       8.7622223       12.621964        1018.115       13.872898       1405.5844      -14.728004       -14.728004       2450.1943          13.872898             1405.5844          12.621964                      23.208641                      399.92177                                586.23973                        8.7448748
              3       1210.3649       1.0422268     0.022573556      0.11806465     0.066146505       3.0560287      0.96810032      0.99667891      0.30234966      0.69757285      0.80944763     0.048308281       0.2526629      0.81261133       13.755439       147.38627       68.357976   2.1243026e-09       8.7622223       12.621964       1017.7586       13.872898       1405.5844      -14.553992       -14.553992       2449.8379          13.872898             1405.5844          12.621964                      23.260299                      399.92933                                585.88646                         8.682496
              1       1210.0055       1.0422797     0.022566421      0.11810921     0.064678467       3.0552917      0.96716103      0.99752248      0.30247091      0.69745159      0.80909204     0.048299585      0.25279266      0.81241719       13.754832       147.38215       68.353325   2.1227377e-09        8.625351        12.64156       1017.8216       13.899561       1405.5618      -14.956776       -14.956776       2449.9245          13.899561             1405.5618           12.64156                      23.439969                      399.24836                                586.47576                        8.6574901
              4        1211.633       1.0423128     0.022618327      0.11811674     0.065694718        3.055911      0.96575299      0.99672936      0.30211102       0.6978116      0.80874685      0.04833275      0.25240182      0.81158733        13.74834       147.32272       68.408408   2.1240528e-09       8.7095795       12.466678        1020.585       13.585417       1405.6293      -14.500162       -14.500162       2452.2663          13.585417             1405.6293          12.466678                      23.835003                      399.77511                                588.37067                        8.6041729
              1       1211.6661       1.0423128     0.022618327      0.11811674     0.065694718        3.055911      0.96575299      0.99660025      0.30211102       0.6978116      0.80874685      0.04833275      0.25240182      0.81158733        13.74834       147.32272       68.408408   2.1240528e-09       8.7095795       12.466678       1020.5134       13.585417       1405.6293      -14.431265       -14.431265       2452.1947          13.585417             1405.6293          12.466678                      23.855841                      399.78066                                588.29388                        8.5830152
              2       1211.2182       1.0423417     0.022625932      0.11797923     0.066506806       3.0569776        0.967113      0.99649835      0.30125144      0.69867133      0.80911222     0.048255776      0.25162187      0.81079805       13.746031       147.35101       68.474456   2.1263193e-09       8.7818756       11.906366       1020.2424       13.213473       1405.7939      -14.359885       -14.359885       2451.1562          13.213473             1405.7939          11.906366                      23.578869                      400.06782                                587.97323                        8.6225226
              2       1210.7468       1.0425617     0.022657896       0.1182226     0.058265159       3.0484572      0.96712766      0.99967394       0.3017041       0.6982187      0.80658817     0.048302404      0.25202852      0.80887577       13.737203       147.25005       68.489723   2.1082793e-09       7.9845123       12.057583       1021.1294       13.128228       1405.7066       -15.26415        -15.26415       2452.0219          13.128228             1405.7066          12.057583                      23.344442                      396.80281                                592.11086                        8.8713258
              5       1208.7486        1.042284     0.022622346      0.11792349     0.056444016        3.042797      0.96886459      0.99959728      0.30114731      0.69877545       0.8037114     0.048251718       0.2515217      0.80524678        13.74787       147.36892       68.471908   2.0963798e-09       7.8069305       11.891717       1017.2335       13.227724       1405.8142      -15.335018       -15.335018       2448.1672          13.227724             1405.8142          11.891717                      22.808842                      396.30341                                 588.7055                        9.4157786
              2       1208.7475        1.042284     0.022622346      0.11792349     0.056444016        3.042797      0.96886459      0.99977688      0.30114731      0.69877545       0.8037114     0.048251718       0.2515217      0.80524678        13.74787       147.36892       68.471908   2.0963798e-09       7.8069305       11.891717       1017.2493       13.227724       1405.8142       -15.34401        -15.34401        2448.183          13.227724             1405.8142          11.891717                      22.783905                      396.30341                                588.68431                        9.4777243
              4       1209.7216        1.042284     0.022622346      0.11792349     0.056444016        3.042797      0.96886459        1.000725      0.30114731      0.69877545       0.8037114     0.048251718       0.2515217      0.80524678        13.74787       147.36892       68.471908   2.0963798e-09       7.8069305       11.891717       1019.1215       13.227724       1405.8142      -15.305944       -15.305944       2450.0551          13.227724             1405.8142          11.891717                      22.653634                      396.28393                                590.34919                         9.834733
              5       1210.4965       1.0419926     0.022660151      0.11671861     0.054617229       3.0460435      0.97375141       1.0048812      0.29543198      0.70449162      0.80188445     0.047810277      0.24626265      0.79575599       13.746764       147.64922       68.844741   2.1031967e-09       7.5963593       10.342082       1019.1068       11.223834       1407.0431       -13.36145        -13.36145       2447.7158          11.223834             1407.0431          10.342082                      21.772917                      395.87899                                591.20278                        10.252155
              2        1210.257        1.042422     0.022552439      0.11705772     0.062348825       3.0633895      0.97362932       1.0054747      0.29657123       0.7033522      0.81086694     0.047687697      0.24752149      0.80621983       13.747114        147.6787       68.769138   2.1399969e-09       8.3867035        10.30637       1017.9536       11.616886         1406.78      -13.071453       -13.071453       2446.6569          11.616886               1406.78           10.30637                      22.007272                      397.93816                                 589.0678                          8.94042
              5       1210.3726       1.0425441     0.022605582      0.11729056     0.062472073       3.0630576      0.97289786        1.004984      0.29713938      0.70278406      0.81121347      0.04779419      0.24798332      0.80733658       13.738936        147.5572       68.773368   2.1392868e-09        8.390213       10.346656       1018.9378       11.594717       1406.6522      -13.393074       -13.393074       2447.5314          11.594717             1406.6522          10.346656                       22.16513                      398.01593                                589.83741                        8.9193701
              1        1210.486       1.0425441     0.022605582      0.11729056     0.062472073       3.0630576      0.97289786       1.0050928      0.29713938      0.70278406      0.81121347      0.04779419      0.24798332      0.80733658       13.738936        147.5572       68.773368   2.1392868e-09        8.390213       10.346656       1018.9891       11.594717       1406.6522      -13.305364       -13.305364       2447.5827          11.594717             1406.6522          10.346656                      22.151673                      398.00337                                  589.889                        8.9450865
              3       1211.4827       1.0425344     0.022652595      0.11778049     0.060236614         3.06037       0.9734301       1.0055354      0.29947815      0.70044498       0.8118144     0.048086835      0.25002394      0.81110801       13.736525       147.37387       68.635039   2.1335449e-09       8.1712189       10.954682       1019.1968       12.330691       1406.1497      -12.833243       -12.833243       2448.6319          12.330691             1406.1497          10.954682                      21.997547                      397.20797                                591.07206                        8.9192649
              3       1211.7975       1.0425717     0.022656802      0.11778648     0.059995435        3.059752      0.97345069       1.0054767      0.29937583      0.70054733      0.81160674     0.048075859      0.24993317        0.810762       13.734994        147.3676       68.649246   2.1322268e-09       8.1473541       10.901631       1020.0197       12.254058       1406.1709       -12.87558        -12.87558       2449.3462          12.254058             1406.1709          10.901631                      21.987149                      397.12878                                591.94038                        8.9633539
              2       1211.6804       1.0425855     0.022638645      0.11772034     0.059759692       3.0597678      0.97297203       1.0057433      0.29909095      0.70083223      0.81131964     0.048020313      0.24970432      0.81008949       13.736213       147.40535        68.66141   2.1322605e-09       8.1269989       10.777152       1019.5162       12.188637       1406.2303      -12.675734       -12.675734       2448.7122          12.188637             1406.2303          10.777152                      22.066286                      397.08282                                591.40075                        8.9663123
              1       1212.1572       1.0424312     0.022568492      0.11792813      0.06361583       3.0495362      0.96801783      0.99735427      0.30104738      0.69887538       0.8065281     0.048137657      0.25153581      0.80793478        13.74926       147.42805       68.471336   2.1105553e-09       8.5200653       11.623622       1023.3952       13.230927       1405.8337      -14.884543       -14.884543       2454.0835          13.230927             1405.8337          11.623622                      23.010124                      398.71155                                592.15542                        9.5181188
              4       1211.9994       1.0422605      0.02262532      0.11775795      0.06566741       3.0544542      0.96711098      0.99771315       0.3003224      0.69960048      0.80725104     0.048181347      0.25076935      0.80768469       13.747476       147.41063       68.526397   2.1209607e-09        8.698349       11.460285       1023.4837       12.924593       1405.9776      -14.923668       -14.923668       2453.8462          12.924593             1405.9776          11.460285                       23.32437                       399.6422                                591.38063                        9.1365434
              1        1212.329       1.0422331      0.02267403      0.11675456     0.060745608       3.0403258      0.97132158      0.99677659      0.29484778        0.705076      0.79912002     0.047727975      0.24576392      0.79222823       13.738306       147.62469       68.925171   2.0912055e-09       8.1971893        10.36026       1025.1114       10.813113       1407.1816       -14.40419        -14.40419       2453.4664          10.813113             1407.1816           10.36026                      22.276667                      397.35999                                593.91861                        11.556164
              3       1211.8264       1.0422072     0.022694226      0.11675734     0.057350175       3.0367116      0.97060021      0.99819455       0.2948244      0.70509939      0.79736168     0.047758863      0.24570998      0.79045371       13.736939        147.6012       68.933558    2.083661e-09       7.8609772       10.359698        1025.186       10.770724       1407.1872      -14.925355       -14.925355       2453.5036          10.770724             1407.1872          10.359698                      22.330775                      396.41354                                594.52819                        11.913458
              6       1210.3543       1.0421055     0.022653581      0.11670639     0.057505774       3.0387009      0.97174158      0.99904311      0.29507836      0.70484532      0.79840894      0.04774561      0.24597514      0.79183272       13.744046       147.66006        68.88136   2.0878103e-09       7.8848419       10.342729       1022.6213        11.03589       1407.1266      -15.209041       -15.209041       2451.1266           11.03589             1407.1266          10.342729                      22.112284                      396.41329                                592.54411                        11.551656
              2       1212.0327       1.0421055     0.022653581      0.11670639     0.057505774       3.0387009      0.97174158      0.99986753      0.29507836      0.70484532      0.79840894      0.04774561      0.24597514      0.79183272       13.744046       147.66006        68.88136   2.0878103e-09       7.8848419       10.342729       1026.1219        11.03589       1407.1266      -15.280887       -15.280887       2454.6272           11.03589             1407.1266          10.342729                      22.011801                       396.4136                                595.62076                        12.075745
              1       1212.0458       1.0421044      0.02265096      0.11676455     0.057282171       3.0376694      0.97222156      0.99958796      0.29540066      0.70452297      0.79835973      0.04777328      0.24626883      0.79221621       13.744639       147.64733       68.857425   2.0856578e-09       7.8637848       10.332063       1026.0995       11.158554       1407.0505      -15.274496       -15.274496       2454.6406          11.158554             1407.0505          10.332063                      21.914743                      396.36242                                595.65639                        12.165985
              8       1217.3304       1.0425911     0.022544481      0.11632942      0.05396701         3.02615      0.97254818      0.99794712      0.29232127      0.70760286       0.7932024     0.047235693      0.24373596      0.78298528       13.739375       147.88273       69.085192   2.0617702e-09       7.5507355       11.267357       1035.8535       10.018723       1407.8083      -15.143606       -15.143606       2464.9479          10.018723             1407.8083          11.267357                      21.730294                      395.81318                                602.86529                        15.444787
              1       1217.3212       1.0425769     0.022506112      0.11618134     0.054949678       3.0277156      0.97303715      0.99791332      0.29180298      0.70812118      0.79359757     0.047134686      0.24331927      0.78268058       13.743153       147.96563       69.100299   2.0650006e-09       7.6553192       11.575903       1035.5418       9.9452945       1407.9425      -15.181545       -15.181545       2465.0054          9.9452945             1407.9425          11.575903                      21.667681                      395.92288                                602.57597                        15.375221
              5       1217.9695       1.0415643     0.022432784      0.11657264     0.063406605       3.0374478      0.96957113      0.99406275      0.29718148      0.70274146      0.79723708     0.047738122       0.2480726      0.79348319       13.783081       147.94282        68.55023   2.0851958e-09       8.5067291       10.506234       1031.5445       12.793111       1406.6426      -12.773785       -12.773785       2461.4865          12.793111             1406.6426          10.506234                       22.43399                      398.49859                                598.60549                        12.006461
              1       1217.9796       1.0415791     0.022430121      0.11656446     0.063615983       3.0376976      0.96972678      0.99400076      0.29711016      0.70281279      0.79737894     0.047724708      0.24801492      0.79352915       13.782885       147.94802       68.555795   2.0857166e-09       8.5277863       10.485953       1031.4847       12.762509       1406.6585       -12.71618        -12.71618       2461.3916          12.762509             1406.6585          10.485953                      22.409567                      398.59334                                598.47431                        12.007446
              1       1217.9195       1.0414995     0.022411343      0.11627931     0.060455202       3.0327269      0.97063814      0.99490981      0.29593787      0.70398521      0.79468866      0.04760021      0.24696956      0.78929011       13.785854       148.04573       68.616649    2.075375e-09       8.2210541       10.352519        1033.196       12.430238       1406.9249      -13.532345       -13.532345       2462.9037          12.430238             1406.9249          10.352519                      22.144918                       397.3191                                600.73576                        12.996254
              2       1218.1309       1.0414995     0.022411343      0.11627931     0.060455202       3.0327269      0.97063814      0.99504953      0.29593787      0.70398521      0.79468866      0.04760021      0.24696956      0.78929011       13.785854       148.04573       68.616649    2.075375e-09       8.2210541       10.352519       1033.8433       12.430238       1406.9249      -13.644573       -13.644573        2463.551          12.430238             1406.9249          10.352519                      22.127483                       397.3133                                601.30209                         13.10038
              2       1211.3315       1.0422189     0.022403942      0.11705241      0.05784226       3.0451693       0.9690262       1.0024105      0.29797329      0.70194969      0.80253091     0.047649914       0.2489534      0.79981549       13.768983       147.84533       68.569528    2.101359e-09       7.9803009        10.44067       1023.3535       12.687144       1406.4685      -15.143441       -15.143441       2452.9498          12.687144             1406.4685           10.44067                      22.451079                      396.63906                                593.57355                        10.689836
              9        1210.633       1.0422977     0.022405658      0.11738278     0.061307013       3.0571349      0.97175583       1.0044726      0.29948271      0.70044006      0.80941199     0.047781703      0.25032734      0.80871386       13.768042       147.75497       68.477523   2.1266539e-09       8.3263397       10.803631       1019.1318       13.196326       1406.1486      -14.007218       -14.007218       2449.2804          13.196326             1406.1486          10.803631                      22.079571                      397.65891                                589.99193                         9.401395
              7       1209.6514       1.0422977     0.022405658      0.11738278     0.061307013       3.0571349      0.97175583       1.0024542      0.29948271      0.70044006      0.80941199     0.047781703      0.25032734      0.80871386       13.768042       147.75497       68.477523   2.1266539e-09       8.3263397       10.803631       1019.4058       13.196326       1406.1486      -15.125739       -15.125739       2449.5543          13.196326             1406.1486          10.803631                      22.333058                      397.69125                                590.51966                        8.8617886
              2       1209.3776       1.0422977     0.022405658      0.11738278     0.061307013       3.0571349      0.97175583        1.002692      0.29948271      0.70044006      0.80941199     0.047781703      0.25032734      0.80871386       13.768042       147.75497       68.477523   2.1266539e-09       8.3263397       10.803631       1018.6623       13.196326       1406.1486       -15.02784        -15.02784       2448.8109          13.196326             1406.1486          10.803631                      22.302478                      397.69125                                589.75512                         8.913485
              6       1208.6055       1.0420817     0.022454434      0.11736627     0.053287646       3.0381543      0.96996501       1.0013781      0.29975236      0.70017036       0.8007747     0.047917823      0.25045995      0.80044413       13.769192       147.70426       68.454581   2.0866694e-09       7.5170441       11.078457       1017.5688       13.324855       1406.0931      -15.427119       -15.427119       2448.0653          13.324855             1406.0931          11.078457                      22.372722                       395.8052                                589.23235                        10.158525
              5       1208.7175       1.0420817     0.022454434      0.11736627     0.053287646       3.0381543      0.96996501       1.0011998      0.29975236      0.70017036       0.8007747     0.047917823      0.25045995      0.80044413       13.769192       147.70426       68.454581   2.0866694e-09       7.5170441       11.078457       1017.8664       13.324855       1406.0931       -15.46389        -15.46389       2448.3628          13.324855             1406.0931          11.078457                      22.395772                      395.80397                                589.58758                        10.079075
              1       1208.7876       1.0420817     0.022454434      0.11736627     0.053287646       3.0381543      0.96996501       1.0011248      0.29975236      0.70017036       0.8007747     0.047917823      0.25045995      0.80044413       13.769192       147.70426       68.454581   2.0866694e-09       7.5170441       11.078457       1018.0345       13.324855       1406.0931      -15.477845       -15.477845       2448.5309          13.324855             1406.0931          11.078457                      22.405501                      395.81398                                589.76881                        10.046168
              4       1209.0177       1.0420577     0.022439045      0.11738162     0.053130888       3.0376745      0.97048347       1.0010712      0.29999234      0.69993032      0.80083772     0.047923336      0.25069332       0.8008275       13.771623       147.71729       68.427184   2.0856685e-09       7.5044098       11.174911       1018.3334       13.479158       1406.0442      -15.498136       -15.498136       2449.0316          13.479158             1406.0442          11.174911                      22.292687                      395.81323                                590.15761                        10.069869
              1       1208.3656       1.0421776      0.02246478      0.11773274     0.054723623       3.0398104       0.9705473       1.0003109      0.30135806      0.69856446       0.8029282     0.048067757      0.25191204      0.80474352       13.766968       147.59467       68.363479   2.0901279e-09       7.6658478       11.822991       1016.4197       13.841381       1405.7731      -15.563042       -15.563042       2447.8572          13.841381             1405.7731          11.822991                       22.33535                      396.02845                                588.30442                        9.7515097
              8       1208.2393       1.0421776      0.02246478      0.11773274     0.054723623       3.0398104       0.9705473       1.0007503      0.30135806      0.69856446       0.8029282     0.048067757      0.25191204      0.80474352       13.766968       147.59467       68.363479   2.0901279e-09       7.6658478       11.822991       1016.0926       13.841381       1405.7731      -15.525735       -15.525735       2447.5301          13.841381             1405.7731          11.822991                      22.279168                      396.02845                                587.85935                        9.9256525
              7       1208.2767       1.0422205     0.022449923      0.11775846     0.055790295       3.0415021      0.96990701       1.0005076      0.30145357      0.69846893      0.80359908     0.048047485       0.2520275      0.80554353       13.767398       147.60442       68.355285   2.0936669e-09       7.7767487       11.817375       1016.2167       13.888322       1405.7547      -15.561809       -15.561809       2447.6771          13.888322             1405.7547          11.817375                      22.427492                      396.20131                                587.80796                        9.7799361
              3       1208.8868       1.0421045     0.022385762      0.11766204      0.05856104       3.0439726      0.97147601      0.99926685      0.30165339      0.69826897      0.80490248     0.047996644      0.25227567      0.80711746       13.777256       147.70202       68.293679   2.0988456e-09       8.0659332        11.91294       1017.0432       14.243779       1405.7162      -15.571221       -15.571221       2448.9161          14.243779             1405.7162           11.91294                       22.16465                      396.82061                                588.40438                        9.6535461
              1       1209.6345       1.0420253      0.02240798      0.11707333     0.059250825        3.041731      0.97186853      0.99807917      0.29862786      0.70129497      0.80190995      0.04775469      0.24950042      0.80007396       13.774425       147.83532       68.500437   2.0941462e-09        8.118576       10.661792       1019.8337       13.068573       1406.3278      -15.311446       -15.311446       2449.8919          13.068573             1406.3278          10.661792                      22.110982                      396.97269                                590.44885                        10.301229
              1       1209.4075       1.0420564     0.022436193      0.11684764     0.060273184       3.0457076      0.97358718       0.9991504      0.29718288      0.70274021      0.80314913     0.047650607      0.24816424       0.7993693       13.769387       147.86461       68.618364   2.1024903e-09       8.2084198       10.375153       1020.4446       12.420939       1406.6423      -15.534014       -15.534014        2449.883          12.420939             1406.6423          10.375153                      21.869292                       397.2134                                591.21749                        10.144405
              1       1209.2793       1.0420564     0.022436193      0.11684764     0.060273184       3.0457076      0.97358718      0.99931857      0.29718288      0.70274021      0.80314913     0.047650607      0.24816424       0.7993693       13.769387       147.86461       68.618364   2.1024903e-09       8.2084198       10.375153       1020.2294       12.420939       1406.6423      -15.554611       -15.554611       2449.6679          12.420939             1406.6423          10.375153                      21.849588                      397.20452                                590.95485                        10.220468
              2       1210.6806       1.0421076     0.022368668      0.11686934       0.0518283        3.032994      0.97113989       1.0012494      0.29752887      0.70239411       0.7977212     0.047578084      0.24858071      0.79442895       13.775178       147.93354       68.567226   2.0759293e-09        7.378067        10.37905       1022.7022       12.699758       1406.5657      -15.492731       -15.492731       2452.3467          12.699758             1406.5657           10.37905                      22.039251                      395.69882                                593.51331                        11.450859
              1       1210.8568       1.0423174      0.02232252      0.11800132     0.054078079       3.0400424      0.96613644       1.0013447      0.30319966      0.69672245      0.80331207     0.048012184      0.25380204      0.80758459       13.779264        147.6813       68.186105   2.0906129e-09       7.6363678       12.611499        1019.742       14.875233       1405.4279      -15.471482       -15.471482       2452.6566          14.875233             1405.4279          12.611499                      23.076106                       395.9955                                590.97528                        9.6950965
              7       1211.6311       1.0420601     0.022382878      0.11801552     0.050500416       3.0283755      0.96420731      0.99921957      0.30369354      0.69622848      0.79763158     0.048194935      0.25411165       0.8025267       13.780555       147.60991       68.148651   2.0663637e-09       7.2552338       13.394972       1020.5622       15.098298       1405.3392      -15.566219       -15.566219       2454.3947          15.098298             1405.3392          13.394972                       23.34919                      395.67658                                 590.8796                        10.656843
              3       1211.1242       1.0419691     0.022339551      0.11814632      0.04922872       3.0266678      0.96664577      0.99963347      0.30492198      0.69499978      0.79823339     0.048266278        0.255264       0.8047549       13.788514       147.62311       68.032326    2.062838e-09       7.1331024       14.472729       1018.0635       15.801692       1405.1259      -15.607747       -15.607747       2453.4638          15.801692             1405.1259          14.472729                      22.759277                      395.67746                                588.96403                        10.662731
              3       1211.0873       1.0416408     0.022477738      0.11786639     0.051408287       3.0417646      0.96794778       1.0045073      0.30359502        0.696327      0.80285411      0.04840211      0.25380587      0.80765025       13.782222       147.54424       68.146593   2.0942166e-09       7.3261261        14.05669       1015.5187       15.110604       1405.3568      -13.934067       -13.934067       2450.0428          15.110604             1405.3568           14.05669                      22.695271                      395.70621                                587.91027                        9.2069631
              1       1209.5576       1.0416319     0.022525951      0.11725662     0.055939821       3.0449792      0.97054077       1.0023644      0.30008597      0.69983665      0.80261204     0.048137011      0.25057247      0.80272703       13.774437       147.65424        68.40723   2.1009594e-09       7.7655182       11.652149        1017.963       13.592095       1406.0252      -15.058576       -15.058576       2449.2324          13.592095             1406.0252          11.652149                      22.320302                       396.2151                                589.93946                        9.4881389
              2       1209.3959       1.0416566     0.022525167      0.11728835     0.057042871       3.0478642       0.9710688       1.0026516      0.30018626      0.69973635      0.80406777     0.048140813       0.2506688      0.80431734       13.773935        147.6467       68.403339   2.1070295e-09       7.8764191       11.684946       1017.3764       13.614177       1406.0049      -14.944341       -14.944341       2448.6805          13.614177             1406.0049          11.684946                      22.261305                      396.41667                                589.42046                         9.278004
              1       1209.6772       1.0416566     0.022525167      0.11728835     0.057042871       3.0478642       0.9710688       1.0022488      0.30018626      0.69973635      0.80406777     0.048140813       0.2506688      0.80431734       13.773935        147.6467       68.403339   2.1070295e-09       7.8764191       11.684946        1018.255       13.614177       1406.0049      -15.102269       -15.102269        2449.559          13.614177             1406.0049          11.684946                      22.312658                      396.43922                                590.35061                        9.1524901
              2       1209.8923       1.0415726     0.022551292      0.11747931     0.058610294       3.0500576      0.97006397       1.0015877      0.30130166      0.69862078       0.8051244     0.048301078      0.25162095      0.80686917       13.774559       147.56663       68.329351    2.111656e-09       8.0287323       12.494927       1018.0067       14.037408       1405.7841      -15.269249       -15.269249       2450.3231          14.037408             1405.7841          12.494927                      22.554325                      396.82872                                589.73174                        8.8918838
              2       1209.7416       1.0415726     0.022551292      0.11747931     0.058610294       3.0500576      0.97006397        1.002289      0.30130166      0.69862078       0.8051244     0.048301078      0.25162095      0.80686917       13.774559       147.56663       68.329351    2.111656e-09       8.0287323       12.494927       1017.2703       14.037408       1405.7841      -15.051748       -15.051748       2449.5867          14.037408             1405.7841          12.494927                      22.461403                      396.84626                                588.88357                         9.079046
              3        1210.228       1.0415687     0.022632985      0.11732825     0.059879683        3.052699      0.96990323       1.0023621      0.30004027      0.69988245      0.80526508     0.048296925      0.25036882      0.80531913       13.765227       147.51643       68.455947   2.1172411e-09       8.1312103       11.866346       1018.9982       13.317184       1406.0345      -14.880059       -14.880059       2450.2162          13.317184             1406.0345          11.866346                      22.578414                      397.17538                                590.25296                        8.9914291
              1       1211.4437       1.0415098     0.022643757      0.11745268     0.062723044       3.0618036      0.97163979       1.0038033      0.30081369      0.69910891      0.80981422     0.048397929      0.25103901       0.8109117       13.766425       147.47146       68.400749   2.1366058e-09       8.4063568       12.421199       1019.2507       13.628884       1405.8796      -14.146499       -14.146499       2451.1805          13.628884             1405.8796          12.421199                      22.360311                      398.16414                                590.18831                        8.5379847
              1       1211.8591       1.0415326      0.02259994      0.11789327     0.064448345       3.0666539      0.97075518       1.0040645      0.30335081      0.69657136      0.81325375     0.048574742      0.25339161      0.81778291       13.772509       147.40255       68.210053   2.1469942e-09       8.5895538        14.30606       1017.4162       14.733471       1405.4006      -14.069096       -14.069096       2451.8563          14.733471             1405.4006           14.30606                      22.580394                      398.99412                                587.39581                        8.4459046
              1       1213.4724       1.0414588     0.022610157       0.1179904     0.059552159       3.0601728      0.97077417       1.0055257       0.3040323      0.69588976      0.81086123     0.048668858      0.25397692      0.81629243       13.774072       147.36487        68.15947   2.1331244e-09       8.1157684       15.100575       1017.3891       15.033691       1405.2794      -12.929022       -12.929022       2452.8028          15.033691             1405.2794          15.100575                      22.426093                       397.1386                                589.33067                        8.4937339
              1       1211.4666       1.0415635     0.022479467      0.11801657     0.057205685       3.0526053      0.97054502       1.0043621      0.30462326      0.69529859      0.80845483     0.048517503      0.25471551       0.8146605       13.785049        147.5027       68.068125   2.1170427e-09       7.9150238       15.143165       1015.1006       15.583515       1405.1768      -14.035462       -14.035462       2451.0041          15.583515             1405.1768          15.143165                      22.320283                      396.51871                                587.52762                        8.7339479
              5       1211.1362       1.0416405     0.022475281      0.11798915     0.057560604        3.054678      0.97047602       1.0049953      0.30426934      0.69565258      0.80926323     0.048462962      0.25441744      0.81500126        13.78307        147.5147       68.100075   2.1214353e-09       7.9508209       14.672765       1014.1022       15.390082       1405.2379      -13.565339       -13.565339        2449.403          15.390082             1405.2379          14.672765                       22.35849                      396.61244                                586.44981                         8.681502
              2       1211.2483       1.0417473     0.022447251        0.117814     0.054370447       3.0492858      0.97172896       1.0057048      0.30317306      0.69674902      0.80707776     0.048297669      0.25348947      0.81133471       13.782056       147.59241       68.173956    2.110027e-09       7.6342621       13.481773       1014.5962       14.947406       1405.4327      -12.980734       -12.980734        2448.458          14.947406             1405.4327          13.481773                      22.033945                      395.92388                                587.62713                        9.0111965
              4       1212.6661       1.0416431     0.022476565      0.11786753     0.052300654       3.0457471      0.97265823       1.0059669      0.30360136      0.69632066      0.80590803     0.048400604      0.25381368      0.81073087       13.782286       147.54531       68.145877   2.1025733e-09       7.4180756       14.055688       1016.2301        15.11489       1405.3556      -12.712107       -12.712107       2450.7564           15.11489             1405.3556          14.055688                      21.826008                      395.72755                                589.51922                        9.1573564
              1       1212.8264       1.0415358     0.022626744      0.11750586     0.048554703       3.0332125      0.97242064       1.0039162      0.30111784       0.6988047      0.79884398     0.048398026      0.25134202      0.80033089       13.767721       147.47489        68.37498   2.0763828e-09       6.9941254       12.574636        1021.707       13.775633       1405.8199      -14.112212       -14.112212       2453.8771          13.775633             1405.8199          12.574636                      21.795296                      395.79435                                593.68869                        10.428639
              7       1214.2037       1.0415358     0.022626744      0.11750586     0.048554703       3.0332125      0.97242064       1.0048107      0.30111784       0.6988047      0.79884398     0.048398026      0.25134202      0.80033089       13.767721       147.47489        68.37498   2.0763828e-09       6.9941254       12.574636       1023.2129       13.775633       1405.8199      -13.487779       -13.487779       2455.3831          13.775633             1405.8199          12.574636                      21.695295                      395.79678                                594.83938                        10.881435
              3       1214.0919       1.0415495     0.022619729      0.11748698      0.04871926       3.0336615      0.97267006       1.0048933      0.30101716      0.69890539      0.79907491     0.048375744      0.25126383      0.80042841       13.767973       147.48774       68.380122   2.0773155e-09       7.0123749       12.476421       1022.9967       13.746285       1405.8396      -13.437622       -13.437622        2455.059          13.746285             1405.8396          12.476421                      21.656735                      395.74656                                594.73292                        10.860438
              1       1212.7032       1.0415495     0.022619729      0.11748698      0.04871926       3.0336615      0.97267006       1.0038836      0.30101716      0.69890539      0.79907491     0.048375744      0.25126383      0.80042841       13.767973       147.48774       68.380122   2.0773155e-09       7.0123749       12.476421       1021.6372       13.746285       1405.8396      -14.146587       -14.146587       2453.6995          13.746285             1405.8396          12.476421                      21.768846                      395.76254                                593.75056                        10.355297
              3       1212.7498       1.0418062     0.022728093      0.11763497     0.052741633       3.0375965      0.97574117       1.0019571      0.30042106      0.69950179      0.80188031     0.048423043      0.25062566      0.80244284       13.749456       147.32849       68.510235   2.0855057e-09       7.4061432       12.067797       1024.0405       13.014139       1405.9578      -14.790353       -14.790353       2455.0803          13.014139             1405.9578          12.067797                      21.405594                      395.73627                                596.63439                         10.26429
              3       1212.7903       1.0418062     0.022728093      0.11763497     0.052741633       3.0375965      0.97574117       1.0020036      0.30042106      0.69950179      0.80188031     0.048423043      0.25062566      0.80244284       13.749456       147.32849       68.510235   2.0855057e-09       7.4061432       12.067797       1024.0922       13.014139       1405.9578      -14.775638       -14.775638       2455.1319          13.014139             1405.9578          12.067797                      21.400851                      395.73627                                596.66983                         10.28527
              1       1214.7811        1.041799     0.022778182      0.11660021     0.047944953        3.028154      0.97615821        1.003193      0.29471246      0.70521132      0.79440882     0.047942384      0.24541433      0.78737692       13.739372       147.54944       68.928641   2.0659062e-09       6.8888397       10.385772       1029.4341       10.795569        1407.214      -14.133639       -14.133639       2457.8294          10.795569              1407.214          10.385772                      21.237886                      395.87849                                599.57145                        12.746261
              2        1214.674       1.0417864     0.022773485      0.11659667     0.048077288       3.0284695       0.9760524       1.0032271      0.29475642      0.70516735      0.79449809      0.04794247      0.24545792      0.78752412       13.740229        147.5556       68.921473   2.0665579e-09       6.9028778       10.385785       1029.1884        10.83183       1407.2035      -14.130769       -14.130769       2457.6094           10.83183             1407.2035          10.385785                      21.252902                      395.86061                                 599.3856                        12.689263
              1       1214.0816       1.0418275     0.022763659      0.11667339     0.048697766       3.0287746      0.97621983       1.0027458      0.29509398      0.70482973      0.79501638     0.047953754       0.2457833      0.78848897       13.740427       147.54596       68.898495   2.0671886e-09       6.9709625       10.382143       1028.4912        10.94849       1407.1229      -14.390781       -14.390781       2456.9447           10.94849             1407.1229          10.382143                      21.235459                      395.76631                                598.88273                        12.606673
              1       1215.1758       1.0418122     0.022779537      0.11680563     0.045521132       3.0219961      0.97549275       1.0023518      0.29574187      0.70418176      0.79249098     0.048041762      0.24634163      0.78684666       13.739834       147.49268        68.85936   2.0532236e-09       6.6368561       10.435867       1030.8016       11.148612       1406.9706       -14.50256        -14.50256       2459.3567          11.148612             1406.9706          10.435867                      21.286141                      396.27925                                599.87187                        13.364361
              2       1215.0988       1.0418122     0.022779537      0.11680563     0.045521132       3.0219961      0.97549275       1.0022893      0.29574187      0.70418176      0.79249098     0.048041762      0.24634163      0.78684666       13.739834       147.49268        68.85936   2.0532236e-09       6.6368561       10.435867        1030.694       11.148612       1406.9706      -14.525762       -14.525762       2459.2492          11.148612             1406.9706          10.435867                      21.292266                      396.27925                                599.80552                        13.317008
              2       1214.5772       1.0418401     0.022741534      0.11670363     0.045150963       3.0201066      0.97487344       1.0019766       0.2953396      0.70458406      0.79137896     0.047944245      0.24603737      0.78520799       13.742558       147.56211       68.871832   2.0493476e-09       6.6031647       10.382344       1030.1155       11.084638       1407.0648      -14.746452       -14.746452       2458.6473          11.084638             1407.0648          10.382344                      21.345164                       396.3094                                598.58218                        13.878732
              3       1212.9404       1.0424071     0.022728813      0.11788365     0.050100947       3.0381579      0.96706913       1.0040601      0.29995939      0.69996371      0.80083201     0.048264798      0.25032677      0.80077781       13.732667        147.2612       68.623543    2.086677e-09       7.1415253       11.343295       1023.6458       12.392878        1406.051      -13.776035       -13.776035        2453.433          12.392878              1406.051          11.343295                      22.945501                      395.68537                                594.90528                        10.109617
              2       1211.7917       1.0424071     0.022728813      0.11788365     0.050100947       3.0381579      0.96706913       1.0031473      0.29995939      0.69996371      0.80083201     0.048264798      0.25032677      0.80077781       13.732667        147.2612       68.623543    2.086677e-09       7.1415253       11.343295       1022.4009       12.392878        1406.051       -14.30233        -14.30233       2452.1881          12.392878              1406.051          11.343295                      23.075937                      395.67265                                593.92976                        9.7225359
              1       1212.3109       1.0421859     0.022763986      0.11791765     0.049853577       3.0321661      0.96592269       1.0004497       0.3005887      0.69933428      0.79786799     0.048417191      0.25080149      0.79865045       13.735649       147.21328       68.568455   2.0742114e-09       7.1085358       11.905139       1024.0529       12.693025       1405.9244      -14.976769       -14.976769       2454.5754          12.693025             1405.9244          11.905139                      23.292833                      395.65406                                594.98103                        10.124956
              1        1212.869       1.0421969     0.022770712      0.11802102     0.048551543        3.029815      0.96584107        1.000434      0.30106392      0.69885899      0.79724464     0.048470307      0.25122249      0.79865707       13.735084       147.17826       68.540998   2.0693403e-09       6.9737701       12.199834       1024.7784       12.843964       1405.8306      -14.957371       -14.957371       2455.6527          12.843964             1405.8306          12.199834                      23.272148                      395.72863                                595.53428                         10.24331
              5       1212.7533       1.0421925     0.022767087      0.11803057     0.048516427       3.0297567      0.96582445       1.0004377      0.30114851      0.69877439      0.79726031     0.048474175      0.25130288      0.79878495       13.735647       147.17972       68.532808   2.0692198e-09       6.9709625       12.251118       1024.4886       12.889163        1405.814      -14.968202       -14.968202       2455.4429          12.889163              1405.814          12.251118                      23.272027                      395.72481                                595.25385                         10.23794
              1        1213.059       1.0422073     0.022817003      0.11803043     0.048340783        3.030667      0.96824236       1.0009635      0.30081531       0.6991077      0.79816813     0.048509632      0.25093622      0.79925198       13.729884       147.12469       68.582816   2.0711043e-09       6.9428864       12.123942       1024.9963       12.614433       1405.8795      -14.748085       -14.748085       2455.6141          12.614433             1405.8795          12.123942                      22.793374                      395.74219                                 596.3014                        10.159325
              1       1213.8004       1.0424035     0.022874118      0.11786021     0.052247428       3.0365357      0.96844477       1.0001131       0.2990125      0.70091092      0.79991751     0.048378282      0.24927188      0.79859989       13.717186       147.10731       68.761756   2.0832947e-09       7.3303375       11.126431        1027.801       11.655625       1406.2468      -14.614581       -14.614581       2456.8299          11.655625             1406.2468          11.126431                      22.908148                      395.68779                                599.24797                        9.9571372
              2       1210.3734       1.0423946     0.022724129      0.11687827     0.071166997       3.0747934      0.97333548       1.0018939      0.29474825      0.70517565      0.81400469     0.047758024      0.24563648      0.80684831       13.728772       147.53687       68.979565   2.1645409e-09       9.1700287       10.373658       1022.2695       10.539687       1407.2055      -14.820733       -14.820733       2450.3883          10.539687             1407.2055          10.373658                      22.492554                      402.09189                                589.22964                        8.4553766
              1        1210.205       1.0423982     0.022696906      0.11687558      0.07153441       3.0756214      0.97336603       1.0020145      0.29487588      0.70504797      0.81446092     0.047731647      0.24578961       0.8074753        13.73155       147.56785        68.95728    2.166334e-09       9.2107391        10.36439       1021.9289       10.651286       1407.1749      -14.854705       -14.854705       2450.1194          10.651286             1407.1749           10.36439                      22.481418                      402.29813                                588.70292                        8.4463931
              2       1208.6204       1.0421375     0.022675871       0.1173693     0.061589072       3.0565242       0.9733158       1.0019134      0.29834154      0.70158167       0.8083242     0.048085774      0.24888983      0.80608681       13.743905       147.45802       68.671049   2.1253556e-09       8.2891388       10.787392       1017.8037       12.136921       1406.3891      -14.938151       -14.938151       2447.1171          12.136921             1406.3891          10.787392                      22.133081                      397.64789                                589.09974                        8.9230177
              2       1209.3619       1.0423801     0.022647028      0.11790329     0.062810871       3.0554191      0.97286124      0.99975887      0.30061368      0.69930922      0.80994495     0.048217237      0.25102503      0.81077294       13.742282       147.34753       68.533742   2.1230081e-09       8.4232025       11.558323       1018.9461          12.884       1405.9194      -15.292015       -15.292015       2449.3078             12.884             1405.9194          11.558323                      22.235898                      398.18635                                589.62805                          8.89581
              5       1209.1844       1.0422263     0.022638932      0.11796835     0.064586711       3.0571898      0.97167152      0.99882196       0.3014601      0.69846262      0.81041605     0.048316221      0.25176915       0.8123858       13.748024       147.33932       68.451266   2.1267707e-09       8.5965729       12.159162       1017.5187       13.343476       1405.7535      -15.202971       -15.202971       2448.7748          13.343476             1405.7535          12.159162                       22.50321                      398.99242                                  587.285                        8.7380423
              3       1209.3178       1.0422197     0.022636954      0.11797742     0.064859114       3.0574014      0.97166251      0.99866237      0.30153922      0.69838348      0.81053289     0.048322253      0.25184195      0.81260954       13.748473       147.33912       68.444005   2.1272207e-09       8.6225433       12.211627       1017.6515       13.384315       1405.7382      -15.175011       -15.175011       2448.9856          13.384315             1405.7382          12.211627                      22.510951                      399.10002                                587.31385                        8.7266667
              1       1210.7689       1.0418636     0.022711595      0.11748988     0.067153172       3.0584196      0.97224434      0.99736584      0.29957841      0.70034457      0.80878816      0.04830753       0.2499008      0.80821967       13.748822       147.38675       68.567198   2.1293878e-09       8.8113556       11.512904       1020.3684       12.699914        1406.129      -14.586249       -14.586249       2450.7102          12.699914              1406.129          11.512904                      22.482613                      400.08992                                 589.0748                        8.7211067
              1       1210.0868        1.041911     0.022745914      0.11709246     0.065024701       3.0565754      0.97258403      0.99886332      0.29714923      0.70277417      0.80664482     0.048112259      0.24767449      0.80280308       13.741859       147.45477       68.758093   2.1254644e-09       8.5951691       10.621755       1021.1132       11.674874         1406.65      -14.943039       -14.943039       2450.0597          11.674874               1406.65          10.621755                      22.369896                      399.03924                                590.72441                        8.9796134
              1       1210.8017       1.0419222      0.02271703      0.11710508     0.060626421       3.0435484      0.97047643      0.99696908       0.2973462      0.70257714      0.80093853      0.04808858      0.24789408      0.79738812       13.744665       147.48299       68.731337   2.0979555e-09       8.1810455       10.641166       1021.3241       11.815944       1406.6062      -14.391972       -14.391972       2450.3874          11.815944             1406.6062          10.641166                      22.584931                      397.37153                                   591.39                        9.9776829
              3       1212.6935        1.042053      0.02272163      0.11667124     0.060358462       3.0389028      0.97575727      0.99581048       0.2946665      0.70525731      0.79926539     0.047810956      0.24550015      0.79212872       13.738188       147.59414       68.937579   2.0882318e-09       8.1473541       10.368549       1024.4636       10.750433       1407.2251      -13.710313       -13.710313       2452.8076          10.750433             1407.2251          10.368549                       21.59929                      397.13611                                594.45869                        11.269482
              5       1213.4864        1.042053      0.02272163      0.11667124     0.060358462       3.0389028      0.97575727       0.9970567       0.2946665      0.70525731      0.79926539     0.047810956      0.24550015      0.79212872       13.738188       147.59414       68.937579   2.0882318e-09       8.1473541       10.368549       1027.4716       10.750433       1407.2251      -14.421437       -14.421437       2455.8156          10.750433             1407.2251          10.368549                       21.46449                      397.08268                                596.88558                        12.038798
              6       1213.1794       1.0420816     0.022739767      0.11677293     0.060587343       3.0401914      0.97481078      0.99722961      0.29501408       0.7049097      0.79979758     0.047864604      0.24579364      0.79312352       13.735899       147.54676       68.926428   2.0909245e-09       8.1670074       10.351955       1026.9582       10.806757       1407.1419      -14.450036       -14.450036       2455.2588          10.806757             1407.1419          10.351955                       21.64008                      397.18194                                596.43541                         11.70076
              1       1212.5711       1.0417798     0.022671495      0.11689997     0.060784002       3.0408261      0.97458574       0.9973423      0.29693862      0.70298469      0.80045568     0.048012079      0.24756244      0.79636104       13.752769       147.58849         68.7171    2.092252e-09       8.2035065       10.563658       1025.3429       11.891355        1406.697      -14.676326       -14.676326       2454.4949          11.891355              1406.697          10.563658                      21.629383                      397.28813                                 595.2413                         11.18405
              5       1211.8623       1.0417798     0.022671495      0.11689997     0.060784002       3.0408261      0.97458574       0.9965634      0.29693862      0.70298469      0.80045568     0.048012079      0.24756244      0.79636104       13.752769       147.58849         68.7171    2.092252e-09       8.2035065       10.563658       1023.1657       11.891355        1406.697      -14.296579       -14.296579       2452.3178          11.891355              1406.697          10.563658                       21.71689                      397.28981                                593.40244                        10.756592
              1       1211.9877       1.0420444     0.022630333      0.11694284     0.068836781       3.0564913      0.97751929      0.99649889      0.29662611      0.70329729      0.80821123     0.047873888      0.24738957      0.80365368       13.749488        147.6235       68.753708   2.1252857e-09       8.9791107        10.40157       1023.8109       11.697936       1406.7675       -14.35125        -14.35125       2452.6779          11.697936             1406.7675           10.40157                      21.460948                      400.67931                                592.08532                         9.585367
              6       1212.1615       1.0418598     0.022621662      0.11660413     0.076125906       3.0740418      0.97769694      0.99819349      0.29543077      0.70449274      0.81404296     0.047781071      0.24628917      0.80781992       13.754261       147.72487       68.807269   2.1629146e-09       9.6417084       10.345511       1025.6928       11.417804       1407.0433      -15.088272       -15.088272       2454.4995          11.417804             1407.0433          10.345511                       21.64942                      404.75637                                590.60685                        8.6802018
              2        1213.175       1.0418598     0.022621662      0.11660413     0.076125906       3.0740418      0.97769694      0.99730083      0.29543077      0.70449274      0.81404296     0.047781071      0.24628917      0.80781992       13.754261       147.72487       68.807269   2.1629146e-09       9.6417084       10.345511       1027.0763       11.417804       1407.0433      -14.766508       -14.766508        2455.883          11.417804             1407.0433          10.345511                      21.751612                      404.74955                                592.02598                        8.5491767
              3       1212.1273       1.0416637     0.022617514      0.11711107     0.072831539       3.0752852      0.97518092       1.0001896      0.29869785       0.7012251      0.81542358     0.048127603      0.24919959      0.81365198       13.763007       147.59304       68.552819   2.1656058e-09       9.3539276       11.105725       1024.7662       12.778871        1406.313      -15.354644       -15.354644       2454.9638          12.778871              1406.313          11.105725                      22.123766                      403.00564                                591.19928                          8.43753
              9       1212.2208       1.0416636     0.022617293      0.11712089     0.072587492       3.0747636      0.97524746       1.0001681      0.29875133      0.70117161      0.81526773      0.04813246      0.24924807      0.81356929       13.763081       147.59063       68.549025   2.1644764e-09       9.3314667       11.127551        1024.924       12.799743       1406.3017      -15.355691       -15.355691        2455.153          12.799743             1406.3017          11.127551                      22.102864                      402.88747                                591.49503                        8.4386777
              1       1211.8485       1.0416346     0.022603294      0.11722345     0.072287548        3.074059      0.97407272      0.99999595      0.29945989      0.70046292      0.81501211     0.048186356      0.24990034      0.81427811       13.765934       147.57868       68.489473    2.162952e-09       9.3097076       11.447326       1023.7358       13.129627       1406.1534      -15.384568       -15.384568       2454.4662          13.129627             1406.1534          11.447326                      22.303506                      402.79888                                590.20563                        8.4278275
              3       1212.0389       1.0416346     0.022603294      0.11722345     0.072287548        3.074059      0.97407272      0.99990157      0.29945989      0.70046292      0.81501211     0.048186356      0.24990034      0.81427811       13.765934       147.57868       68.489473    2.162952e-09       9.3097076       11.447326       1024.1152       13.129627       1406.1534      -15.383794       -15.383794       2454.8455          13.129627             1406.1534          11.447326                      22.315726                      402.79675                                590.57356                        8.4291281
              2        1210.685       1.0417628     0.022574783      0.11720368     0.071046892       3.0700837      0.97374641      0.99933834      0.29914095       0.7007819      0.81345734      0.04809085      0.24967791      0.81229184       13.765064       147.61554       68.514196   2.1543707e-09       9.2030182       11.170751        1021.786       12.992165       1406.2197      -15.399328       -15.399328       2452.1686          12.992165             1406.2197          11.170751                      22.310786                      402.14485                                588.88126                        8.4490666
              1       1210.6077       1.0416951     0.022601611      0.11691866     0.069046646       3.0676678      0.97333414       1.0003088      0.29767871      0.70224438      0.81116393     0.048000904       0.2483098      0.80801959       13.762841       147.66196       68.619095   2.1491722e-09       9.0050812       10.718202       1022.3076       12.416975       1406.5328      -15.380044       -15.380044       2451.9755          12.416975             1406.5328          10.718202                      22.333507                      401.02351                                590.48778                          8.46276
              4       1210.2004       1.0416951     0.022601611      0.11691866     0.069046646       3.0676678      0.97333414       1.0020631      0.29767871      0.70224438      0.81116393     0.048000904       0.2483098      0.80801959       13.762841       147.66196       68.619095   2.1491722e-09       9.0050812       10.718202       1020.8271       12.416975       1406.5328      -15.047149       -15.047149       2450.4951          12.416975             1406.5328          10.718202                      22.110831                      400.94893                                589.01781                        8.7495097
              1       1209.8628       1.0417429     0.022605502       0.1169357     0.066650119       3.0629743      0.97381642       1.0021207      0.29760721      0.70231592      0.80949981      0.04799047      0.24824927      0.80626507       13.761084       147.65282       68.632462   2.1391086e-09       8.7797699       10.681308       1020.1925       12.344615       1406.5485      -15.020666       -15.020666       2449.7669          12.344615             1406.5485          10.681308                      21.950187                      399.73836                                589.49263                        9.0112935
              1        1209.193       1.0418663     0.022517306      0.11710367     0.061198482       3.0539514      0.97253336       1.0030377      0.29863431      0.70128859      0.80653555     0.047940932      0.24932197      0.80469766       13.767636       147.70537       68.533827   2.1198945e-09       8.2835236       10.847854       1017.8851       12.883534       1406.3265      -14.778467       -14.778467        2447.943          12.883534             1406.3265          10.847854                      21.971677                       397.5682                                588.79236                        9.5528872
              1        1208.894       1.0420311     0.022514263      0.11741327     0.060954251       3.0511889      0.97296426       1.0016882      0.29980863      0.70011413      0.80679915     0.048018001      0.25041683      0.80654179       13.764533       147.62571       68.474178   2.1140464e-09        8.265976       11.210951        1017.865       13.215024       1406.0816      -15.292334       -15.292334       2448.3726          13.215024             1406.0816          11.210951                        21.8928                      397.47657                                588.81784                        9.6777583
              7       1208.2942       1.0420311     0.022514263      0.11741327     0.060954251       3.0511889      0.97296426       1.0012778      0.29980863      0.70011413      0.80679915     0.048018001      0.25041683      0.80654179       13.764533       147.62571       68.474178   2.1140464e-09        8.265976       11.210951       1016.8602       13.215024       1406.0816      -15.389723       -15.389723       2447.3678          13.215024             1406.0816          11.210951                      21.941417                      397.48767                                587.90134                        9.5298026
              1       1209.2929       1.0421515     0.022401129      0.11731141     0.061703982       3.0547622      0.97337426       1.0026783      0.29955976      0.70036295      0.80859191     0.047810175      0.25037483      0.80799841       13.772542       147.77922       68.450211   2.1216139e-09       8.3642426       10.897581        1018.277       13.349407       1406.1327      -15.035471       -15.035471       2448.6567          13.349407             1406.1327          10.897581                      21.834408                      397.76025                                589.22236                        9.4600027
              2       1209.1712       1.0421515     0.022401129      0.11731141     0.061703982       3.0547622      0.97337426        1.001514      0.29955976      0.70036295      0.80859191     0.047810175      0.25037483      0.80799841       13.772542       147.77922       68.450211   2.1216139e-09       8.3642426       10.897581       1018.8147       13.349407       1406.1327      -15.425974       -15.425974       2449.1944          13.349407             1406.1327          10.897581                      21.971984                      397.81748                                589.91126                        9.1139646
              1       1209.1333       1.0422333      0.02238016      0.11740714     0.060243748       3.0492703      0.97195204       1.0002617      0.29994747      0.69997518      0.80643193     0.047801778      0.25076988      0.80636133       13.772804        147.7768       68.424175   2.1099942e-09        8.228775        10.97706       1018.9602       13.496156       1406.0533      -15.610091       -15.610091       2449.4867          13.496156             1406.0533           10.97706                      22.161867                      397.35342                                590.00173                        9.4431592
              5       1209.6124       1.0424259     0.022408815      0.11733459     0.063167663       3.0553786      0.97282254       1.0004115      0.29883306      0.70108986      0.80896076     0.047700064      0.24976187      0.80738588       13.763655       147.76455       68.540926   2.1229221e-09       8.5053253       10.563615        1020.718       12.844361       1406.2844       -15.59271        -15.59271       2450.4103          12.844361             1406.2844          10.563615                      22.123409                      398.38929                                 590.9971                        9.2081468
              2       1209.4915       1.0424259     0.022408815      0.11733459     0.063167663       3.0553786      0.97282254       1.0006821      0.29883306      0.70108986      0.80896076     0.047700064      0.24976187      0.80738588       13.763655       147.76455       68.540926   2.1229221e-09       8.5053253       10.563615       1020.4288       12.844361       1406.2844      -15.569034       -15.569034       2450.1211          12.844361             1406.2844          10.563615                      22.090051                      398.37771                                 590.6737                         9.287292
              4       1208.5823       1.0423514     0.022479174        0.117292     0.057411113       3.0447609      0.97270755       1.0009765      0.29842624       0.7014968      0.80413707     0.047775242      0.24928201       0.8020251        13.75816       147.69696        68.59441   2.1005007e-09       7.9248505       10.545318       1018.6605       12.551159       1406.3709      -15.481667       -15.481667       2448.1279          12.551159             1406.3709          10.545318                      21.983683                      396.44382                                590.21668                         10.01635
              3       1208.5339       1.0422026      0.02248773      0.11707917     0.058340079       3.0430683      0.97266903      0.99956438      0.29768873      0.70223439      0.80253309     0.047744771      0.24857636      0.79943565       13.760656       147.74464       68.629353   2.0969486e-09       8.0111847       10.444333       1018.8004        12.36143       1406.5306      -15.534429       -15.534429       2448.1368           12.36143             1406.5306          10.444333                      21.987851                      396.65539                                 589.8309                        10.326227
              6       1208.5308       1.0422026      0.02248773      0.11707917     0.058340079       3.0430683      0.97266903      0.99976742      0.29768873      0.70223439      0.80253309     0.047744771      0.24857636      0.79943565       13.760656       147.74464       68.629353   2.0969486e-09       8.0111847       10.444333       1018.8158        12.36143       1406.5306      -15.545283       -15.545283       2448.1522           12.36143             1406.5306          10.444333                      21.963475                      396.65539                                589.77427                        10.422669
              1       1209.1392       1.0423123     0.022472632      0.11756661     0.054488378       3.0414516      0.96752391       1.0018551      0.30003223      0.69989054      0.80216987      0.04792687      0.25073163      0.80221296       13.761332       147.63039        68.47585   2.0935611e-09       7.6377716       11.082564       1018.5313       13.205674       1406.0361      -15.288645       -15.288645       2448.8556          13.205674             1406.0361          11.082564                       22.88278                      396.02261                                589.68647                        9.9393927
              6       1209.0535       1.0423123     0.022472632      0.11756661     0.054488378       3.0414516      0.96752391       1.0013074      0.30003223      0.69989054      0.80216987      0.04792687      0.25073163      0.80221296       13.761332       147.63039        68.47585   2.0935611e-09       7.6377716       11.082564        1018.637       13.205674       1406.0361      -15.427217       -15.427217       2448.9614          13.205674             1406.0361          11.082564                      22.960136                      396.02008                                589.94148                        9.7152949
              1       1209.1032       1.0423123     0.022472632      0.11756661     0.054488378       3.0414516      0.96752391       1.0017957      0.30003223      0.69989054      0.80216987      0.04792687      0.25073163      0.80221296       13.761332       147.63039        68.47585   2.0935611e-09       7.6377716       11.082564        1018.494       13.205674       1406.0361      -15.305993       -15.305993       2448.8183          13.205674             1406.0361          11.082564                      22.891122                      396.02261                                589.66596                        9.9142814
              2       1208.9251       1.0422286     0.022501343      0.11743036     0.055368326       3.0444911      0.96744323       1.0024354      0.29939211      0.70053077       0.8026969     0.047922351      0.25009791      0.80188324       13.760111       147.63501        68.52281   2.0999343e-09       7.7177887       10.912128       1017.9476       12.944444       1406.1674      -15.060743       -15.060743       2447.9716          12.944444             1406.1674          10.912128                      22.957695                      396.15963                                589.15208                        9.6782169
              1        1209.141       1.0422329     0.022476738      0.11748452     0.054243796       3.0445045       0.9679325       1.0034968      0.29980725      0.70011553      0.80314839     0.047926247      0.25050754      0.80289034       13.762869       147.64779       68.482551   2.0999623e-09       7.6110992       11.041162       1017.1547        13.16824       1406.0819      -14.582016       -14.582016        2447.446           13.16824             1406.0819          11.041162                      22.815242                      395.93726                                588.78053                         9.621631
              1       1209.6571       1.0422329     0.022476738      0.11748452     0.054243796       3.0445045       0.9679325       1.0040468      0.29980725      0.70011553      0.80314839     0.047926247      0.25050754      0.80289034       13.762869       147.64779       68.482551   2.0999623e-09       7.6110992       11.041162        1017.523        13.16824       1406.0819       -14.25011        -14.25011       2447.8143           13.16824             1406.0819          11.041162                      22.739251                      395.93217                                589.01255                        9.8390181
              1       1209.5951        1.042208     0.022456684      0.11743546     0.055370573       3.0462871      0.96801672       1.0039379      0.29973475      0.70018802      0.80378087     0.047895453      0.25046549      0.80342545       13.765517       147.68337       68.473997   2.1037091e-09       7.7283173       11.001104       1017.5499        13.21604       1406.0968      -14.336777       -14.336777       2447.8638           13.21604             1406.0968          11.001104                      22.738453                      396.13207                                 588.9458                        9.7335408
              5       1210.8044       1.0423969     0.022522826      0.11648989     0.060108362       3.0541489      0.97340489       1.0043032      0.29383389      0.70608992      0.80514617     0.047387362      0.24509129      0.79682885       13.748251       147.86418       68.941413   2.1203131e-09       8.1663055       10.633506       1020.8734       10.731102       1407.4276      -14.028432       -14.028432       2449.6656          10.731102             1407.4276          10.633506                      21.892107                      397.11635                                591.67507                        10.189837
              2        1210.646       1.0423747     0.022538381      0.11650531     0.059121212       3.0523434      0.97357874       1.0043305      0.29389187      0.70603194      0.80444395     0.047418928      0.24511773      0.79621242       13.747328       147.84258       68.942257   2.1164885e-09       8.0666351       10.600867       1020.5289       10.726852       1407.4133       -13.98899        -13.98899       2449.2699          10.726852             1407.4133          10.600867                      21.842453                      396.82758                                591.53505                        10.323778
              1       1212.4463       1.0423747     0.022538381      0.11650531     0.059121212       3.0523434      0.97357874         1.00524      0.29389187      0.70603194      0.80444395     0.047418928      0.24511773      0.79621242       13.747328       147.84258       68.942257   2.1164885e-09       8.0666351       10.600867       1022.7369       10.726852       1407.4133      -13.292646       -13.292646        2451.478          10.726852             1407.4133          10.600867                      21.738095                      396.81035                                593.40958                         10.77888
              3       1212.0858       1.0423358     0.022532907      0.11652199     0.059192389       3.0517698       0.9734816       1.0049028      0.29412155      0.70580221      0.80423239     0.047440656      0.24532474      0.79631402       13.749154        147.8442       68.918096   2.1152747e-09        8.075058       10.536604       1022.5765       10.848934       1407.3571      -13.573748       -13.573748        2451.319          10.848934             1407.3571          10.536604                      21.747751                      396.81739                                593.20578                        10.805533
              1       1214.3764       1.0421721     0.022556171       0.1165682     0.052435097       3.0320045       0.9682437       1.0017898      0.29470555       0.7052181      0.79465621     0.047560278      0.24578709      0.78761288       13.751771       147.80523       68.866895   2.0738762e-09       7.3963165        10.39057       1030.4515       11.109942       1407.2156      -15.207374       -15.207374       2459.1676          11.109942             1407.2156           10.39057                      22.467588                      395.69341                                599.02298                        13.267484
              1       1213.5502       1.0421721     0.022556171       0.1165682     0.052435097       3.0320045       0.9682437       1.0015191      0.29470555       0.7052181      0.79465621     0.047560278      0.24578709      0.78761288       13.751771       147.80523       68.866895   2.0738762e-09       7.3963165        10.39057       1028.9424       11.109942       1407.2156      -15.279036       -15.279036       2457.6586          11.109942             1407.2156           10.39057                      22.503287                      395.70234                                597.67238                        13.064431
              4       1213.5312       1.0417737     0.022469472      0.11722283     0.046949857       3.0186913      0.96838468      0.99994726      0.29981131      0.70011133      0.79172476     0.048003226      0.25043196      0.79147573       13.776083       147.72546       68.416558   2.0464492e-09       6.8537445       11.323415       1027.2517       13.539238       1406.0811      -15.566538       -15.566538       2458.1954          13.539238             1406.0811          11.323415                      22.238443                      395.92619                                595.47737                        13.609665
              3       1212.7186       1.0421581     0.022570167      0.11693841      0.05288798       3.0292089      0.96863114      0.99937708      0.29661113      0.70331224      0.79489113     0.047766202      0.24748171      0.79038874         13.7525       147.69016       68.739605   2.0680866e-09       7.4447479       10.351384       1027.3643       11.772264       1406.7709      -15.410811       -15.410811       2456.2588          11.772264             1406.7709          10.351384                      22.436424                      395.78881                                596.20707                         12.93195
              3       1210.5282       1.0422742     0.022619672      0.11716204     0.053007903       3.0368436      0.97156477       1.0024542      0.29717027       0.7027531      0.79950518     0.047867924      0.24793922       0.7957256       13.744844       147.57513       68.741793   2.0839362e-09       7.4503632       10.417154       1021.9761       11.760717       1406.6453      -14.871425       -14.871425       2450.7992          11.760717             1406.6453          10.417154                      21.989225                      395.75958                                592.73833                         11.48892
              4       1209.8058       1.0423215     0.022588429       0.1173733     0.056032754       3.0432972      0.97144447       1.0024541      0.29832198      0.70160119       0.8029628     0.047925631       0.2490297      0.80071401       13.747781       147.55352       68.652932   2.0974287e-09       7.7641144       10.618423       1020.2246       12.234216       1406.3933      -14.929457       -14.929457       2449.4705          12.234216             1406.3933          10.618423                       22.08878                      396.17722                                591.41707                        10.541497
              3       1210.1239       1.0423389     0.022525357      0.11693092     0.060160381       3.0485352      0.97264419       1.0017902      0.29629884      0.70362458      0.80415823     0.047638953       0.2472976       0.7991823       13.751864        147.7427       68.762988   2.1084437e-09       8.1782379        10.30097        1021.956        11.64916        1406.842      -15.250199       -15.250199       2450.7481           11.64916              1406.842           10.30097                      21.924934                      397.17355                                592.22104                        10.636455
              3       1210.7322       1.0422106     0.022427559        0.116918     0.063196437       3.0570117      0.97030854       1.0030459      0.29715389      0.70276924      0.80710654     0.047606622      0.24817997      0.80326889       13.766056        147.8556       68.636847    2.126392e-09       8.4954987       10.338683       1021.8654       12.320928       1406.6488      -14.854711       -14.854711       2451.1738          12.320928             1406.6488          10.338683                      22.398445                      398.42309                                591.34829                        9.6955401
              3       1210.3432       1.0418876     0.022463107      0.11697909     0.057129646       3.0451278      0.96948626       1.0029749      0.29821947      0.70170344      0.80186265     0.047820053      0.24902817      0.79947955       13.772188        147.7989       68.537757   2.1012716e-09       7.8946686        10.65615       1020.4815        12.86184       1406.4152      -14.864188       -14.864188       2450.4147           12.86184             1406.4152           10.65615                      22.364283                      396.44424                                591.21081                        10.462137
              5       1209.9935       1.0418119     0.022563936       0.1168603     0.062977624        3.057721      0.96995772       1.0031968      0.29724261      0.70268054      0.80615637     0.047883497      0.24799218      0.80244301         13.7631       147.71897       68.645884   2.1279006e-09       8.4393463       10.531811       1019.8222       12.272176       1406.6291      -14.634146       -14.634146       2449.2552          12.272176             1406.6291          10.531811                      22.536133                      398.25939                                589.68359                        9.3430553
              1       1210.3658       1.0418119     0.022563936       0.1168603     0.062977624        3.057721      0.96995772       1.0033656      0.29724261      0.70268054      0.80615637     0.047883497      0.24799218      0.80244301         13.7631       147.71897       68.645884   2.1279006e-09       8.4393463       10.531811       1020.3897       12.272176       1406.6291      -14.545571       -14.545571       2449.8228          12.272176             1406.6291          10.531811                      22.513656                      398.27505                                590.19826                        9.4027821
              1       1210.5374       1.0417449      0.02257324      0.11678444     0.063931612         3.05887      0.97045634       1.0030871       0.2969849      0.70293828      0.80640632     0.047884459      0.24773404      0.80234375       13.763732       147.72909       68.659345   2.1303472e-09       8.5270844       10.509683       1021.0277       12.199733       1406.6866      -14.674478       -14.674478       2450.4237          12.199733             1406.6866          10.509683                      22.445643                      398.65873                                590.56817                        9.3551102
              1        1211.021       1.0417273     0.022621879      0.11700407     0.054073293       3.0375874      0.97152835       1.0021046      0.29792103      0.70200205      0.79875596     0.048046834      0.24850611       0.7959835        13.76013       147.61512       68.617035   2.0854867e-09       7.5535431       10.801316       1022.3217       12.428147       1406.4799      -14.994563       -14.994563        2452.031          12.428147             1406.4799          10.801316                      21.963593                      395.84533                                593.30393                        11.208824
              2       1210.8106       1.0418749     0.022642707       0.1168542     0.060389576       3.0489462        0.969541       1.0015298      0.29658313      0.70334024      0.80220214     0.047919185      0.24730074      0.79762069       13.752785       147.63272       68.739989   2.1093105e-09       8.1712189       10.447914       1022.8634       11.770234       1406.7772      -15.118738       -15.118738       2451.8587          11.770234             1406.7772          10.447914                      22.540847                       397.3014                                592.77106                        10.250056
              1       1211.1593       1.0423057     0.022706198      0.11778316     0.067538583       3.0634356      0.97223712       1.0004395       0.2998575      0.70006556      0.81226416     0.048242439       0.2502465      0.81207123       13.737622       147.31452       68.605287   2.1400957e-09       8.8548737       11.323693       1022.7113       12.491947       1406.0718      -15.140047       -15.140047       2452.5987          12.491947             1406.0718          11.323693                      22.358104                      400.28934                                591.23773                        8.8261048
              3       1210.9748       1.0423361      0.02266214      0.11781604     0.068345284       3.0647731      0.97219032       1.0003947      0.30019472      0.69972825      0.81311974     0.048206797      0.25061772      0.81338358       13.741569       147.35459       68.564028   2.1429599e-09       8.9426117       11.398559       1022.3316       12.717301       1406.0033      -15.250582       -15.250582       2452.4508          12.717301             1406.0033          11.398559                      22.367938                      400.70571                                590.46485                        8.7931479
              3       1210.9748       1.0423361      0.02266214      0.11781604     0.068345284       3.0647731      0.97219032       1.0003947      0.30019472      0.69972825      0.81311974     0.048206797      0.25061772      0.81338358       13.741569       147.35459       68.564028   2.1429599e-09       8.9426117       11.398559       1022.3317       12.717301       1406.0033      -15.250581       -15.250581       2452.4508          12.717301             1406.0033          11.398559                      22.367937                      400.70571                                590.46487                        8.7931491
              4       1210.9495       1.0423303     0.022665338       0.1177663     0.068618214       3.0650133      0.97218273       1.0003018      0.29993069      0.69999232      0.81302118     0.048187087      0.25037416      0.81292726       13.741169       147.36434       68.582886   2.1434748e-09       8.9664764       11.281579       1022.4435       12.614046       1406.0568      -15.248431       -15.248431       2452.3959          12.614046             1406.0568          11.281579                      22.378919                      400.82362                                590.44359                        8.7973659
              1        1210.767       1.0423035     0.022641752      0.11777663     0.069575237       3.0677281      0.97167015       1.0006896      0.30019987      0.69972307      0.81407646      0.04818467      0.25064439      0.81434759       13.744531       147.38781       68.548912   2.1493017e-09       9.0612335       11.392479       1021.8788       12.800365       1406.0023       -15.26997        -15.26997       2452.0739          12.800365             1406.0023          11.392479                      22.502575                      401.39034                                589.31274                        8.6731292
              1       1210.6965       1.0423018     0.022640507      0.11777697     0.069397078       3.0671981      0.97167344       1.0006154      0.30021367      0.69970926      0.81386688     0.048184547      0.25065824      0.81415666       13.744714       147.38908       68.547115    2.148163e-09       9.0450897       11.398586       1021.7454       12.810258       1405.9995      -15.280366       -15.280366       2451.9537          12.810258             1405.9995          11.398586                      22.494168                      401.30587                                589.25166                        8.6936834
              3        1210.667        1.042322     0.022633765      0.11768453     0.069613478        3.067411      0.97144172       1.0006339       0.2997042      0.70021881       0.8136016     0.048122288      0.25021239       0.8132004       13.744399       147.42126        68.58123   2.1486202e-09       9.0654449       11.141852       1022.0512       12.623098       1406.1031      -15.292655       -15.292655       2451.9193          12.623098             1406.1031          11.141852                      22.542354                      401.43109                                589.36478                        8.7130003
              4       1209.2256        1.042322     0.022633765      0.11768453     0.069613478        3.067411      0.97144172       0.9993506       0.2997042      0.70021881       0.8136016     0.048122288      0.25021239       0.8132004       13.744399       147.42126        68.58123   2.1486202e-09       9.0654449       11.141852       1019.1653       12.623098       1406.1031      -15.291062       -15.291062       2449.0334          12.623098             1406.1031          11.141852                      22.717264                       401.4512                                586.45895                        8.5379018
              5       1209.3946       1.0423511     0.022654067       0.1178798     0.067798785       3.0653398        0.970386      0.99975166      0.30053431       0.6993886      0.81305991     0.048225108      0.25093799      0.81378363       13.742283       147.34647       68.538798   2.1441747e-09       8.8948822       11.547052       1019.0035       12.856096       1405.9352       -15.27628        -15.27628       2449.3418          12.856096             1405.9352          11.547052                      22.892455                      400.57803                                 587.0063                        8.5266908
              4       1209.0343       1.0422534      0.02272096      0.11740885     0.060917032       3.0512861      0.97078458       1.0000436      0.29795467      0.70196869      0.80547976     0.048089981      0.24850134      0.80272927       13.735843       147.39744       68.736282   2.1142517e-09       8.2147369       10.664433       1019.3739       11.789808       1406.4727      -15.116143       -15.116143       2448.3008          11.789808             1406.4727          10.664433                      22.588375                      397.46276                                590.04948                        9.2732629
              1       1208.8765       1.0421578     0.022720938      0.11741774     0.061376215       3.0526319      0.97084956        1.000216      0.29828115      0.70164213      0.80598976     0.048139592       0.2487768      0.80367748        13.73873       147.39513        68.70082   2.1170992e-09       8.2589569       10.806012       1018.7922       11.977882       1406.4021      -15.112623       -15.112623       2447.9782          11.977882             1406.4021          10.806012                      22.589063                      397.62352                                589.45701                        9.1226197
              1       1208.8862       1.0421578     0.022720938      0.11741774     0.061376215       3.0526319      0.97084956       1.0002959      0.29828115      0.70164213      0.80598976     0.048139592       0.2487768      0.80367748        13.73873       147.39513        68.70082   2.1170992e-09       8.2589569       10.806012       1018.8051       11.977882       1406.4021       -15.10935        -15.10935       2447.9911          11.977882             1406.4021          10.806012                      22.578314                      397.62352                                589.45665                        9.1466213
              1       1210.5579       1.0419973     0.022628958      0.11611329     0.062292562       3.0537475      0.97131329       1.0017442      0.29242804      0.70749599      0.80219548     0.047474806      0.24360186      0.79200713       13.746969       147.84754       69.039983   2.1194624e-09       8.3452911       10.864678       1022.4127       10.240084       1407.7809      -15.091315       -15.091315       2451.2984          10.240084             1407.7809          10.864678                      22.413919                      397.89555                                591.97182                        10.131454
              2       1210.3969       1.0419648     0.022534285      0.11653033     0.060168119       3.0486833      0.96803799       1.0010464      0.29522744      0.70469604      0.80102479     0.047618631      0.24624764      0.79462768       13.760092       147.84051       68.791288   2.1087561e-09       8.1691132       10.334196       1022.6818       11.501029       1407.0912      -15.407262       -15.407262       2451.6083          11.501029             1407.0912          10.334196                      22.935631                      397.29652                                592.30362                         10.14604
              5       1210.3751       1.0419404     0.022560037      0.11657675     0.058188558       3.0471943      0.96788351       1.0020492       0.2953982      0.70452527      0.80041731     0.047675994      0.24636096      0.79425465       13.758301       147.79912       68.789164   2.1056184e-09       7.9704742        10.33031       1022.1004       11.512117        1407.051      -15.121821       -15.121821       2450.9938          11.512117              1407.051           10.33031                      22.927879                      396.70327                                592.30891                        10.160296
              1       1209.2269       1.0419991     0.022577194      0.11666244     0.059898599       3.0513662      0.96947789       1.0022936      0.29558262      0.70434086      0.80285853     0.047706934      0.24651459      0.79692572       13.755143       147.75711       68.792996   2.1144212e-09       8.1354218       10.326984        1019.646        11.49212       1407.0077      -15.009528       -15.009528       2448.4729           11.49212             1407.0077          10.326984                      22.678947                       397.1539                                590.07641                        9.7367602
              2       1208.8798       1.0419781     0.022624768      0.11702514     0.054667533       3.0402269      0.97025455       1.0015003      0.29728358      0.70263969      0.79969892     0.047941963      0.24797669      0.79607016       13.752452        147.6063       68.696429   2.0909988e-09       7.6139069       10.530185       1018.9342       12.001276         1406.62      -15.163086       -15.163086       2448.0857          12.001276               1406.62          10.530185                      22.388589                      395.94673                                 590.1886                        10.410277
              2       1208.6076       1.0420361     0.022579975      0.11710679      0.05371846       3.0398145      0.97064424       1.0022343      0.29779852      0.70212463      0.80017755     0.047917337      0.24851426      0.79723619       13.755901       147.63413       68.646025   2.0901366e-09       7.5289764        10.59022       1017.8996       12.271413       1406.5066       -15.02635        -15.02635       2447.2678          12.271413             1406.5066           10.59022                      22.270554                      395.85896                                589.36209                        10.407978
              2       1209.1632       1.0423252     0.022535953      0.11767789     0.054169236       3.0383032      0.96752876       1.0005063      0.30022095      0.69970187      0.80104358      0.04803253      0.25081552      0.80133851       13.754712       147.53016       68.496793   2.0869801e-09       7.5935516       11.241325       1018.9425        13.08885        1405.998       -15.47209        -15.47209       2449.2707           13.08885              1405.998          11.241325                      22.893272                      395.94922                                589.91142                        10.188618
              7       1208.7516       1.0422261     0.022508037      0.11815597     0.065410751       3.0624136      0.96917719       1.0007228      0.30321995      0.69670235      0.81296095     0.048297896      0.25353986      0.81731213       13.762883       147.43453       68.266039   2.1379096e-09       8.7102814       13.124684       1015.5212       14.404717       1405.4242      -15.485873       -15.485873       2448.4748          14.404717             1405.4242          13.124684                       22.95052                      399.55487                                584.45073                        8.5650774
              3       1208.1945       1.0422054     0.022543702      0.11782538     0.065123311       3.0632906      0.97061724       1.0017211      0.30131334      0.69860928      0.81244288      0.04817079      0.25176617      0.81421929       13.758147       147.48313        68.41018   2.1397853e-09       8.6681671       11.908846       1015.6127        13.57537       1405.7819       -15.24487        -15.24487       2446.8787           13.57537             1405.7819          11.908846                      22.667002                       399.2939                                585.06394                        8.5878264
              2       1208.7616       1.0422978     0.022497325      0.11811925     0.064220034       3.0624374      0.97044364       1.0019526      0.30287248      0.69704987      0.81334553      0.04823578      0.25325563      0.81723012       13.761721        147.4561       68.293723   2.1379605e-09       8.5986786       12.763928       1015.4975       14.243523       1405.4876      -15.234617       -15.234617       2447.9925          14.243523             1405.4876          12.763928                      22.653918                       398.9515                                585.27556                        8.6164936
              3       1208.7869       1.0422978     0.022497325      0.11811925     0.064220034       3.0624374      0.97044364       1.0016463      0.30287248      0.69704987      0.81334553      0.04823578      0.25325563      0.81723012       13.761721        147.4561       68.293723   2.1379605e-09       8.5986786       12.763928       1015.7243       14.243523       1405.4876      -15.322802       -15.322802       2448.2193          14.243523             1405.4876          12.763928                      22.695781                      398.94884                                585.48735                        8.5923181
              1       1208.7803        1.042284     0.022490593      0.11814438     0.063782289       3.0617743      0.97033324       1.0017305      0.30308701      0.69683531      0.81314518     0.048249218      0.25345592      0.81731811       13.762968       147.45683       68.273995   2.1365433e-09         8.55867       12.922587       1015.4457       14.358298       1405.4484       -15.30713        -15.30713       2448.1749          14.358298             1405.4484          12.922587                      22.698765                      398.74098                                585.40751                        8.5983969
              1       1209.2983        1.042284     0.022490593      0.11814438     0.063782289       3.0617743      0.97033324       1.0011638      0.30308701      0.69683531      0.81314518     0.048249218      0.25345592      0.81731811       13.762968       147.45683       68.273995   2.1365433e-09         8.55867       12.922587        1016.744       14.358298       1405.4484      -15.438354       -15.438354       2449.4733          14.358298             1405.4484          12.922587                       22.77704                      398.76261                                586.63817                        8.5662131
              1       1210.0328       1.0425092     0.022460849       0.1183589     0.059048987       3.0499387        0.967991      0.99989748      0.30373349      0.69618876      0.80869314     0.048225115      0.25412537      0.81370966       13.760429       147.43221       68.245882    2.111405e-09       8.1094513       13.118501       1018.2386       14.522654       1405.3322      -15.573174       -15.573174       2451.2119          14.522654             1405.3322          13.118501                      23.072292                      397.09628                                589.25117                        8.8188333
              1       1211.7821       1.0423473     0.022540071      0.11898405     0.057742599       3.0467452      0.96485863      0.99855831        0.307104      0.69281777      0.80811037     0.048689813      0.25702276      0.81762242        13.75963       147.17809       68.039103   2.1046731e-09       7.9718781        16.86759       1016.8056        15.76027       1404.7722      -15.320669       -15.320669       2454.2056           15.76027             1404.7722           16.86759                      23.768775                      396.82331                                587.58766                        8.6258146
              6       1211.8944       1.0423368     0.022536094      0.11899495     0.057749778       3.0461973      0.96498817      0.99830528      0.30721816      0.69270359      0.80797265     0.048696949      0.25712934        0.817635       13.760417        147.1796       68.028117   2.1035201e-09       7.9739838       17.005512       1016.7267       15.827439       1404.7545      -15.262643       -15.262643       2454.3141          15.827439             1404.7545          17.005512                      23.730236                      396.82331                                587.53059                        8.6425323
              7         1211.93       1.0424467     0.022550221      0.11895381     0.057863539       3.0470981      0.96509354      0.99863337      0.30658038      0.69334152      0.80826948     0.048635558      0.25655557      0.81708593        13.75545        147.1749       68.092369   2.1054159e-09       7.9817047       16.147118       1018.0682       15.436621       1404.8542      -15.323064       -15.323064       2454.5061          15.436621             1404.8542          16.147118                      23.730122                      396.85151                                588.83837                        8.6481897
              2       1211.5029       1.0419667     0.022391849       0.1182154     0.059046975       3.0427405      0.96473072      0.99681571      0.30499471       0.6949271      0.80410161     0.048349226      0.25525464      0.81076773       13.783314       147.54724        68.05346   2.0962613e-09       8.1220856       14.688624       1017.1335       15.672708       1405.1136      -14.801322       -14.801322       2452.6084          15.672708             1405.1136          14.688624                      23.670598                      397.18366                                587.29182                        8.9874159
              1       1211.3813        1.041975     0.022412054      0.11807687     0.059579686       3.0437789      0.96451123      0.99689617      0.30410712      0.69581485      0.80390031     0.048292476      0.25442669      0.80938446       13.780259       147.56179       68.124149   2.0984392e-09       8.1670074        13.91369       1018.0057       15.245125       1405.2663      -14.834127       -14.834127       2452.4308          15.245125             1405.2663           13.91369                      23.757527                      397.36415                                587.89519                        8.9888767
              1       1211.3246       1.0421969     0.022290052      0.11773601     0.060941897       3.0559303       0.9666857       1.0020095      0.30232647       0.6975957      0.80899187     0.047905476      0.25303663      0.81212263       13.785081       147.78928       68.212343   2.1240937e-09        8.324234       12.069989       1020.8359       14.719956       1405.5887      -15.282707       -15.282707       2453.2145          14.719956             1405.5887          12.069989                      23.279258                      397.85446                                591.02756                        8.6746433
              2       1211.0246       1.0417811     0.022368848      0.11813777     0.057668233       3.0476039      0.96470357       1.0004218      0.30526987      0.69465181      0.80571603     0.048377605      0.25549918      0.81276192       13.790955       147.59348       67.998546   2.1064811e-09       7.9887238       15.147627        1017.032       16.008951       1405.0673      -15.603364       -15.603364       2453.2558          16.008951             1405.0673          15.147627                      23.641828                      396.76603                                 587.9633                        8.6607992
              1       1212.2144       1.0417119     0.022329725      0.11818992     0.055161453       3.0438814      0.96404407       1.0010465      0.30598939      0.69393212      0.80429768     0.048402351       0.2561908      0.81228675       13.797449       147.62291       67.921686   2.0986542e-09       7.7465668       15.881921       1018.1721       16.485559       1404.9488       -15.52977        -15.52977       2455.4884          16.485559             1404.9488          15.881921                      23.671277                      396.21031                                589.53329                        8.7572233
              4       1212.5087       1.0418237      0.02242809      0.11846003     0.044786564       3.0269593      0.96580628       1.0023569      0.30653026      0.69339131      0.79867143     0.048574709      0.25656048      0.80731719       13.784832       147.44044       67.950247   2.0634395e-09       6.6473846       16.660886       1017.4913       16.307639        1404.862      -15.152222       -15.152222       2455.3218          16.307639              1404.862          16.660886                      23.039314                      396.21339                                588.60034                        9.6382636
              2        1212.847       1.0418578     0.022318996      0.11809162     0.046440563       3.0278519      0.96419231       1.0019267      0.30508206      0.69483962      0.79776583     0.048272922      0.25541596      0.80449461       13.793779       147.66043       67.996339    2.065282e-09       6.8411102       14.714808       1020.4946       16.022535       1405.0988      -15.318394       -15.318394       2456.3308          16.022535             1405.0988          14.714808                      23.331974                      395.90015                                591.30009                        9.9623947
              1       1212.3371       1.0418747     0.022339586      0.11787008     0.045914685       3.0245379      0.96530922       1.0011483      0.30371901      0.69620291      0.79595902     0.048170209      0.25415987      0.80087746       13.790032       147.69673       68.100186   2.0584491e-09       6.7779388       13.521096       1021.4551        15.38941       1405.3347      -15.513004       -15.513004       2455.7003           15.38941             1405.3347          13.521096                      23.063114                      396.01646                                591.79965                        10.575883
              3       1213.0278       1.0422566     0.022280201      0.11849285     0.049141169       3.0270098          0.9644      0.99876045      0.30627255      0.69364903      0.79936151     0.048253073      0.25662444        0.807675        13.78789       147.59669        67.95119   2.0635437e-09       7.1422272       15.242473       1020.5645       16.301781       1404.9031       -15.47818        -15.47818       2457.0119          16.301781             1404.9031          15.242473                      23.342859                      395.70332                                591.42261                         10.09572
              2       1211.2178       1.0424265     0.022307946      0.11791035     0.062524495       3.0549931       0.9676923      0.99994173      0.30247251      0.69744973      0.80965542     0.047901633      0.25318773      0.81298504       13.777142        147.7227       68.242454    2.122104e-09        8.477951       12.002109       1021.5536       14.542759       1405.5614      -15.612162       -15.612162       2453.6599          14.542759             1405.5614          12.002109                      23.126034                      398.41308                                591.21904                         8.795477
