#        weight    minuslogpost     theta_s_100         omega_b       omega_cdm        tau_reio            logA             n_s       shmr_beta        A_planck         Omega_m    Omega_Lambda          sigma8         Omega_b       Omega_cdm              S8             age         rs_drag              H0             A_s          z_reio       chi2__BAO       chi2__CMB        chi2__H0        chi2__SN   minuslogprior minuslogprior__0            chi2 chi2__jwst_likelihood_uvlf.UVLFLikelihood chi2__H0.riess2020 chi2__sn.pantheonplus chi2__bao.desi_dr2 chi2__planck_2018_lowl.TT_clik chi2__planck_2018_lowl.EE_clik chi2__planck_2018_highl_plik.TTTEEE_lite chi2__planck_2018_lensing.native
              3        1277.626       1.0417185     0.022292432      0.11984857     0.065643859       3.0502865      0.97295182            1.35       0.9941895      0.31524773      0.68467231       0.8153692     0.049218278       0.2646073      0.83583329       13.808742       147.22415        67.30007   2.1121396e-09       8.8176727       29.933772       1023.1457       20.597141       1403.7308      -13.333973       -13.333973       2581.9199                                 104.51256          20.597141             1403.7308          29.933772                      21.935468                      399.79592                                592.28898                        9.1253235
              1       1277.0491       1.0418548     0.022242472      0.11991104     0.065184314       3.0505344      0.97245339            1.35      0.99454752       0.3154739       0.6844461      0.81585472     0.049138899      0.26491195      0.83663094       13.810298       147.26303       67.278889   2.1126631e-09       8.7874908       29.698614       1022.1857       20.745297        1403.708      -13.626437       -13.626437        2581.351                                 105.01334          20.745297              1403.708          29.698614                      22.021875                       399.5976                                591.40361                         9.162591
              1       1277.9435       1.0418704     0.022235909      0.11946033     0.068201434       3.0500173      0.97012291            1.35      0.99437688      0.31298511      0.68693527      0.81345947     0.048893424      0.26267533      0.83087775       13.808546       147.39014       67.437618    2.111571e-09       9.0696564       25.021228       1036.8738       19.647959       1403.9764      -13.469925       -13.469925       2582.8269                                 97.307474          19.647959             1403.9764          25.021228                      22.216366                      401.14286                                604.22067                        9.2939565
              8       1269.4706       1.0417231     0.022291886      0.11954741     0.065774735       3.0494899      0.96919778            1.35      0.99396131      0.31357928      0.68634102      0.81289009     0.049060254      0.26310141      0.83108392       13.807337       147.30456       67.407545   2.1104575e-09       8.8246918       26.748735       1018.4584       19.853574       1403.9087      -13.117427       -13.117427       2565.1761                                 96.206786          19.853574             1403.9087          26.748735                      22.640195                      399.98132                                 586.9361                        8.9007389
              1         1268.42       1.0417231     0.022291886      0.11954741     0.065774735       3.0494899      0.96919778       1.3758303      0.99419894      0.31357928      0.68634102      0.81289009     0.049060254      0.26310141      0.83108392       13.807337       147.30456       67.407545   2.1104575e-09       8.8246918       26.748735       1019.2877       19.853574       1403.9087      -13.337578       -13.337578       2563.5152                                 93.716493          19.853574             1403.9087          26.748735                      22.607695                      399.98338                                587.78149                        8.9151219
              4       1268.5342       1.0417564      0.02231372      0.11946388     0.065532794       3.0493409      0.96999444       1.3758303      0.99307207      0.31288388      0.68703657      0.81273744     0.049020629      0.26244816      0.83000599       13.803628       147.30243         67.4678   2.1101431e-09       8.7945099       25.542356       1017.3384       19.442673       1403.9882      -12.197583       -12.197583       2561.4635                                 95.151863          19.442673             1403.9882          25.542356                      22.639925                      399.83528                                585.98523                         8.877977
              1       1269.2939       1.0418995     0.022377915      0.11968497     0.064182243       3.0512167      0.96988823       1.3758303      0.99379499      0.31325999      0.68666052      0.81408372      0.04912236      0.26272367      0.83188043       13.793454        147.1725       67.494782   2.1141051e-09       8.6527252       26.207811       1019.0703       19.260065       1403.9448      -12.959077       -12.959077        2564.506                                 96.022948          19.260065             1403.9448          26.207811                      22.812643                      399.20384                                588.04725                        9.0066024
              1       1267.7929       1.0418152     0.022379567      0.11952407     0.063357647       3.0516966      0.96960681       1.3758303      0.99475391      0.31263052      0.68729006      0.81356765     0.049082039      0.26213579       0.8305174       13.795086       147.21319       67.524991   2.1151199e-09       8.5691986        25.31339       1019.5416       19.056642       1404.0179       -13.83718        -13.83718       2563.2602                                 95.330659          19.056642             1404.0179           25.31339                      22.878694                      398.81277                                 588.8935                        8.9566242
              1        1265.025       1.0418361     0.022411207       0.1192901     0.065099797       3.0518567      0.97006139       1.3758303      0.99647313      0.31109597      0.68882488      0.81287446     0.048979693      0.26070852      0.82777069       13.790032       147.24028        67.64327   2.1154585e-09       8.7250214          22.855       1020.0594       18.270563       1404.2071      -15.033307       -15.033307       2560.1167                                 94.724596          18.270563             1404.2071             22.855                      22.434268                       399.5211                                589.20532                        8.8987062
              1       1265.9183       1.0418361     0.022411207       0.1192901     0.065099797       3.0518567      0.97006139       1.3329377      0.99637077      0.31109597      0.68882488      0.81287446     0.048979693      0.26070852      0.82777069       13.790032       147.24028        67.64327   2.1154585e-09       8.7250214          22.855        1019.533       18.270563       1404.2071      -14.977485       -14.977485       2561.7916                                 96.925918          18.270563             1404.2071             22.855                      22.447788                       399.5211                                588.67604                        8.8880453
              3       1265.2226       1.0418343     0.022410329      0.11929283     0.065140854         3.05186      0.97005548       1.3329377      0.99576745      0.31112157      0.68879928      0.81288507     0.048981168      0.26073255      0.82781556       13.790191       147.24054       67.640927   2.1154656e-09       8.7292328       22.895649       1017.3104       18.285975       1404.2038      -14.598423       -14.598423       2559.6421                                 96.946287          18.285975             1404.2038          22.895649                      22.524734                       399.5501                                586.39539                        8.8401604
              4       1266.1879       1.0418093     0.022430838      0.11934295      0.06530351       3.0517633      0.96955012       1.3329377      0.99596662      0.31134767      0.68857316      0.81275274     0.049037291       0.2609022      0.82798149       13.788965       147.20454       67.633135   2.1152609e-09       8.7404633        23.42037        1019.427        18.33727        1404.175      -14.719553       -14.719553       2561.8149                                 96.455279           18.33727              1404.175           23.42037                      22.568158                      399.63434                                588.37149                        8.8529746
              2       1266.5006       1.0418405     0.022413549      0.11950434     0.063936538        3.051873      0.97038298       1.3329377      0.99605117       0.3122371      0.68768359      0.81369789     0.049089801      0.26173652      0.83012752         13.7906        147.1808       67.570896    2.115493e-09       8.6169281       24.751239       1016.1361       18.749592        1404.065      -14.782667       -14.782667       2562.5665                                 98.864506          18.749592              1404.065          24.751239                      22.509545                      399.02958                                 585.7314                        8.8656073
              1       1265.3665       1.0418004     0.022383464      0.11932222     0.064308534       3.0527211      0.97053226       1.3329377      0.99645107       0.3115493      0.68837144      0.81355955     0.048988842      0.26115069      0.82907174       13.794214       147.26247       67.595076    2.117288e-09       8.6569366       23.535088       1016.0883       18.588857       1404.1496      -15.033189       -15.033189       2560.7994                                 98.437556          18.588857             1404.1496          23.535088                      22.469337                      399.15285                                585.62574                        8.8403594
              2       1259.3759       1.0418382     0.022294704      0.11884687     0.060235006       3.0521742      0.96802928       1.3329377      0.99970524      0.30937634      0.69054465      0.81135846      0.04864703       0.2593238      0.82394019       13.800449       147.48709        67.69751   2.1161304e-09        8.272995       19.740773       1014.9971       17.915622       1404.4375      -16.026756       -16.026756       2550.8053                                 93.714306          17.915622             1404.4375          19.740773                      22.953422                      397.61334                                 585.7559                        8.6744251
              1       1257.9873       1.0417838     0.022327493       0.1187287     0.059376587       3.0516631      0.96777182       1.3329377       1.0005991      0.30870383      0.69121728      0.81048684     0.048641965      0.25865857         0.82216       13.798023       147.48198       67.750799    2.115049e-09       8.1782379       19.058019       1013.9042        17.57029       1404.5329      -16.014312       -16.014312       2548.0032                                 92.937718           17.57029             1404.5329          19.058019                      22.958841                      397.30396                                584.99459                        8.6468172
              6       1258.9169       1.0417838     0.022327493       0.1187287     0.059376587       3.0516631      0.96777182       1.3962523       1.0014635      0.30870383      0.69121728      0.81048684     0.048641965      0.25865857         0.82216       13.798023       147.48198       67.750799    2.115049e-09       8.1782379       19.058019       1013.4071        17.57029       1404.5329      -15.858015       -15.858015       2549.5498                                 94.981425           17.57029             1404.5329          19.058019                      22.836887                      397.25078                                 584.5987                         8.720749
              2       1258.9873       1.0417838     0.022327493       0.1187287     0.059376587       3.0516631      0.96777182       1.3804718       1.0002474      0.30870383      0.69121728      0.81048684     0.048641965      0.25865857         0.82216       13.798023       147.48198       67.750799    2.115049e-09       8.1782379       19.058019       1014.8108        17.57029       1404.5329      -16.033412       -16.033412       2550.0415                                 94.069423           17.57029             1404.5329          19.058019                      23.009199                      397.30396                                585.86874                        8.6288941
              1       1260.6088       1.0417307     0.022441758      0.11882241     0.059255257       3.0531198      0.96892892       1.3804718       1.0000021      0.30869212      0.69122911      0.81123504     0.048817397      0.25847354      0.82290338       13.787802       147.33004       67.801785   2.1181323e-09       8.1403351       19.621364       1017.9736       17.243034       1404.5346      -16.009409       -16.009409       2553.2365                                 93.863892          17.243034             1404.5346          19.621364                      22.939217                      397.19466                                589.19704                        8.6426376
              4       1258.8469       1.0421455     0.022603229      0.11836233     0.061053472       3.0521303      0.96652841       1.3804718       1.0005634       0.3040067      0.69591556      0.80822578     0.048524453      0.25409942      0.81360507       13.756067       147.27364       68.250356   2.1160373e-09       8.2715912       14.127386       1019.6119       14.496437       1405.2839      -15.780559       -15.780559        2549.255                                 95.735364          14.496437             1405.2839          14.127386                      23.241108                      397.77517                                589.68931                        8.9062691
              3        1257.043       1.0421566     0.022611222      0.11830824     0.060557675       3.0518001      0.96698443       1.3804718       1.0000808      0.30363779      0.69628454      0.80802318     0.048498495      0.25375769      0.81290744       13.754633       147.27913       68.280687   2.1153388e-09       8.2203522        13.80853       1016.4942       14.319314       1405.3492      -15.790417       -15.790417       2545.6668                                 95.695545          14.319314             1405.3492           13.80853                      23.257632                      397.57252                                 586.8961                        8.7679057
              1       1257.9099        1.042156      0.02261461       0.1182951     0.060634144       3.0518034      0.96697061       1.3804718      0.99845797      0.30354976      0.69637258      0.80796025      0.04849504      0.25367343       0.8127263       13.754229       147.27888       68.288235   2.1153459e-09       8.2266693       13.742074       1017.8674       14.275406       1405.3649      -15.594203       -15.594203       2547.0083                                 95.758404          14.275406             1405.3649          13.742074                      23.501568                      397.60675                                588.23195                        8.5271643
              2       1257.8953       1.0421096     0.022593436      0.11821484     0.061216516       3.0513623      0.96616713       1.3804718      0.99821967      0.30338368      0.69653865      0.80730367     0.048457851      0.25354431      0.81184367       13.757501       147.32375       68.282445    2.114413e-09       8.2870331        13.60088       1017.0148       14.309081       1405.3947      -15.570155       -15.570155        2546.931                                 96.611536          14.309081             1405.3947           13.60088                      23.624398                      397.85358                                586.95288                        8.5838939
              3       1257.8703       1.0421747     0.022546271      0.11854755     0.061801259       3.0518611      0.96616415       1.3804718      0.99895971      0.30524479      0.69467722      0.80890361      0.04855532      0.25530227      0.81594386        13.76213       147.28751        68.14264   2.1154679e-09       8.3614349       15.110186        1016.779       15.134254       1405.0716      -15.812888       -15.812888       2547.3664                                 95.271353          15.134254             1405.0716          15.110186                      23.412004                      398.09583                                586.52803                        8.7431747
              2       1257.0348       1.0422815     0.022494311      0.11816144     0.062243965       3.0517188      0.96678227       1.3804718      0.99841517      0.30316393      0.69675837      0.80801496     0.048262345      0.25351957      0.81226462       13.762726       147.44801       68.270351   2.1151668e-09       8.4098663        12.99305        1016.956       14.379548       1405.4344      -15.763163       -15.763163        2545.596                                 95.832971          14.379548             1405.4344           12.99305                      23.358547                       398.2745                                586.50065                        8.8222873
              5       1257.2954       1.0422815     0.022494311      0.11816144     0.062243965       3.0517188      0.96678227       1.3784062      0.99853136      0.30316393      0.69675837      0.80801496     0.048262345      0.25351957      0.81226462       13.762726       147.44801       68.270351   2.1151668e-09       8.4098663        12.99305       1017.0491       14.379548       1405.4344      -15.792447       -15.792447       2546.1757                                 96.319585          14.379548             1405.4344           12.99305                      23.341002                       398.2745                                586.58645                        8.8471943
              1       1258.2333       1.0422815     0.022494311      0.11816144     0.062243965       3.0517188      0.96678227       1.3379624      0.99964418      0.30316393      0.69675837      0.80801496     0.048262345      0.25351957      0.81226462       13.762726       147.44801       68.270351   2.1151668e-09       8.4098663        12.99305       1020.2167       14.379548       1405.4344      -15.959766       -15.959766        2548.386                                 95.362383          14.379548             1405.4344           12.99305                       23.17478                      398.23616                                589.68144                        9.1242746
             13       1256.2226       1.0424142     0.022484697       0.1178791     0.062900973       3.0516602      0.96663854       1.3379624      0.99839521      0.30132127      0.69860134      0.80712466     0.048047775      0.25189704       0.8089001       13.758484       147.53413       68.407998   2.1150429e-09        8.470932       11.648846       1020.3312       13.587744       1405.7803      -15.773664       -15.773664       2543.9925                                 92.644357          13.587744             1405.7803          11.648846                      23.366654                      398.51315                                589.36014                        9.0912706
              5       1259.0604       1.0423729     0.022404859      0.11819768     0.063937921       3.0505888      0.96474035       1.3379624      0.99700586      0.30360601      0.69631615      0.80750795     0.048158654       0.2540628      0.81234659       13.769727       147.53794       68.207784    2.112778e-09        8.595871       13.030704       1022.8315       14.746879       1405.3548      -15.317776       -15.317776       2548.7564                                 92.792483          14.746879             1405.3548          13.030704                      23.728842                      399.08692                                590.96334                        9.0523722
              5       1258.2005       1.0423884     0.022386149      0.11881081     0.061937787       3.0517265      0.96589795       1.3379624      0.99735851      0.30696191      0.69295972      0.81052105     0.048446431      0.25712149      0.81987173       13.774079       147.39513         67.9765   2.1151831e-09       8.4182892       16.112402       1017.9871       16.144944       1404.7942      -15.482987       -15.482987        2547.367                                 92.328309          16.144944             1404.7942          16.112402                      23.615498                      398.28118                                587.46356                        8.6268771
              2       1257.6527       1.0424462     0.022393909      0.11879602     0.061903296       3.0516394       0.9663399       1.3379624      0.99797509      0.30666145      0.69326026      0.81059141     0.048418188      0.25685056      0.81954152       13.771461       147.39044       68.008107   2.1149989e-09        8.412674       15.724989       1017.8546       15.950149       1404.8413      -15.710892       -15.710892       2546.7272                                 92.356164          15.950149             1404.8413          15.724989                      23.426479                      398.24059                                587.47422                        8.7133187
              2       1257.9395       1.0423275     0.022328308      0.11830144     0.062312739       3.0519168      0.96461476       1.3379624      0.99888145      0.30474542      0.69517647      0.80864265     0.048164948      0.25519099      0.81501314       13.779742       147.59534       68.086711   2.1155858e-09       8.4597015       13.829832       1020.8777       15.470844       1405.1559      -15.944146       -15.944146       2547.7672                                 92.432892          15.470844             1405.1559          13.829832                      23.704987                      398.43037                                589.90963                        8.8327612
              1       1259.8236       1.0423275     0.022328308      0.11830144     0.062312739       3.0519168      0.96461476       1.3904152      0.99854971      0.30474542      0.69517647      0.80864265     0.048164948      0.25519099      0.81501314       13.779742       147.59534       68.086711   2.1155858e-09       8.4597015       13.829832       1020.4731       15.470844       1405.1559      -15.864961       -15.864961       2551.3771                                 96.447398          15.470844             1405.1559          13.829832                      23.757654                      398.44123                                589.50771                        8.7665139
              1       1259.5296       1.0421313     0.022378476      0.11845644     0.062190577       3.0521134      0.96417477       1.3904152      0.99853465      0.30587502      0.69404669      0.80873651      0.04838184      0.25610057      0.81661702       13.780948       147.49809       68.010202   2.1160017e-09       8.4379425       15.299646       1017.3489       15.937279       1404.9674      -15.860205       -15.860205       2550.7796                                  97.22629          15.937279             1404.9674          15.299646                      23.871433                      398.39417                                586.44042                        8.6429053
              1       1258.8616       1.0420114     0.022309358      0.11862379     0.062035072       3.0523747      0.96602672       1.3904152      0.99903017      0.30755013       0.6923712      0.81016118     0.048462902      0.25768797      0.82029254       13.792688       147.53039       67.848278   2.1165548e-09       8.4421539       17.116652        1015.586       16.947293       1404.7037      -15.953668       -15.953668       2549.6306                                 95.277063          16.947293             1404.7037          17.116652                      23.348179                      398.33215                                 585.2209                        8.6847339
              1       1257.4311       1.0420601     0.022376638      0.11803554     0.063427091        3.053929      0.96793715       1.3904152      0.99826106      0.30383712      0.69608488      0.80912029     0.048199568      0.25425008      0.81427834       13.781314       147.61266       68.135877    2.119847e-09       8.5502472       13.488436       1016.8361       15.174761       1405.3138      -15.790443       -15.790443        2546.443                                 95.630039          15.174761             1405.3138          13.488436                      23.123339                        398.747                                586.28692                        8.6788043
              1       1257.4593       1.0420611     0.022376107        0.118039     0.063406625       3.0539279      0.96794801       1.3904152      0.99825204      0.30385601      0.69606599      0.80913818      0.04820042      0.25426805      0.81432165        13.78136       147.61233       68.134465   2.1198447e-09       8.5481415       13.501732        1016.886        15.18322       1405.3104      -15.788028       -15.788028       2546.4946                                 95.613264           15.18322             1405.3104          13.501732                       23.12427                      398.74672                                586.34052                        8.6744699
              2       1256.6169       1.0420611     0.022376107        0.118039     0.063406625       3.0539279      0.96794801       1.3791078      0.99856458      0.30385601      0.69606599      0.80913818      0.04820042      0.25426805      0.81432165        13.78136       147.61233       68.134465   2.1198447e-09       8.5481415       13.501732       1016.4054        15.18322       1405.3104      -15.873437       -15.873437       2544.9806                                 94.579773           15.18322             1405.3104          13.501732                       23.07839                      398.74522                                585.85728                        8.7245527
              2       1256.6965       1.0420829     0.022386573      0.11803402     0.063501737       3.0536529      0.96807705       1.3791078      0.99926314      0.30370302      0.69621902       0.8090253     0.048196809      0.25411942      0.81400304       13.779566         147.602        68.15295   2.1192619e-09       8.5551605       13.377164       1016.9972       15.072609       1405.3375      -15.992439       -15.992439       2545.3778                                  94.59333          15.072609             1405.3375          13.377164                       22.92638                      398.76394                                586.37212                         8.934744
              8       1256.5105       1.0421342     0.022379048      0.11789701      0.06335498       3.0537061      0.96800716       1.3791078      0.99915285      0.30285983      0.69706235       0.8086279     0.048096122      0.25337936      0.81247298       13.778199       147.64703       68.212784   2.1193744e-09       8.5404205       12.660822       1017.2047       14.717348       1405.4898      -15.980266       -15.980266       2544.9815                                 94.908795          14.717348             1405.4898          12.660822                      22.995621                      398.70447                                 586.6014                        8.9032448
              1       1256.8683       1.0421342     0.022379048      0.11789701      0.06335498       3.0537061      0.96800716        1.363763      0.99920721      0.30285983      0.69706235       0.8086279     0.048096122      0.25337936      0.81247298       13.778199       147.64703       68.212784   2.1193744e-09       8.5404205       12.660822       1017.2521       14.717348       1405.4898      -15.992263       -15.992263       2545.7212                                 95.601074          14.717348             1405.4898          12.660822                      22.987798                      398.70447                                586.64415                        8.9156689
              2       1255.7663       1.0421494     0.022387078      0.11786078     0.063023153       3.0537801      0.96809209        1.363763      0.99987355      0.30257419      0.69734804      0.80853855     0.048077622      0.25311325      0.81200003       13.776717       147.64774       68.238146   2.1195313e-09       8.5053253       12.463113       1017.3904       14.568047       1405.5425      -16.039326       -16.039326       2543.6112                                 93.647097          14.568047             1405.5425          12.463113                      22.925522                      398.52584                                586.94011                        8.9989798
              1       1255.8105       1.0421494     0.022387078      0.11786078     0.063023153       3.0537801      0.96809209       1.3378042      0.99831969      0.30257419      0.69734804      0.80853855     0.048077622      0.25311325      0.81200003       13.776717       147.64774       68.238146   2.1195313e-09       8.5053253       12.463113        1018.621       14.568047       1405.5425      -15.815032       -15.815032        2543.251                                 92.056277          14.568047             1405.5425          12.463113                      23.150861                      398.57596                                588.21644                        8.6777847
              3       1255.7962        1.042169     0.022412511      0.11816494     0.063698744       3.0544227      0.96724751       1.3378042      0.99936396      0.30399575       0.6959263      0.80950272     0.048245514      0.25436366      0.81487584       13.774834       147.53814       68.157992   2.1208937e-09       8.5699005       13.586328       1017.5886       15.042513       1405.2858      -15.999293       -15.999293       2543.5909                                 92.087716          15.042513             1405.2858          13.586328                      23.120596                      398.85637                                586.73008                        8.8815421
              2       1256.0318       1.0417217     0.022494507      0.11802144      0.06208763        3.054466      0.96648357       1.3378042      0.99936923       0.3040871      0.69583489       0.8080514     0.048457673      0.25424183      0.81353709       13.778742       147.48513       68.132914   2.1209856e-09       8.3909149       14.442706       1016.7644       15.192522       1405.2698       -15.93783        -15.93783       2543.9392                                 92.269782          15.192522             1405.2698          14.442706                      23.482957                      398.20872                                586.59369                        8.4790773
             14       1254.0604       1.0419494     0.022441676      0.11768925     0.061463372       3.0543684      0.96886729       1.3378042       1.0016306      0.30193642      0.69798591      0.80801447     0.048133237      0.25242163      0.81061804       13.776035       147.63265       68.281823   2.1207786e-09       8.3375702       12.331827       1015.4287       14.312703       1405.6622      -15.802517       -15.802517       2539.7258                                 91.990359          14.312703             1405.6622          12.331827                      22.749384                      397.84059                                585.92024                        8.9185317
              1       1253.9844       1.0419494     0.022441676      0.11768925     0.061463372       3.0543684      0.96886729       1.3350007       1.0011034      0.30193642      0.69798591      0.80801447     0.048133237      0.25242163      0.81061804       13.776035       147.63265       68.281823   2.1207786e-09       8.3375702       12.331827       1015.4568       14.312703       1405.6622      -15.917273       -15.917273       2539.8033                                 92.039742          14.312703             1405.6622          12.331827                      22.822843                      397.86994                                585.96441                        8.7996109
              3       1255.1013       1.0420298     0.022417139       0.1172919      0.05981828       3.0532306      0.96782619       1.3350007         1.00262      0.29972285      0.70019982       0.8060225     0.047871583      0.25047572       0.8056501       13.774366       147.76641       68.430734   2.1183669e-09       8.1761322       11.046595       1017.9053        13.45911       1406.0992      -15.479732       -15.479732       2541.1621                                 92.651999           13.45911             1406.0992          11.046595                      22.967841                      397.28566                                588.60193                         9.049828
              4       1254.8664       1.0419814     0.022401566      0.11736424     0.060029615       3.0530088      0.96806103       1.3350007       1.0024464      0.30033934       0.6995832      0.80628139     0.047917347      0.25104418      0.80673727       13.777821        147.7644       68.374287   2.1178972e-09       8.2014008       11.326856       1017.3644        13.77959       1405.9741      -15.556875       -15.556875       2540.8465                                 92.401602           13.77959             1405.9741          11.326856                      22.886326                      397.37934                                588.03459                        9.0641022
              3       1255.3585       1.0421646     0.022414715      0.11777174     0.058947311       3.0535483      0.96776253       1.3350007       1.0020674      0.30189345      0.69802892      0.80793494     0.048049617      0.25246303      0.81048058       13.772889       147.64038       68.300148   2.1190402e-09       8.0996246       12.061517       1018.1667       14.206241       1405.6704      -15.688138       -15.688138       2542.0932                                 91.988371          14.206241             1405.6704          12.061517                      23.123356                       397.0642                                 589.3267                        8.6524411
              1       1255.9688       1.0423154     0.022351802      0.11803044     0.058754642       3.0517561      0.96829215       1.3350007       1.0030958      0.30319152      0.69673063      0.80866728     0.048053966      0.25375273      0.81295736       13.776331       147.64127       68.201144   2.1152457e-09       8.0996246       12.666712       1017.7072       14.786133       1405.4294      -15.278612       -15.278612       2542.4949                                 91.905422          14.786133             1405.4294          12.666712                      22.717414                      397.00439                                588.84964                        9.1358047
              6       1256.1764       1.0422091     0.022336942      0.11838192      0.05897769       3.0519418      0.97001911       1.3350007       1.0018613       0.3054835      0.69443825       0.8104523     0.048269826       0.2558217      0.81782562       13.782723       147.56392       68.025852   2.1156385e-09       8.1312103        14.68131       1015.3639       15.841304       1405.0318      -15.767599       -15.767599        2543.888                                 92.969651          15.841304             1405.0318           14.68131                      22.479441                      397.08022                                586.94469                        8.8595901
              2       1256.4714       1.0422091     0.022336942      0.11838192      0.05897769       3.0519418      0.97001911       1.3731206        1.001839       0.3054835      0.69443825       0.8104523     0.048269826       0.2558217      0.81782562       13.782723       147.56392       68.025852   2.1156385e-09       8.1312103        14.68131       1015.3853       15.841304       1405.0318      -15.771892       -15.771892       2544.4866                                 93.546857          15.841304             1405.0318           14.68131                      22.482372                      397.08022                                586.96667                        8.8560572
              4       1256.9233       1.0422126     0.022338906      0.11847735     0.059648572       3.0522303      0.97003877       1.3731206       1.0007427      0.30597547      0.69394621      0.81089745     0.048318523      0.25626369      0.81893345       13.782849       147.53632       67.994554    2.116249e-09       8.1985931       15.169977       1016.2069       16.033532       1404.9511      -15.998497       -15.998497       2545.8435                                 93.482006          16.033532             1404.9511          15.169977                      22.564983                      397.29048                                587.57756                        8.7738759
              4       1257.0771       1.0421997     0.022337426       0.1186013     0.059947731       3.0519882      0.97040366       1.3731206       1.0007638      0.30669146       0.6932301      0.81133078     0.048386489      0.25690966      0.82032919        13.78396       147.50494       67.944532   2.1157368e-09       8.2308807       15.938591        1015.406       16.343161       1404.8365      -15.995828       -15.995828       2546.1459                                 93.621603          16.343161             1404.8365          15.938591                      22.428161                      397.41366                                586.71416                        8.8500122
              4       1256.4903       1.0421674     0.022371524      0.11855696     0.060238363       3.0518241       0.9700036       1.3731206       1.0001604       0.3063488      0.69357284       0.8108188     0.048409712      0.25654525      0.81935343       13.781077       147.47884       67.980059   2.1153897e-09       8.2505341       15.725946       1014.8362       16.122952       1404.8909      -16.039323       -16.039323       2545.0592                                 93.483217          16.122952             1404.8909          15.725946                      22.558521                      397.49758                                585.98302                        8.7970503
              4       1256.9679       1.0422138     0.022324278      0.11792857     0.061522342       3.0509956      0.96999896       1.3731206       1.0006593       0.3031088      0.69681329      0.80855531     0.048025763      0.25369732      0.81273391       13.781824       147.69949       68.179149   2.1136378e-09       8.3761749       12.645393       1019.2486       14.916536       1405.4444      -16.005882       -16.005882       2545.9475                                  93.69256          14.916536             1405.4444          12.645393                      22.377033                      397.90831                                589.57566                        9.3876321
             10       1257.6896        1.042216     0.022252312       0.1180558     0.061490113       3.0501458      0.97041851       1.3731206      0.99897554      0.30420369      0.69571816      0.80908147     0.048025027      0.25478849       0.8147303       13.790051       147.74579       68.069688   2.1118423e-09       8.3930206       13.312863        1019.648       15.574025       1405.2494      -15.924259       -15.924259       2547.2278                                 93.443562          15.574025             1405.2494          13.312863                      22.424686                      397.92796                                590.23117                        9.0641912
              1       1256.6287        1.041974     0.022330451      0.11781066     0.062207809       3.0513603      0.96927843       1.3731206      0.99988175      0.30315657      0.69676545      0.80783298     0.048084747      0.25368479      0.81207183       13.787766       147.72426       68.146738   2.1144088e-09       8.4393463       12.933515       1017.7353       15.109735       1405.4357      -16.040559       -16.040559       2545.3386                                 94.124405          15.109735             1405.4357          12.933515                      22.571856                      398.19659                                587.78669                        9.1801115
              1       1256.7354       1.0419818     0.022341287      0.11763202     0.063137252       3.0511554      0.96957792       1.3731206      0.99829953      0.30211372      0.69780848      0.80718372     0.047999801      0.25273001      0.81002233       13.785529       147.76014       68.223559   2.1139755e-09       8.5235748        12.21732       1018.1774       14.653826       1405.6286       -15.81147        -15.81147       2545.0938                                 94.416582          14.653826             1405.6286           12.21732                      22.647329                      398.54333                                587.89847                        9.0883008
              2       1256.5393       1.0420206     0.022420154       0.1174691     0.063855433       3.0515579       0.9706212       1.3731206      0.99732882       0.3006752      0.69924732      0.80680356     0.047968561       0.2513285      0.80771097       13.775164       147.71587       68.366122   2.1148266e-09       8.5706024       11.491795       1018.3205       13.826257        1405.907      -15.454283       -15.454283       2543.9872                                 94.441618          13.826257              1405.907          11.491795                      22.580813                      398.75175                                587.95131                        9.0365891
              6       1253.4078       1.0420206     0.022420154       0.1174691     0.063855433       3.0515579       0.9706212        1.259911      0.99788431       0.3006752      0.69924732      0.80680356     0.047968561       0.2513285      0.80771097       13.775164       147.71587       68.366122   2.1148266e-09       8.5706024       11.491795       1017.5545       13.826257        1405.907      -15.610933       -15.610933       2538.0374                                 89.257849          13.826257              1405.907          11.491795                      22.506154                      398.76288                                587.09361                        9.1918563
              5       1255.6195       1.0420443     0.022416851      0.11748859     0.064100581       3.0515606      0.97002038        1.259911       0.9972762      0.30072796      0.69919456      0.80672231     0.047964385      0.25138535      0.80770048       13.774904       147.71435       68.364062   2.1148322e-09       8.5951691       11.496532       1018.0389       13.838044       1405.8966      -15.377148       -15.377148       2541.9933                                 92.723301          13.838044             1405.8966          11.496532                      22.680147                      398.88477                                587.39182                        9.0821198
              7       1256.0785       1.0420773     0.022415501      0.11754064     0.064377559       3.0514527      0.97023051        1.259911       0.9969116      0.30091536      0.69900714      0.80695953     0.047974079      0.25156269      0.80818969       13.774312       147.70193       68.355097    2.114604e-09       8.6232452       11.567767       1018.0542       13.889398       1405.8596      -15.208269       -15.208269       2542.5735                                 93.202622          13.889398             1405.8596          11.567767                      22.648125                      399.02167                                587.29709                        9.0872706
              4       1258.8173       1.0419959     0.022359613      0.11755575     0.066165838       3.0520239      0.97066926        1.259911      0.99729857      0.30155835      0.69836396      0.80753839     0.047970633      0.25220578      0.80963305       13.782785       147.76043       68.272282   2.1158123e-09       8.8078461       11.894244       1021.8854       14.368289       1405.7344      -15.402842       -15.402842       2548.4402                                 94.557818          14.368289             1405.7344          11.894244                      22.345875                      399.83599                                590.12037                        9.5832086
              1        1256.352       1.0422151      0.02250198      0.11690672     0.066447176       3.0517387      0.97240045        1.259911      0.99567383      0.29666256      0.70326074      0.80527331     0.047664117      0.24763402      0.80078152       13.757926       147.77586       68.709152    2.115209e-09       8.7867889       10.322087       1021.0776       11.933557       1406.7592      -14.405378       -14.405378       2541.5148                                 91.422372          11.933557             1406.7592          10.322087                      22.331777                      399.77194                                589.36105                        9.6128258
              5       1257.5127       1.0422151      0.02250198      0.11690672     0.066447176       3.0517387      0.97240045       1.2320045      0.99671245      0.29666256      0.70326074      0.80527331     0.047664117      0.24763402      0.80078152       13.757926       147.77586       68.709152    2.115209e-09       8.7867889       10.322087       1021.6212       11.933557       1406.7592       -14.99505        -14.99505       2545.0156                                 94.379555          11.933557             1406.7592          10.322087                      22.198157                      399.75293                                 589.6329                         10.03719
              2       1258.3949       1.0421562     0.022509605      0.11698736      0.06526651       3.0515581      0.97193016       1.2320045      0.99578652      0.29721581      0.70270739      0.80525778     0.047739106       0.2481106      0.80151243       13.759256       147.74557       68.666799   2.1148269e-09       8.6744843       10.392286       1022.2801       12.159713       1406.6351      -14.430737       -14.430737       2545.6514                                 94.184164          12.159713             1406.6351          10.392286                      22.496003                      399.28476                                591.27416                        9.2252158
              3       1256.1516       1.0423228     0.022558592      0.11691683     0.064281884       3.0506772      0.97259954       1.2320045      0.99747155      0.29608476      0.70383872      0.80479923     0.047668259      0.24705539      0.79953035        13.74873       147.70986       68.792541   2.1129648e-09       8.5677948       10.304303       1020.5075       11.494496       1406.8912      -15.273691       -15.273691       2542.8507                                 93.653176          11.494496             1406.8912          10.304303                      22.225308                      398.75178                                589.66096                        9.8694544
              1       1256.3457       1.0423228     0.022558592      0.11691683     0.064281884       3.0506772      0.97259954       1.2903584      0.99646792      0.29608476      0.70383872      0.80479923     0.047668259      0.24705539      0.79953035        13.74873       147.70986       68.792541   2.1129648e-09       8.5677948       10.304303       1022.2132       11.494496       1406.8912      -14.863756       -14.863756        2542.419                                 91.515815          11.494496             1406.8912          10.304303                      22.354738                      398.77222                                591.60601                        9.4801971
              2       1254.0781       1.0418232     0.022516188      0.11724429     0.063619857       3.0515778      0.97224334       1.2903584      0.99842131      0.29951265       0.7004101      0.80594854     0.048031778       0.2501068      0.80529365       13.769715       147.66911       68.467285   2.1148686e-09       8.5200653       11.215043       1017.9378       13.253607       1406.1424      -15.720465       -15.720465       2539.5971                                 91.048126          13.253607             1406.1424          11.215043                      22.200669                      398.53461                                587.89943                        9.3031343
              2       1254.2802       1.0417733     0.022540235      0.11690886     0.063848645       3.0516535      0.97310021       1.2903584      0.99848569      0.29774535      0.70217768      0.80491836       0.0479056      0.24847075      0.80188798       13.767014       147.73239       68.593993   2.1150288e-09        8.529892       10.645118       1019.7554       12.553435       1406.5182      -15.705093       -15.705093       2539.9706                                 90.498442          12.553435             1406.5182          10.645118                      22.068374                      398.56883                                589.63112                        9.4870377
              3       1254.4251       1.0417751     0.022538187      0.11690453     0.063908499       3.0516755      0.97310482       1.2903584      0.99828822      0.29772867      0.70219437      0.80492353     0.047900744      0.24845894      0.80187066       13.767157       147.73584       68.594352   2.1150753e-09       8.5355072       10.638123       1019.9529       12.551473       1406.5219      -15.656958       -15.656958        2540.164                                  90.49972          12.551473             1406.5219          10.638123                      22.088331                       398.5862                                589.84756                        9.4307813
              1       1258.0781       1.0419663      0.02261012      0.11581256     0.066289391       3.0508564      0.97627469       1.2903584      0.99835009      0.29105478      0.70886943      0.80153573     0.047321019      0.24238564      0.78949544       13.748395       147.95013       69.123288   2.1133435e-09       8.7236176       11.466059       1028.1773       9.8340708       1408.1395      -15.555819       -15.555819       2547.2678                                 89.650879          9.8340708             1408.1395          11.466059                      21.480344                      399.30561                                595.67142                        11.719925
              5       1257.2243       1.0419664     0.022622561      0.11585654     0.066166971       3.0508953      0.97642108       1.2903584      0.99711603      0.29121509      0.70870911      0.80170206     0.047353924      0.24251285      0.78987671       13.747287       147.92435       69.118275   2.1134258e-09       8.7102814        11.37024       1025.6518       9.8582698        1408.097      -15.084008       -15.084008       2544.6167                                 89.639465          9.8582698              1408.097           11.37024                      21.600025                      399.28745                                593.87652                        10.887764
              3       1257.5725       1.0421067      0.02263866      0.11589822     0.066090722       3.0508119      0.97712379       1.2903584      0.99805024      0.29094481      0.70897949      0.80208662     0.047323989      0.24227432       0.7898888       13.741606       147.89512        69.16473   2.1132494e-09       8.7004547       11.570134       1026.9594       9.6351493       1408.1689      -15.412267       -15.412267       2545.9696                                 89.635995          9.6351493             1408.1689          11.570134                      21.395727                      399.17868                                594.85346                        11.531564
              5       1259.3856       1.0421067      0.02263866      0.11589822     0.066090722       3.0508119      0.97712379       1.3097734      0.99850649      0.29094481      0.70897949      0.80208662     0.047323989      0.24227432       0.7898888       13.741606       147.89512        69.16473   2.1132494e-09       8.7004547       11.570134        1028.648       9.6351493       1408.1689      -15.552285       -15.552285       2549.8758                                 91.853586          9.6351493             1408.1689          11.570134                      21.348286                      399.16473                                596.31911                        11.815902
              1       1259.5092       1.0423114     0.022789453      0.11582964     0.063807669       3.0499336      0.98008848       1.3097734      0.99880975      0.28919108      0.71073372      0.80193772     0.047324097      0.24052939       0.7873584       13.719138       147.74549       69.394617   2.1113943e-09       8.4470673        12.60123       1029.5582       8.5686036       1408.6481      -15.216395       -15.216395       2549.4511                                 90.075008          8.5686036             1408.6481           12.60123                      21.077167                      398.05905                                599.03354                        11.388408
              1       1261.3858       1.0422672     0.022723954      0.11569879     0.062471347       3.0480343      0.97987702       1.2976928       1.0013205      0.28899629      0.71092846      0.80088011     0.047222878      0.24043483      0.78605515       13.726759       147.85355       69.369046   2.1073878e-09       8.3333588       12.830272       1033.6497       8.6841457       1408.7027      -15.376558       -15.376558       2553.5248                                 89.657987          8.6841457             1408.7027          12.830272                       20.88321                      397.60519                                602.12967                        13.031636
              1       1257.0148       1.0424243     0.022696276      0.11600818     0.058719613       3.0476204      0.97656219       1.2933237       1.0019373      0.29029961      0.70962495      0.80105896     0.047282288      0.24167542      0.78800157       13.726587       147.80056        69.28322   2.1065158e-09       7.9831085       12.079786       1025.3495       9.0776127       1408.3426      -15.285096       -15.285096       2544.5998                                 89.750251          9.0776127             1408.3426          12.079786                       21.50407                      396.59147                                 596.1727                        11.081272
              1       1259.1724       1.0426852     0.022640088      0.11597848      0.05944674       3.0483523      0.97717336       1.2964374       1.0027839       0.2897137      0.71021097      0.80189508      0.04709907      0.24127461      0.78802762       13.724663       147.87124       69.331866   2.1080581e-09       8.0666351       12.814489        1028.599       8.8535271        1408.503      -15.098466       -15.098466       2548.5417                                 89.771662          8.8535271              1408.503          12.814489                      21.310061                      396.79483                                598.56455                        11.929589
              1       1259.6278       1.0426992     0.022643249      0.11589126     0.059480613       3.0483786      0.97709468       1.2923098       1.0013504      0.28920747      0.71071728      0.80156464     0.047051736      0.24081725       0.7870144       13.723475       147.89126       69.371574   2.1081137e-09       8.0680389       13.228909       1030.2015       8.6726896       1408.6435      -15.562439       -15.562439       2550.3805                                 89.633952          8.6726896             1408.6435          13.228909                      21.479781                      396.79297                                 600.7793                         11.14943
              1       1258.9852       1.0427412     0.022695854      0.11651743     0.061356772        3.044409      0.97040835       1.2563261      0.99738089      0.29203577      0.70788862      0.79996776     0.047391129      0.24329962      0.78927778       13.719736       147.66418        69.20297   2.0997619e-09       8.2484283        11.30664       1030.3598       9.4534009       1407.8821      -14.996475       -14.996475       2547.9634                                 88.961524          9.4534009             1407.8821           11.30664                      22.655947                      397.56915                                 598.8829                        11.251772
              1       1258.8967       1.0428646     0.022691006      0.11673673     0.060021999       3.0447146      0.97063567       1.2692366      0.99806839      0.29284624      0.70707806       0.8010677     0.047439759      0.24405979      0.79145899       13.717655       147.61055       69.160105   2.1004036e-09       8.1241913       11.013597       1030.6599       9.6572511       1407.6744      -15.275585       -15.275585       2548.3445                                 89.339246          9.6572511             1407.6744          11.013597                       22.65459                      397.12456                                600.14605                        10.734747
              2       1257.1581       1.0426611     0.022684146      0.11757247     0.059256213       3.0431051      0.96774457       1.2817063      0.99724805      0.29783255       0.7020909      0.80233744     0.047949189       0.2485218      0.79943381       13.728422       147.39435       68.781332   2.0970258e-09       8.0652313       10.461419       1025.8025       11.553035       1406.4993      -14.998879       -14.998879        2544.314                                 89.997706          11.553035             1406.4993          10.461419                      23.194516                      397.03712                                595.66383                        9.9070259
              7       1258.1674        1.042564     0.022696866      0.11800988     0.062054774       3.0461474      0.96890831       1.3164449      0.99537306      0.30034679      0.69957626      0.80530541     0.048227015       0.2507511      0.80577073       13.731994       147.26392       68.602156   2.1034152e-09       8.3410797        11.36975       1023.1469       12.508978       1405.9727      -13.886579       -13.886579       2544.1079                                 91.109545          12.508978             1405.9727           11.36975                        23.0589                      398.00322                                592.82688                        9.2579165
              3       1260.4722        1.042821     0.022583525      0.11700665     0.060887593       3.0422581      0.96680257       1.2461559      0.99566594      0.29497416      0.70494967      0.80027844      0.04750304      0.24611622      0.79354667       13.731696       147.65768       68.950142   2.0952503e-09       8.2378998        10.44372       1032.3543       10.687156       1407.1515      -14.265368       -14.265368        2549.475                                 88.838386          10.687156             1407.1515           10.44372                      23.457908                      397.60092                                600.76351                        10.531977
              1       1259.2982       1.0427806     0.022552824      0.11725256     0.060221238       3.0417215      0.96655874       1.2540052      0.99640861       0.2965501      0.70337344      0.80094957     0.047618834      0.24757122      0.79633093       13.737347       147.62582       68.819433   2.0941262e-09       8.1845551       10.287487       1030.6952       11.354658       1406.7848      -14.796775       -14.796775         2548.19                                 89.067876          11.354658             1406.7848          10.287487                       23.38181                      397.41904                                599.33315                        10.561198
              1       1259.9004       1.0425712     0.022600254      0.11686708     0.060475792       3.0392721      0.96687427       1.2300573      0.99441724      0.29487222      0.70505157      0.79833251     0.047563465      0.24595313      0.79148031        13.73666        147.6765       68.931847   2.0890032e-09       8.1908722        10.40778       1029.4935       10.779367       1407.1758      -13.218511       -13.218511       2546.2378                                  88.38136          10.779367             1407.1758           10.40778                      23.456254                      397.46221                                597.93204                         10.64298
              1       1259.5575       1.0425712     0.022600254      0.11686708     0.060475792       3.0392721      0.96687427       1.2366518      0.99583215      0.29487222      0.70505157      0.79833251     0.047563465      0.24595313      0.79148031        13.73666        147.6765       68.931847   2.0890032e-09       8.1908722        10.40778       1030.7348       10.779367       1407.1758      -14.333588       -14.333588       2547.7821                                 88.684379          10.779367             1407.1758           10.40778                       23.24166                      397.42319                                598.62108                        11.448893
              2       1253.8011        1.042013     0.022554118      0.11702301     0.056264902       3.0397668      0.96774459       1.2615901      0.99979749      0.29757014      0.70235301      0.79906527     0.047863155      0.24834003      0.79582267       13.758944       147.68559        68.64553   2.0900369e-09        7.788681       10.525379       1020.3681       12.274079       1406.5567      -15.833763       -15.833763       2539.2697                                 89.545442          12.274079             1406.5567          10.525379                      22.892898                      396.26478                                590.72944                        10.480975
              1       1255.8121       1.0420528     0.022283817      0.11713969     0.056269889       3.0383421      0.96812279       1.2643903      0.99970094      0.29960492      0.70031762      0.80018597     0.047665121      0.25056199       0.7996589       13.787192        147.9561       68.374544   2.0870614e-09       7.8525543       10.835931       1023.5252       13.778124       1406.1233      -15.969666       -15.969666       2543.5636                                 89.300989          13.778124             1406.1233          10.835931                      22.635743                      396.31869                                593.89678                        10.673965
              4       1256.1783       1.0420589     0.022277798       0.1171379     0.055996919        3.038222      0.96746903        1.260249      0.99960212      0.29961167      0.70031087      0.79996322     0.047655977      0.25057777       0.7994453       13.787645        147.9633       68.371867   2.0868107e-09        7.825882        10.82904       1024.3023       13.793411        1406.122      -15.955743       -15.955743       2544.2681                                 89.221394          13.793411              1406.122           10.82904                      22.800269                      396.28144                                594.69894                        10.521651
              1       1256.1431       1.0420657     0.022309856      0.11717179     0.056904993       3.0388856      0.96788932       1.2653903      0.99824255      0.29958945      0.70033313      0.80034557     0.047698557      0.25051372      0.79979774       13.784177       147.91835       68.390498   2.0881959e-09       7.9108124       10.851989        1023.751       13.687165       1406.1265      -15.741101       -15.741101       2543.7684                                 89.351728          13.687165             1406.1265          10.851989                      22.857803                      396.48592                                594.30357                        10.103722
              2       1256.3059         1.04205     0.022307283      0.11737388     0.056455198        3.038771      0.96775176       1.2731862      0.99813852      0.30072735      0.69919504      0.80095689     0.047806136      0.25154078      0.80192727       13.785893       147.86683       68.309565   2.0879566e-09          7.8694       11.330274       1023.0644       14.151691       1405.8967      -15.719514       -15.719514       2544.0508                                  89.60782          14.151691             1405.8967          11.330274                      22.907948                      396.40681                                593.95226                        9.7973875
              1       1257.3979       1.0420668      0.02237173      0.11718987     0.054670601       3.0385662      0.96639225       1.2585599      0.99903808      0.29933077      0.70059192      0.79956762     0.047762291      0.25019329       0.7986753       13.777625        147.8441        68.43956    2.087529e-09       7.6721649       10.828737       1026.8254       13.409343       1406.1801      -15.909437       -15.909437       2546.6147                                 89.371164          13.409343             1406.1801          10.828737                      23.297899                      396.01747                                 597.8946                        9.6154022
              1       1259.3334       1.0420562     0.022380697      0.11732643     0.054933477       3.0372581      0.96446484       1.2463115      0.99755472      0.30003684      0.69988575      0.79888653     0.047844482      0.25081535      0.79893558       13.777639        147.7974       68.394452   2.0848001e-09       7.6988373        11.11646       1029.6515       13.664669       1406.0351      -15.485714       -15.485714       2549.6382                                 89.170486          13.664669             1406.0351           11.11646                      23.809756                      396.13202                                600.27641                        9.4332715
              1       1255.9026       1.0420547     0.022378939      0.11738192     0.054727751       3.0373976      0.96509542       1.2533738      0.99890072       0.3003465      0.69957603      0.79933256     0.047871773      0.25109683      0.79979405       13.778136       147.78444       68.372269   2.0850911e-09        7.679184       11.251868       1023.2362       13.791115       1405.9726      -15.878238       -15.878238       2543.5616                                 89.309757          13.791115             1405.9726          11.251868                      23.480634                      396.03796                                593.89401                         9.823609
              3       1255.6908       1.0418773     0.022366924      0.11754499     0.055720114       3.0380312      0.96526475       1.2637932      0.99848725      0.30181082      0.69811143      0.80009714     0.048027669      0.25240002      0.80250823       13.785493       147.75418       68.242885   2.0864125e-09       7.7844696       12.169908       1020.9965       14.540229       1405.6861      -15.807942       -15.807942       2542.9976                                 89.604849          14.540229             1405.6861          12.169908                      23.395485                      396.24771                                591.66647                        9.6868506
              1       1256.6588       1.0418773     0.022366924      0.11754499     0.055720114       3.0380312      0.96526475       1.1877672      0.99843561      0.30181082      0.69811143      0.80009714     0.048027669      0.25240002      0.80250823       13.785493       147.75418       68.242885   2.0864125e-09       7.7844696       12.169908       1021.0962       14.540229       1405.6861      -15.655526       -15.655526       2544.6286                                 91.136255          14.540229             1405.6861          12.169908                      23.403335                      396.25581                                591.77069                        9.6663407
              2       1256.1492       1.0418762     0.022377064       0.1175164     0.055373398       3.0382156      0.96504674        1.186541      0.99937824      0.30160301      0.69831927      0.79996291     0.048022663      0.25219799      0.80209731       13.784307        147.7505        68.26191   2.0867973e-09       7.7465668       12.059969       1020.6489       14.428836       1405.7258      -15.815801       -15.815801       2543.9301                                 91.066557          14.428836             1405.7258          12.059969                      23.370646                      396.18687                                591.21686                        9.8745043
              2       1255.0369       1.0418762     0.022377064       0.1175164     0.055373398       3.0382156      0.96504674       1.2438591       0.9993494      0.30160301      0.69831927      0.79996291     0.048022663      0.25219799      0.80209731       13.784307        147.7505        68.26191   2.0867973e-09       7.7465668       12.059969       1020.6595       14.428836       1405.7258      -15.927163       -15.927163       2541.9282                                 89.054074          14.428836             1405.7258          12.059969                      23.375009                      396.19335                                591.22886                        9.8622594
              3       1255.0287       1.0418821     0.022382525      0.11749206     0.055589674       3.0383464       0.9650692       1.2431468      0.99970882      0.30142382      0.69849851      0.79992021     0.048012293       0.2520298       0.8018162       13.783429       147.75095        68.27761   2.0870702e-09        7.766922       11.955681       1021.0839       14.337231       1405.7604      -15.951932       -15.951932       2541.9613                                 88.824084          14.337231             1405.7604          11.955681                      23.306767                      396.23583                                591.44814                        10.093188
              5       1258.8757       1.0423523     0.022344775      0.11676029     0.053867888       3.0380855      0.96449826       1.2079279       1.0013903      0.29637475      0.70354846      0.79765632     0.047387942      0.24762075      0.79282216       13.769901       147.98985       68.667947   2.0865258e-09        7.590744        10.29202       1032.0082       12.153552       1406.8246      -15.742989       -15.742989       2549.2374                                 87.959115          12.153552             1406.8246           10.29202                       23.50066                      395.93956                                601.64287                        10.925068
              2       1257.1825       1.0425166     0.022283461      0.11736097      0.05732787       3.0424038      0.96772818        1.265181      0.99977522      0.29941981       0.7005029      0.80286676     0.047559896      0.25048513      0.80209002       13.774463       147.89705       68.449593   2.0955556e-09       7.9627533       10.587958       1026.7177       13.352879       1406.1616      -15.973603       -15.973603       2546.3122                                 89.491999          13.352879             1406.1616          10.587958                      22.871351                      396.61116                                597.14801                        10.087204
              1       1258.2864       1.0425503     0.022277553      0.11713002     0.057558607        3.042583      0.96836914       1.2598127      0.99944736      0.29813026      0.70179265      0.80238293     0.047422575      0.24933651      0.79987861       13.772979       147.96583       68.539539    2.095931e-09       7.9831085       10.336918       1029.5134       12.852012       1406.4345      -15.943264       -15.943264       2548.4593                                 89.322452          12.852012             1406.4345          10.336918                      22.810081                      396.63507                                599.95083                        10.117457
              1       1257.4671       1.0423803     0.022282485      0.11722834     0.058877048       3.0406556      0.97246418        1.279386      0.99921205      0.29912154      0.70080117      0.80303875     0.047555728      0.25019109      0.80186216       13.777994       147.93396       68.451095   2.0918954e-09       8.1143646       10.557162       1026.3891        13.34444       1406.2237       -15.94383        -15.94383       2546.8218                                 90.307412           13.34444             1406.2237          10.557162                      21.810201                      396.86294                                596.53165                        11.184325
              1       1257.6941       1.0424206     0.022298335      0.11718711     0.059538722       3.0406468       0.9722284       1.2747655      0.99859703      0.29869448      0.70122833      0.80278724     0.047530219      0.24979125      0.80103858         13.7749       147.92737       68.493808    2.091877e-09       8.1754303       10.460316       1027.0403       13.105471       1406.3137      -15.837948       -15.837948        2547.064                                 90.144252          13.105471             1406.3137          10.460316                      21.873527                      397.11445                                596.76391                        11.288442
              1        1258.394       1.0424206     0.022298335      0.11718711     0.059538722       3.0406468       0.9722284        1.280443       0.9989797      0.29869448      0.70122833      0.80278724     0.047530219      0.24979125      0.80103858         13.7749       147.92737       68.493808    2.091877e-09       8.1754303       10.460316       1028.6794       13.105471       1406.3137      -15.918212       -15.918212       2548.6244                                  90.06557          13.105471             1406.3137          10.460316                      21.828624                      397.10556                                598.23605                        11.509126
              2       1257.7057       1.0424101     0.022390269      0.11822184     0.058548903       3.0404564      0.97325533        1.329162       0.9980719      0.30370928      0.69621286      0.80621831     0.048140403      0.25418395      0.81118715       13.770291       147.54724       68.198495   2.0914787e-09       8.0736542       13.041854       1021.7999       14.801805       1405.3365      -15.740488       -15.740488       2546.8923                                 91.912322          14.801805             1405.3365          13.041854                      21.755672                      396.80188                                593.06244                        10.179873
              1       1258.1518       1.0423524     0.022354912      0.11853527     0.058689497       3.0406315      0.97200153       1.3357225      0.99666756      0.30577164      0.69415012      0.80706952     0.048295693      0.25608435      0.81479606       13.777236       147.50297       68.034983   2.0918448e-09       8.1010284       14.825506        1018.766       15.785446       1404.9843      -15.157019       -15.157019       2546.6176                                 92.256369          15.785446             1404.9843          14.825506                      22.081364                      396.92825                                590.23396                        9.5223859
              3       1256.7481       1.0420398     0.022481153      0.11844651      0.05746265       3.0399684      0.96939363       1.3164987      0.99620086      0.30549254      0.69442932      0.80490082     0.048511246      0.25559134      0.81223564       13.772651        147.3862       68.075067   2.0904583e-09       7.9480133        15.35825       1016.1093       15.541386       1405.0303      -14.821224       -14.821224       2543.1386                                 91.099302          15.541386             1405.0303           15.35825                      22.736421                      396.62227                                587.71949                        9.0311353
              1       1254.9104       1.0420465     0.022482278      0.11831021      0.05771496       3.0395383      0.96872822       1.3045188      0.99710179      0.30473391      0.69518806      0.80405916     0.048439452      0.25490663      0.81037824       13.771704       147.42128       68.127201   2.0895594e-09       7.9704742       14.595618       1014.7719       15.226802       1405.1579      -15.295851       -15.295851       2540.4124                                 90.660231          15.226802             1405.1579          14.595618                      22.710212                      396.66745                                585.93082                         9.463375
              2       1254.9951       1.0424444       0.0223726      0.11757765     0.056518412        3.038527       0.9718881       1.2889274      0.99892044      0.30027448      0.69964818      0.80290332     0.047782284      0.25111648      0.80327054       13.768132       147.73916       68.426571   2.0874472e-09       7.8651886       10.984444       1021.1917        13.48262       1405.9871      -15.924338       -15.924338       2541.8389                                 90.193075           13.48262             1405.9871          10.984444                      22.021109                       396.3178                                592.32679                         10.52597
              3       1256.0317       1.0424444       0.0223726      0.11757765     0.056518412        3.038527       0.9718881       1.2938385       0.9978413      0.30027448      0.69964818      0.80290332     0.047782284      0.25111648      0.80327054       13.768132       147.73916       68.426571   2.0874472e-09       7.8651886       10.984444       1022.6309        13.48262       1405.9871      -15.649035       -15.649035       2543.3614                                  90.27631           13.48262             1405.9871          10.984444                      22.153154                      396.32989                                594.10673                        10.041135
              1       1255.4304       1.0423163      0.02250536      0.11756816     0.055541961       3.0383724      0.97592802       1.3186039       1.0002974      0.29984134       0.7000815      0.80338662     0.047954449      0.25051437      0.80317416       13.757727       147.59365       68.505988   2.0871246e-09       7.7367401       11.042524         1021.64       13.037723        1406.075      -15.944504       -15.944504       2542.7499                                 90.954671          13.037723              1406.075          11.042524                      21.338869                      396.06329                                593.42713                        10.810674
              3       1255.6017       1.0421365     0.022485679      0.11778553     0.055753233       3.0393397      0.97587737       1.3326795       1.0000194      0.30164061      0.69828188      0.80443555     0.048132399      0.25212938      0.80663216        13.76621        147.5574       68.349328   2.0891444e-09       7.7655182       12.063724       1019.9148       13.922498       1405.7187      -15.977544       -15.977544       2543.1585                                 91.538786          13.922498             1405.7187          12.063724                      21.372331                      396.12864                                592.19488                        10.218953
              1       1254.6722       1.0420185     0.022474671      0.11767927     0.054263625       3.0378356      0.97477027       1.3182458       1.0008027      0.30148786       0.6984346      0.80306448     0.048124524      0.25198406      0.80505343       13.770402       147.59794       68.338187   2.0860044e-09       7.6160126       12.051223       1018.5022       13.986526        1405.748      -15.931261       -15.931261       2541.2068                                 90.918859          13.986526              1405.748          12.051223                      21.496812                      395.90155                                590.79397                        10.309857
              3       1255.4066       1.0419128     0.022511145      0.11772521     0.055547957       3.0375449      0.97463221       1.3165142      0.99985501       0.3018358      0.69808661      0.80281904     0.048230023      0.25222572      0.80527166       13.769873        147.5452       68.318772   2.0853982e-09       7.7381439       12.445204       1019.6211       14.098451       1405.6813      -15.942211       -15.942211       2542.6976                                 90.851552          14.098451             1405.6813          12.445204                      21.494641                      396.08013                                 591.5629                          10.4834
              1       1255.2115       1.0419382     0.022526093      0.11769098     0.055134874       3.0378244      0.97415846       1.3137871       1.0006231      0.30149152      0.69843097      0.80262857     0.048213599      0.25189925      0.80462132       13.767355        147.5377       68.353091   2.0859812e-09       7.6925201       12.223855       1019.6271       13.900906       1405.7473       -15.89302        -15.89302       2542.2091                                 90.709844          13.900906             1405.7473          12.223855                      21.543248                      396.03505                                591.44852                        10.600302
              1       1255.7275       1.0419169      0.02249875        0.118557     0.050735195       3.0343911      0.97013247       1.3169936       1.0014539      0.30635376      0.69356795      0.80308356     0.048642076      0.25631906      0.81154333        13.77494       147.33669       68.010058   2.0788316e-09       7.2629547       16.549717       1014.6606       15.938165       1404.8902      -15.789051       -15.789051       2543.0332                                 90.994537          15.938165             1404.8902          16.549717                      22.206765                      395.68276                                 587.0784                         9.692692
              1       1257.3235       1.0419169      0.02249875        0.118557     0.050735195       3.0343911      0.97013247       1.2579206      0.99986634      0.30635376      0.69356795      0.80308356     0.048642076      0.25631906      0.81154333        13.77494       147.33669       68.010058   2.0788316e-09       7.2629547       16.549717       1016.7813       15.938165       1404.8902      -15.902074       -15.902074       2546.4511                                 92.291689          15.938165             1404.8902          16.549717                      22.408426                      395.70025                                589.47433                        9.1983312
              5       1257.3311       1.0419646     0.022470026      0.11873625     0.051246525       3.0347691      0.96902671       1.2593427      0.99941541       0.3073461      0.69257544      0.80366541     0.048685619      0.25726484      0.81344558       13.777407        147.3209        67.93623   2.0796176e-09       7.3247223        17.54871       1015.4405       16.394835       1404.7348      -15.906282       -15.906282       2546.4748                                 92.355997          16.394835             1404.7348           17.54871                      22.617523                      395.70865                                 588.0031                        9.1111884
             15       1257.4243       1.0419646     0.022470026      0.11873625     0.051246525       3.0347691      0.96902671       1.2093134       1.0007001       0.3073461      0.69257544      0.80366541     0.048685619      0.25726484      0.81344558       13.777407        147.3209        67.93623   2.0796176e-09       7.3247223        17.54871       1013.6294       16.394835       1404.7348      -15.808802       -15.808802       2546.4662                                  94.15838          16.394835             1404.7348           17.54871                      22.447316                      395.72717                                585.98393                        9.4710259
              4       1255.5749       1.0419646     0.022470026      0.11873625     0.051246525       3.0347691      0.96902671       1.2604015       1.0007052       0.3073461      0.69257544      0.80366541     0.048685619      0.25726484      0.81344558       13.777407        147.3209        67.93623   2.0796176e-09       7.3247223        17.54871       1013.6333       16.394835       1404.7348      -15.895251       -15.895251       2542.9403                                 90.628613          16.394835             1404.7348           17.54871                      22.446658                      395.72717                                585.98685                        9.4726256
              3       1254.5635       1.0422052     0.022553395      0.11777092     0.052681195       3.0372577      0.97217363       1.2460754       1.0005914      0.30096872      0.69895397       0.8021933     0.048151669      0.25144181      0.80348743       13.756862        147.4858        68.43847   2.0847994e-09       7.4405365       11.733955         1017.99       13.415485       1405.8491      -15.788066       -15.788066       2540.7031                                 91.714532          13.415485             1405.8491          11.733955                      22.073401                      395.73932                                590.34009                         9.837184
              3       1254.5363       1.0422944     0.022502793      0.11770051     0.051630598       3.0372141      0.97032973        1.233191       1.0014441       0.3006224      0.69930031      0.80165523     0.048029583      0.25121798      0.80248638       13.759277       147.56076        68.44848   2.0847084e-09       7.3422699       11.405276        1018.663       13.359138       1405.9176      -15.694016       -15.694016       2540.4607                                 91.115622          13.359138             1405.9176          11.405276                      22.397032                      395.70951                                590.75309                        9.8034104
              1       1256.9383       1.0423117     0.022426709       0.1171578     0.052452205       3.0357519      0.97273201       1.2182694       1.0005045      0.29813054      0.70179247      0.80025012     0.047679893      0.24908119      0.79775283       13.764296       147.79109       68.582789   2.0816625e-09       7.4349213       10.459146       1023.9521       12.614578       1406.4345      -15.876821       -15.876821       2545.6303                                 92.170027          12.614578             1406.4345          10.459146                      21.951991                       395.7187                                595.86654                        10.414873
              1       1257.5145       1.0423976     0.022323981      0.11741503     0.049681569       3.0329491      0.97008873       1.2049553       1.0028338      0.29982593      0.70009673         0.79972      0.04767886      0.25077134      0.79948795        13.77394       147.83652       68.426274    2.075836e-09       7.1745148        10.79356       1023.0495       13.484296       1406.0781      -15.246496       -15.246496        2545.522                                 92.116489          13.484296             1406.0781           10.79356                      22.167541                      395.72179                                594.13127                        11.028936
              1        1258.189       1.0423141     0.022306208      0.11723623     0.049111048       3.0327841       0.9707627        1.202628       1.0036151      0.29922285      0.70069986      0.79924173     0.047611743      0.25023622      0.79820584        13.77747       147.90442       68.447223   2.0754936e-09       7.1155548       10.627698       1023.6524       13.366206       1406.2025      -14.833876       -14.833876       2546.0458                                 92.196942          13.366206             1406.2025          10.627698                      22.012086                      395.72894                                594.68598                        11.225368
              3       1259.7394       1.0423257     0.022333366      0.11722964     0.047873251       3.0326644      0.96979489       1.1975526       1.0030985       0.2989996      0.70092317      0.79877315     0.047627156      0.24999879      0.79744021       13.774193       147.87571       68.477795   2.0752452e-09       6.9793854       10.586025       1028.2366       13.194805       1406.2493      -15.106084       -15.106084        2549.691                                 91.424269          13.194805             1406.2493          10.586025                      22.372323                      395.79819                                599.68007                        10.386055
              1       1257.9468       1.0423257     0.022333366      0.11722964     0.047873251       3.0326644      0.96979489       1.1922929       1.0050016       0.2989996      0.70092317      0.79877315     0.047627156      0.24999879      0.79744021       13.774193       147.87571       68.477795   2.0752452e-09       6.9793854       10.586025       1023.1874       13.194805       1406.2493      -13.860803       -13.860803       2543.6152                                 90.397735          13.194805             1406.2493          10.586025                      22.133232                      395.81832                                593.84199                        11.393863
              6       1258.0914        1.042172     0.022390749      0.11675267     0.049231833         3.03107      0.96837669       1.1556353       1.0032522      0.29660065      0.70332251      0.79567011     0.047508597      0.24772533      0.79114933        13.77033       147.94006       68.651211   2.0719391e-09       7.1029205       10.299087       1025.2206       12.243478       1406.7732      -14.915387       -14.915387       2546.0136                                 91.477234          12.243478             1406.7732          10.299087                      22.448397                      395.69856                                594.96933                        12.104327
              1       1257.8929       1.0420295     0.022369257      0.11698237     0.051930805       3.0328379      0.96725264       1.1631349       1.0019405      0.29835276      0.70157007      0.79680078     0.047672366      0.24930764      0.79461023       13.777997       147.90245       68.500292   2.0756052e-09       7.3899994       10.557219       1025.3252        13.06938       1406.3866      -15.486147       -15.486147       2546.7581                                 91.419664           13.06938             1406.3866          10.557219                      22.627171                       395.7206                                595.11357                        11.863878
              8       1255.7265       1.0420295     0.022369257      0.11698237     0.051930805       3.0328379      0.96725264       1.1914044       1.0014807      0.29835276      0.70157007      0.79680078     0.047672366      0.24930764      0.79461023       13.777997       147.90245       68.500292   2.0756052e-09       7.3899994       10.557219       1024.0943        13.06938       1406.3866      -15.684246       -15.684246       2542.8214                                  88.71397           13.06938             1406.3866          10.557219                      22.689699                      395.69842                                594.12988                        11.576273
              1       1255.7436       1.0420768     0.022373609      0.11696224     0.051836973       3.0325033      0.96722054       1.1886603       1.0013367      0.29808286      0.70184003      0.79661004     0.047643878      0.24906731       0.7940606       13.776022         147.903       68.527434   2.0749108e-09       7.3794708       10.484658       1024.3604       12.918861       1406.4447      -15.709516       -15.709516       2542.9062                                 88.697602          12.918861             1406.4447          10.484658                      22.709681                      395.69223                                594.31839                        11.640052
              6       1255.2437       1.0423259     0.022530586      0.11711342     0.055843619       3.0363074      0.96614339       1.1957246      0.99800239      0.29726718      0.70265609      0.79787893     0.047741764       0.2481605      0.79423652       13.752573       147.68748       68.696879   2.0828191e-09       7.7542877       10.372985       1024.0611       11.998873       1406.6237      -15.432643       -15.432643       2541.3527                                  88.29612          11.998873             1406.6237          10.372985                      23.291997                      396.20446                                593.78664                        10.777971
              1        1255.103       1.0423809      0.02254312      0.11707938      0.05579272       3.0368221      0.96670186       1.1995415      0.99821967      0.29685713      0.70306623      0.79812983     0.047709748      0.24778415      0.79393813       13.749435       147.68266       68.739038   2.0838913e-09       7.7458649       10.326246       1024.0325       11.775258       1406.7153      -15.489809       -15.489809       2541.1857                                  88.33634          11.775258             1406.7153          10.326246                       23.19727                      396.16806                                593.91554                        10.751603
              1       1255.4644        1.042276     0.022521529      0.11688415     0.055414701        3.037865      0.96596859       1.1932256      0.99912416      0.29625688      0.70366652      0.79763936     0.047641318      0.24725297      0.79264764       13.753916       147.75911       68.755438   2.0860659e-09       7.7093658        10.30421       1025.4093       11.688835       1406.8516       -15.69641        -15.69641       2542.3215                                 88.067556          11.688835             1406.8516           10.30421                      23.353225                      396.13689                                595.26853                        10.650672
              1       1255.6406       1.0422862     0.022518278      0.11660552     0.056381111       3.0380106       0.9674587       1.1899178      0.99921789      0.29478304      0.70514059      0.79719251     0.047493059      0.24593144      0.79023057       13.752599       147.83778       68.857701   2.0863697e-09       7.8020172       10.404925       1025.7778       11.157134        1407.197      -15.705123       -15.705123       2542.6915                                 88.154597          11.157134              1407.197          10.404925                      22.966079                      396.28704                                595.14815                         11.37655
              3       1255.4376       1.0422198      0.02251166      0.11704832     0.059645258       3.0399877      0.96761596       1.2132954      0.99611816      0.29734045      0.70258275      0.79955621     0.047742015      0.24823237      0.79600422       13.757439       147.72638       68.667841   2.0904987e-09        8.133316        10.39692       1022.1694       12.154122       1406.6074       -14.60786        -14.60786        2540.091                                 88.763231          12.154122             1406.6074           10.39692                      23.095937                      397.17493                                591.53814                        10.360345
              1       1258.0647       1.0419034     0.022741948      0.11664736      0.06137576       3.0396984      0.96926191       1.2032702      0.99504546       0.2948599      0.70506385      0.79729334     0.047886335      0.24561725      0.79043355       13.740357       147.57809       68.914091   2.0898939e-09       8.2400055       10.367196       1026.3466       10.869242       1407.1787      -13.362907       -13.362907       2542.8553                                 88.093579          10.869242             1407.1787          10.367196                       22.81553                      397.60971                                594.89638                         11.02498
              6       1256.9044       1.0425682     0.022659831      0.11686934     0.058961709       3.0413832      0.96923787       1.2191143      0.99675433      0.29456004      0.70536387      0.79965556     0.047617344      0.24558911      0.79237223       13.730415        147.6095       68.983583    2.093418e-09       8.0294342       10.437902       1026.5537       10.519629       1407.2507      -14.726967       -14.726967       2543.2627                                 88.500733          10.519629             1407.2507          10.437902                      22.947886                      396.87518                                 596.3676                        10.363066
              2       1255.4802       1.0425257     0.022645052      0.11696934     0.059313482       3.0420194      0.96979418       1.2293019      0.99725561      0.29528733      0.70463644      0.80046005     0.047674796      0.24625643      0.79414798       13.733733       147.59913       68.919519   2.0947501e-09       8.0694427        10.33973        1023.943       10.841727       1407.0772       -15.01879        -15.01879       2540.9979                                 88.796319          10.841727             1407.0772           10.33973                      22.749648                      396.93999                                593.78762                        10.465706
              2       1256.3044       1.0425896     0.022612882      0.11699674     0.059935592       3.0432207      0.97025775         1.23737      0.99677907      0.29542629      0.70449743      0.80136988     0.047631094      0.24643841       0.7952377       13.735395        147.6276       68.902134   2.0972682e-09       8.1375275       10.336416       1024.9447        10.92997       1407.0445       -14.87085        -14.87085       2542.3505                                 89.094879           10.92997             1407.0445          10.336416                      22.731964                      397.16663                                594.91083                        10.135319
              2       1254.9044       1.0424234     0.022594653      0.11737778     0.059510179       3.0430263      0.97307402       1.2713018      0.99722111      0.29801205      0.70191121      0.80343206     0.047885386      0.24876153      0.80076567       13.744105       147.54572       68.691237   2.0968604e-09       8.1066437       10.511363       1020.6884       12.028959       1406.4602      -15.164834       -15.164834       2540.1386                                 90.449638          12.028959             1406.4602          10.511363                      22.109107                      396.98142                                591.67406                        9.9238135
              1       1254.7092        1.042347       0.0226038      0.11800318     0.058050285        3.043531      0.97066557       1.2873601      0.99780079      0.30149075      0.69843196      0.80496771      0.04824625      0.25186964      0.80696524       13.748346       147.36837       68.447714    2.097919e-09       7.9718781       12.009949        1018.432       13.363446       1405.7476      -15.395824       -15.395824         2540.21                                  90.65698          13.363446             1405.7476          12.009949                      22.569631                      396.69081                                589.94746                        9.2241366
              2        1252.816       1.0420746     0.022641273      0.11714303     0.055996932       3.0444672      0.97170067       1.2673206       1.0020694      0.29752972      0.70239356      0.80226819     0.047970706      0.24819426      0.79895831       13.748386       147.55648        68.70089   2.0998839e-09        7.745163       10.561841       1017.6825        11.97751       1406.5656      -15.344002       -15.344002       2536.3201                                 89.532623           11.97751             1406.5656          10.561841                      22.191288                      396.14659                                589.40215                        9.9424707
              3       1252.8539         1.04195     0.022620443      0.11727653     0.057162881        3.043743      0.97085896       1.2638192       1.0001112      0.29871688      0.70120616      0.80216542     0.048079229      0.24926855      0.80044811       13.754959       147.54397       68.591738   2.0983638e-09       7.8672943       10.953757       1017.7874       12.565729        1406.309      -15.723976       -15.723976       2537.1558                                 89.539895          12.565729              1406.309          10.953757                       22.40249                      396.41839                                589.29828                        9.6682635
              1       1252.5917       1.0420288     0.022614701      0.11724122     0.057279404       3.0437336      0.97064116       1.2602849       1.0002854      0.29833215      0.70159095      0.80206352     0.048019145      0.24894528      0.79983088       13.753057       147.55981       68.625925   2.0983441e-09       7.8799286       10.774255       1017.6365       12.379977       1406.3911      -15.725074       -15.725074       2536.6336                                 89.451743          12.379977             1406.3911          10.774255                      22.416178                      396.42118                                588.95024                        9.8489188
              1        1253.836       1.0420288     0.022614701      0.11724122     0.057279404       3.0437336      0.97064116       1.3201997       1.0001576      0.29833215      0.70159095      0.80206352     0.048019145      0.24894528      0.79983088       13.753057       147.55981       68.625925   2.0983441e-09       7.8799286       10.774255       1017.7115       12.379977       1406.3911      -15.782567       -15.782567       2539.2371                                 91.980321          12.379977             1406.3911          10.774255                      22.432863                      396.43128                                589.05118                        9.7961388
              2       1255.6792       1.0420528     0.022545209      0.11661661     0.057905317       3.0446762      0.97112424        1.301072        1.002345       0.2953653       0.7045582      0.80070238     0.047630821      0.24637363      0.79449328       13.756731       147.80489       68.799154    2.100323e-09       7.9466095       10.327209       1022.2069       11.460026       1407.0587      -15.450211       -15.450211       2542.2588                                  91.20594          11.460026             1407.0587          10.327209                      22.122955                      396.56339                                592.37337                          11.1472
              2       1254.4219       1.0420107     0.022516645      0.11656307     0.057777316       3.0441999      0.97118027        1.297868       1.0012414      0.29536522      0.70455823      0.80042408     0.047598417      0.24640515      0.79421703       13.760769       147.85116       68.778958   2.0993228e-09       7.9395905       10.327084       1020.4848       11.565453       1407.0587      -15.802213       -15.802213       2540.4483                                 91.012274          11.565453             1407.0587          10.327084                      22.231076                      396.55036                                591.07569                        10.627643
              3       1256.3807       1.0420107     0.022516645      0.11656307     0.057777316       3.0441999      0.97118027        1.307362       1.0020847      0.29536522      0.70455823      0.80042408     0.047598417      0.24640515      0.79421703       13.760769       147.85116       68.778958   2.0993228e-09       7.9395905       10.327084       1021.6797       11.565453       1407.0587       -15.58446        -15.58446       2543.9304                                 93.299466          11.565453             1407.0587          10.327084                      22.125886                      396.50807                                591.96064                        11.085073
              2       1257.9403       1.0421948     0.022513181      0.11659844     0.055316071       3.0425064      0.97075219       1.3012015       1.0041778      0.29503827      0.70488528      0.79991421      0.04752756      0.24615088       0.7932717        13.75583       147.84528       68.824913   2.0957707e-09       7.6967316       10.361383       1024.4195       11.326262       1407.1361      -14.535834       -14.535834       2544.9522                                  91.70899          11.326262             1407.1361          10.361383                        22.0769                      396.01797                                594.60753                        11.717096
              2       1256.3982       1.0420644     0.022585016      0.11729736     0.056304035       3.0428728       0.9672801       1.3093133       1.0018461       0.2986933      0.70122973      0.80104089     0.048005127      0.24931905      0.79929445       13.755434       147.57768       68.590882   2.0965387e-09       7.7907867       10.843412       1021.3381       12.570394        1406.314      -15.560408       -15.560408       2543.9171                                 92.851271          12.570394              1406.314          10.843412                       22.89313                      396.28088                                591.81875                        10.345297
              6       1255.1015       1.0420644     0.022585016      0.11729736     0.056304035       3.0428728       0.9672801       1.2901157       1.0004858       0.2986933      0.70122973      0.80104089     0.048005127      0.24931905      0.79929445       13.755434       147.57768       68.590882   2.0965387e-09       7.7907867       10.843412       1018.7612       12.570394        1406.314      -15.799899       -15.799899       2541.8029                                 93.313853          12.570394              1406.314          10.843412                      23.087839                      396.28755                                589.64921                        9.7366015
              1       1254.9115       1.0421727       0.0225216      0.11750698     0.055077051       3.0436919      0.96562222       1.2939054       1.0014176       0.2998466      0.70007622      0.80195322     0.048005221      0.25046839      0.80174815       13.759975       147.59192        68.49445   2.0982565e-09       7.6855011       11.151008       1019.6101       13.101894       1406.0739      -15.755429       -15.755429       2541.3338                                  91.39687          13.101894             1406.0739          11.151008                       23.46483                      396.11172                                590.69607                        9.3374841
              1       1254.2587       1.0420207     0.022488463      0.11752442     0.053875183       3.0428664      0.96726572       1.3033721       1.0025989      0.30057782       0.6993448      0.80219216      0.04805685      0.25114448      0.80296432       13.768131       147.62402       68.407267   2.0965253e-09       7.5710907       11.554922       1016.9246       13.591889       1405.9264      -15.420596       -15.420596       2539.3586                                 91.360774          13.591889             1405.9264          11.554922                      22.985152                      395.93435                                588.56703                        9.4380981
              2       1254.1744       1.0420295     0.022524044      0.11769251     0.054969451       3.0463218      0.96777196       1.3193947       1.0028588      0.30124094      0.69868162      0.80417758     0.048169322      0.25169408      0.80583909        13.76486       147.53956       68.381389   2.1037821e-09       7.6770782       11.982878       1015.6326       13.739063       1405.7959      -15.275627       -15.275627       2538.9001                                 91.749623          13.739063             1405.7959          11.982878                      22.961672                      396.06932                                587.53202                        9.0696012
              3       1254.5944       1.0418683     0.022516349      0.11742797     0.056692209       3.0491846      0.96720619       1.3133548       1.0030025      0.30035477      0.69956786      0.80412414     0.048104184      0.25087445      0.80459947       13.769233       147.61907       68.415981   2.1098134e-09       7.8462372       11.596223       1016.8484       13.542508        1405.971      -15.214851       -15.214851       2539.6185                                 91.660316          13.542508              1405.971          11.596223                      23.095936                       396.4091                                588.33991                        9.0035038
              2       1257.3549       1.0421311     0.022738516      0.11671228     0.056022692       3.0509497      0.96904388       1.2952267       1.0054982      0.29456137      0.70536249      0.80216733     0.047809639      0.24539738      0.79486292       13.734266       147.56401       68.964139   2.1135407e-09       7.7191925        10.37727       1021.3544       10.616873       1407.2504       -13.05509        -13.05509       2540.8201                                 91.221177          10.616873             1407.2504           10.37727                      22.757821                       396.1779                                592.66113                        9.7575242
              2       1257.2837       1.0421142     0.022744506       0.1166419     0.056253423       3.0507525      0.96981193        1.298189       1.0039939      0.29420945      0.70571446      0.80203425     0.047787066      0.24506903      0.79425618       13.733789       147.57627       68.989512    2.113124e-09       7.7395477       10.412893       1023.3989       10.490067       1407.3357       -14.18264        -14.18264       2542.9326                                 91.295122          10.490067             1407.3357          10.412893                      22.783238                       396.1829                                595.09029                         9.342449
              2       1258.1026       1.0418808     0.022734571      0.11615528     0.062511185       3.0622232      0.97115306       1.3194624       1.0045641      0.29239887      0.70752525       0.8051522     0.047641173      0.24340788      0.79488664       13.739398       147.71864       69.079973   2.1375026e-09       8.3417816       10.762747       1023.3863       10.044156       1407.7884      -13.833508       -13.833508       2543.8723                                 91.890754          10.044156             1407.7884          10.762747                      22.626946                      397.91813                                593.86662                        8.9745887
              2       1258.4681       1.0418789      0.02267597      0.11596846     0.063449183       3.0618058      0.97231808       1.3240382        1.003409      0.29175418      0.70816997      0.80491892     0.047497143      0.24290783      0.79377982       13.744764       147.83432       69.095409   2.1366105e-09       8.4421539       11.032774       1025.4109       9.9690321       1407.9552      -14.724241       -14.724241       2546.3846                                 92.016739          9.9690321             1407.9552          11.032774                      22.447932                      398.30636                                595.62251                        9.0340663
              4       1256.8587       1.0416361     0.022600983      0.11672873      0.06010622       3.0549124      0.96735409        1.301415       1.0029601      0.29685171      0.70307149      0.80345332     0.047931388      0.24755427      0.79922636       13.763742       147.71282       68.667884   2.1219327e-09       8.1508636       10.542512       1022.9305       12.153891       1406.7165      -15.098506       -15.098506       2543.9145                                 91.571095          12.153891             1406.7165          10.542512                      23.227378                      397.29981                                 593.4726                        8.9307064
              1        1258.877        1.041442     0.022532166      0.11662889     0.060455742       3.0551119      0.96735166       1.3004865       1.0026009        0.297277        0.702646      0.80330367     0.047911632       0.2479957      0.79964971        13.77639       147.81636       68.577396   2.1223559e-09       8.1985931       10.657466       1027.0816       12.644065       1406.6214      -15.366538       -15.366538       2548.4871                                 91.482493          12.644065             1406.6214          10.657466                      23.241092                      397.43392                                597.60615                        8.8004845
              3       1258.1634       1.0414424     0.022532468      0.11662115     0.060454692       3.0551057      0.96744685       1.3008663        1.003579      0.29723314      0.70268987      0.80330203     0.047907752      0.24795585      0.79958908       13.776307        147.8181       68.580633   2.1223428e-09       8.1985931       10.646433       1024.7016       12.626363       1406.6311      -14.882828       -14.882828       2546.0924                                 91.486821          12.626363             1406.6311          10.646433                      23.077553                       397.4309                                595.09812                        9.0950426
              1       1256.7087       1.0415517     0.022458709       0.1169608     0.061648729       3.0541858       0.9675671       1.3177299       1.0013353      0.29913206       0.7007906      0.80457284     0.047964764      0.24979163      0.80340813       13.782588       147.80914       68.427588   2.1203913e-09       8.3375702       11.144549       1022.2764       13.476872       1406.2215      -15.853523       -15.853523       2545.1245                                 92.005152          13.476872             1406.2215          11.144549                      23.110861                      397.90216                                592.37056                        8.8928229
              1       1257.8161       1.0415573     0.022457578      0.11695732     0.061636357       3.0542135      0.96755051       1.3175319       1.0006382      0.29910351      0.70081916      0.80457641      0.04795935      0.24976857      0.80337335       13.782525       147.81134       68.429728   2.1204502e-09       8.3368683       11.127468       1024.7437       13.464788       1406.2275      -15.964383       -15.964383       2547.5609                                 91.997438          13.464788             1406.2275          11.127468                      23.220983                      397.90029                                594.91268                        8.7097881
              2        1257.966         1.04148      0.02245243      0.11752853     0.065164745       3.0634673      0.96775155       1.3606181       1.0015745      0.30241039      0.69751174      0.81032812      0.04828333      0.25274186      0.81357695       13.788132       147.66407       68.191943   2.1401634e-09       8.6878204       13.176178       1020.6834       14.840612        1405.573      -15.809558       -15.809558        2547.551                                 93.277903          14.840612              1405.573          13.176178                      23.240212                      399.50493                                589.57715                        8.3610854
              9       1256.4465       1.0418338     0.022379988      0.11724893     0.063953237       3.0616196      0.97003615       1.3639185       1.0022993      0.30028412      0.69963836      0.80992272     0.047909093      0.25099612      0.81030616       13.783978       147.81984       68.347235   2.1362127e-09       8.5853424       11.366439       1019.6524       13.934515       1405.9851      -15.619369       -15.619369       2544.1317                                 93.193213          13.934515             1405.9851          11.366439                      22.698735                      398.81706                                589.57129                        8.5653563
              2       1257.1547       1.0417642      0.02235034      0.11776299     0.062876911       3.0620991      0.96834099        1.369782       1.0033913      0.30341174      0.69651021      0.81145573     0.048177591      0.25384567      0.81605681       13.791677       147.71489       68.111357   2.1372374e-09       8.4976044       13.408697       1016.9587       15.322067       1405.3896      -15.124047       -15.124047       2544.5574                                 93.478402          15.322067             1405.3896          13.408697                      22.949052                      398.51469                                587.01015                        8.4848146
              3       1257.4381       1.0417642      0.02235034      0.11776299     0.062876911       3.0620991      0.96834099       1.3466708       1.0030038      0.30341174      0.69651021      0.81145573     0.048177591      0.25384567      0.81605681       13.791677       147.71489       68.111357   2.1372374e-09       8.4976044       13.408697       1018.0618       15.322067       1405.3896      -15.325137       -15.325137       2545.5265                                 93.344365          15.322067             1405.3896          13.408697                      23.004459                      398.51359                                588.08402                        8.4597646
              1       1256.4176       1.0421685     0.022317165      0.11812506     0.056260862        3.049173      0.96464526       1.3024795       1.0028412       0.3043397      0.69558218      0.80684646     0.048140722      0.25480951       0.8126613       13.784854       147.65436       68.086845    2.109789e-09       7.8602753       13.641732       1018.4173       15.470031       1405.2257      -15.380603       -15.380603       2543.5964                                 90.841549          15.470031             1405.2257          13.641732                      23.581697                      396.45782                                 589.6164                        8.7614292
              3       1256.5558       1.0421685     0.022317165      0.11812506     0.056260862        3.049173      0.96464526       1.2983527       1.0025257       0.3043397      0.69558218      0.80684646     0.048140722      0.25480951       0.8126613       13.784854       147.65436       68.086845    2.109789e-09       7.8602753       13.641732       1019.0846       15.470031       1405.2257       -15.51304        -15.51304       2544.1376                                 90.715537          15.470031             1405.2257          13.641732                      23.630776                      396.44271                                590.30971                        8.7013692
              1       1256.7637       1.0420251     0.022294721       0.1176511     0.059796513       3.0481923       0.9642551       1.2848637      0.99979686      0.30235566      0.69756646      0.80466086     0.047947489      0.25302288      0.80781387       13.789305       147.80674       68.189591   2.1077208e-09       8.2091217       12.246581       1022.5967       14.854553       1405.5832      -16.001185       -16.001185       2545.5299                                 90.248798          14.854553             1405.5832          12.246581                      23.702432                      397.46759                                592.36015                        9.0665749
              1       1256.1954       1.0420711     0.022326251      0.11747144     0.059929463       3.0482541      0.96481256       1.2817841      0.99981167      0.30107712      0.69884524      0.80414048     0.047862689      0.25183355      0.80558279       13.783706       147.81973       68.298215   2.1078512e-09       8.2119293       11.517148       1022.7175       14.217456       1405.8278      -16.007712       -16.007712       2544.4062                                 90.126278          14.217456             1405.8278          11.517148                      23.604292                      397.45941                                592.46062                        9.1931524
              2       1256.3029          1.0421     0.022340734       0.1176455     0.058628468       3.0461292      0.96448981       1.2797255      0.99917893      0.30183781      0.69808447      0.80375736     0.047950368      0.25250491      0.80621552       13.782124       147.75672       68.257873    2.103377e-09       8.0827789       11.945597        1022.372       14.452439       1405.6809      -15.956254       -15.956254       2544.5183                                 90.067329          14.452439             1405.6809          11.945597                      23.746029                      397.09775                                592.49683                        9.0313976
              2       1258.2252       1.0418649     0.022254688        0.116938     0.056997793       3.0386885      0.97148092       1.2921436      0.99843991      0.29924817      0.70067434      0.80060463     0.047624612      0.25024512       0.7996008       13.794934       148.04318       68.358894   2.0877843e-09         7.92836       10.773762       1027.1465       13.867639       1406.1972      -15.794381       -15.794381       2548.0391                                 90.054016          13.867639             1406.1972          10.773762                      22.135393                      396.42508                                598.33441                        10.251576
              7       1257.2792       1.0418649     0.022254688        0.116938     0.056997793       3.0386885      0.97148092       1.1679825      0.99921571      0.29924817      0.70067434      0.80060463     0.047624612      0.25024512       0.7996008       13.794934       148.04318       68.358894   2.0877843e-09         7.92836       10.773762       1025.0074       13.867639       1406.1972      -15.719593       -15.719593       2545.9976                                 90.151644          13.867639             1406.1972          10.773762                       22.04035                      396.41941                                595.92076                        10.626851
             16         1256.61       1.0418649     0.022254688        0.116938     0.056997793       3.0386885      0.97148092       1.2158909       1.0004945      0.29924817      0.70067434      0.80060463     0.047624612      0.25024512       0.7996008       13.794934       148.04318       68.358894   2.0877843e-09         7.92836       10.773762       1025.9626       13.867639       1406.1972      -15.861261       -15.861261       2544.9425                                 88.141282          13.867639             1406.1972          10.773762                      21.887473                       396.4215                                596.33486                        11.318756
              4       1256.6331        1.041905     0.022387356      0.11669319     0.058002647       3.0371622      0.97404141       1.2216294      0.99841162      0.29708249      0.70284052      0.79939737     0.047599974      0.24811295      0.79550079       13.778364       147.96065       68.580089   2.0846002e-09       7.9936371       10.372382       1023.6093       12.629338       1406.6647      -15.718208       -15.718208       2544.7026                                  91.42688          12.629338             1406.6647          10.372382                      21.594421                      396.59171                                593.77443                        11.648734
              2          1258.8       1.0417931     0.022421316      0.11639944     0.050544426        3.029072       0.9707429       1.1586281        1.000031      0.29566543      0.70425781      0.79390517     0.047533169      0.24676669       0.7881489       13.776623       148.00124       68.680298   2.0678035e-09       7.2271576       10.318677        1029.013       12.087401       1406.9883      -15.757493       -15.757493        2549.115                                 90.707581          12.087401             1406.9883          10.318677                      22.205916                      395.68142                                599.43208                        11.693583
              4       1257.3783       1.0417693     0.022403151      0.11656129     0.050071775       3.0273239      0.96993901       1.1558454       1.0007767      0.29669112      0.70323192      0.79359084     0.047610369      0.24771186      0.78920221       13.780076       147.97785       68.596788   2.0641918e-09       7.1843414       10.363968       1025.8581       12.538202       1406.7527      -15.709636       -15.709636       2546.1759                                 90.663017          12.538202             1406.7527          10.363968                      22.164875                       395.6897                                595.48119                        12.522313
              1       1258.8919       1.0417586     0.022407458      0.11652459      0.04982991       3.0283516      0.97007268       1.1562287       1.0002776      0.29650402      0.70341906      0.79388385     0.047600537      0.24753513      0.78924462       13.779754       147.98291       68.610467   2.0663144e-09       7.1576691       10.350149       1028.7939       12.463795       1406.7951      -15.751088       -15.751088       2549.2861                                 90.883172          12.463795             1406.7951          10.350149                      22.297307                       395.7059                                599.21167                        11.579002
              3       1258.0997       1.0418789     0.022470722      0.11628248     0.048054436        3.025225      0.97331303       1.1607266       1.0024251      0.29452743      0.70539606      0.79261529     0.047477549      0.24568891      0.78535261       13.768213       147.97733       68.796187   2.0598639e-09       6.9562225       10.402789       1026.8361       11.475482       1407.2584      -15.258345       -15.258345        2546.716                                 90.743269          11.475482             1407.2584          10.402789                      21.539105                      395.85348                                595.68482                        13.758659
              1       1257.3634       1.0417942     0.022481866      0.11667654     0.046540385       3.0237496       0.9718678        1.159133       1.0018909        0.296786      0.70313713      0.79285455     0.047726623      0.24769194      0.78859606       13.771493       147.85849        68.63345   2.0568269e-09       6.8003998       10.408318       1025.0284       12.339278       1406.7313      -15.428022       -15.428022       2545.5828                                 91.075497          12.339278             1406.7313          10.408318                       21.82403                      396.04443                                594.56433                        12.595602
              3       1257.1752       1.0416767     0.022432347      0.11695859     0.050866993       3.0300458      0.96943367       1.1714546       1.0016928      0.29890289      0.70101982      0.79570222     0.047881527      0.24964646      0.79424593       13.781664       147.83822       68.446833    2.069818e-09       7.2664642       10.949162       1023.7493       13.368398       1406.2696      -15.557237       -15.557237       2545.4649                                 91.128449          13.368398             1406.2696          10.949162                      22.176006                      395.68228                                593.86996                        12.021089
              1       1254.7476       1.0416767     0.022432347      0.11695859     0.050866993       3.0300458      0.96943367       1.2199207       1.0009465      0.29890289      0.70101982      0.79570222     0.047881527      0.24964646      0.79424593       13.781664       147.83822       68.446833    2.069818e-09       7.2664642       10.949162        1022.419       13.368398       1406.2696      -15.825437       -15.825437        2541.146                                 88.139872          13.368398             1406.2696          10.949162                      22.269861                      395.69121                                592.90754                        11.550357
              1       1254.4282       1.0417083     0.022456166      0.11724447     0.050259664       3.0317211      0.96849322       1.2240814       1.0011013      0.30019502      0.69972752      0.79700446     0.048033349      0.25078387      0.79726347       13.779558       147.73476       68.374848   2.0732886e-09       7.2025909       11.537224       1020.7343       13.776387       1406.0031      -15.791565       -15.791565       2540.4396                                 88.388558          13.776387             1406.0031          11.537224                      22.565818                      395.68986                                591.96469                        10.513922
              2       1254.5376       1.0416793     0.022460225      0.11722557     0.050258025       3.0317446      0.96857017       1.2238235       1.0021101      0.30015667      0.69976587      0.79692973     0.048040973      0.25073793      0.79713779       13.779898        147.7353         68.3756   2.0733372e-09        7.201889         11.5457       1020.4261       13.772091       1406.0109      -15.528689       -15.528689       2540.1326                                 88.377876          13.772091             1406.0109            11.5457                      22.421361                      395.65794                                591.31347                        11.033347
              1       1254.3381       1.0422408     0.022636994      0.11719774     0.050654662       3.0323241      0.97415433       1.2601811       1.0008393      0.29735731      0.70256604      0.79851879     0.047916642       0.2480772      0.79499395       13.744161       147.54613       68.733141   2.0745392e-09       7.2068024       10.468693       1022.0247       11.806407       1406.6037      -15.630178       -15.630178       2539.9365                                 89.033023          11.806407             1406.6037          10.468693                      21.702553                        395.677                                593.64877                        10.996337
              1          1254.3       1.0422486     0.022638423      0.11718345     0.050161336       3.0317623      0.97405422       1.2570526       1.0011611      0.29725108      0.70267228      0.79821509     0.047906933      0.24798105      0.79454963       13.743705       147.54833       68.742275    2.073374e-09       7.1555634       10.448559       1021.9685       11.758173       1406.6273      -15.571453       -15.571453       2539.7429                                 88.940379          11.758173             1406.6273          10.448559                      21.696328                      395.67991                                593.45785                        11.134399
              3       1255.4415       1.0422486     0.022638423      0.11718345     0.050161336       3.0317623      0.97405422       1.2827305       1.0005144      0.29725108      0.70267228      0.79821509     0.047906933      0.24798105      0.79454963       13.743705       147.54833       68.742275    2.073374e-09       7.1555634       10.448559       1023.9085       11.758173       1406.6273      -15.688566       -15.688566       2542.2602                                  89.51774          11.758173             1406.6273          10.448559                      21.768623                      395.68693                                595.66845                        10.784477
              7       1255.0132       1.0422277     0.022649272      0.11720515     0.050212614       3.0324723      0.97396966       1.2836967       1.0009904      0.29736485      0.70255851      0.79848512      0.04793713      0.24806441       0.7949705       13.743276       147.53048       68.737085   2.0748466e-09       7.1590729       10.482347       1022.8268       11.785567        1406.602       -15.60893        -15.60893       2541.2442                                 89.547449          11.785567              1406.602          10.482347                      21.763996                      395.69718                                594.58481                        10.780823
              1       1254.0986       1.0420759     0.022608798      0.11716296     0.048770644       3.0319804      0.97159123       1.2622335       1.0025187      0.29781499       0.7021082      0.79745169     0.047952116       0.2484967      0.79454233       13.751909       147.58662       68.664909   2.0738261e-09       7.0165863       10.604207       1020.3749        12.16985        1406.503      -15.237938       -15.237938       2538.6731                                  89.02107           12.16985              1406.503          10.604207                      22.068293                      395.75573                                591.68573                        10.865129
              1       1255.1993       1.0421443     0.022523581      0.11737647     0.045460939       3.0262147      0.97141018       1.2560611        1.002452      0.29922741      0.70069549      0.79625597      0.04795412      0.24990189      0.79523002        13.75999       147.62389       68.533948   2.0619035e-09       6.6873932       10.924855        1022.356       12.882862       1406.2017       -15.39072        -15.39072         2541.18                                 88.814564          12.882862             1406.2017          10.924855                      22.032768                      396.17848                                 593.0644                         11.08038
              1       1255.5652        1.042313      0.02251528      0.11733027     0.047544991       3.0309004      0.96964606       1.2531347       1.0022284      0.29853559      0.70138746      0.79760423      0.04784417      0.24932265      0.79565514       13.755632       147.64568       68.600007   2.0715877e-09       6.9098969       10.617891       1023.7716       12.520671       1406.3475      -15.480578       -15.480578       2542.0915                                  88.83374          12.520671             1406.3475          10.617891                      22.477323                      395.85679                                594.94763                        10.489904
              1       1254.0709       1.0422284      0.02252933      0.11720045     0.048752484       3.0323109      0.97060942       1.2593695       1.0027651      0.29801773      0.70190539      0.79787684     0.047830395      0.24881982      0.79523646       13.756029       147.66494       68.631288   2.0745117e-09       7.0313263       10.532633       1020.3355       12.350965       1406.4589      -15.257166       -15.257166       2538.6562                                 88.978211          12.350965             1406.4589          10.532633                      22.213571                      395.77621                                591.45041                        10.895264
              1       1253.7072       1.0421009     0.022516481      0.11741657      0.04852757       3.0319472      0.96873546       1.2531115       1.0026846      0.29960822       0.7003146      0.79785487     0.047988744      0.25024665      0.79733372       13.762234       147.62129       68.498422   2.0737575e-09       7.0137787       11.089203       1018.8205       13.079786       1406.1228      -15.299792       -15.299792        2538.014                                 88.901829          13.079786             1406.1228          11.089203                      22.530338                      395.74068                                589.92169                        10.627746
              4       1253.6797       1.0421037     0.022521196      0.11746225     0.048624564       3.0320956      0.96872619       1.2550153       1.0029082      0.29981506      0.70010774       0.7980524     0.048014718      0.25042706      0.79780637       13.761863       147.60381       68.487062   2.0740651e-09       7.0236053       11.182043       1018.3892       13.143068       1406.0803      -15.196632       -15.196632       2537.7527                                 88.957991          13.143068             1406.0803          11.182043                      22.498943                      395.78444                                589.38522                        10.720608
              6       1253.4444       1.0419597     0.022514797      0.11739429     0.050210898       3.0346258      0.96995977        1.268363       1.0024269      0.29991521      0.70000752      0.79910363     0.048042513      0.25049822      0.79899069       13.766514       147.62927       68.457519   2.0793196e-09       7.1885529       11.311678       1017.7725       13.308358       1406.0599      -15.427338       -15.427338       2537.7435                                 89.291094          13.308358             1406.0599          11.311678                      22.329435                      395.67077                                 589.4644                        10.307888
              1       1253.3921       1.0419645     0.022530504      0.11730745     0.050701043        3.034633      0.97027312       1.2680497       1.0019245      0.29935045      0.70057239      0.79883922     0.048009797      0.24996807      0.79797394       13.764276        147.6351       68.504723   2.0793346e-09       7.2348785       11.081925       1018.3715       13.044748        1406.176      -15.582068       -15.582068       2537.9484                                 89.274185          13.044748              1406.176          11.081925                       22.30219                      395.68033                                590.02655                         10.36246
              2        1255.751       1.0419038     0.022669145      0.11702553     0.054802804       3.0435623      0.96758684       1.2557409       1.0035988      0.29725172      0.70267158      0.79996821      0.04801553      0.24787185      0.79629556       13.749934       147.55691       68.711069   2.0979847e-09       7.6174164       10.585662       1022.3625       11.923372       1406.6271       -14.57319        -14.57319       2540.6484                                 89.149685          11.923372             1406.6271          10.585662                      22.847185                      396.01688                                 593.1671                        10.331354
              2       1254.5222       1.0419038     0.022669145      0.11702553     0.054802804       3.0435623      0.96758684        1.260822       1.0020983      0.29725172      0.70267158      0.79996821      0.04801553      0.24787185      0.79629556       13.749934       147.55691       68.711069   2.0979847e-09       7.6174164       10.585662       1021.2335       11.923372       1406.6271      -15.263968       -15.263968       2539.5723                                 89.202706          11.923372             1406.6271          10.585662                      23.060208                      396.01827                                592.49604                        9.6589505
              1       1256.0217       1.0420218     0.022702874      0.11692634     0.055627832       3.0417077      0.96720864       1.2528296      0.99971586      0.29619733      0.70372621      0.79872084     0.047938763      0.24689843      0.79364258        13.74235       147.54612       68.817202   2.0940974e-09       7.6911163       10.395286        1025.022       11.366222       1406.8653      -15.515945       -15.515945       2543.0753                                  89.42649          11.366222             1406.8653          10.395286                      23.298129                      396.12576                                595.89678                        9.7012894
              6        1254.967       1.0418836      0.02270052      0.11699578     0.056503124       3.0420453      0.96758424       1.2603767       1.0001649      0.29697703      0.70294634      0.79910626     0.048036997      0.24757696      0.79506994       13.747048        147.5302       68.743237   2.0948044e-09       7.7795563       10.557676       1022.3708       11.753098       1406.6884      -15.536704       -15.536704       2541.0075                                 89.637486          11.753098             1406.6884          10.557676                      23.056844                      396.28987                                592.97557                        10.048517
              1       1254.4858       1.0418836      0.02270052      0.11699578     0.056503124       3.0420453      0.96758424       1.2251686      0.99996034      0.29697703      0.70294634      0.79910626     0.048036997      0.24757696      0.79506994       13.747048        147.5302       68.743237   2.0948044e-09       7.7795563       10.557676       1022.4031       11.753098       1406.6884      -15.482906       -15.482906       2539.9374                                 88.535129          11.753098             1406.6884          10.557676                      23.086609                      396.28542                                593.07539                        9.9556704
              1       1254.3136       1.0419149     0.022721048      0.11700759      0.05583528       3.0406707      0.96808043       1.2252622      0.99996679      0.29683247      0.70309096      0.79869136     0.048045961      0.24742441       0.7944637       13.743988       147.50422       68.767896   2.0919269e-09       7.7086639       10.532881       1022.3555       11.623398       1406.7209      -15.429018       -15.429018       2539.4853                                 88.252534          11.623398             1406.7209          10.532881                      22.965798                      396.18057                                 593.0798                        10.129367
              1       1258.2607       1.0419094     0.022728148      0.11702327      0.05586061       3.0408353      0.96792285       1.2247878      0.99805545      0.29689071      0.70303271      0.79872975     0.048062604      0.24746597      0.79457984       13.743469       147.49215        68.76673   2.0922713e-09       7.7100677       10.552037       1029.5981       11.629515       1406.7078        -15.1063         -15.1063       2546.7339                                 88.246453          11.629515             1406.7078          10.552037                      23.287293                      396.13974                                600.87269                        9.2983885
              2       1256.2435       1.0419153      0.02272716      0.11694001     0.056681851       3.0441794      0.97039039       1.2459108      0.99954046      0.29644186      0.70348163       0.8005377     0.048016669       0.2470643      0.79577617       13.742998       147.51562        68.79812   2.0992798e-09       7.7900848       10.467902        1025.805       11.465415       1406.8094      -15.430458       -15.430458       2543.3479                                 88.800214          11.465415             1406.8094          10.467902                      22.723818                      396.27254                                597.48072                        9.3279405
              1       1254.0627       1.0419182        0.022727       0.1169275     0.056695841       3.0441347        0.970456       1.2458963       1.0006445      0.29636849      0.70355501      0.80049906     0.048008785      0.24699903      0.79563928       13.742867       147.51915       68.803527   2.0991859e-09       7.7914886        10.45588       1021.4419       11.437264       1406.8261      -15.414538       -15.414538       2538.9544                                  88.79326          11.437264             1406.8261           10.45588                      22.558233                      396.28461                                592.81959                        9.7794205
              2       1253.7622       1.0417768     0.022677412      0.11725606     0.056118624       3.0422693      0.97087803       1.2584316       1.0009351      0.29879221      0.70113082      0.80112149     0.048199953      0.24922317      0.79950722       13.753939       147.48611       68.591996   2.0952738e-09       7.7500763        11.16239       1019.2818       12.564321       1406.2931       -15.52353        -15.52353       2538.5714                                 89.269792          12.564321             1406.2931           11.16239                      22.311387                       396.2129                                590.81878                        9.9387528
              1       1254.6036       1.0417768     0.022677412      0.11725606     0.056118624       3.0422693      0.97087803       1.2277682      0.99992587      0.29879221      0.70113082      0.80112149     0.048199953      0.24922317      0.79950722       13.753939       147.48611       68.591996   2.0952738e-09       7.7500763        11.16239       1020.3111       12.564321       1406.2931      -15.544558       -15.544558       2540.2963                                 89.965423          12.564321             1406.2931           11.16239                      22.441863                      396.18964                                592.14714                        9.5324941
              3       1254.2877       1.0419645     0.022633295      0.11737472     0.051726017       3.0382283       0.9696997       1.2099639       1.0027241      0.29912014      0.70080285      0.79990706     0.048133459      0.24961682      0.79873319       13.753624       147.50295       68.572559   2.0868239e-09       7.3191071       11.122531       1018.0273       12.670536       1406.2241        -15.0152         -15.0152       2538.6059                                 90.561441          12.670536             1406.2241          11.122531                      22.461998                      395.70558                                589.78283                        10.076877
              1       1254.9281       1.0421157     0.022632008      0.11704211     0.052531546        3.040816      0.96766308        1.188622       1.0033051      0.29693133      0.70299204      0.79929037     0.047892217      0.24767604      0.79519194       13.747667       147.59353       68.743095   2.0922309e-09       7.3970184       10.429507       1020.4129       11.753849       1406.6987      -14.690043       -14.690043       2539.2363                                 89.941339          11.753849             1406.6987          10.429507                      22.926962                      395.75638                                 591.5827                        10.146854
              1       1256.8835       1.0423634     0.022772332      0.11673892     0.055624043       3.0440671       0.9705634       1.2058226       1.0008988      0.29384319      0.70608089      0.80002785     0.047743399      0.24474932      0.79177592       13.723892       147.51935       69.063262   2.0990441e-09       7.6735687       10.493444       1026.5654       10.125801       1407.4254      -15.177206       -15.177206       2544.1214                                 89.511331          10.125801             1407.4254          10.493444                      22.681854                      396.04638                                597.95939                        9.8777258
              1        1255.728       1.0423634     0.022772332      0.11673892     0.055624043       3.0440671       0.9705634       1.2357919       1.0012353      0.29384319      0.70608089      0.80002785     0.047743399      0.24474932      0.79177592       13.723892       147.51935       69.063262   2.0990441e-09       7.6735687       10.493444       1025.2976       10.125801       1407.4254      -15.177029       -15.177029       2541.8102                                 88.467846          10.125801             1407.4254          10.493444                      22.636082                      396.05193                                596.58253                        10.027094
              1       1256.5205       1.0426613      0.02261655      0.11812803     0.059497331       3.0518338      0.96642711       1.2811491      0.99973723      0.30114797       0.6987749        0.807665     0.048171652      0.25160436      0.80920882       13.738217        147.3211       68.520008   2.1154102e-09       8.1136627       11.586317        1023.615       12.959954       1405.8141       -15.74695        -15.74695       2544.5349                                 90.559518          12.959954             1405.8141          11.586317                      23.623172                      397.22557                                594.09096                        8.6752701
              1       1256.1492       1.0426197     0.022628005      0.11821048     0.059491147       3.0524717      0.96610293       1.2823698       1.0002852      0.30164147      0.69828133      0.80802483     0.048242991      0.25202518      0.81023239       13.738613       147.28647       68.486666     2.11676e-09        8.111557        11.91596       1022.3025       13.145279       1405.7186      -15.724414       -15.724414       2543.7471                                 90.664788          13.145279             1405.7186           11.91596                      23.646046                      397.24039                                592.75067                        8.6653957
              1       1254.9657       1.0426758     0.022603832      0.11762384     0.059302876       3.0503932      0.97041222       1.2891353       1.0005744      0.29851695      0.70140631      0.80662009      0.04789906      0.24925293      0.80462387       13.736787        147.4697       68.695382   2.1123648e-09       8.0890961       10.548045       1021.9047       12.006853       1406.3516      -15.757907       -15.757907       2541.4472                                 90.636021          12.006853             1406.3516          10.548045                      22.656546                       397.0441                                592.96625                        9.2377577
              2       1254.5029        1.042588      0.02259179      0.11750241     0.060395008       3.0519026      0.97051983       1.2901504       1.0002367      0.29820353      0.70171974      0.80680901     0.047868631      0.24897008      0.80438971        13.74011       147.51563       68.698905   2.1155558e-09       8.1964874       10.497431       1021.0514       11.988078       1406.4188      -15.802529       -15.802529       2540.6109                                 90.655213          11.988078             1406.4188          10.497431                      22.679577                       397.3383                                591.90552                        9.1280075
              1       1254.1928       1.0425738     0.022608908       0.1172812     0.059127637       3.0498457      0.96983315       1.2709637         1.00142      0.29698483      0.70293864      0.80490634      0.04777841       0.2478452      0.80085124       13.737652       147.55571       68.789784   2.1112087e-09       8.0645294       10.328801        1021.187        11.50888       1406.6867      -15.594681       -15.594681        2539.575                                 89.863628           11.50888             1406.6867          10.328801                      22.677827                      396.92747                                591.93643                        9.6452299
              3       1256.1305       1.0426821     0.022492553      0.11745945     0.059458409       3.0466561      0.96696713       1.2565978      0.99882278      0.29826644      0.70165673      0.80394919     0.047716628      0.24918332      0.80162301       13.747691       147.63737        68.65695   2.1044855e-09       8.1269989       10.422877       1025.4157       12.212606       1406.4052      -15.797413       -15.797413       2543.8559                                 89.399487          12.212606             1406.4052          10.422877                       23.32478                      397.18047                                595.36699                         9.543481
              2       1254.0986        1.042387     0.022471925      0.11772423     0.059830818       3.0464814      0.96762994       1.2719544      0.99898127      0.30065257      0.69927013      0.80483561     0.047970946      0.25130658      0.80571049        13.75993       147.58946       68.443308   2.1041178e-09       8.1726227       11.309484       1019.3253       13.388234       1405.9116      -15.864656       -15.864656       2539.9265                                 89.991905          13.388234             1405.9116          11.309484                      23.036018                      397.29519                                589.48868                        9.5054333
              4       1255.5439       1.0421337     0.022582465      0.11762882     0.057220748        3.042231      0.96366389       1.2250243       0.9994833      0.30025872      0.69966409      0.80090425     0.048138597      0.25074703      0.80124952       13.755218        147.4919        68.49186   2.0951935e-09       7.8876495       11.456536       1023.4227        13.11632       1405.9904      -15.712773       -15.712773       2542.5133                                 88.527334           13.11632             1405.9904          11.456536                      23.849942                      396.59205                                593.21588                        9.7648669
              1       1254.6377       1.0420844     0.022691506      0.11698901     0.057594796       3.0439917       0.9685952       1.2370185       1.0010876      0.29640824      0.70351526      0.80037912     0.047931345      0.24711629      0.79557342       13.742001       147.54211       68.805293   2.0988857e-09       7.8897552       10.398587       1022.9187       11.428075       1406.8171      -15.432034       -15.432034       2540.1394                                 88.576994          11.428075             1406.8171          10.398587                       22.75361                      396.50958                                593.15036                         10.50516
              8       1256.8473       1.0426849     0.022601442      0.11696827     0.056602879       3.0521743      0.97019009       1.2600941       1.0048186      0.29506608      0.70485771      0.80497624     0.047562485      0.24614808      0.79832932       13.733643       147.64767       68.934369   2.1161305e-09       7.8125458       10.394849       1023.3746       10.766631       1407.1296      -13.898841       -13.898841       2541.4923                                 89.826553          10.766631             1407.1296          10.394849                      22.609366                       396.2744                                594.95298                        9.5378876
              1       1258.8316       1.0426811     0.022713046      0.11669451     0.056471934       3.0541894      0.97031825       1.2503161       1.0055509      0.29303049      0.70689375      0.80437459      0.04752256       0.2441602      0.79497619       13.720554       147.59708       69.133378    2.120399e-09       7.7704315       10.841335       1026.0838        9.785454       1407.6279       -13.02718        -13.02718       2543.7175                                 89.379039           9.785454             1407.6279          10.841335                       22.70855                      396.24315                                597.72723                        9.4048567
              2       1260.7361       1.0422477     0.022799883      0.11531678     0.055263303       3.0415933      0.97277338       1.1941471       1.0023933      0.28667998       0.7132452      0.79439788     0.047104586      0.23824461      0.77656199       13.717329       147.87158       69.572037   2.0938578e-09       7.6082916       14.726718       1031.6583       7.7882361        1409.373      -14.669917       -14.669917        2550.812                                 87.265777          7.7882361              1409.373          14.726718                      22.140449                        395.913                                601.22633                        12.378554
              1       1261.6122       1.0421164     0.022775258      0.11514796     0.053276823       3.0402396       0.9753566       1.2008469       1.0049353      0.28631294      0.71361224      0.79403853     0.047059072      0.23792293      0.77571366       13.722984       147.94451       69.568072   2.0910253e-09       7.4131622         15.0162        1030.116       7.8052659       1409.4828      -13.273399       -13.273399       2549.7713                                 87.351027          7.8052659             1409.4828            15.0162                      21.533853                      395.70804                                599.46597                         13.40816
              1       1261.6943       1.0421164     0.022775258      0.11514796     0.053276823       3.0402396       0.9753566       1.1845544       1.0046934      0.28631294      0.71361224      0.79403853     0.047059072      0.23792293      0.77571366       13.722984       147.94451       69.568072   2.0910253e-09       7.4131622         15.0162       1030.2617       7.8052659       1409.4828      -13.421869       -13.421869       2550.2324                                 87.666477          7.8052659             1409.4828            15.0162                      21.559715                      395.70804                                599.77158                        13.222336
              1       1261.2569       1.0414957      0.02280362      0.11557253     0.058949576       3.0472663      0.97728606       1.2346998       1.0032435        0.290091      0.70983343      0.79832646     0.047583884      0.24116301       0.7850314       13.740582       147.79866       69.226433     2.10577e-09       7.9718781       11.482304       1033.2679       9.3427405       1408.3994      -14.355536       -14.355536       2551.2249                                 88.732532          9.3427405             1408.3994          11.482304                        21.2611                      396.59337                                603.68521                        11.728259
              1       1261.8731        1.041422     0.022808722      0.11562435     0.059420532       3.0495778      0.97692918       1.2380673       1.0022396      0.29054092      0.70938343      0.79924265     0.047648837      0.24154644      0.78654156       13.742495       147.77904       69.186973   2.1106432e-09       8.0175018       11.234068       1035.3145       9.5292234       1408.2772       -14.78454        -14.78454       2553.3153                                 88.960281          9.5292234             1408.2772          11.234068                      21.488512                      396.75854                                606.65652                        10.410945
              1       1255.2086       1.0416849     0.022640684      0.11667876     0.058412238       3.0505203       0.9683207       1.2192052       1.0028114      0.29622359      0.70369977      0.80168521     0.047917498      0.24694282      0.79662341       13.757808       147.68191       68.738129   2.1126333e-09       7.9753876       10.448113       1022.0296       11.780055       1406.8592      -14.979552       -14.979552       2540.3763                                 89.259359          11.780055             1406.8592          10.448113                      22.933134                      396.73354                                592.93525                         9.427648
              2       1256.1567       1.0416897     0.022672735      0.11701788     0.055663849        3.048092      0.96748093       1.2154397       1.0043906      0.29781595      0.70210721      0.80152298     0.048115678      0.24833329      0.79860003        13.75589       147.55505       68.644958   2.1075095e-09       7.7023468       10.842622       1021.2442       12.277163       1406.5028      -13.990466       -13.990466       2540.2943                                 89.427485          12.277163             1406.5028          10.842622                      22.969202                      396.14515                                592.61681                        9.5130465
              1        1254.959        1.041926     0.022720494      0.11717457      0.05797126       3.0521453      0.96874079       1.2398048       1.0026409      0.29768116      0.70224214       0.8040901     0.048125099      0.24819169      0.80097647       13.744515       147.46033       68.710493   2.1160692e-09       7.9227448        10.73445       1020.4741       11.926436       1406.5324      -14.897923       -14.897923       2539.7139                                 90.046552          11.926436             1406.5324           10.73445                      23.015101                      396.63024                                591.96067                        8.8681222
              1       1254.5595       1.0420291     0.022675337       0.1170485     0.056999172       3.0522272      0.97004384       1.2438977       1.0044971      0.29697269       0.7029507      0.80435887     0.047973593      0.24763632      0.80029018       13.745657       147.54407       68.750482   2.1162425e-09       7.8350067       10.488381       1017.7081       11.714916       1406.6894      -13.959284       -13.959284       2537.0375                                 90.436722          11.714916             1406.6894          10.488381                       22.61121                       396.3605                                589.54896                         9.187399
              1       1255.9596       1.0417021     0.022588419      0.11782196     0.057899206        3.052218      0.97147724       1.2867317       1.0036894      0.30253086      0.69739147      0.80758307     0.048447183      0.25270215      0.81098239        13.76835       147.43376        68.28238   2.1162231e-09       7.9557343       13.361152       1015.4276       14.309459       1405.5506      -14.720868       -14.720868       2541.3609                                 92.712028          14.309459             1405.5506          13.361152                      22.212888                      396.60182                                587.72416                        8.8887472
              2       1256.8827       1.0415851     0.022602504      0.11800882     0.057863397       3.0521983      0.96989007        1.281599       1.0034567      0.30379743      0.69612469      0.80757197     0.048611094        0.253801      0.81266706       13.771207       147.36829       68.188413   2.1161814e-09       7.9522247       14.669768       1016.0461       14.861543       1405.3208       -14.82363        -14.82363       2543.4127                                 92.514426          14.861543             1405.3208          14.669768                      22.513011                      396.63955                                588.14973                         8.743847
              1       1256.9449       1.0416229     0.022662507       0.1178996     0.056050231       3.0423257      0.97123988       1.2679465      0.99923873      0.30275058      0.69717178      0.80341968     0.048589119      0.25278041       0.8070944       13.763154       147.33076       68.294301   2.0953919e-09       7.7570953       13.833603       1020.5831       14.240169         1405.51      -15.594181       -15.594181       2545.0782                                 90.911386          14.240169               1405.51          13.833603                      22.380157                      396.21605                                592.96704                        9.0198477
              1       1258.2261       1.0418536     0.022894714      0.11674746     0.055193793       3.0429734      0.97273466        1.228999       1.0028129      0.29467338      0.70525055      0.79933951     0.048090671      0.24522969      0.79221143       13.726055       147.38159        68.99811   2.0967495e-09       7.6033783       10.408541       1027.9389       10.447264       1407.2235      -14.222048       -14.222048       2544.8962                                 88.878037          10.447264             1407.2235          10.408541                        22.0119                      395.91481                                599.32528                        10.686947
              2       1259.8929       1.0418536     0.022894714      0.11674746     0.055193793       3.0429734      0.97273466       1.2300459       1.0035528      0.29467338      0.70525055      0.79933951     0.048090671      0.24522969      0.79221143       13.726055       147.38159        68.99811   2.0967495e-09       7.6033783       10.408541       1030.5578       10.447264       1407.2235      -13.847102       -13.847102         2547.48                                 88.842947          10.447264             1407.2235          10.408541                      21.923933                      395.90688                                601.63389                         11.09309
              3        1257.287         1.04192      0.02288979      0.11674329     0.055759364       3.0435337      0.97211527       1.2276554       1.0020717      0.29448744      0.70543653      0.79943531     0.048053104      0.24508209      0.79205636       13.724584        147.3882       69.017652   2.0979246e-09       7.6602325       10.399665       1026.8708       10.350316       1407.2683      -14.528763       -14.528763       2543.6315                                 88.742453          10.350316             1407.2683          10.399665                      22.195255                      396.01588                                598.22201                         10.43768
              1       1258.7297       1.0415042      0.02282462      0.11656425     0.054939874       3.0427572      0.96915747        1.198365        1.002583      0.29511632      0.70480736      0.79750482     0.048102357      0.24565646      0.79098693       13.743019       147.50819       68.884038   2.0962963e-09       7.5893402        10.47238       1029.6525       11.022207       1407.1176      -14.520493       -14.520493       2546.5003                                 88.235654          11.022207             1407.1176           10.47238                       22.68535                       395.9429                                600.72786                        10.296375
              1       1258.7997       1.0414902     0.022823192      0.11660566     0.054946452       3.0427429       0.9691238       1.1996687        1.002572      0.29538173      0.70454191      0.79762957     0.048128866      0.24589453       0.7914663       13.743791       147.49867       68.862911   2.0962662e-09        7.590744       10.504888       1029.6985       11.130378       1407.0549      -14.532859       -14.532859       2546.6651                                 88.276402          11.130378             1407.0549          10.504888                      22.685899                       395.9429                                600.81283                        10.256844
              3       1259.8463       1.0414569     0.022755876      0.11628385     0.049725083       3.0301203      0.97191119        1.180794       1.0029237      0.29416796      0.70575578      0.79258004     0.047922856      0.24488858      0.78483829        13.75038       147.65928       68.908918   2.0699722e-09       7.0720367       10.423626       1032.3673       10.895492       1407.3457      -14.549753       -14.549753       2548.7921                                  87.75993          10.895492             1407.3457          10.423626                      21.868479                      395.72292                                601.99819                        12.777729
              4       1255.8361       1.0417928      0.02262022      0.11668585     0.053513882       3.0356416       0.9748887       1.2370332       1.0000635      0.29606229       0.7038611      0.79795375     0.047852693      0.24684694      0.79269961       13.756809       147.70235       68.753564   2.0814329e-09       7.4924774        10.39285       1024.8402       11.698695       1406.8963      -15.685629       -15.685629       2543.0434                                 89.215337          11.698695             1406.8963           10.39285                      21.626034                      395.80414                                596.63993                        10.770053
              1       1256.7137       1.0418945     0.022549063       0.1166276     0.050191669        3.032387      0.97414489        1.219916       1.0014515      0.29585984      0.70406354      0.79661126     0.047713662      0.24678319      0.79109534       13.761089       147.79698       68.745279   2.0746697e-09       7.1681976       10.336592        1026.534       11.742332       1406.9431      -15.608595       -15.608595       2544.6445                                   89.0885          11.742332             1406.9431          10.336592                      21.693459                      395.70782                                598.12191                        11.010761
              2       1256.8582       1.0418945     0.022549063       0.1166276     0.050191669        3.032387      0.97414489       1.1938987       1.0035837      0.29585984      0.70406354      0.79661126     0.047713662      0.24678319      0.79109534       13.761089       147.79698       68.745279   2.0746697e-09       7.1681976       10.336592       1022.7106       11.742332       1406.9431      -14.694654       -14.694654       2543.1058                                 91.373067          11.742332             1406.9431          10.336592                       21.46378                      395.69279                                593.23321                        12.320857
              4       1256.8279       1.0418945     0.022549063       0.1166276     0.050191669        3.032387      0.97414489       1.1946514       1.0033627      0.29585984      0.70406354      0.79661126     0.047713662      0.24678319      0.79109534       13.761089       147.79698       68.745279   2.0746697e-09       7.1681976       10.336592       1022.3915       11.742332       1406.9431      -14.819171       -14.819171       2543.2942                                 91.880571          11.742332             1406.9431          10.336592                      21.486919                      395.69279                                593.03844                        12.173397
              3       1257.3922       1.0419086     0.022565076      0.11648203     0.050226312       3.0318714      0.97552876       1.1981485       1.0035068      0.29496464       0.7049589      0.79626155      0.04764722      0.24595729      0.78955083       13.758244       147.81833       68.817615   2.0736002e-09       7.1660919       10.349195       1024.1754       11.364083       1407.1536      -14.723687       -14.723687       2544.2319                                 91.189589          11.364083             1407.1536          10.349195                      21.264768                      395.68954                                594.54221                        12.678851
              1        1255.235       1.0419086     0.022565076      0.11648203     0.050226312       3.0318714      0.97552876       1.2134734       1.0030193      0.29496464       0.7049589      0.79626155      0.04764722      0.24595729      0.78955083       13.758244       147.81833       68.817615   2.0736002e-09       7.1660919       10.349195       1023.7521       11.364083       1407.1536      -15.010907       -15.010907       2540.4918                                  87.87288          11.364083             1407.1536          10.349195                      21.312912                      395.69553                                594.40087                        12.342747
              2       1254.7641       1.0418405     0.022520094      0.11684546     0.055171031       3.0402066      0.97479743       1.2451235       1.0015496      0.29732798      0.70259512      0.80077083     0.047824221      0.24813586      0.79719673       13.766854       147.77109       68.621649   2.0909564e-09       7.6840973       10.508721       1020.5038       12.403134       1406.6101      -15.667904       -15.667904        2540.864                                 90.838246          12.403134             1406.6101          10.508721                      21.546033                      396.00666                                592.34359                        10.607485
              2       1253.7895       1.0418773     0.022565124      0.11691097     0.056880473       3.0380537      0.97274813       1.2322991      0.99884653      0.29731258      0.70261059      0.79935391     0.047879561      0.24806626      0.79576551       13.761269       147.70348       68.650512   2.0864595e-09       7.8455353       10.525902       1019.8625       12.247242       1406.6136      -15.669098       -15.669098       2538.9173                                 89.668078          12.247242             1406.6136          10.525902                      21.916251                      396.31968                                590.72256                        10.903982
              1       1253.9522       1.0418608     0.022593991      0.11672161     0.057333965       3.0390095       0.9728603       1.2276144      0.99880444      0.29620039      0.70372297      0.79896911     0.047816245      0.24702094      0.79389337       13.757759       147.72227       68.739875   2.0884547e-09       7.8806305       10.379529       1020.6855       11.770836       1406.8646      -15.604466       -15.604466       2539.1133                                 89.412957          11.770836             1406.8646          10.379529                      21.947229                      396.37144                                591.47555                        10.891224
              1       1254.0476       1.0421438     0.022608936      0.11655288     0.057934079       3.0402676      0.97364265       1.2299377      0.99889785      0.29441318      0.70551056      0.79929531     0.047611481      0.24544523       0.7918178       13.746912       147.75105       68.910311   2.0910838e-09       7.9339752       10.415713       1021.3561       10.888419       1407.2861      -15.598352       -15.598352       2539.2919                                 89.345517          10.888419             1407.2861          10.415713                      21.865273                      396.49871                                591.84344                        11.148683
              1       1254.1389        1.042104     0.022616833       0.1166696     0.059187264       3.0435289      0.97349189       1.2401501      0.99861305      0.29509514      0.70482849      0.80089874     0.047695922      0.24604082       0.7943246       13.747827       147.71098       68.861309   2.0979146e-09       8.0575104       10.341549       1020.9782       11.138603       1407.1226      -15.543842       -15.543842       2539.3654                                 89.784384          11.138603             1407.1226          10.341549                      21.990131                       396.8155                                591.80981                        10.362787
              6        1254.934         1.04188     0.022539323      0.11707977      0.06144453        3.043438      0.97247179       1.2546456      0.99761509      0.29834234      0.70158064      0.80212409     0.047941534      0.24903071      0.79990494       13.764758       147.68729       68.566893    2.097724e-09       8.3017731       10.769096       1020.5556       12.701587       1406.3889      -15.393842       -15.393842       2540.6557                                 90.240535          12.701587             1406.3889          10.769096                      21.989774                      397.63789                                590.37754                        10.550425
              1       1253.9858       1.0419874     0.022494211      0.11702265     0.057767212       3.0392376      0.97151682       1.2332422      0.99781202      0.29798209      0.70194092      0.80023308     0.047822662         0.24879      0.79753721       13.766103       147.75255        68.58332   2.0889311e-09       7.9515228       10.581644       1019.4627       12.611678       1406.4666      -15.487259       -15.487259       2538.9462                                  89.82355          12.611678             1406.4666          10.581644                      22.220587                      396.59377                                590.28604                        10.362325
              2       1253.6557       1.0419608     0.022491552      0.11726327     0.057151679       3.0376273      0.97106744       1.2353522      0.99794322      0.29934943      0.70057336      0.80027991     0.047955008      0.25002104      0.79941171       13.768337       147.69087       68.484569   2.0855701e-09       7.8946686        11.03139       1018.0934       13.156977       1406.1762        -15.5382         -15.5382       2538.3877                                 89.929693          13.156977             1406.1762           11.03139                      22.211621                      396.42596                                588.92855                        10.527279
              3       1254.3494       1.0419608     0.022491552      0.11726327     0.057151679       3.0376273      0.97106744        1.249947      0.99794256      0.29934943      0.70057336      0.80027991     0.047955008      0.25002104      0.79941171       13.768337       147.69087       68.484569   2.0855701e-09       7.8946686        11.03139       1018.0932       13.156977       1406.1762       -15.56116        -15.56116       2539.8211                                 91.363291          13.156977             1406.1762           11.03139                      22.211705                      396.42596                                588.92856                         10.52695
              2       1254.6046       1.0422172     0.022407703      0.11734499     0.058908636       3.0389984      0.97035773       1.2561899      0.99690805       0.2995074      0.70041534      0.80146817     0.047802167      0.25033111       0.8008099       13.770043       147.76261       68.465987   2.0884314e-09        8.089798       10.853879       1019.7822       13.260877       1406.1435      -15.204961       -15.204961       2539.6192                                 89.578714          13.260877             1406.1435          10.853879                      22.372871                      396.94709                                589.96703                         10.49523
              1       1254.4184       1.0421091     0.022389404      0.11769786     0.058046206       3.0397588      0.97006397       1.2666755      0.99819467      0.30180992      0.69811243      0.80288911     0.048015897      0.25241262       0.8053074         13.7769       147.68831       68.285539   2.0900202e-09       8.0146942       12.010425       1018.0352       14.291078       1405.6863      -15.729265       -15.729265       2540.2953                                 90.272312          14.291078             1405.6863          12.010425                      22.338548                      396.75196                                588.76368                        10.180997
              1       1257.0046       1.0422258     0.022384521      0.11783324     0.059436355       3.0417433      0.97083749         1.28325      0.99591505      0.30221446      0.69770785      0.80451382     0.048025235      0.25280725      0.80747763       13.774581       147.65763       68.271454   2.0941719e-09        8.155777       12.153201       1020.3143       14.373114       1405.6097      -14.674773       -14.674773       2543.3588                                 90.908419          14.373114             1405.6097          12.153201                       22.47453                      397.14787                                591.33712                        9.3548226
              2       1255.4535       1.0422345     0.022381125      0.11780884     0.059432248       3.0418763      0.97089068       1.2830132      0.99819865      0.30207801      0.69784432      0.80452105     0.048005743      0.25269065      0.80730258       13.774571       147.66795       68.280133   2.0944504e-09        8.155777       12.053708       1019.4878       14.322541       1405.6354      -15.750711       -15.750711       2542.4084                                 90.908981          14.322541             1405.6354          12.053708                      22.181005                      397.14119                                589.98202                        10.183567
              1       1255.8527       1.0422303     0.022420346      0.11763425        0.059382       3.0418823      0.97252592        1.287119      0.99661967      0.30093356      0.69898899      0.80425454      0.04795377      0.25160208      0.80550494       13.769678       147.67096       68.376958    2.094463e-09       8.1389313        11.47731       1019.8317       13.764339        1405.856       -15.08558        -15.08558       2541.8766                                 90.947245          13.764339              1405.856           11.47731                      22.122535                      397.07323                                590.99612                        9.6398226
              4       1255.4603       1.0423888     0.022444892      0.11776549     0.057762116       3.0409062      0.97116195        1.276764      0.99727071      0.30102167      0.69890094      0.80393699     0.047967215      0.25167787      0.80530476       13.762954       147.60832       68.404789   2.0924197e-09       7.9753876       11.449809        1020.134       13.605947       1405.8387      -15.378549       -15.378549       2541.6777                                 90.649202          13.605947             1405.8387          11.449809                      22.388569                      396.63364                                591.52967                         9.582128
              5        1254.733       1.0423888     0.022444892      0.11776549     0.057762116       3.0409062      0.97116195       1.3371782      0.99840926      0.30102167      0.69890094      0.80393699     0.047967215      0.25167787      0.80530476       13.762954       147.60832       68.404789   2.0924197e-09       7.9753876       11.449809       1018.5058       13.605947       1405.8387      -15.810489       -15.810489       2541.0869                                  91.68665          13.605947             1405.8387          11.449809                      22.242212                      396.62863                                589.61496                        10.019954
              4       1254.9964        1.042295     0.022474455       0.1171921     0.057667726       3.0381541      0.97248978       1.3206254      0.99759685      0.29809036      0.70183271      0.80103975     0.047747025      0.24897486      0.79848618       13.759865       147.72906       68.607473   2.0866689e-09       7.9494171       10.486035       1020.0234       12.480064       1406.4432      -15.522063       -15.522063       2541.0369                                 91.604245          12.480064             1406.4432          10.486035                      22.011727                      396.50852                                590.77713                        10.726009
              2       1256.1599       1.0420354     0.022432917      0.11694664     0.058523432       3.0428694      0.97307124       1.3250784      0.99841312      0.29778618      0.70213681      0.80219625     0.047707731      0.24870857       0.7992309       13.770846       147.84147       68.572265   2.0965315e-09       8.0392609       10.476311       1022.7607        12.67215       1406.5093      -15.815868       -15.815868       2543.9516                                 91.533137           12.67215             1406.5093          10.476311                      22.019373                       396.7297                                594.14278                        9.8688643
              1       1256.4455       1.0419595     0.022436063      0.11688122     0.060331172       3.0454557       0.9741535       1.3377925      0.99823146      0.29764394      0.70227905      0.80325637      0.04771285      0.24856126      0.80009596       13.772455       147.85572       68.573395   2.1019608e-09       8.2147369        10.47351       1022.8291       12.665961       1406.5404      -15.768655       -15.768655       2544.4283                                 91.919333          12.665961             1406.5404           10.47351                      21.852358                      397.24907                                593.94551                         9.782125
              1       1255.3971       1.0419595     0.022436063      0.11688122     0.060331172       3.0454557       0.9741535       1.3500122      0.99937168      0.29764394      0.70227905      0.80325637      0.04771285      0.24856126      0.80009596       13.772455       147.85572       68.573395   2.1019608e-09       8.2147369        10.47351       1020.2366       12.665961       1406.5404      -15.988392       -15.988392        2542.771                                 92.854502          12.665961             1406.5404           10.47351                      21.720986                       397.2317                                591.01259                        10.271351
              2       1256.0478       1.0420613     0.022374884      0.11698571     0.059750731       3.0476241      0.97362205       1.3536279       1.0017771      0.29824549      0.70167737       0.8046784     0.047664165      0.24920916      0.80232192       13.776463       147.89595       68.514802   2.1065235e-09       8.1740265       10.523918       1020.9802       12.988806       1406.4096      -15.792023       -15.792023       2543.6797                                 92.777125          12.988806             1406.4096          10.523918                      21.685678                      397.12713                                591.78138                        10.386041
              1       1254.7387        1.042158     0.022451623      0.11740525     0.060478416       3.0512148      0.97127649       1.3567642       1.0002806      0.29975068      0.70017206      0.80663529     0.047899224      0.25047723      0.80630004       13.767404       147.69758       68.463585    2.114101e-09       8.2343903       11.027522       1018.0612       13.274338       1406.0935      -16.002673       -16.002673       2541.4827                                 93.026216          13.274338             1406.0935          11.027522                      22.404432                      397.43563                                589.13926                        9.0818343
              6       1258.9339       1.0421403     0.022455105      0.11734764     0.060421358       3.0512806      0.97111337       1.3533225      0.99895411      0.29947698      0.70044581      0.80637988     0.047881355      0.25022212      0.80567665       13.767282       147.70914       68.481668   2.1142403e-09       8.2273712       10.935247       1026.5264       13.173172       1406.1498      -15.919089       -15.919089       2549.7059                                 92.921317          13.173172             1406.1498          10.935247                      22.628922                      397.40846                                597.74219                        8.7467914
              3       1253.9488       1.0421442     0.022494175      0.11757493     0.059452066       3.0522921      0.97046923       1.3552881        1.001894       0.3004486      0.69947408       0.8072247     0.048029193      0.25104406      0.80782801       13.764078       147.60463       68.435649   2.1163799e-09       8.1269989        11.40711       1015.5425       13.431385       1405.9522      -15.683937       -15.683937       2539.2654                                  92.93221          13.431385             1405.9522           11.40711                      22.511635                      397.11341                                586.92283                        8.9946367
              1       1254.3832       1.0421669     0.022460861      0.11774899     0.057415921       3.0498073      0.96763215       1.3344133       1.0028967      0.30149898      0.69842351      0.80611647     0.048077635      0.25204257      0.80812788       13.767783       147.59492       68.350493   2.1111276e-09       7.9367828       11.905829       1015.5164       13.915812       1405.7459      -15.329073       -15.329073       2539.4246                                  92.34069          13.915812             1405.7459          11.905829                      22.948954                      396.60578                                586.85984                        9.1017728
              1       1256.5889       1.0421669     0.022460861      0.11774899     0.057415921       3.0498073      0.96763215       1.3318345       1.0041745      0.30149898      0.69842351      0.80611647     0.048077635      0.25204257      0.80812788       13.767783       147.59492       68.350493   2.1111276e-09       7.9367828       11.905829       1018.6685       13.915812       1405.7459      -14.605562       -14.605562       2542.3889                                 92.152802          13.915812             1405.7459          11.905829                      22.770048                      396.59235                                589.79536                        9.5107475
              3       1257.6203        1.042353     0.022558902      0.11733804     0.057424793       3.0499124      0.96763889       1.3143467       1.0044931       0.2982114      0.70171176      0.80447727     0.047867298      0.24897733      0.80207554       13.749822        147.5959       68.649838   2.1113495e-09       7.9087067       10.554533         1022.79       12.250871       1406.4171      -14.263234       -14.263234        2543.767                                 91.754571          12.250871             1406.4171          10.554533                      22.833906                      396.54023                                593.45862                        9.9572128
              3       1255.7058       1.0418908     0.022627017      0.11728779     0.055588572       3.0506307      0.96761704       1.3069792       1.0044363      0.29891239       0.7010106      0.80389774     0.048118572        0.249424      0.80243921       13.756072       147.53351       68.573653   2.1128666e-09       7.7093658       11.072743       1018.4051       12.664549       1406.2677      -14.178571       -14.178571       2539.7687                                 91.358682          12.664549             1406.2677          11.072743                      23.089836                       396.1599                                590.25318                         8.902159
              3        1255.903       1.0419233      0.02261969      0.11736652     0.055884935       3.0507765      0.96717769       1.3078083       1.0036456      0.29927547      0.70064746      0.80415624     0.048136968      0.24976772       0.8031846       13.756264        147.5206       68.549448   2.1131746e-09       7.7416534       11.194689       1019.6052       12.797418       1406.1917      -14.704979       -14.704979        2541.216                                 91.426999          12.797418             1406.1917          11.194689                      23.267366                      396.18243                                591.41529                        8.7401102
              8       1255.1762       1.0419703     0.022643248      0.11730615     0.056611831       3.0515764      0.96858356        1.317756       1.0037989      0.29868378      0.70123929      0.80463965     0.048104423      0.24921092      0.80287257        13.75206       147.51066       68.608332   2.1148656e-09       7.8083344       10.957943       1018.0692       12.475396        1406.316      -14.570705       -14.570705       2539.4939                                 91.675303          12.475396              1406.316          10.957943                      22.945149                      396.32791                                589.91883                          8.87732
              3       1256.6003       1.0416495      0.02252339      0.11717481     0.058258914       3.0525181      0.96662284       1.3067502       1.0028165      0.29961365      0.70030904      0.80417931     0.048084673      0.25015383      0.80366132       13.773791       147.67924       68.440559   2.1168581e-09       7.9950409       11.392954       1021.3584       13.403717       1406.1216      -15.288795       -15.288795       2543.7783                                 91.501609          13.403717             1406.1216          11.392954                      23.341084                      396.80746                                592.50057                        8.7092741
              2       1257.7756       1.0417499     0.022470426      0.11647128     0.057445838       3.0431823      0.96620232       1.2646337       1.0011879      0.29589554       0.7040277      0.79814592     0.047633046      0.24689705      0.79266718       13.773025       147.92751        68.68335   2.0971877e-09       7.9150238       10.334121       1026.7728        12.07108       1406.9348      -15.827273       -15.827273       2547.2058                                 91.093005           12.07108             1406.9348          10.334121                        23.1809                      396.57467                                596.40934                        10.607895
              2       1256.3704       1.0417499     0.022470426      0.11647128     0.057445838       3.0431823      0.96620232       1.1907701       1.0009596      0.29589554       0.7040277      0.79814592     0.047633046      0.24689705      0.79266718       13.773025       147.92751        68.68335   2.0971877e-09       7.9150238       10.334121       1026.6555        12.07108       1406.9348      -15.732857       -15.732857       2544.2065                                 88.211013           12.07108             1406.9348          10.334121                       23.21471                      396.56194                                596.39014                        10.488679
              2       1257.2813       1.0412945     0.022486016      0.11686575     0.057446883       3.0399673      0.96883052        1.218802      0.99907276      0.29922718      0.70069542      0.79859197     0.048061601       0.2497888      0.79756269       13.786887       147.80384       68.400164   2.0904559e-09       7.9178314       11.403776       1026.0498       13.632204       1406.2016      -15.783362       -15.783362       2546.1294                                 88.841962          13.632204             1406.2016          11.403776                      22.620882                      396.54599                                596.75028                        10.132695
              2        1256.319        1.041442     0.022519055       0.1169105      0.05173801       3.0278965      0.96998755       1.1988063      0.99887891      0.29884424      0.70107851      0.79428519     0.048043922      0.24942606      0.79275371       13.779169       147.75447       68.462988   2.0653741e-09       7.3366547       11.180732       1025.0586       13.277682        1406.282       -15.67302        -15.67302        2543.984                                 88.185037          13.277682              1406.282          11.180732                      22.223351                      395.69799                                595.48293                        11.654348
              2       1257.3093        1.041442     0.022519055       0.1169105      0.05173801       3.0278965      0.96998755       1.2120686      0.99929962      0.29884424      0.70107851      0.79428519     0.048043922      0.24942606      0.79275371       13.779169       147.75447       68.462988   2.0653741e-09       7.3366547       11.180732       1025.4676       13.277682        1406.282      -15.762687       -15.762687       2546.1439                                 89.935909          13.277682              1406.282          11.180732                       22.17064                      395.69912                                595.67613                        11.921748
              2       1256.6301       1.0415301     0.022493659      0.11781981     0.051637731       3.0310316      0.97191846       1.2643899       1.0004133      0.30358374      0.69633827      0.79944129     0.048445128      0.25375132      0.80420209       13.783607       147.53902        68.14045   2.0718596e-09       7.3457794       14.232311       1020.5881       15.147363       1405.3588      -15.903777       -15.903777       2545.0677                                 89.741152          15.147363             1405.3588          14.232311                      21.799927                      395.71819                                592.36147                        10.708494
              2       1258.5772       1.0415928     0.022644749       0.1171349     0.054605243       3.0337599      0.97700364       1.2817272      0.99806006       0.2988768      0.70104613      0.79914704     0.048196894      0.24930893      0.79764963       13.762325       147.55468       68.544755   2.0775198e-09       7.6040802       11.274995        1027.822       12.823256       1406.2752       -15.39418        -15.39418       2547.9427                                 89.747304          12.823256             1406.2752          11.274995                      21.287277                      395.87177                                600.06121                         10.60175
              4       1257.5391        1.041736     0.022637964      0.11694654     0.054197915       3.0343198      0.97574652       1.2659929      0.99817226      0.29750078      0.70242239      0.79848054     0.048027365      0.24810685      0.79514762       13.757875       147.61268       68.655336   2.0786835e-09       7.5619659       10.690065        1027.202       12.221282        1406.572      -15.424719       -15.424719       2545.9277                                 89.242389          12.221282              1406.572          10.690065                      21.543558                      395.86578                                599.33458                        10.458099
              3       1255.9882       1.0417349      0.02263849      0.11694288     0.054190181       3.0342979      0.97575308       1.2658422       1.0003565       0.2974818      0.70244137      0.79845787     0.048026488      0.24808881      0.79509968       13.757834       147.61307       68.656761   2.0786378e-09        7.561264        10.68592       1024.6261       12.213623       1406.5761      -15.680506       -15.680506       2543.3375                                 89.235678          12.213623             1406.5761           10.68592                      21.315633                      395.83709                                595.80575                        11.667627
              1       1255.0587       1.0418149     0.022601541      0.11704226     0.054661861       3.0343563      0.97516971       1.2675353        0.998521      0.29798215      0.70194094      0.79887306     0.048007375      0.24860658      0.79618185       13.759878       147.62754       68.614364   2.0787592e-09       7.6181183       10.755716       1022.3128       12.442636       1406.4666      -15.590643       -15.590643       2541.2987                                 89.320845          12.442636             1406.4666          10.755716                      21.542494                      395.90948                                594.02228                        10.838575
              2       1255.6871       1.0422052     0.022559883      0.11635757     0.048652418       3.0274905      0.97420045       1.2143346       1.0020543      0.29348773      0.70643612      0.79395073     0.047441769      0.24469139      0.78528609       13.749352       147.85752       68.958527   2.0645358e-09       7.0025482       10.645776       1025.5188       10.645024       1407.5133        -15.4124         -15.4124       2542.1989                                 87.876044          10.645024             1407.5133          10.645776                      21.535368                      395.79175                                595.04572                        13.145983
              7        1254.909       1.0421892     0.022537032      0.11702392      0.04619157       3.0262542      0.97220827       1.2181515       1.0026647      0.29715766      0.70276559      0.79527265     0.047766109      0.24802634      0.79149629       13.755524       147.70354       68.689195   2.0619849e-09       6.7575836       10.393182       1022.8757       12.039859        1406.648      -15.222617       -15.222617       2540.2633                                 88.306565          12.039859              1406.648          10.393182                      21.850467                      396.10286                                593.01431                        11.908032
              2       1255.0112       1.0421955     0.022527978      0.11718229     0.045620482       3.0260901      0.97192957       1.2207797       1.0035891      0.29802567      0.70189744      0.79571699     0.047835449      0.24882247      0.79309432       13.757065       147.67107       68.625604   2.0616466e-09       6.7007294       10.545454       1021.7186       12.381714       1406.4572      -14.777319       -14.777319       2539.5771                                 88.474173          12.381714             1406.4572          10.545454                      21.814868                      396.18101                                591.63151                        12.091188
              2       1255.1972       1.0419621      0.02264185      0.11752502     0.049067461       3.0311581      0.97376671        1.257694       1.0013857      0.29987348       0.7000494      0.79881179     0.048218463      0.25028326      0.79864333       13.753494       147.45305       68.525036   2.0721216e-09       7.0460663       11.484604       1021.5299       12.932121       1406.0684      -15.519312       -15.519312       2541.4331                                 89.418057          12.932121             1406.0684          11.484604                      21.731143                      395.73706                                593.58049                        10.481159
              2       1255.1615       1.0421721     0.022657715      0.11795849     0.048919892       3.0312625      0.97231773       1.2628536        1.000937      0.30145978      0.69846294      0.80002714     0.048353203      0.25173194      0.80197122       13.747587       147.31978       68.453465   2.0723379e-09       7.0341339        12.25387       1020.4562       13.331124       1405.7535      -15.574793       -15.574793       2541.4726                                 89.677882          13.331124             1405.7535           12.25387                       22.00357                      395.74419                                592.57362                          10.1348
              2       1254.4314       1.0424398      0.02252521      0.11768659     0.047194187       3.0265641      0.96991389       1.2292808       1.0009321      0.29999091      0.69993196      0.79725974     0.047973543      0.25064551      0.79724767       13.752488        147.5392       68.522552   2.0626241e-09       6.8762054       11.060366       1021.6797       12.945869       1406.0445      -15.757616       -15.757616       2540.3781                                 88.647635          12.945869             1406.0445          11.060366                      22.321831                      395.89509                                592.31771                        11.145076
              1       1254.2571       1.0423822     0.022549983      0.11750302     0.049422819       3.0254043      0.97163589       1.2373422      0.99927308      0.29904744       0.7008756      0.79653474     0.047929295      0.24974905      0.79526915       13.750689       147.56096       68.591861   2.0602333e-09       7.1022186       10.771025       1021.9378       12.565058       1406.2393      -15.764814       -15.764814       2540.0438                                 88.530578          12.565058             1406.2393          10.771025                      21.959678                       395.7227                                592.19107                        12.064359
              2       1254.3123       1.0423822     0.022549983      0.11750302     0.049422819       3.0254043      0.97163589       1.2338874      0.99859591      0.29904744       0.7008756      0.79653474     0.047929295      0.24974905      0.79526915       13.750689       147.56096       68.591861   2.0602333e-09       7.1022186       10.771025       1021.7702       12.565058       1406.2393      -15.643524       -15.643524       2539.9116                                 88.565977          12.565058             1406.2393          10.771025                      22.040479                      395.71789                                592.37198                        11.639826
             17       1256.2013       1.0423822     0.022549983      0.11750302     0.049422819       3.0254043      0.97163589       1.1858639      0.99733332      0.29904744       0.7008756      0.79653474     0.047929295      0.24974905      0.79526915       13.750689       147.56096       68.591861   2.0602333e-09       7.1022186       10.771025       1025.6284       12.565058       1406.2393        -15.1328         -15.1328       2542.6682                                  87.46441          12.565058             1406.2393          10.771025                       22.19494                      395.69767                                596.81896                        10.916808
              4       1258.8789       1.0423924     0.022551044      0.11748572     0.049620861       3.0257043      0.97173338       1.1867541      0.99721143      0.29892011      0.70100294      0.79662845     0.047916673      0.24963478      0.79519337       13.750191       147.56443       68.602508   2.0608514e-09       7.1218719       10.727162       1026.3169       12.507059       1406.2661      -15.080206       -15.080206       2547.9181                                 92.100901          12.507059             1406.2661          10.727162                      22.195455                      395.71628                                597.54169                        10.863503
             17       1253.5861       1.0423924     0.022551044      0.11748572     0.049620861       3.0257043      0.97173338       1.1903094      0.99923028      0.29892011      0.70100294      0.79662845     0.047916673      0.24963478      0.79519337       13.750191       147.56443       68.602508   2.0608514e-09       7.1218719       10.727162       1022.0337       12.507059       1406.2661      -15.663392       -15.663392        2538.499                                 86.965059          12.507059             1406.2661          10.727162                      21.950745                      395.72065                                592.31113                        12.051136
              3       1257.7057       1.0424978     0.022550882      0.11757924     0.049061421       3.0257262      0.97260754       1.1989638      0.99830988      0.29910593      0.70081713      0.79732032     0.047914316        0.249823      0.79613134       13.747518       147.53954       68.603949   2.0608966e-09       7.0657196       10.738021       1024.8867       12.499222       1406.2271      -15.502398       -15.502398       2546.4161                                 92.065102          12.499222             1406.2271          10.738021                      21.962309                       395.7626                                595.96881                           11.193
              1       1259.2255       1.0425555     0.022555564      0.11755033     0.049496498       3.0267519      0.97268212       1.2007323      0.99786062      0.29875743       0.7011657      0.79768244      0.04787667      0.24951351      0.79602877       13.745166       147.54211       68.638041   2.0630115e-09       7.1092377        10.61682       1027.8524       12.314477       1406.3004      -15.361738       -15.361738       2549.1744                                 92.090277          12.314477             1406.3004           10.61682                      22.031577                      395.69629                                599.25962                        10.864892
              3       1257.0673       1.0424163     0.022599821      0.11830706     0.051578229       3.0295915       0.9706476       1.2210836      0.99788029      0.30292307      0.69699943       0.8004956      0.04836424      0.25318037      0.80438599       13.748117       147.29129       68.358153   2.0688779e-09       7.3261261       12.916081       1019.9242       13.871885       1405.4783      -15.336708       -15.336708        2544.808                                  92.61747          13.871885             1405.4783          12.916081                      22.260211                      395.72976                                591.47805                         10.45619
              4       1259.4154       1.0423457     0.022687892      0.11775148     0.054219796       3.0302192      0.97631506       1.2453681      0.99632313      0.29967745      0.70024563      0.80014651      0.04819167      0.25011756      0.79971624       13.738234         147.342       68.613739   2.0701769e-09       7.5668793       11.194954       1025.6209       12.446027       1406.1086      -14.467516       -14.467516       2547.7659                                 92.395317          12.446027             1406.1086          11.194954                      21.406365                      395.84863                                597.26085                        11.105093
              1        1259.921       1.0423457     0.022687892      0.11775148     0.054219796       3.0302192      0.97631506       1.2457924      0.99591554      0.29967745      0.70024563      0.80014651      0.04819167      0.25011756      0.79971624       13.738234         147.342       68.613739   2.0701769e-09       7.5668793       11.194954       1025.8929       12.446027       1406.1086      -14.215094       -14.215094       2548.2722                                 92.629649          12.446027             1406.1086          11.194954                      21.448601                       395.8772                                597.67845                        10.888659
              2       1259.6449       1.0423573     0.022653704      0.11787158     0.054292215        3.031676      0.97604306       1.2514209      0.99803805      0.30047472      0.69944821      0.80121254     0.048217703      0.25088599      0.80184621         13.7421       147.34783       68.543511    2.073195e-09        7.583725       11.517467       1026.6668        12.83011       1405.9471      -15.330336       -15.330336       2549.9505                                 92.989003           12.83011             1405.9471          11.517467                      21.320049                      395.87298                                598.02807                        11.445731
              3       1261.3662       1.0427257     0.022477321      0.11864103     0.041751282       3.0134219      0.96970602       1.1869969      0.99909428      0.30449617      0.69542605      0.79566929     0.048279754      0.25483285      0.80160955       13.753519        147.3374       68.232259    2.035694e-09       6.3111725       13.549265       1028.2469       14.602635       1405.1988      -15.725671       -15.725671       2554.1837                                 92.586221          14.602635             1405.1988          13.549265                      22.184544                      397.02513                                597.12034                        11.916832
              3       1260.5221       1.0424372     0.022482101      0.11917272     0.047999712       3.0244601      0.96825553       1.2246497      0.99861815      0.30819344      0.69172813      0.80114396     0.048692108      0.25810626      0.81201048       13.763998        147.1914       67.949952   2.0582889e-09       6.9906158       17.841463       1019.9534       16.309467       1404.6075      -15.714314       -15.714314       2552.4727                                 93.760977          16.309467             1404.6075          17.841463                      22.479618                      395.79821                                591.32621                        10.349342
              1       1257.9975       1.0422923     0.022470612      0.11869762     0.046643351       3.0255313      0.96664861        1.194333       1.0007387       0.3061428      0.69377903       0.7994012     0.048509283      0.25624296        0.807544       13.767399       147.33016       68.060483   2.0604948e-09       6.8418121       15.652356       1017.9822       15.629961        1404.924      -15.771008       -15.771008        2547.537                                 93.348437          15.629961              1404.924          15.652356                       22.79094                      395.89961                                588.87306                         10.41863
              2       1260.4924        1.042635     0.022653988      0.11824391     0.047436095        3.030911      0.97032625       1.2084422       1.0034192      0.30162232      0.69830051      0.80068203     0.048275048      0.25197464      0.80284405       13.735539        147.2478       68.503218   2.0716096e-09       6.8846283       11.944152       1025.9915       13.053113       1405.7223      -14.626016       -14.626016       2550.2368                                 93.525731          13.053113             1405.7223          11.944152                      22.145104                      395.89818                                597.00339                        10.944877
              1       1258.5296        1.042635     0.022653988      0.11824391     0.047436095        3.030911      0.97032625       1.2745907       1.0032639      0.30162232      0.69830051      0.80068203     0.048275048      0.25197464      0.80284405       13.735539        147.2478       68.503218   2.0716096e-09       6.8846283       11.944152       1025.4079       13.053113       1405.7223      -14.815235       -14.815235       2546.6897                                 90.562266          13.053113             1405.7223          11.944152                      22.164194                       395.8871                                596.49278                        10.863846
              3       1258.0363       1.0426326     0.022678324      0.11776444      0.04851894       3.0298386      0.97550121       1.2942559       1.0019062      0.29895795      0.70096532      0.80008372     0.048054532      0.24953851      0.79869296        13.73079       147.34866       68.697083   2.0693892e-09       6.9864044       10.755396       1027.8836       11.997787       1406.2582      -15.339665       -15.339665       2546.7519                                 89.856937          11.997787             1406.2582          10.755396                       21.40426                      395.81201                                599.23288                        11.434465
              4        1257.399       1.0426088     0.022658512      0.11773322     0.048373284       3.0294446      0.97541682       1.2921668        1.001393      0.29897656      0.70094668      0.79985279     0.048032915      0.24957816      0.79848729       13.733461       147.37892       68.682519   2.0685741e-09        6.974472       10.752593        1026.962       12.075522       1406.2543      -15.519423       -15.519423       2545.8369                                 89.792507          12.075522             1406.2543          10.752593                      21.460509                      395.82642                                598.47896                        11.196128
              3       1258.8097       1.0426739     0.022679169       0.1177312     0.048288189       3.0288619      0.97545823        1.290881       1.0021367      0.29865699      0.70126634      0.79959747     0.048018971      0.24927418      0.79780568       13.729315       147.35657       68.723797    2.067369e-09       6.9618378       10.648589       1029.6003       11.855855       1406.3218      -15.260198       -15.260198       2548.1399                                 89.713379          11.855855             1406.3218          10.648589                      21.362029                      395.84259                                600.49263                        11.902996
              3       1259.4333       1.0426245     0.022753014      0.11743425     0.050439622       3.0325609      0.97706247       1.2991508       1.0003419      0.29682416      0.70309951      0.80018671     0.047955529      0.24751102      0.79594001       13.721522       147.35429       68.881108   2.0750304e-09         7.16539       10.359163       1031.7087       11.037178       1406.7229      -15.425346       -15.425346       2549.7172                                 89.889335          11.037178             1406.7229          10.359163                      21.374505                      395.70123                                603.79316                         10.83978
              2       1258.7673       1.0426141     0.022747526      0.11742964     0.050954134       3.0327224      0.97748048       1.3034657       1.0008177      0.29686137       0.7030623      0.80037758      0.04795341      0.24755007      0.79617975       13.722393       147.36164       68.874322   2.0753656e-09       7.2187347       10.362784       1030.1619       11.071887       1406.7145      -15.400364       -15.400364       2548.3354                                  90.02429          11.071887             1406.7145          10.362784                      21.236334                      395.70387                                601.92055                         11.30115
              1       1258.7699        1.042619     0.022745097      0.11752562     0.052487292       3.0342014      0.97715673        1.310131       1.0004824      0.29736343      0.70256015      0.80121881     0.047997496      0.24800666      0.79769026        13.72296       147.33883       68.839009   2.0784373e-09       7.3773651       10.428241       1029.8648       11.253397       1406.6024       -15.44652        -15.44652       2548.4327                                 90.283903          11.253397             1406.6024          10.428241                      21.254392                      395.71585                                601.55256                        11.341965
              1       1259.1584       1.0425288     0.022733806       0.1174028     0.053309524       3.0351884      0.97780203       1.3134423       1.0010857      0.29704692      0.70287667      0.80135123     0.047968257      0.24771954      0.79739739       13.726262       147.38418       68.842891   2.0804898e-09       7.4608917       10.397319       1030.4415       11.233371       1406.6729      -15.404838       -15.404838       2549.1265                                 90.381486          11.233371             1406.6729          10.397319                      21.103696                      395.74083                                601.84521                        11.751719
              5       1258.3225       1.0424835     0.022744719      0.11749106     0.052400055       3.0326204      0.97736822       1.3055569      0.99918424      0.29757949      0.70234402      0.80041346     0.048043483       0.2481754      0.79717791       13.726861       147.34847       68.805482   2.0751538e-09       7.3675385       10.508415       1028.8646       11.427093       1406.5547      -15.410143       -15.410143       2547.4654                                 90.110577          11.427093             1406.5547          10.508415                      21.280656                      395.72675                                600.77633                        11.080823
              2       1260.1949       1.0426395     0.022799075      0.11827773     0.049278347       3.0273814      0.97252143       1.2790261       0.9978457      0.30094686      0.69897624      0.79946846     0.048414229       0.2511648      0.80072911       13.720098       147.07885        68.62338   2.0643105e-09        7.048172       11.799511       1030.6821       12.393759       1405.8536      -14.901937       -14.901937       2550.1936                                 89.464744          12.393759             1405.8536          11.799511                      22.073682                      395.72538                                 602.4465                        10.436495
              3       1256.9241       1.0425447     0.022741787      0.11817419     0.054733181       3.0389503      0.97049014        1.287242      0.99827135      0.30101197      0.69891103      0.80327072     0.048357904      0.25128438      0.80462439       13.728538       147.16996       68.577013    2.088331e-09       7.6139069       11.811383       1023.9656        12.64616       1405.8408      -15.218218       -15.218218       2544.2846                                  90.02071           12.64616             1405.8408          11.811383                      22.585094                      395.97191                                595.95442                         9.454194
              5        1257.047       1.0425447     0.022741787      0.11817419     0.054733181       3.0389503      0.97049014       1.3050204      0.99835555      0.30101197      0.69891103      0.80327072     0.048357904      0.25128438      0.80462439       13.728538       147.16996       68.577013    2.088331e-09       7.6139069       11.811383        1023.804        12.64616       1405.8408      -15.255109       -15.255109       2544.6041                                  90.50184           12.64616             1405.8408          11.811383                      22.573798                      395.97191                                595.77549                        9.4827792
              2       1258.1294       1.0425447     0.022741787      0.11817419     0.054733181       3.0389503      0.97049014       1.3229304      0.99951195      0.30101197      0.69891103      0.80327072     0.048357904      0.25128438      0.80462439       13.728538       147.16996       68.577013    2.088331e-09       7.6139069       11.811383        1024.044        12.64616       1405.8408      -15.461934       -15.461934       2547.1828                                 92.840478           12.64616             1405.8408          11.811383                      22.421163                      395.98925                                595.71768                        9.9158752
              1       1260.1633       1.0422085     0.022746832      0.11830997     0.057025698       3.0424494       0.9697805       1.3313482      0.99649557      0.30269971      0.69722294      0.80460902      0.04859149      0.25273222      0.80822126       13.738618       147.12852       68.419573   2.0956511e-09       7.8427277       13.309656       1025.1844       13.522181       1405.5194      -14.486822       -14.486822       2549.3001                                 91.764457          13.522181             1405.5194          13.309656                      22.930635                       396.4451                                  597.049                        8.7596824
              1       1257.3237       1.0420296     0.022809618      0.11667874     0.064967704       3.0573202      0.97628902       1.3539997      0.99960165      0.29428237      0.70564159      0.80645579     0.047900871      0.24502879      0.79873378       13.729548       147.49501       69.006071    2.127048e-09       8.5670929       10.397197       1024.7597       10.407717        1407.318      -15.262671       -15.262671       2545.1727                                 92.290057          10.407717              1407.318          10.397197                      21.755119                      398.76153                                  594.971                        9.2720724
              2       1257.2946       1.0420888     0.022806212      0.11668134     0.067665787       3.0607453      0.97614482       1.3590883      0.99927329      0.29414452      0.70577947      0.80786623     0.047871559      0.24492089      0.79994331       13.728164       147.49834        69.02204   2.1343458e-09       8.8211823       10.412053       1024.5371        10.32861       1407.3515      -15.244018       -15.244018       2545.0772                                 92.447876           10.32861             1407.3515          10.412053                      21.785646                      400.01431                                593.45143                        9.2857366
              1       1258.8254       1.0421572     0.022832193      0.11665646     0.067590909       3.0617925      0.97578263       1.3568861       1.0008925      0.29367381       0.7062503      0.80803648     0.047849025      0.24447488      0.79947143       13.723246       147.47623       69.077605   2.1365821e-09       8.8071442       10.477597       1027.5266       10.055707       1407.4672      -15.133756       -15.133756       2547.9184                                 92.391216          10.055707             1407.4672          10.477597                      21.740944                      399.94361                                596.20858                        9.6334835
              2       1259.3433       1.0422029     0.022843969      0.11667165     0.067103457       3.0603981      0.97637428         1.35873       0.9981791      0.29355598      0.70636818      0.80770211     0.047845286      0.24436159      0.79898027       13.720708       147.45908       69.098115   2.1336049e-09       8.7594147       10.500602       1028.0783       9.9558945       1407.4964      -14.890029       -14.890029       2548.4666                                 92.435385          9.9558945             1407.4964          10.500602                       21.92428                      399.71946                                597.48697                        8.9475552
              1       1257.0917       1.0423429      0.02278022      0.11626573     0.063013942       3.0501841      0.97522713        1.301524      0.99962573      0.29140318      0.70852128       0.8021707     0.047521115      0.24253836      0.79059363        13.72135       147.63828       69.236586   2.1119231e-09       8.3817902       11.297191       1026.0089       9.2950578       1408.0474      -15.342438       -15.342438       2544.8682                                 90.219765          9.2950578             1408.0474          11.297191                      21.739708                      397.94118                                595.28202                         11.04595
              3       1256.9701       1.0424071     0.022850271      0.11719599      0.06038019        3.052087       0.9702117       1.3053322        1.001152      0.29566187      0.70426203      0.80446405     0.048020007       0.2462882      0.79862641       13.716496       147.31125       68.981807   2.1159459e-09       8.1291046       10.345888       1025.3399       10.528493       1406.9894      -15.012028       -15.012028       2543.9642                                 90.760552          10.528493             1406.9894          10.345888                       22.73782                      397.21907                                595.87494                        9.5080712
              5       1259.0201       1.0423355     0.022779804       0.1172485     0.062138344       3.0579494      0.97057927       1.3327378       1.0038009      0.29654119      0.70338247      0.80735976     0.048020425      0.24716291       0.8026921       13.726375       147.37528       68.875061   2.1283867e-09       8.3158112       10.399519       1026.4061       11.068107       1406.7869      -14.214375       -14.214375        2546.469                                 91.808385          11.068107             1406.7869          10.399519                      22.494981                      397.87279                                596.54528                        9.4930377
              8       1254.9546       1.0420687     0.022659703      0.11721465     0.055921644       3.0425467      0.97498476       1.3387591       1.0010377       0.2978198      0.70210345      0.80267773     0.048025767      0.24842883      0.79975576        13.74694       147.51683       68.689436   2.0958549e-09       7.7346344       10.651642       1020.0511       12.038571        1406.502      -15.609627       -15.609627       2541.1285                                   91.8852          12.038571              1406.502          10.651642                      21.651641                      396.08722                                592.26464                        10.047556
              4       1253.6457       1.0419436     0.022632987      0.11712786     0.058078387        3.047525      0.97201402       1.3202188       1.0018092      0.29787927      0.70204391      0.80345825     0.048017511      0.24849517      0.80061334       13.753098       147.56993       68.654833   2.1063149e-09       7.9522247        10.69661        1017.599       12.223988        1406.489      -15.486126       -15.486126       2538.2636                                 91.254992          12.223988              1406.489           10.69661                      22.147726                      396.58108                                589.14973                        9.7204369
              3       1253.7041       1.0419777     0.022617157      0.11718283     0.057734885        3.046805      0.97176553       1.3190026       1.0021568      0.29815939      0.70176373      0.80338198     0.048015664      0.24877625      0.80091367       13.754035       147.57276       68.632139   2.1047988e-09       7.9227448       10.747505       1017.4868       12.346363       1406.4283      -15.407087       -15.407087       2538.2224                                 91.213473          12.346363             1406.4283          10.747505                      22.128878                      396.50207                                588.93888                        9.9170055
              5       1257.3758       1.0420081     0.022587701      0.11705887     0.057599328       3.0471594      0.97164745       1.3147246       1.0041006      0.29758372      0.70233947      0.80320217     0.047912881       0.2483045      0.79996103       13.755679       147.63873        68.66096    2.105545e-09       7.9143219       10.555579       1023.3663       12.191054       1406.5537      -14.486266       -14.486266        2543.724                                 91.057427          12.191054             1406.5537          10.555579                      21.953863                      396.44559                                594.25522                        10.711608
              2       1254.0184       1.0419871     0.022622902      0.11706504     0.059831361       3.0488665      0.97401311        1.338438       1.0005517      0.29747821      0.70244503       0.8044712     0.047956395      0.24815636      0.80108288       13.752577       147.59814       68.683259   2.1091423e-09       8.1255951       10.566902       1018.5123       12.071569        1406.577      -15.749685       -15.749685       2539.5362                                 91.808481          12.071569              1406.577          10.566902                      21.880528                      397.05732                                 589.9601                        9.6143591
              3       1254.5724       1.0419871     0.022622902      0.11706504     0.059831361       3.0488665      0.97401311       1.3091973      0.99982622      0.29747821      0.70244503       0.8044712     0.047956395      0.24815636      0.80108288       13.752577       147.59814       68.683259   2.1091423e-09       8.1255951       10.566902       1020.3114       12.071569        1406.577      -15.760291       -15.760291       2540.6654                                  91.13855          12.071569              1406.577          10.566902                      21.966597                      397.07156                                591.91561                        9.3576349
              2       1254.8358       1.0420065     0.022533785      0.11740473     0.062038013       3.0530802      0.97328095       1.3324886       1.0017699      0.29972405      0.70019874      0.80752622     0.048042323      0.25030842      0.80715474       13.763139       147.60638       68.486516   2.1180485e-09       8.3663483       11.215886       1018.9014       13.146112        1406.099      -15.670796       -15.670796       2541.0132                                   91.6508          13.146112              1406.099          11.215886                      21.849925                      397.87196                                589.56085                        9.6187018
              4        1255.681       1.0419358      0.02258626      0.11790895     0.056474452       3.0468993      0.97441341       1.3556232       1.0020537      0.30231211      0.69761033      0.80686176      0.04837843      0.25255398      0.80996504       13.762024       147.41281       68.327617   2.1049974e-09       7.8167572       12.927508       1017.4601       14.047406       1405.5914      -15.505525       -15.505525        2542.373                                 92.346577          14.047406             1405.5914          12.927508                      21.725896                      396.26228                                590.27359                        9.1982949
              4       1256.6426       1.0418341     0.022461572      0.11754304     0.043619808       3.0183998      0.97397124       1.2633185       1.0015335      0.30138334      0.69853906      0.79448687     0.048130849      0.25187223      0.79631651       13.776653       147.64814       68.313779   2.0458528e-09       6.5027924       12.127976       1023.8963       14.127311       1405.7682      -15.757867       -15.757867       2544.8009                                 88.881092          14.127311             1405.7682          12.127976                      21.412415                      396.58708                                 593.6441                        12.252666
              2       1257.6749        1.041852     0.022451829      0.11748125     0.043128625       3.0178086      0.97392429       1.2591915       1.0008825      0.30105688      0.69886557      0.79408179     0.048082313       0.2515951      0.79547931       13.776867       147.67551       68.333425   2.0446437e-09       6.4501495       11.895703       1026.6187       14.013937       1405.8318      -15.885864       -15.885864       2547.1215                                  88.76144          14.013937             1405.8318          11.895703                      21.501978                      396.72685                                596.55733                        11.832493
              1       1257.7578       1.0419636     0.022363745       0.1177925     0.047064243       3.0280373      0.97439262        1.311087         1.00216      0.30289745      0.69702465      0.79982546     0.048110105      0.25340164       0.8036786       13.784432       147.69065       68.179547   2.0656651e-09       6.8951569       12.835196       1023.1156       14.914171       1405.4829      -15.661898       -15.661898       2546.8393                                 90.491404          14.914171             1405.4829          12.835196                      21.453574                      395.95283                                595.09247                         10.61677
              1       1256.7247       1.0422029     0.022457531      0.11773256     0.047556986        3.030487      0.97486936       1.3157349       1.0039104      0.30132408      0.69859844      0.80057099     0.048049362      0.25189655      0.80233575       13.766989       147.60219       68.365531   2.0707314e-09       6.9281464       11.774213        1020.994       13.829642       1405.7797      -14.772822       -14.772822       2542.9951                                 90.617503          13.829642             1405.7797          11.774213                      21.336996                      395.94155                                592.52988                        11.185548
              4       1256.9386       1.0422029     0.022457531      0.11773256     0.047556986        3.030487      0.97486936       1.2941586       1.0042277      0.30132408      0.69859844      0.80057099     0.048049362      0.25189655      0.80233575       13.766989       147.60219       68.365531   2.0707314e-09       6.9281464       11.774213       1021.4178       13.829642       1405.7797      -14.551864       -14.551864        2542.981                                 90.179585          13.829642             1405.7797          11.774213                      21.305606                      395.93323                                592.81825                        11.360704
              1       1255.3113       1.0421754     0.022494855      0.11764242     0.046933022       3.0311109      0.97247722       1.2681628       1.0034252      0.30071144      0.69921121      0.79959957     0.048049384      0.25128617      0.80054712       13.763398       147.58475       68.422302   2.0720237e-09       6.8530426       11.524163       1020.1835       13.506744       1405.8999      -14.982319       -14.982319       2540.5872                                 89.472933          13.506744             1405.8999          11.524163                       21.85686                      395.96313                                591.92829                        10.435231
              1       1255.6075       1.0423191     0.022627083      0.11781195     0.050832462       3.0398575      0.97363833       1.3048987       1.0038191      0.30042513      0.69949776      0.80362634     0.048182533      0.25087096      0.80419555       13.745797       147.39295       68.528223   2.0902265e-09       7.2362823       11.479471        1019.429       12.914496        1405.957      -14.584718       -14.584718       2540.3844                                 90.604492          12.914496              1405.957          11.479471                      21.793426                      395.66209                                592.19777                        9.7757135
              2       1257.3325       1.0424186     0.022678513      0.11779916     0.048210837       3.0309554      0.97372541       1.2753217       1.0033891      0.29976858      0.70015449      0.79991692     0.048173317        0.250227      0.79960834       13.737292       147.33917       68.612622   2.0717017e-09       6.9541168       11.178248       1024.7732       12.452095       1406.0899      -14.692744       -14.692744       2544.0505                                 89.557039          12.452095             1406.0899          11.178248                      21.583013                       395.8174                                595.94037                          11.4324
              2        1260.859         1.04271     0.022622601      0.11818504     0.046173923       3.0284379      0.97213699       1.2742411       1.0042127      0.30127069      0.69865218      0.80024054     0.048182686      0.25171609      0.80193351       13.736389       147.29811       68.521328   2.0664927e-09       6.7561798       11.631756       1030.3557       12.952647       1405.7902      -14.313429       -14.313429       2550.3449                                 89.614657          12.952647             1405.7902          11.631756                      21.730715                      396.08423                                 600.8017                         11.73901
              1       1257.9004       1.0427346     0.022627363      0.11816033     0.045222019       3.0253856      0.97197333       1.2619329       1.0019609      0.30103963      0.69888329      0.79888781     0.048162659      0.25150592      0.80027086       13.735036       147.29934       68.542785   2.0601947e-09       6.6537018        11.49979       1027.1722       12.834116       1405.8353       -15.40108        -15.40108        2546.603                                 89.261524          12.834116             1405.8353           11.49979                      21.932366                      396.23018                                 597.8363                        11.173388
              8        1256.933       1.0425434     0.022626256       0.1179349     0.045527387       3.0269004      0.96992149       1.2365383        1.003443      0.30041856      0.69950439      0.79792671     0.048138049       0.2509101      0.79848315        13.73979       147.36065       68.558626   2.0633179e-09       6.6831818        11.32189       1024.5391       12.746955       1405.9583      -14.724758       -14.724758       2543.3156                                 88.749237          12.746955             1405.9583           11.32189                      22.191654                      396.16136                                594.64899                        11.537142
              3       1257.0604       1.0425812     0.022532985      0.11757856     0.043638849       3.0261181      0.97060778       1.2318658       1.0046078       0.2989597      0.70096339       0.7970128       0.0478592      0.24973238      0.79562971       13.746942       147.55919       68.616197   2.0617043e-09       6.4929657       10.644378       1024.4971       12.432691       1406.2578      -14.122934       -14.122934       2542.3667                                 88.534738          12.432691             1406.2578          10.644378                      22.092979                      396.54618                                594.26201                        11.595968
              1         1255.33       1.0420434     0.022552278      0.11671213     0.047013443       3.0288747       0.9725655       1.2143468       1.0036746       0.2958548      0.70406862      0.79514447     0.047689725      0.24680297      0.78963197       13.756725       147.77041       68.767431   2.0673955e-09       6.8376007       10.321744       1022.9267       11.625838       1406.9443      -14.681284       -14.681284       2540.0226                                 88.203912          11.625838             1406.9443          10.321744                      21.781576                      395.96253                                593.17826                        12.004379
              1        1255.517        1.042143     0.022471402      0.11666928     0.049360019       3.0333217      0.97119817       1.2128974       1.0043687      0.29579363      0.70412974       0.7967695     0.047550927      0.24687967      0.79116395       13.762178       147.87236       68.744125   2.0766096e-09       7.0987091       10.308536        1022.185       11.748415       1406.9585      -14.327319       -14.327319       2539.6887                                 88.488234          11.748415             1406.9585          10.308536                      21.960739                      395.73303                                592.49323                        11.998046
              1       1254.5199       1.0417438     0.022393702      0.11731826     0.054778376       3.0422019      0.97049438       1.2625677        1.002836      0.30084107      0.69908131      0.80234882     0.047998948      0.25146148      0.80347276        13.78553       147.78505       68.304149   2.0951325e-09       7.6798859       11.750501       1017.8892       14.183051       1405.8742      -15.340087       -15.340087       2539.7199                                 90.022914          14.183051             1405.8742          11.750501                      22.167709                      396.01072                                 589.7595                        9.9513066
              1       1254.2676        1.041805      0.02238052      0.11748852     0.053788734       3.0400481      0.97043611       1.2646482       1.0020894      0.30164514      0.69827712      0.80216687     0.048045139      0.25221721      0.80436332       13.785928       147.75398        68.25121   2.0906249e-09       7.5851288       12.156217       1017.3855       14.491431       1405.7177      -15.640486       -15.640486       2539.8161                                  90.06522          14.491431             1405.7177          12.156217                      22.211089                      395.86408                                589.48721                         9.823089
              3       1254.7342        1.041798     0.022362995      0.11732573     0.054458685       3.0403829      0.97188049       1.2718726       1.0019315      0.30089678      0.69902557      0.80224465     0.047949948       0.2515657      0.80344282       13.787233       147.81732        68.29217   2.0913249e-09       7.6546173       11.686223       1018.8548       14.252543       1405.8632      -15.702808       -15.702808        2540.874                                 90.217338          14.252543             1405.8632          11.686223                      21.949387                      395.95365                                590.94757                        10.004142
              1       1253.6397       1.0419694     0.022457276      0.11732348     0.060263833        3.049544      0.97322662       1.3009918       1.0007694      0.29983937      0.70008331      0.80608697     0.047951438      0.25051255      0.80587113        13.77203       147.71319       68.434913   2.1105718e-09       8.2105255       11.185097       1017.1303       13.435533       1406.0753      -15.939869       -15.939869       2539.1592                                 91.333012          13.435533             1406.0753          11.185097                      21.909417                      397.27749                                588.45569                        9.4876687
              3       1252.8649       1.0420596     0.022514985      0.11739692     0.059222058       3.0492216      0.97222126       1.2926519       1.0012664      0.29963393      0.70028887      0.80574301     0.047996894      0.25026388      0.80525126       13.763529       147.62913       68.490331   2.1098914e-09        8.096817       11.119028       1016.0001       13.124841       1406.1175      -15.794987       -15.794987       2537.3197                                 90.958288          13.124841             1406.1175          11.119028                      22.115227                      396.94174                                587.52418                        9.4189423
              1       1254.9572       1.0424331     0.022467669      0.11768717     0.053869004       3.0349194      0.97209743       1.2646882      0.99839819      0.30034422      0.69957854      0.80149685     0.047926731      0.25104345      0.80195653       13.758836       147.60358       68.468388     2.07993e-09       7.5788116       11.137786       1020.9511       13.247425       1405.9732      -15.737362       -15.737362       2541.3892                                 90.079639          13.247425             1405.9732          11.137786                      22.096697                       395.8595                                592.75625                        10.238697
              1       1254.3298       1.0423802     0.022493371      0.11779011     0.053507841       3.0333012      0.97231222       1.2656445      0.99880983      0.30089882      0.69902386      0.80111783     0.048026279      0.25149723      0.80231704        13.75815       147.54743       68.436502   2.0765672e-09       7.5381012       11.469025       1019.4537       13.426575       1405.8629         -15.806          -15.806       2540.2716                                 90.059409          13.426575             1405.8629          11.469025                      21.938626                      395.82065                                590.96226                        10.732147
              2        1254.718       1.0423977     0.022468694      0.11807452     0.054762036        3.035647      0.97117229       1.2746176      0.99864367        0.302503      0.69741942      0.80280554     0.048140625      0.25298227      0.80614762       13.761597       147.49898        68.31767    2.081444e-09       7.6749725       12.355503       1018.4914       14.104819       1405.5558      -15.806373       -15.806373       2541.0487                                 90.541215          14.104819             1405.5558          12.355503                      22.141757                      396.01844                                590.01105                        10.320123
              2       1257.8451        1.041815     0.022513999        0.117906     0.056485578       3.0352092      0.97120512       1.2619925      0.99521417       0.3030756       0.6968466      0.80135724     0.048371215      0.25332046      0.80545452        13.77333       147.49379       68.223316   2.0805329e-09       7.8336029       13.489913       1019.9027       14.655256       1405.4504      -14.059176       -14.059176       2543.8085                                 90.310268          14.655256             1405.4504          13.489913                      22.371295                      396.33531                                 591.7224                        9.4736706
              1       1257.0793       1.0418875     0.022671482      0.11707933     0.065621749       3.0530168      0.96754603       1.2239688      0.99767997      0.29756942      0.70235383      0.80390481     0.048052581      0.24815158      0.80064159       13.750429       147.54088       68.688115   2.1179142e-09       8.6695709       10.670658       1024.8268       12.045626       1406.5569      -15.121471       -15.121471       2544.4016                                 90.301714          12.045626             1406.5569          10.670658                      23.217695                      399.54058                                592.55038                        9.5181173
              4       1255.8462       1.0418875     0.022671482      0.11707933     0.065621749       3.0530168      0.96754603       1.2642235      0.99694247      0.29756942      0.70235383      0.80390481     0.048052581      0.24815158      0.80064159       13.750429       147.54088       68.688115   2.1179142e-09       8.6695709       10.670658       1022.7863       12.045626       1406.5569      -14.867262       -14.867262       2541.4269                                 89.367385          12.045626             1406.5569          10.670658                      23.328577                      399.54109                                590.66769                        9.2489684
              1       1256.2748        1.041953     0.022755585      0.11684594     0.069413459       3.0634729      0.96923005       1.2961381      0.99847539      0.29567951      0.70424414      0.80750622     0.047975533      0.24634595      0.80167043       13.738393       147.51049       68.870637   2.1401754e-09        8.998764       10.385252       1024.2407       11.090759       1406.9852      -15.238813       -15.238813       2543.0273                                 90.325415          11.090759             1406.9852          10.385252                       23.17299                      401.28625                                590.99803                        8.7834125
              1       1256.5508       1.0419417     0.022744729      0.11677654     0.069220048       3.0636497      0.96909208       1.2930942      0.99936581      0.29540953      0.70451415      0.80732361     0.047936291      0.24611567      0.80112314       13.739548        147.5411       68.882384   2.1405539e-09       8.9819183       10.368463       1025.2747       11.030657       1407.0484      -15.421832       -15.421832       2543.9453                                 90.223141          11.030657             1407.0484          10.368463                      23.109502                      401.18579                                592.03182                        8.9475622
              5       1256.1189        1.041948     0.022739833      0.11681014     0.068894529       3.0632568      0.96923005       1.2955493      0.99930247      0.29559466      0.70432898      0.80735411     0.047946189      0.24629034      0.80140441       13.740045       147.53749       68.867861    2.139713e-09       8.9538422       10.374716       1024.3167       11.104987        1407.005      -15.431134       -15.431134       2543.1002                                 90.298733          11.104987              1407.005          10.374716                      23.088611                      401.02374                                591.29554                        8.9088553
              1       1255.6673       1.0419424     0.022737447      0.11682619     0.068159549       3.0626927      0.96886072       1.2923426      0.99907519      0.29570828      0.70421535      0.80707533     0.047954912      0.24639484      0.80128163       13.740543       147.53576       68.857984   2.1385064e-09       8.8864594       10.382131        1023.431       11.155684       1406.9785      -15.405751       -15.405751       2542.1461                                   90.1988          11.155684             1406.9785          10.382131                      23.235248                      400.67938                                590.76899                        8.7474064
              3       1255.6274       1.0419424     0.022737447      0.11682619     0.068159549       3.0626927      0.96886072       1.2889632      0.99905776      0.29570828      0.70421535      0.80707533     0.047954912      0.24639484      0.80128163       13.740543       147.53576       68.857984   2.1385064e-09       8.8864594       10.382131       1023.4279       11.155684       1406.9785      -15.400182       -15.400182       2542.0551                                 90.110964          11.155684             1406.9785          10.382131                      23.237858                      400.67938                                590.76759                        8.7430424
              1       1256.8981       1.0419978     0.022719866      0.11758628     0.067074691       3.0611895      0.96754857       1.3094117      0.99742701      0.29964574      0.70027728      0.80887825     0.048300089      0.24997628      0.80840052         13.7444       147.35186       68.584964   2.1352942e-09       8.8036346       11.460172       1022.6778       12.602694       1406.1151      -15.005582       -15.005582       2543.8075                                 90.951706          12.602694             1406.1151          11.460172                      23.671648                      400.28788                                590.35513                        8.3631229
              3       1255.5009       1.0421017     0.022666846      0.11760498     0.066771934        3.060426      0.96729135       1.3074556      0.99921103      0.29974236      0.70018062      0.80886956     0.048214649      0.25015757      0.80852215       13.747049       147.40554       68.565562   2.1336644e-09       8.7895966       11.351481       1021.1685       12.708883       1406.0953      -15.617182       -15.617182       2542.2361                                 90.911965          12.708883             1406.0953          11.351481                      23.414645                      400.12802                                588.92725                        8.6985707
              2       1254.6512       1.0420039     0.022667736      0.11766937     0.063446696       3.0555942      0.96647834       1.2924698      0.99942969       0.3003664      0.69955645      0.80680607     0.048294554      0.25069949      0.80729861       13.750169       147.38705       68.510161   2.1233799e-09       8.4744415        11.75031       1019.4761        13.01455       1405.9687      -15.627806       -15.627806       2540.5581                                 90.348418           13.01455             1405.9687           11.75031                      23.548527                      398.61575                                 588.6043                        8.7075044
              1       1254.3951       1.0419215      0.02267289      0.11738417     0.064555178       3.0578281      0.96763265       1.2963702       0.9994795      0.29907016      0.70085287      0.80696771     0.048192802       0.2495082      0.80571616       13.750721       147.45763       68.590245   2.1281287e-09         8.57341       11.177731       1019.6267       12.573872       1406.2346      -15.623299       -15.623299       2540.0368                                 90.423929          12.573872             1406.2346          11.177731                      23.368176                      399.07077                                 588.5365                        8.6512883
              1       1254.6236       1.0419812     0.022720662       0.1173068     0.064083007       3.0574527      0.96797804       1.2934465        1.000062      0.29821548      0.70170775      0.80650135     0.048166461      0.24868349      0.80409908       13.743488       147.42533       68.681239   2.1273298e-09       8.5158539       10.873977       1020.6424       12.082367       1406.4162      -15.521273       -15.521273       2540.2898                                 90.274846          12.082367             1406.4162          10.873977                      23.263068                       398.8356                                589.74851                        8.7952247
              2        1254.047       1.0424598     0.022571361      0.11737897      0.05476571       3.0409612      0.97291048       1.3107535       1.0011106      0.29804418      0.70187905      0.80268885     0.047848702      0.24882999      0.80006805       13.745512       147.57086       68.682135   2.0925348e-09        7.641983       10.491286       1020.0042       12.077574       1406.4532      -15.758002       -15.758002       2539.6101                                 90.583794          12.077574             1406.4532          10.491286                      21.976965                      395.94136                                591.89604                        10.189848
              3       1254.8824       1.0423314      0.02253919      0.11778336     0.056936794       3.0480076       0.9730883       1.3550152       1.0016654      0.30074336      0.69917938      0.80701037     0.048085913      0.25128322      0.80800958       13.754679       147.49862       68.463676   2.1073316e-09       7.8722076       11.493449       1018.1094       13.273823       1405.8936      -15.694225       -15.694225       2541.1533                                 92.383009          13.273823             1405.8936          11.493449                      22.039257                      396.36172                                590.53409                         9.174332
             37       1253.9539       1.0423314      0.02253919      0.11778336     0.056936794       3.0480076       0.9730883       1.2738096       1.0016729      0.30074336      0.69917938      0.80701037     0.048085913      0.25128322      0.80800958       13.754679       147.49862       68.463676   2.1073316e-09       7.8722076       11.493449       1018.0867       13.273823       1405.8936      -15.649476       -15.649476       2539.2067                                 90.459172          13.273823             1405.8936          11.493449                      22.038356                      396.36172                                590.51025                         9.176351
              1       1256.4315       1.0420853     0.022585096      0.11796309     0.048673386       3.0386673      0.97058163       1.2406483       1.0052055      0.30216286      0.69775964      0.80270054     0.048333912      0.25245045      0.80558889       13.757948       147.39901       68.357316   2.0877401e-09       7.0229034       12.665724       1015.9299       13.876681       1405.6195      -13.588956       -13.588956        2540.041                                  91.94919          13.876681             1405.6195          12.665724                      22.240168                      395.76233                                588.37979                         9.547662
             17       1257.0447       1.0416294     0.022566346      0.11756672     0.056109214       3.0507538       0.9664342       1.2149499       1.0040401      0.30151276      0.69840968      0.80458519     0.048331982      0.25180118      0.80661121       13.771673        147.5263       68.330299   2.1131266e-09       7.7788544        12.61897       1017.8757       14.031944       1405.7432      -14.435359       -14.435359       2542.9602                                 92.690322          14.031944             1405.7432           12.61897                      23.270111                      396.25871                                589.63338                        8.7135476
             28       1254.9726       1.0416294     0.022566346      0.11756672     0.056109214       3.0507538       0.9664342       1.2241608       1.0040992      0.30151276      0.69840968      0.80458519     0.048331982      0.25180118      0.80661121       13.771673        147.5263       68.330299   2.1131266e-09       7.7788544        12.61897       1017.7691       14.031944       1405.7432      -14.414685       -14.414685       2538.7745                                 88.611239          14.031944             1405.7432           12.61897                      23.261365                      396.25871                                589.52226                        8.7268165
              2       1256.5765       1.0416284     0.022564803      0.11757442     0.055800113       3.0502532      0.96643155       1.2233459       1.0044545      0.30156575      0.69835668      0.80441559     0.048335059      0.25185092      0.80651206       13.771905       147.52593       68.325787   2.1120692e-09       7.7486725       12.654268        1017.418       14.057959        1405.733      -14.172476       -14.172476       2541.4979                                 91.634662          14.057959              1405.733          12.654268                       23.20537                      396.23933                                589.15318                        8.8201282
              2       1257.6304       1.0415878     0.022521473      0.11744261     0.056653814       3.0528461      0.96617208       1.2222936       1.0053922      0.30123269      0.69868973      0.80506528     0.048248985      0.25160374      0.80671759        13.77712       147.60944       68.321015   2.1175527e-09       7.8406219       12.371712       1018.0043       14.085501       1405.7975      -13.492912       -13.492912       2542.2466                                  91.98763          14.085501             1405.7975          12.371712                       23.21732                      396.40403                                589.58324                        8.7997307
              1       1257.8998       1.0415878     0.022521473      0.11744261     0.056653814       3.0528461      0.96617208       1.2877742       1.0059573      0.30123269      0.69868973      0.80506528     0.048248985      0.25160374      0.80671759        13.77712       147.60944       68.321015   2.1175527e-09       7.8406219       12.371712       1018.5804       14.085501       1405.7975       -13.07185        -13.07185       2541.9432                                 91.108169          14.085501             1405.7975          12.371712                      23.134331                      396.42417                                590.07378                        8.9481163
              1          1257.6       1.0415819     0.022508391      0.11742751     0.056571167       3.0524227      0.96576745       1.2818602       1.0058885       0.3012449       0.6986775      0.80476797     0.048232581      0.25163202      0.80643601       13.778623       147.62804       68.312782   2.1166563e-09       7.8357086        12.35827         1019.18       14.133075       1405.7951      -13.147145       -13.147145       2541.4943                                 90.027846          14.133075             1405.7951           12.35827                      23.205169                      396.37255                                590.62016                        8.9821118
             11       1260.0871       1.0415374     0.022407784      0.11805051      0.06234747       3.0610024      0.96565394       1.3327251        1.004692      0.30530448      0.69461717      0.81073895     0.048483905      0.25542685      0.81787512       13.793658       147.57385       67.983052   2.1348947e-09       8.4372406       15.656051       1019.8061       16.104464       1405.0615      -14.271447       -14.271447        2548.717                                 92.088887          16.104464             1405.0615          15.656051                      23.274105                      398.35979                                589.63559                        8.5365943
              1       1257.9637       1.0415377     0.022407887      0.11805503     0.062345003       3.0609707      0.96561712       1.3324646       1.0035154       0.3053272      0.69459445      0.81073021     0.048486147      0.25544727      0.81789674       13.793657       147.57253       67.981636    2.134827e-09       8.4372406       15.680093       1017.0834       16.113206       1405.0577      -15.043884       -15.043884       2546.0152                                 92.080775          16.113206             1405.0577          15.680093                      23.456505                      398.39222                                586.81685                        8.4178559
              1       1258.7048       1.0415377     0.022407887      0.11805503     0.062345003       3.0609707      0.96561712        1.324047       1.0041099       0.3053272      0.69459445      0.81073021     0.048486147      0.25544727      0.81789674       13.793657       147.57253       67.981636    2.134827e-09       8.4372406       15.680093       1018.0112       16.113206       1405.0577       -14.67852        -14.67852       2546.7666                                 91.904304          16.113206             1405.0577          15.680093                      23.366215                       398.3789                                587.79776                        8.4683697
              3       1258.2198       1.0415377     0.022407887      0.11805503     0.062345003       3.0609707      0.96561712       1.2867414       1.0026598       0.3053272      0.69459445      0.81073021     0.048486147      0.25544727      0.81789674       13.793657       147.57253       67.981636    2.134827e-09       8.4372406       15.680093       1017.8075       16.113206       1405.0577      -15.439222       -15.439222       2547.3181                                 92.659621          16.113206             1405.0577          15.680093                      23.588584                      398.38303                                587.45569                        8.3801584
              2       1258.3369         1.04172     0.022462266      0.11871716     0.062503569       3.0611113      0.96763536       1.3367486       1.0024341      0.30803227      0.69188908      0.81362676     0.048786694      0.25784655      0.82444692        13.78545       147.33558       67.854099   2.1351271e-09       8.4512787         18.8237       1013.2058       16.910451       1404.6313      -15.525728       -15.525728       2547.7252                                 94.154011          16.910451             1404.6313            18.8237                      23.106154                      398.39233                                583.14034                        8.5669852
              4       1261.1608       1.0419471     0.022631523      0.11816427     0.073096936       3.0882984      0.96737375       1.3735859       1.0049732      0.30337659      0.69654574      0.82223508      0.04854269      0.25345228      0.82684938       13.758037       147.29619        68.28023   2.1939714e-09       9.3960419       13.880154       1019.7665       14.321975        1405.396      -13.774848       -13.774848       2549.8713                                 96.506707          14.321975              1405.396          13.880154                      23.846793                      403.82278                                582.91393                        9.1830056
              1       1266.2592       1.0425493     0.022686547      0.11819802     0.064391732       3.0826815      0.96631086       1.3463499       1.0101605      0.30144435      0.69847852      0.82003042     0.048320457      0.25175194      0.82200207       13.734401       147.22548       68.520209   2.1816826e-09       8.5706024       11.958657       1021.6263       12.958841       1405.7566      -7.3743444       -7.3743444       2547.2671                                 94.966745          12.958841             1405.7566          11.958657                       23.87402                      399.12361                                589.85258                        8.7760927
              6       1268.2244       1.0423613     0.022800801      0.11770291     0.065215542       3.0864965      0.96878821       1.3605903       1.0116853      0.29872958      0.70119378      0.81996289     0.048256304         0.24911      0.81822489       13.725513       147.23115       68.738179   2.1900217e-09       8.6120148       10.942908        1021.555       11.779791       1406.3064      -4.3802464       -4.3802464       2545.2094                                 94.625289          11.779791             1406.3064          10.942908                      23.391093                      399.29623                                590.20243                        8.6651949
              1       1263.7538       1.0424836     0.022831808      0.11694628     0.064080372        3.077744      0.96936918        1.301656       1.0089333      0.29424429      0.70567983      0.81383099     0.047842351       0.2450522      0.80598622       13.714994       147.39873        69.08184    2.170937e-09       8.4835663       10.424969       1025.3289       10.035057       1407.3273      -8.7975602       -8.7975602       2545.1026                                 91.986408          10.035057             1407.3273          10.424969                      23.290484                      398.67019                                595.14541                        8.2228556
              1       1263.6536       1.0425396     0.022857736      0.11704588     0.061244592       3.0722503      0.97030891         1.30135       1.0091242       0.2944561      0.70546803      0.81218992     0.047888348      0.24521825      0.80465042       13.711055       147.34318       69.087851   2.1590434e-09       8.2084198       10.396394       1024.8904       10.005782       1407.2759      -8.4278311       -8.4278311       2544.1629                                  91.59441          10.005782             1407.2759          10.396394                       22.96373                      397.49511                                596.11098                        8.3206105
              4       1263.7959       1.0425343      0.02285678      0.11704302     0.061179359        3.072115      0.97030986       1.3009709       1.0097382      0.29446169      0.70546244      0.81212454     0.047888556      0.24522357      0.80459329       13.711299         147.345       69.086255   2.1587512e-09       8.2028046       10.395461       1023.3429       10.013548       1407.2746      -7.5046941       -7.5046941       2542.6012                                 91.574687          10.013548             1407.2746          10.395461                       22.87403                      397.49639                                594.58325                        8.3892286
              4       1263.3309       1.0428762     0.022787785      0.11792145     0.055695438       3.0599697      0.96919207       1.2961692       1.0075312      0.29844276      0.70148078      0.81056638     0.048112398      0.24897038       0.8084599       13.712633        147.1865        68.82125    2.132691e-09       7.6967316       10.601633       1028.2498       11.345236       1406.3675      -10.788033       -10.788033       2548.2379                                 91.673645          11.345236             1406.3675          10.601633                      22.989759                      396.13997                                600.57757                        8.5425038
              1        1264.898       1.0428707     0.022808447      0.11819026     0.064057107       3.0731703      0.96696522       1.3175042       1.0044408      0.29975046       0.7001729      0.81608983     0.048268183      0.25011913      0.81575035       13.711838       147.09302       68.741243   2.1610306e-09       8.5102386        11.06026       1034.8822       11.763619       1406.0937      -13.693968       -13.693968       2557.1839                                 93.384148          11.763619             1406.0937           11.06026                      23.962353                      398.90076                                603.51613                        8.5029293
              2       1262.3708       1.0429205     0.022687347      0.11767059     0.067458742       3.0717445      0.97085824       1.3243688       1.0013667      0.29757187      0.70235171      0.81543965     0.047879554      0.24833292      0.81213295       13.720841       147.36538       68.836188   2.1579516e-09       8.8513641       10.358477       1033.3945       11.267964       1406.5564      -15.477091       -15.477091       2555.6959                                 94.118515          11.267964             1406.5564          10.358477                      23.138582                      400.36235                                601.44647                        8.4470643
              1       1260.1443       1.0429506     0.022668849      0.11769635     0.066319693       3.0682352      0.97070217       1.3141672       1.0029666      0.29772428      0.70219926      0.81415805     0.047862552      0.24850171      0.81106419       13.722038       147.37889       68.820339   2.1503919e-09        8.749588       10.364406       1028.2076        11.34996        1406.523      -14.962147       -14.962147       2550.2129                                 93.768027           11.34996              1406.523          10.364406                      22.802193                      399.78135                                596.98819                        8.6358241
              1       1258.3899       1.0422797     0.022551453      0.11669315     0.076286604       3.0784448      0.97693901       1.3618091      0.99979009      0.29507602       0.7048476      0.81659079     0.047569184      0.24614812       0.8098616       13.749684       147.77914       68.853245   2.1724591e-09       9.6782074       10.358592       1024.2895       11.180046       1407.1272      -15.894249       -15.894249       2548.5684                                 95.613065          11.180046             1407.1272          10.358592                      21.826727                      404.95422                                588.92958                        8.5789729
              1       1259.9241       1.0422497     0.022573403      0.11694608     0.080894676        3.084784      0.97520803       1.3709589      0.99890331      0.29636717      0.70355626       0.8194257     0.047730045      0.24727514       0.8144492       13.749466       147.68723       68.770566   2.1862745e-09        10.08847       10.319269       1025.8891       11.609399       1406.8264      -15.765278       -15.765278       2551.3787                                 96.734544          11.609399             1406.8264          10.319269                       22.20876                      408.09018                                587.11417                        8.4759731
              2       1261.5685       1.0423147     0.022597425      0.11697344     0.081249037         3.08478      0.97646773       1.3836178      0.99695837      0.29618711       0.7037364      0.81987397     0.047734308      0.24709214      0.81464716       13.745103       147.65319       68.804075   2.1862657e-09       10.113739       10.311369        1027.535       11.434411       1406.8677      -15.074956       -15.074956       2553.2869                                 97.138501          11.434411             1406.8677          10.311369                      22.202522                      408.30355                                588.52276                        8.5061246
              5       1260.0525       1.0421476     0.022648151      0.11711307     0.078131104       3.0783217      0.97621413       1.3737259      0.99853464      0.29712023      0.70280314      0.81729008     0.047927114      0.24783002      0.81335794       13.745335       147.55902       68.742565   2.1721916e-09       9.8256073       10.456042       1026.5639       11.756642       1406.6564      -15.546415       -15.546415       2551.1978                                 95.764829          11.756642             1406.6564          10.456042                      21.911309                      406.14701                                589.89589                         8.609674
              1       1259.6363       1.0421454     0.022640843      0.11716291     0.078525444       3.0787501      0.97631391       1.3781726      0.99753703      0.29743022      0.70249309      0.81770359     0.047947113        0.248119      0.81419386        13.74642       147.55383       68.717138   2.1731223e-09        9.864212       10.509804       1024.7326       11.891157       1406.5876      -15.246912       -15.246912       2549.7665                                 96.045405          11.891157             1406.5876          10.509804                      21.999486                      406.43045                                587.76771                        8.5349276
              1       1258.9174       1.0419919     0.022542801      0.11727588     0.074100617       3.0729964      0.97643161       1.3755373      0.99996907      0.29903284      0.70089006       0.8160751     0.047991617      0.24966992      0.81475859       13.761998       147.63207       68.536393   2.1606548e-09       9.4936066       10.948202       1023.8496       12.869367       1406.2423      -15.906364       -15.906364       2549.6476                                 95.738074          12.869367             1406.2423          10.948202                       21.66985                      403.68409                                589.75617                        8.7394916
              1       1258.1819       1.0419483     0.022493518      0.11757883     0.070930894       3.0643357      0.97311388        1.334148      0.99636097      0.30105222      0.69887031      0.81275482     0.048123173      0.25155097      0.81417891       13.770006       147.60542       68.367794   2.1420227e-09       9.2212677       11.874243       1020.4152       13.816696       1405.8327      -14.910539       -14.910539       2546.1849                                 94.246055          13.816696             1405.8327          11.874243                      22.395495                      402.19527                                587.25281                        8.5716283
              1       1255.4598       1.0419056     0.022401818      0.11815144     0.061082775       3.0483648      0.96808488       1.2736073      0.99841195      0.30477579      0.69514605      0.80707641     0.048354517       0.2550309      0.81347509       13.783773       147.55341       68.064884   2.1080845e-09       8.3179169       14.586307         1014.88       15.603202       1405.1507      -15.792304       -15.792304       2542.5042                                 92.283996          15.603202             1405.1507          14.586307                      22.902812                      397.83741                                585.18138                        8.9583919
              1       1255.5892       1.0419056     0.022401818      0.11815144     0.061082775       3.0483648      0.96808488       1.3474245      0.99863883      0.30477579      0.69514605      0.80707641     0.048354517       0.2550309      0.81347509       13.783773       147.55341       68.064884   2.1080845e-09       8.3179169       14.586307        1015.043       15.603202       1405.1507       -15.88895        -15.88895       2542.9564                                 92.573145          15.603202             1405.1507          14.586307                      22.870733                      397.79972                                585.35973                        9.0128195
              1       1257.8046       1.0420638     0.022454649      0.11810158     0.053132023       3.0406911      0.97306727       1.3786352       1.0037175       0.3037253      0.69619681      0.80526988     0.048300477      0.25403927      0.81025424       13.773173       147.50721       68.183207   2.0919696e-09       7.5121307       13.595041       1017.6432       14.892432       1405.3336      -14.895376       -14.895376          2545.4                                 93.935738          14.892432             1405.3336          13.595041                      21.651509                      395.82558                                590.12169                        10.044411
              2        1257.145       1.0421386     0.022456759        0.117949     0.052737993       3.0399157      0.97305281       1.3678356       1.0013683      0.30267369      0.69724861      0.80448636     0.048189119      0.25310234      0.80806332       13.770005       147.54559        68.26515   2.0903482e-09       7.4693146       12.697654       1019.9159       14.409908       1405.5241       -15.85327        -15.85327       2545.9966                                 93.449054          14.409908             1405.5241          12.697654                       21.93208                       395.8158                                592.80699                        9.3609978
              8       1257.0275        1.042152     0.022462585      0.11797664     0.053070479         3.04102      0.97284276       1.3697717       1.0039006      0.30274744      0.69717485      0.80494909     0.048201929      0.25316327       0.8086266       13.769111       147.53176       68.264931   2.0926577e-09       7.5023041       12.750174       1017.4124       14.411188       1405.5105      -14.780654       -14.780654       2543.6164                                 93.532148          14.411188             1405.5105          12.750174                      21.709669                       395.8096                                589.78752                        10.105566
              3       1256.9565       1.0421391      0.02247008      0.11804438     0.052829802       3.0406085        0.973023       1.3740936       1.0017283      0.30310451      0.69681773      0.80502999     0.048249154      0.25347223      0.80918465       13.769013       147.50532       68.242897   2.0917967e-09       7.4770355        13.04833       1018.6409       14.540157       1405.4452      -15.751097       -15.751097       2545.4152                                 93.740701          14.540157             1405.4452           13.04833                      21.919533                      395.80346                                591.58518                        9.3327158
              1       1256.7539       1.0420765      0.02245981      0.11820711     0.051615072       3.0386746      0.97235931       1.3717219       1.0033436      0.30422247      0.69569957      0.80459436     0.048352754      0.25448298      0.81023687       13.772732       147.47319        68.15417   2.0877553e-09       7.3570099       14.025788       1015.6555       15.065327       1405.2461      -15.105112       -15.105112        2543.718                                 93.725285          15.065327             1405.2461          14.025788                      21.818078                      395.72802                                588.28469                        9.8247028
              7       1255.8876       1.0420765      0.02245981      0.11820711     0.051615072       3.0386746      0.97235931       1.2912191       1.0034206      0.30422247      0.69569957      0.80459436     0.048352754      0.25448298      0.81023687       13.772732       147.47319        68.15417   2.0877553e-09       7.3570099       14.025788       1015.7598       15.065327       1405.2461      -15.041404       -15.041404        2541.858                                 91.760983          15.065327             1405.2461          14.025788                      21.809309                      395.72802                                588.36899                        9.8534637
              1       1256.0369       1.0420565     0.022498696      0.11804294     0.050183545        3.033626      0.97346954       1.2807043        1.002801      0.30317667      0.69674557      0.80216686     0.048312799      0.25348068      0.80640271        13.76841        147.4737       68.241344   2.0772417e-09       7.1983795       13.264163       1018.4307       14.549271       1405.4321      -15.303094       -15.303094         2542.68                                 91.003814          14.549271             1405.4321          13.264163                      21.575916                      395.70315                                590.57169                        10.579896
              3       1257.4346       1.0420565     0.022498696      0.11804294     0.050183545        3.033626      0.97346954       1.3583261       1.0029943      0.30317667      0.69674557      0.80216686     0.048312799      0.25348068      0.80640271        13.76841        147.4737       68.241344   2.0772417e-09       7.1983795       13.264163       1018.9693       14.549271       1405.4321      -15.248504       -15.248504       2545.3661                                 93.151282          14.549271             1405.4321          13.264163                      21.555281                      395.70315                                591.03804                        10.672866
              3       1257.4464       1.0420565     0.022498696      0.11804294     0.050183545        3.033626      0.97346954        1.257673       1.0021477      0.30317667      0.69674557      0.80216686     0.048312799      0.25348068      0.80640271        13.76841        147.4737       68.241344   2.0772417e-09       7.1983795       13.264163       1017.5442       14.549271       1405.4321       -15.53423        -15.53423       2545.9614                                 95.171643          14.549271             1405.4321          13.264163                       21.64662                      395.70832                                589.90831                        10.280945
              4       1256.8186       1.0423595     0.022511053      0.11815587     0.054526745       3.0467105      0.97277141        1.286317       1.0039112      0.30280411      0.69711829      0.80782424     0.048237127      0.25318672      0.81159084       13.758588       147.43021       68.313602      2.1046e-09       7.6426849       12.688848       1016.3228       14.128335       1405.5001      -14.698474       -14.698474       2543.0341                                 94.393967          14.128335             1405.5001          12.688848                      21.919953                      395.94457                                589.14965                        9.3086123
              1       1256.9369       1.0423544     0.022510633      0.11814199     0.054536426       3.0466476      0.97278012       1.2856108       1.0040276      0.30274771       0.6971747      0.80775078     0.048232124      0.25313543      0.81144145       13.758719       147.43438       68.316509   2.1044676e-09       7.6440887       12.652472       1016.4782        14.11153       1405.5105      -14.624408       -14.624408       2543.1226                                 94.369908           14.11153             1405.5105          12.652472                       21.90028                      395.95293                                 589.2675                        9.3574976
              2       1256.1962       1.0423544     0.022510633      0.11814199     0.054536426       3.0466476      0.97278012       1.3649885       1.0040923      0.30274771       0.6971747      0.80775078     0.048232124      0.25313543      0.81144145       13.758719       147.43438       68.316509   2.1044676e-09       7.6440887       12.652472       1016.5099        14.11153       1405.5105        -14.6114         -14.6114       2541.6152                                 92.830827           14.11153             1405.5105          12.652472                      21.892732                      395.95293                                589.28781                        9.3764257
              2       1255.9787       1.0421947     0.022558465      0.11800024     0.055630509       3.0546838      0.96790832       1.3334393       1.0057542      0.30218976      0.69773274      0.80866218     0.048277619      0.25253362       0.8116081       13.757706       147.41921        68.35682   2.1214475e-09       7.7409515       12.515869       1014.5872       13.879522       1405.6144      -13.237377       -13.237377       2538.4323                                  91.83525          13.879522             1405.6144          12.515869                      23.028207                      396.20758                                586.75831                        8.5931244
              2       1258.0467       1.0421317     0.022527964      0.11814023     0.054145177       3.0522633      0.96754201       1.3320177       1.0074807      0.30330124      0.69662104      0.80812833     0.048352182      0.25356654      0.81256254       13.763491       147.41558       68.257901   2.1163189e-09       7.5998688       13.348904       1013.9853       14.452274       1405.4096      -11.452112       -11.452112       2538.9976                                 91.801639          14.452274             1405.4096          13.348904                      22.816395                      395.93165                                586.32383                        8.9133925
              8       1255.4545       1.0419485     0.022529068      0.11829197     0.059759533       3.0569562      0.96852882       1.3607871       1.0034898      0.30465541      0.69526661      0.81068447     0.048517965      0.25475025      0.81695037       13.769535       147.37441       68.142854   2.1262738e-09       8.1613922        14.78642       1012.7459       15.132974       1405.1714       -14.95474        -14.95474       2540.8185                                 92.981896          15.132974             1405.1714           14.78642                      22.867833                      397.27542                                584.01418                        8.5884269
              1       1255.3333       1.0423837     0.022581004      0.11815251     0.056671366       3.0520085      0.96987097       1.3484684       1.0041617      0.30230758      0.69761499      0.80878829     0.048284921      0.25264531      0.81189291       13.750383       147.35372       68.385789   2.1157797e-09       7.8427277       12.462459       1015.5186        13.71398       1405.5923      -14.466536       -14.466536       2539.5996                                 92.312276           13.71398             1405.5923          12.462459                      22.553614                      396.36328                                587.66502                         8.936667
              1       1256.1328       1.0423557     0.022508312      0.11704752     0.063295126       3.0644675      0.97241551       1.3527376       1.0040967      0.29695937      0.70296393      0.81101842     0.047675147      0.24791987      0.80689793       13.753748       147.73066       68.710869   2.1423051e-09       8.4877777       10.326266       1020.1324       11.924436       1406.6924      -14.612832       -14.612832       2541.4913                                 92.415906          11.924436             1406.6924          10.326266                      22.359455                       398.3974                                590.73304                        8.6424689
              1        1255.439       1.0423597     0.022505155      0.11705055      0.06333954        3.064006      0.97243125       1.3515417       1.0048084      0.29698143      0.70294186      0.81086382     0.047672044      0.24794493      0.80677409       13.753979       147.73337       68.708287   2.1413166e-09       8.4933929       10.326451       1017.7805       11.938158       1406.6874       -14.10943        -14.10943       2539.0968                                 92.364259          11.938158             1406.6874          10.326451                      22.229753                      398.39714                                588.29658                        8.8570216
              6       1255.0361       1.0422882     0.022552406      0.11680241     0.062314583        3.061666      0.97178355       1.3274147       1.0050002      0.29561895      0.70430459      0.80857028     0.047621204       0.2466376      0.80264459       13.749861        147.7473       68.817082   2.1363119e-09       8.3782806       10.315476       1017.8211       11.366847       1406.9993      -13.893477       -13.893477       2537.8592                                 91.356506          11.366847             1406.9993          10.315476                      22.314563                      397.97087                                588.44333                        9.0923469
              1       1254.2127       1.0422188     0.022569854      0.11691136     0.061171933       3.0578812       0.9715942       1.3214033       1.0031885      0.29629456      0.70362887      0.80723672     0.047723878      0.24720866      0.80223596       13.750598        147.6985       68.769602   2.1282416e-09        8.265976       10.320264       1018.6427       11.614451        1406.843      -15.051101       -15.051101       2538.5277                                 91.107288          11.614451              1406.843          10.320264                      22.436789                      397.58089                                589.66442                         8.960579
              3       1254.2025       1.0424047     0.022592364      0.11717131     0.063229865       3.0604932      0.97179461       1.3386809       1.0029172      0.29699353      0.70292988      0.80934183     0.047787839       0.2478432      0.80527617        13.74392       147.60391       68.757827    2.133808e-09        8.463913       10.351418       1018.1857       11.676271       1406.6847      -15.150745       -15.150745       2538.7065                                 91.808355          11.676271             1406.6847          10.351418                      22.394141                      398.33896                                588.46925                        8.9833623
              1       1253.4388       1.0422507     0.022575862      0.11707279     0.060979233       3.0537262      0.97308251       1.3315253       1.0018659      0.29701689      0.70290645      0.80659527     0.047795843      0.24785733      0.80257497       13.749788       147.64847       68.726956   2.1194171e-09       8.2484283        10.37797       1017.7353       11.839128       1406.6795       -15.57966        -15.57966       2538.0369                                 91.404988          11.839128             1406.6795           10.37797                      22.072488                       397.4749                                588.80222                        9.3856938
              2       1255.4269       1.0422424     0.022579884      0.11705807     0.061007509        3.053641       0.9729094        1.328824        1.000384      0.29694077      0.70298258      0.80643121     0.047795752      0.24778155       0.8023089       13.749534       147.64794       68.733144   2.1192366e-09       8.2498322       10.372405       1022.3498       11.806393       1406.6965        -15.8389         -15.8389       2542.5317                                 91.306595          11.806393             1406.6965          10.372405                       22.28303                      397.47729                                593.62048                        8.9689453
              5       1252.8332       1.0422424     0.022579884      0.11705807     0.061007509        3.053641       0.9729094       1.2973895       1.0017529      0.29694077      0.70298258      0.80643121     0.047795752      0.24778155       0.8023089       13.749534       147.64794       68.733144   2.1192366e-09       8.2498322       10.372405       1017.7361       11.806393       1406.6965      -15.587731       -15.587731        2536.842                                 90.230564          11.806393             1406.6965          10.372405                      22.111408                      397.46826                                 588.7802                        9.3761835
              4       1252.7869       1.0422424     0.022579884      0.11705807     0.061007509        3.053641       0.9729094       1.2710678        1.002579      0.29694077      0.70298258      0.80643121     0.047795752      0.24778155       0.8023089       13.749534       147.64794       68.733144   2.1192366e-09       8.2498322       10.372405       1018.0223       11.806393       1406.6965      -15.275821       -15.275821       2536.1255                                 89.227815          11.806393             1406.6965          10.372405                      22.010914                        397.457                                588.88142                        9.6729993
              1       1255.1418       1.0423685     0.022609282      0.11712345     0.065224508       3.0596527      0.97360456       1.2929022      0.99988902      0.29675156      0.70317189      0.80928962     0.047795196      0.24759468      0.80489614        13.74296       147.59812       68.778273   2.1320152e-09       8.6485138       10.340874       1020.4124       11.569036       1406.7392      -15.776395       -15.776395       2541.8364                                 92.774981          11.569036             1406.7392          10.340874                      22.211782                      399.11594                                 590.1805                        8.9041463
              2       1257.8238       1.0422886     0.022658214       0.1168975      0.06554013       3.0587791      0.97321986       1.2757155      0.99818964      0.29552357       0.7044001      0.80773715     0.047760652      0.24640517      0.80168821       13.739033       147.60435       68.877553   2.1301535e-09       8.6625519       10.321752       1026.0427       11.055353       1407.0216      -15.397068       -15.397068       2546.4416                                 92.000254          11.055353             1407.0216          10.321752                      22.453029                      399.26988                                595.58148                        8.7382769
              1       1254.5644       1.0423439     0.022678077      0.11740538     0.058207099       3.0474433      0.97099175       1.2497806       1.0016129      0.29791559      0.70200775      0.80424515     0.048008729      0.24854324      0.80144631       13.737705       147.44563       68.729472   2.1061428e-09       7.9599457       10.581337       1020.0772       11.825809       1406.4812      -15.371515       -15.371515       2539.8719                                 90.906398          11.825809             1406.4812          10.581337                      22.351988                      396.66109                                591.17905                        9.8850349
              2       1254.5549       1.0422537     0.022621412      0.11800691     0.059835469       3.0495174      0.97080369       1.2837986      0.99929878      0.30168506      0.69823761      0.80727939      0.04830766      0.25200186      0.80954341       13.749258       147.34802       68.430837   2.1105157e-09       8.1424408       12.247349       1017.0102       13.458531       1405.7102      -15.706231       -15.706231       2540.5222                                 92.095914          13.458531             1405.7102          12.247349                      22.559674                      397.19087                                588.31687                         8.942818
              9       1254.3217       1.0422937     0.022588864       0.1180621     0.060333085        3.051585      0.96990197       1.2826264       1.0000143       0.3020484      0.69787419      0.80819781     0.048288512      0.25238291       0.8109523         13.7518       147.36943       68.395146   2.1148838e-09       8.1999969       12.385105       1016.0971       13.660722       1405.6411      -15.805052       -15.805052       2540.2535                                 92.469442          13.660722             1405.6411          12.385105                        22.7145                      397.41082                                587.09681                        8.8750129
              4       1254.4804       1.0421345     0.022575267      0.11807322      0.05673424       3.0391474      0.97013412       1.2540545      0.99793217      0.30265997      0.69726246      0.80321487      0.04835801      0.25292217       0.8067679       13.758043       147.38121       68.325409   2.0887427e-09       7.8483429       12.953776       1016.1271       14.060138       1405.5267      -15.451527       -15.451527       2539.8638                                   91.1961          14.060138             1405.5267          12.953776                      22.465988                      396.37752                                587.58581                        9.6977384
              3       1253.6021       1.0421345     0.022575267      0.11807322      0.05673424       3.0391474      0.97013412       1.2663509      0.99787223      0.30265997      0.69726246      0.80321487      0.04835801      0.25292217       0.8067679       13.758043       147.38121       68.325409   2.0887427e-09       7.8483429       12.953776       1016.0795       14.060138       1405.5267      -15.447745       -15.447745       2538.0996                                 89.479516          14.060138             1405.5267          12.953776                      22.473877                      396.37299                                587.55726                        9.6753801
              3       1254.7919       1.0422922     0.022595179      0.11776647      0.05783139       3.0385366      0.97188735       1.2635921      0.99668964      0.30044751      0.69947533      0.80250326     0.048144588      0.25093043      0.80310158       13.749792       147.44107       68.506875   2.0874672e-09       7.9480133       11.457561       1018.4987       13.032794       1405.9525      -14.895573       -14.895573       2539.3749                                 90.433332          13.032794             1405.9525          11.457561                      22.211455                      396.58173                                589.64489                        10.060615
              9       1255.4201       1.0421151     0.022601084      0.11730705     0.060804641       3.0442342      0.97371031       1.2770004      0.99648731      0.29850469       0.7014184       0.8035684     0.048000146      0.24913653      0.80156326       13.752257       147.55763       68.618837   2.0993947e-09       8.2294769       10.772189       1020.2513       12.418374       1406.3542      -14.790241       -14.790241       2540.4207                                 90.624621          12.418374             1406.3542          10.772189                      22.029304                      397.41371                                591.16154                        9.6467816
              1       1255.6114       1.0419533     0.022585397      0.11772111     0.064604413       3.0508832      0.97161256       1.2945893      0.99707269      0.30126517      0.69865743      0.80696583     0.048273591      0.25161481      0.80866562       13.760714       147.46466       68.400467   2.1134002e-09       8.6056976       12.176729       1018.2926       13.630485       1405.7912      -15.136407       -15.136407       2541.4956                                 91.604636          13.630485             1405.7912          12.176729                      22.329869                      398.99548                                  587.672                        9.2952263
              1       1255.8795       1.0419886     0.022650312      0.11760532     0.065227438       3.0511198      0.97079077       1.2793186      0.99622671      0.30017214      0.69975072      0.80616431     0.048254106      0.25054577      0.80639556       13.752181       147.42363       68.512522   2.1139002e-09         8.64711       11.625657       1019.1426        13.00145       1406.0078      -14.541667       -14.541667       2540.8424                                  91.06486           13.00145             1406.0078          11.625657                      22.591674                      399.25551                                588.05949                        9.2359089
              4       1257.0356       1.0419214     0.022655145      0.11747034     0.065673528       3.0518106      0.97099134       1.2774725       0.9972479      0.29962763      0.70029529      0.80595259     0.048221393       0.2500352      0.80545225       13.753027       147.45438       68.543069    2.115361e-09       8.6857147       11.406106       1022.8971       12.832549       1406.1188      -15.062118       -15.062118       2544.1955                                  90.94101          12.832549             1406.1188          11.406106                      22.432951                      399.42283                                591.45754                        9.5837454
              1       1257.0201       1.0419214     0.022655145      0.11747034     0.065673528       3.0518106      0.97099134       1.2415152      0.99516169      0.29962763      0.70029529      0.80595259     0.048221393       0.2500352      0.80545225       13.753027       147.45438       68.543069    2.115361e-09       8.6857147       11.406106       1019.7064       12.832549       1406.1188      -13.747159       -13.747159       2541.5345                                 91.470678          12.832549             1406.1188          11.406106                      22.714958                      399.44166                                588.62174                        8.9279995
              3       1257.1706       1.0417411     0.022616468      0.11732432     0.063353072       3.0512341      0.97407461       1.2703184      0.99761548      0.29960621      0.70031662      0.80616366      0.04819887       0.2500346      0.80563439       13.761835       147.53615       68.500535   2.1141419e-09        8.470932        11.46686       1020.8178       13.068028       1406.1232       -15.28586        -15.28586        2544.913                                 93.437149          13.068028             1406.1232           11.46686                      21.997807                      398.33302                                591.42471                        9.0622436
              3       1256.6475       1.0416178     0.022457515      0.11729662     0.052683997       3.0329669      0.97294516       1.2164526       1.0006487      0.30073261      0.69918982      0.79895039      0.04810392      0.25124896      0.79992533       13.782366       147.71946       68.326727    2.075873e-09       7.4524689       11.907453       1020.7934       14.052536       1405.8956      -15.839229       -15.839229       2544.9735                                 92.324433          14.052536             1405.8956          11.907453                      21.672559                      395.75969                                 592.3614                        10.999781
              1       1257.3379       1.0415852     0.022466878      0.11738385     0.051888551       3.0307496      0.97313744       1.2172205      0.99925724      0.30124073      0.69868163      0.79835844     0.048172144      0.25168746      0.80000764       13.782754       147.68555       68.292557   2.0712753e-09       7.3703461       12.269737       1021.9486       14.250294       1405.7959      -15.822598       -15.822598       2546.3209                                 92.056481          14.250294             1405.7959          12.269737                      21.735307                      395.70835                                  593.901                        10.603909
              6       1256.3598       1.0418892     0.022535595      0.11766949     0.046496912       3.0242497      0.97289796       1.2091532       1.0008343      0.30146747      0.69845503      0.79666468     0.048234195      0.25185459      0.79861077       13.767699       147.53218       68.352908   2.0578558e-09        6.798996       12.276868       1020.8372       13.901953        1405.752      -15.718811       -15.718811       2544.1572                                 91.389254          13.901953              1405.752          12.276868                      21.725126                      395.99788                                 591.9724                        11.141771
              1       1257.5363       1.0419937     0.022737592      0.11733799     0.048688308       3.0288496      0.97581311       1.2312348       1.0017171      0.29824657      0.70167668      0.79749986     0.048190894      0.24869047      0.79516585       13.741456       147.39693       68.689403   2.0673437e-09       6.9842987       10.902551       1025.6669       12.038747       1406.4095      -15.158135       -15.158135       2545.3889                                 90.371168          12.038747             1406.4095          10.902551                      21.344564                      395.81128                                596.95963                        11.551457
              2       1257.6552       1.0420355     0.022734682      0.11739278     0.048936161       3.0300962      0.97564884       1.2349988        1.001028      0.29842939      0.70149385      0.79818569     0.048196494      0.24886735      0.79609355       13.740783       147.38553       68.681018   2.0699223e-09        7.011673       10.941104       1026.0152       12.083551       1406.3703      -15.324202       -15.324202       2545.9588                                 90.548712          12.083551             1406.3703          10.941104                      21.477674                      395.78198                                597.93894                        10.816555
              1       1259.5964       1.0420355     0.022734682      0.11739278     0.048936161       3.0300962      0.97564884       1.2499295       1.0001251      0.29842939      0.70149385      0.79818569     0.048196494      0.24886735      0.79609355       13.740783       147.38553       68.681018   2.0699223e-09        7.011673       10.941104        1029.894       12.083551       1406.3703      -15.431238       -15.431238       2550.0552                                 90.766331          12.083551             1406.3703          10.941104                      21.572906                      395.77762                                 602.1754                        10.368028
              2       1259.6158       1.0416171     0.022733343      0.11767325     0.043219763       3.0194012      0.97196828       1.2086922       1.0024286      0.30115277      0.69876991      0.79342208     0.048537214      0.25124028      0.79494501       13.754704       147.31173       68.437514   2.0479024e-09        6.410141       12.755894       1028.5705        13.42087       1405.8131      -14.890779       -14.890779       2549.0132                                 88.452791           13.42087             1405.8131          12.755894                      21.757936                      396.70348                                 597.9748                        12.134317
              4       1257.5873       1.0416846     0.022574082      0.11771151     0.045608866       3.0132775      0.97077438       1.1915786       0.9966696      0.30207644      0.69784594      0.79147301     0.048386515      0.25230925      0.79420736       13.769884       147.47815       68.303487      2.0354e-09       6.6972198       12.997527       1023.6363       14.186889       1405.6357      -14.790679       -14.790679        2544.756                                 88.299518          14.186889             1405.6357          12.997527                      21.997474                      396.13194                                592.90854                        12.598392
              2       1258.6408       1.0416846     0.022574082      0.11771151     0.045608866       3.0132775      0.97077438       1.2019581      0.99759136      0.30207644      0.69784594      0.79147301     0.048386515      0.25230925      0.79420736       13.769884       147.47815       68.303487      2.0354e-09       6.6972198       12.997527       1025.6462       14.186889       1405.6357      -15.237409       -15.237409       2547.7563                                 89.290052          14.186889             1405.6357          12.997527                      21.888897                      396.16402                                594.32845                        13.264795
              1       1257.4482       1.0415471     0.022371361      0.11765201     0.043935783        3.017384      0.96728021       1.1931082       1.0001578      0.30334244      0.69657947      0.79255401     0.048242722      0.25371068      0.79695689        13.79539       147.71956       68.097364   2.0437757e-09       6.5547333       13.670463       1024.1635       15.406446        1405.402      -15.861305       -15.861305       2546.6191                                 87.976661          15.406446              1405.402          13.670463                      22.545456                      396.43877                                593.57579                        11.603448
              1       1254.3488       1.0419112     0.022376756      0.11739177      0.05082993       3.0336582      0.97109113       1.2512288       1.0023741       0.3008355      0.69908691      0.79958392     0.047942421      0.25151301      0.80069657       13.782699       147.78391       68.318542   2.0773086e-09       7.2812042         11.5917       1018.7429       14.099784       1405.8753      -15.521361       -15.521361       2539.7404                                  89.43068          14.099784             1405.8753            11.5917                      21.970768                      395.70235                                590.28744                        10.782366
              4        1254.555       1.0419114     0.022376343       0.1173814       0.0508594       3.0336417      0.97110648       1.2509111          1.0016      0.30078209      0.69914034      0.79954793     0.047936703      0.25146545      0.80058944       13.782688       147.78715       68.321985   2.0772744e-09       7.2840118       11.562648       1019.6967         14.0799       1405.8858       -15.76706        -15.76706        2540.644                                 89.418956            14.0799             1405.8858          11.562648                      22.058336                      395.68678                                591.52947                        10.422109
              4       1256.6692       1.0420471     0.022231132      0.11733822     0.055651116       3.0402537      0.97145144       1.2745614       1.0008555      0.30098157      0.69894069      0.80287369     0.047721236      0.25187764      0.80418609       13.793952       147.96163       68.253503   2.0910548e-09       7.8048248       11.344257       1023.0417       14.478009       1405.8465      -15.894782       -15.894782        2545.128                                 90.417548          14.478009             1405.8465          11.344257                      22.013849                      396.20276                                594.65652                        10.168597
              4       1260.1739        1.042321     0.022224323      0.11809841     0.053110835       3.0374098      0.97193384       1.2984789      0.99983118      0.30428109      0.69564074      0.80477061     0.047971849      0.25491886      0.81049243       13.790108       147.76489        68.06456   2.0851164e-09       7.5605621       13.202148       1026.5921       15.605171       1405.2359      -15.967428       -15.967428       2552.2826                                 91.647335          15.605171             1405.2359          13.202148                      22.043642                      395.85062                                599.18304                        9.5147935
              1       1258.8757       1.0424066     0.022244958      0.11815808     0.049601573       3.0336148      0.97160819       1.2861407       1.0033829      0.30422532      0.69569657      0.80334283     0.047980256      0.25485573      0.80898035       13.785629       147.72555       68.090186   2.0772185e-09       7.1934662       13.118894       1022.8665       15.449825       1405.2456      -15.061066       -15.061066       2547.8736                                 91.192842          15.449825             1405.2456          13.118894                      21.789321                      395.76031                                594.70388                        10.612953
              1       1259.5412        1.042299     0.022256618      0.11807917     0.046354032        3.026088      0.97250581       1.2711703       1.0034353      0.30405558      0.69586632       0.8001885     0.048001508      0.25466484      0.80557906       13.787223        147.7334        68.09295   2.0616423e-09       6.8453217       13.126951       1024.8615       15.433111       1405.2753      -15.025141       -15.025141       2549.1327                                  90.43585          15.433111             1405.2753          13.126951                      21.520438                      396.04589                                595.61117                        11.683998
              1       1260.0396        1.042299     0.022256618      0.11807917     0.046354032        3.026088      0.97250581       1.2328377       1.0024419      0.30405558      0.69586632       0.8001885     0.048001508      0.25466484      0.80557906       13.787223        147.7334        68.09295   2.0616423e-09       6.8453217       13.126951       1023.5603       15.433111       1405.2753      -15.436614       -15.436614       2550.9523                                 93.556693          15.433111             1405.2753          13.126951                      21.626717                      396.01888                                594.78488                         11.12983
              8       1259.8702       1.0423087     0.022246921      0.11805119     0.045623686       3.0236419      0.97151428       1.2176862        1.001822      0.30393271       0.6959892      0.79886219     0.047974026      0.25456964      0.80408129       13.787839       147.75167        68.09761   2.0566055e-09       6.7681122       13.000288       1024.0899       15.404958       1405.2969      -15.613161       -15.613161       2550.9668                                 93.174785          15.404958             1405.2969          13.000288                       21.78195                      396.13249                                594.83988                        11.335583
              1       1259.1309       1.0423054     0.022248748      0.11776245     0.051078288       3.0320059      0.97138452       1.2270779       1.0018369      0.30238385       0.6975383      0.80116729     0.047830834      0.25316824       0.8043441       13.786385       147.82748       68.202267   2.0738791e-09       7.3401642        11.94642       1023.8467       14.779488       1405.5779      -15.627876       -15.627876       2549.5176                                 93.367152          14.779488             1405.5779           11.94642                      21.811143                      395.75041                                595.01193                        11.273181
              6        1257.125       1.0423376     0.022381823      0.11731982     0.051965562        3.035108      0.97418952       1.2332695       1.0016536      0.29916753      0.70075528      0.80121364     0.047710124      0.25008433      0.80010122       13.769098       147.79766       68.492412   2.0803224e-09       7.3970184       10.667089       1022.5021       13.113246       1406.2141      -15.723796       -15.723796       2545.6975                                  93.20096          13.113246             1406.2141          10.667089                      21.565625                      395.72637                                594.32753                        10.882584
             22       1254.7728       1.0423376     0.022381823      0.11731982     0.051965562        3.035108      0.97418952       1.1786621       1.0011356      0.29916753      0.70075528      0.80121364     0.047710124      0.25008433      0.80010122       13.769098       147.79766       68.492412   2.0803224e-09       7.3970184       10.667089         1023.79       13.113246       1406.2141      -15.723035       -15.723035       2540.9916                                 87.207101          13.113246             1406.2141          10.667089                      21.621804                      395.71337                                595.83376                        10.621098
              9       1259.1047       1.0423376     0.022381823      0.11731982     0.051965562        3.035108      0.97418952       1.2267743       1.0039778      0.29916753      0.70075528      0.80121364     0.047710124      0.25008433      0.80010122       13.769098       147.79766       68.492412   2.0803224e-09       7.3970184       10.667089       1027.8178       13.113246       1406.2141      -14.665217       -14.665217       2547.5398                                 89.727609          13.113246             1406.2141          10.667089                      21.323818                      395.73208                                598.52308                        12.238789
              1        1255.803       1.0421106      0.02242992      0.11761208     0.057247279       3.0431765      0.97226346       1.2449803       1.0010784      0.30111458      0.69880792       0.8044734     0.048007401      0.25172851      0.80596643       13.772118       147.66603       68.353344   2.0971755e-09       7.9248505       11.677295       1017.5908       13.899452       1405.8205       -15.84908        -15.84908       2543.3042                                 94.316159          13.899452             1405.8205          11.677295                      21.901785                       396.4576                                 589.0994                        10.131966
              1       1255.1066       1.0421058     0.022439336      0.11757416     0.057528719        3.045041      0.97176387       1.2439134       1.0005208      0.30087281      0.69904973      0.80489458     0.047998716      0.25149626       0.8060646       13.771076       147.66572       68.373874   2.1010893e-09        7.950119       11.566109       1016.5479       13.781949        1405.868      -15.912938       -15.912938       2542.0391                                 94.275135          13.781949              1405.868          11.566109                      22.148816                      396.55919                                588.31677                        9.5231634
              2       1254.6635       1.0421058     0.022439336      0.11757416     0.057528719        3.045041      0.97176387       1.2613197       1.0000422      0.30087281      0.69904973      0.80489458     0.047998716      0.25149626       0.8060646       13.771076       147.66572       68.373874   2.1010893e-09        7.950119       11.566109       1017.6566       13.781949        1405.868       -15.95957        -15.95957       2541.2461                                 92.373427          13.781949              1405.868          11.566109                      22.208549                      396.55881                                589.52504                        9.3642361
              1        1257.371       1.0421131     0.022472217      0.11767539     0.058472574       3.0488001      0.97322999       1.2853672       1.0034052       0.3012011      0.69872143      0.80708206     0.048075662      0.25174742       0.8086961       13.767826       147.60208       68.369172   2.1090023e-09       8.0371552       11.795547       1020.0843       13.808818       1405.8036      -15.033971       -15.033971       2544.8099                                 93.317679          13.808818             1405.8036          11.795547                       21.69807                        396.745                                591.67058                        9.9706074
              1       1255.6362       1.0418804     0.022417828      0.11788078     0.054138793       3.0426308      0.97237401         1.27581       1.0027657      0.30330465      0.69661743      0.80506517     0.048242507      0.25367598      0.80948712       13.781546        147.6073         68.1682   2.0960313e-09       7.6188202          13.364       1015.5409       14.981662       1405.4089      -15.377578       -15.377578       2542.0276                                 92.732195          14.981662             1405.4089             13.364                      21.890412                      395.90401                                588.24849                        9.4979757
              4       1257.3787       1.0418448     0.022312252      0.11782947     0.052879202       3.0404514      0.97253305       1.2746111       1.0034217       0.3037492      0.69617267      0.80446594      0.04813927      0.25422019      0.80947716       13.793658       147.73869       68.080377   2.0914683e-09       7.5128326       13.506988       1017.7826       15.509193       1405.3293       -15.06316        -15.06316       2544.8837                                 92.755628          15.509193             1405.3293          13.506988                      21.747788                       395.8253                                590.43238                        9.7771825
              6       1258.2251       1.0415077     0.022341096      0.11660804     0.061809578       3.0501567      0.97155497       1.2461694       1.0016113      0.29805052      0.70187216      0.80339141     0.047701262      0.24897394      0.80077684       13.794746       148.03577       68.436423   2.1118654e-09        8.375473       10.655765       1026.3935       13.427022       1406.4517      -15.759291       -15.759291       2547.9689                                 91.040921          13.427022             1406.4517          10.655765                       22.03914                      397.85396                                596.31702                        10.183378
              5       1255.9652        1.041737      0.02246209      0.11669271      0.05300504       3.0325565      0.97495415       1.2221197       1.0006043      0.29714923       0.7027738      0.79738077     0.047744233      0.24803585      0.79358314       13.775391       147.87675       68.590604   2.0750213e-09       7.4749298       10.467999       1023.6518       12.571912       1406.6498      -15.850969       -15.850969       2543.6323                                 90.290754          12.571912             1406.6498          10.467999                      21.400201                      395.74627                                594.67665                        11.828718
              3        1256.617        1.041737      0.02246209      0.11669271      0.05300504       3.0325565      0.97495415       1.2373033      0.99986817      0.29714923       0.7027738      0.79738077     0.047744233      0.24803585      0.79358314       13.775391       147.87675       68.590604   2.0750213e-09       7.4749298       10.467999       1024.6332       12.571912       1406.6498       -15.90581        -15.90581       2545.0455                                  90.72264          12.571912             1406.6498          10.467999                      21.476923                      395.74103                                 596.0342                        11.381007
              1       1256.1871        1.041496     0.022440035      0.11681262     0.059813095       3.0460212      0.97365867       1.2711552       1.0007445      0.29861355      0.70130915      0.80266953     0.047898873      0.24933975      0.80081261       13.785523        147.8697       68.446165   2.1031498e-09       8.1606903       10.949018       1023.1717       13.372159       1406.3308      -15.927098       -15.927098       2544.2284                                 90.404705          13.372159             1406.3308          10.949018                      21.710139                      397.11186                                594.16552                        10.184129
              1       1256.3529         1.04179     0.022529957      0.11634182     0.066963118       3.0625729      0.97621023       1.3083433       1.0024127       0.2947663      0.70515719      0.80832342     0.047600822      0.24580456      0.80124153       13.764833       147.89679       68.797548   2.1382502e-09       8.8169708       10.362946       1022.6053       11.468394        1407.201       -15.45023        -15.45023       2543.6063                                 91.968668          11.468394              1407.201          10.362946                      21.536048                      399.78982                                591.79066                        9.4887406
              1       1255.2683       1.0420458      0.02258622      0.11685295     0.070013219       3.0650309      0.97075682       1.2860592       0.9997799      0.29639767      0.70352571      0.80943318     0.047789443      0.24724532      0.80455876       13.753717       147.69683       68.747323   2.1435125e-09       9.0977325       10.356972        1021.724       11.731556       1406.8194      -15.809114       -15.809114       2542.1548                                 91.522834          11.731556             1406.8194          10.356972                      22.662962                      401.59139                                588.47707                         8.992543
              3       1254.5182       1.0421489     0.022727399      0.11724985       0.0584601       3.0452878      0.97402446       1.2683666      0.99993102      0.29738754      0.70253588      0.80339158     0.048064138      0.24796118      0.79988589       13.737508       147.43259         68.7645   2.1016078e-09       7.9711761       10.570476       1020.5719       11.641217        1406.597      -15.477159       -15.477159       2539.9907                                  90.61007          11.641217              1406.597          10.570476                      21.887361                      396.62753                                592.14029                        9.9167194
              2       1254.6436       1.0421061     0.022674861      0.11765171     0.057107858       3.0447092      0.97282683       1.2763125      0.99976242       0.2999304      0.69999255      0.80437962     0.048243216      0.25031672       0.8042863       13.746282       147.38329       68.557377   2.1003923e-09       7.8560638       11.456584       1019.2062       12.753816       1406.0569      -15.616906       -15.616906        2540.521                                 91.047583          12.753816             1406.0569          11.456584                      22.138543                      396.36132                                591.40285                        9.3034475
              4       1255.4292       1.0421061     0.022674861      0.11765171     0.057107858       3.0447092      0.97282683       1.3773377       1.0003749       0.2999304      0.69999255      0.80437962     0.048243216      0.25031672       0.8042863       13.746282       147.38329       68.557377   2.1003923e-09       7.8560638       11.456584       1018.1452       12.753816       1406.0569      -15.644814       -15.644814        2542.148                                 93.735518          12.753816             1406.0569          11.456584                      22.063737                      396.34769                                590.22743                        9.5063615
              2       1254.4785       1.0421061     0.022674861      0.11765171     0.057107858       3.0447092      0.97282683       1.3349872      0.99998251       0.2999304      0.69999255      0.80437962     0.048243216      0.25031672       0.8042863       13.746282       147.38329       68.557377   2.1003923e-09       7.8560638       11.456584       1018.6828       12.753816       1406.0569      -15.659891       -15.659891       2540.2768                                 91.326788          12.753816             1406.0569          11.456584                      22.111502                      396.36132                                590.83604                        9.3739229
              2       1254.9241       1.0421075     0.022677678      0.11779071     0.056856571       3.0444952      0.97256256       1.3377482      0.99990521      0.30064592      0.69927693      0.80468598     0.048315705      0.25095785      0.80555178       13.746593       147.34306       68.510183   2.0999428e-09        7.832901       11.844989        1018.629        13.01443        1405.913      -15.653042       -15.653042       2541.1542                                  91.75289           13.01443              1405.913          11.844989                      22.160923                      396.31908                                590.87002                        9.2789401
              2       1254.9735       1.0420395     0.022593577      0.11792316     0.055971977        3.045746      0.97333975       1.3572343       1.0022331      0.30203706      0.69788546      0.80617746     0.048342697      0.25231612      0.80890987       13.758219       147.40086       68.363936   2.1025712e-09       7.7655182       12.636173       1016.2059       13.838765       1405.6432      -15.430995       -15.430995       2540.8089                                 92.484907          13.838765             1405.6432          12.636173                      21.864665                      396.15161                                588.82121                        9.3683806
              1       1256.4025       1.0420395     0.022593577      0.11792316     0.055971977        3.045746      0.97333975       1.3697651       1.0015259      0.30203706      0.69788546      0.80617746     0.048342697      0.25231612      0.80890987       13.758219       147.40086       68.363936   2.1025712e-09       7.7655182       12.636173       1017.0505       13.838765       1405.6432      -15.641184       -15.641184       2544.0873                                 94.918675          13.838765             1405.6432          12.636173                      21.947589                      396.16645                                589.77148                        9.1649777
              9       1256.5442       1.0421997     0.022640904      0.11780682     0.055031041       3.0482637      0.97421915       1.3744128       1.0042182      0.30067091      0.69925192      0.80700696     0.048248434      0.25104981      0.80790884       13.747851       147.37934       68.502319   2.1078713e-09       7.6595306       11.720927       1017.6883       13.058111        1405.908      -14.310057       -14.310057       2541.7086                                 93.333241          13.058111              1405.908          11.720927                      21.755517                      395.99576                                590.65135                        9.2857015
              1       1257.1787       1.0418899     0.022625092      0.11738899      0.06612384       3.0678264      0.97474664       1.4179179       1.0035718       0.2994617       0.7004612       0.8134117     0.048168877      0.24992146      0.81268162       13.756788       147.50953       68.534921    2.149513e-09       8.7341461        11.30389       1018.1208       12.877494        1406.153      -14.715877       -14.715877       2543.7891                                 95.333911          12.877494              1406.153           11.30389                      21.920306                      399.51506                                588.11501                        8.5703903
              1        1257.478        1.042028     0.022586962      0.11729203     0.067058412        3.072325       0.9743562       1.4226861       1.0045716      0.29876091       0.7011621       0.8150607     0.048021286      0.24937015      0.81337573       13.756286       147.57793       68.582296   2.1592045e-09        8.830307       10.884329        1017.839       12.617272       1406.2997      -14.130916       -14.130916       2543.2178                                 95.577526          12.617272             1406.2997          10.884329                      22.063164                      399.98026                                587.30711                        8.4884548
              2       1259.2824        1.042028     0.022586962      0.11729203     0.067058412        3.072325       0.9743562       1.4168777       1.0033837      0.29876091       0.7011621       0.8150607     0.048021286      0.24937015      0.81337573       13.756286       147.57793       68.582296   2.1592045e-09        8.830307       10.884329       1023.2971       12.617272       1406.2997      -14.892919       -14.892919       2548.3506                                 95.252201          12.617272             1406.2997          10.884329                      22.210123                      400.02587                                592.58777                        8.4733766
              1       1258.9141       1.0419154     0.022629853       0.1170233     0.074444933       3.0800797      0.97547502       1.4351125       1.0029968      0.29742816      0.70249508      0.81732941     0.047974949      0.24808765      0.81381846       13.753769       147.60302       68.680525   2.1760137e-09       9.4964142       10.584378       1022.4326       12.086186        1406.588      -14.988934       -14.988934       2547.8061                                 96.114961          12.086186              1406.588          10.584378                      21.912699                      403.91684                                588.10738                        8.4956886
              4       1256.0456       1.0420286     0.022564852      0.11725662     0.072180897       3.0721574      0.97255148       1.4019843       1.0005482      0.29869735      0.70122564       0.8143938     0.047983716       0.2493439      0.81262376       13.758454       147.61251       68.575551   2.1588427e-09       9.3118134       10.835343       1019.2789       12.654157       1406.3131      -15.834405       -15.834405       2543.7599                                 94.678393          12.654157             1406.3131          10.835343                      22.417132                      402.81142                                585.50664                        8.5437057
              1       1255.7438       1.0420597     0.022530042      0.11718054     0.070857469       3.0681897      0.97380934       1.3998666      0.99971824      0.29840206      0.70152095      0.81307734     0.047900143      0.24913245      0.81090904       13.760882        147.6715       68.582387   2.1502941e-09        9.197403       10.692674       1019.1357       12.616775       1406.3761      -15.903895       -15.903895       2543.2954                                 94.474175          12.616775             1406.3761          10.692674                      22.156303                      402.00263                                586.30095                        8.6757915
              1       1255.6496       1.0420453     0.022527064      0.11718504     0.070390833        3.067258      0.97367743       1.3968515      0.99992009      0.29848499        0.701438      0.81267374     0.047906602      0.24920855      0.81061912       13.761651       147.67356       68.573231   2.1482916e-09       9.1545868       10.720865       1019.0397       12.666861       1406.3583      -15.915776       -15.915776       2543.1308                                 94.345118          12.666861             1406.3583          10.720865                      22.136844                      401.75584                                586.41297                        8.7340114
              1       1256.4826       1.0420472     0.022531595      0.11720071     0.070222581       3.0668116        0.973792       1.3969983      0.99866403      0.29853634      0.70138664      0.81256637     0.047917584      0.24924889      0.81058175       13.761183       147.66429       68.572268   2.1473329e-09        9.138443       10.740138        1020.399       12.672134       1406.3474      -15.767465       -15.767465       2544.5001                                 94.341438          12.672134             1406.3474          10.740138                      22.261722                      401.68072                                587.88457                        8.5719605
              1       1255.4038       1.0421136     0.022547445      0.11701729     0.067793231        3.064122      0.97472233       1.3883503       1.0002825      0.29728432       0.7026389      0.81110665     0.047807257       0.2481113      0.80742713       13.756633       147.69563       68.675488    2.141565e-09        8.904007       10.433694       1019.5456       12.113143       1406.6198      -15.887384       -15.887384       2542.5824                                 93.870082          12.113143             1406.6198          10.433694                      21.978575                      400.30466                                588.46915                         8.793249
              1         1255.02       1.0422977      0.02258947      0.11770381      0.06460447       3.0631596      0.97101539       1.3793106       1.0015859      0.30013215      0.69979073      0.81197733     0.048105226      0.25065521      0.81215615       13.749941       147.46476       68.526239    2.139505e-09       8.6049957       11.289574       1017.3884       12.925471       1406.0159      -15.630018       -15.630018       2541.3001                                 93.680688          12.925471             1406.0159          11.289574                      22.688312                      399.02051                                  587.133                        8.5466061
              1       1255.2263        1.042289     0.022590473      0.11770884     0.064649606       3.0633974      0.97101788       1.3802129       1.0014763      0.30017872      0.69974416      0.81208035     0.048112766      0.25069408       0.8123222       13.750118       147.46231       68.522389   2.1400138e-09       8.6092072       11.318634       1017.7675       12.946772       1406.0065       -15.65471        -15.65471        2541.762                                 93.722561          12.946772             1406.0065          11.318634                      22.713552                      399.03332                                587.49798                        8.5226911
              1       1254.6907       1.0422636     0.022622933      0.11758569     0.065239876       3.0643295      0.97088433       1.3754391       1.0019851      0.29941577      0.70050725      0.81182454      0.04809038      0.24995613      0.81103367       13.746827       147.45925       68.587559   2.1420096e-09       8.6555328       11.044765       1016.9608       12.588529       1406.1626      -15.454936       -15.454936       2540.2913                                 93.534613          12.588529             1406.1626          11.044765                      22.701123                      399.26238                                586.43858                        8.5587619
              2       1254.8347       1.0422636     0.022622933      0.11758569     0.065239876       3.0643295      0.97088433       1.3160086       1.0028492      0.29941577      0.70050725      0.81182454      0.04809038      0.24995613      0.81103367       13.746827       147.45925       68.587559   2.1420096e-09       8.6555328       11.044765       1017.4198       12.588529       1406.1626      -15.116995       -15.116995       2539.9034                                 92.687782          12.588529             1406.1626          11.044765                      22.583718                       399.2637                                586.88161                        8.6907462
              1       1256.9272       1.0422636     0.022622933      0.11758569     0.065239876       3.0643295      0.97088433       1.3069442       1.0026608      0.29941577      0.70050725      0.81182454      0.04809038      0.24995613      0.81103367       13.746827       147.45925       68.587559   2.1420096e-09       8.6555328       11.044765       1017.1057       12.588529       1406.1626      -15.194845       -15.194845       2544.2442                                 97.342632          12.588529             1406.1626          11.044765                      22.609085                       399.2637                                586.57449                        8.6583916
              2       1255.2245       1.0423201     0.022632179      0.11762226     0.065733936       3.0643991      0.97072423       1.3062354       1.0007956       0.2993899      0.70053316      0.81194264     0.048090236      0.24993096       0.8111166       13.744331       147.43926       68.601677   2.1421585e-09       8.7004547        11.01321       1019.0044       12.511581       1406.1679      -15.691402       -15.691402       2541.8318                                 93.134593          12.511581             1406.1679           11.01321                      22.855183                      399.55637                                588.10738                        8.4855056
              3       1254.4804       1.0422634     0.022635441      0.11753201     0.066214576       3.0651102      0.96982843        1.297828       1.0015797      0.29906121      0.70086188      0.81157043     0.048074046      0.24961912      0.81029961       13.745244       147.45981       68.618173   2.1436823e-09       8.7432709       10.923243       1017.7493       12.421978       1406.2365       -15.52969        -15.52969       2540.0202                                   92.6893          12.421978             1406.2365          10.923243                       22.93896                      399.78187                                586.49225                        8.5361747
              1       1253.8185       1.0422582     0.022595658      0.11674418     0.060442417        3.052588      0.97317458       1.2619149        1.001969      0.29515874      0.70476491      0.80492368     0.047643353      0.24615721      0.79840252       13.745861       147.71462       68.867028   2.1170062e-09       8.1859589       10.342066       1019.1222       11.109259       1407.1076      -15.459061       -15.459061       2538.5551                                  90.87403          11.109259             1407.1076          10.342066                      22.067673                       397.2228                                590.18217                        9.6495151
              4       1255.1775       1.0422569     0.022585505      0.11684642     0.058784162       3.0497503      0.97265459       1.2548622       1.0036401      0.29575517      0.70416837      0.80402735     0.047686806      0.24670834      0.79831882       13.747479       147.69831       68.820177   2.1110072e-09       8.0280304       10.312562        1020.498       11.350798       1406.9675       -14.71747        -14.71747         2539.79                                 90.661094          11.350798             1406.9675          10.312562                      21.922872                      396.73352                                591.36992                        10.471705
              1       1253.8848       1.0421445      0.02254181      0.11711105     0.058856444       3.0491303      0.97379639       1.2765077       1.0013043       0.2977203      0.70220286      0.80515102      0.04783534      0.24851806      0.80208602       13.756765       147.67589       68.646747   2.1096988e-09       8.0497894       10.503452       1018.5515       12.267522       1406.5237      -15.736612       -15.736612       2539.2428                                 91.396664          12.267522             1406.5237          10.503452                      21.911421                      396.79234                                590.34974                        9.4979728
              1       1254.4448       1.0419359     0.022501225      0.11696378      0.06022827       3.0557134      0.97228039       1.2799985       1.0043802      0.29778143      0.70214161      0.80680423     0.047823052      0.24858936      0.80381544       13.766601       147.76077       68.593732   2.1236331e-09       8.1901703       10.558067       1016.5809       12.554853       1406.5103      -14.392347       -14.392347       2537.6743                                 91.470108          12.554853             1406.5103          10.558067                      22.066725                      397.22156                                587.97227                        9.3203615
              1       1254.2873       1.0419533     0.022507378      0.11718188     0.060681597       3.0543309      0.97174934       1.2804913       1.0016873      0.29884987      0.70107301      0.80684038     0.047931051      0.24954709      0.80529228        13.76648       147.69539       68.525777    2.120699e-09       8.2371979       10.866456       1018.3362       12.928023       1406.2808      -15.693076       -15.693076       2539.9607                                 91.549169          12.928023             1406.2808          10.866456                      22.345776                       397.4609                                589.62168                        8.9078529
              1       1253.4794       1.0419533     0.022507378      0.11718188     0.060681597       3.0543309      0.97174934       1.2863164       1.0027299      0.29884987      0.70107301      0.80684038     0.047931051      0.24954709      0.80529228        13.76648       147.69539       68.525777    2.120699e-09       8.2371979       10.866456       1016.2555       12.928023       1406.2808      -15.330385       -15.330385       2537.6195                                 91.288727          12.928023             1406.2808          10.866456                       22.21269                      397.45675                                587.39205                        9.1940242
              1       1253.5802       1.0419687     0.022519104      0.11720284     0.061973491       3.0571017      0.97209857       1.2965165       1.0025117      0.29884897      0.70107394      0.80810395      0.04794471      0.24953285       0.8065522       13.764868       147.67683       68.533861   2.1265833e-09       8.3600311        10.87095       1016.2369       12.883343        1406.281      -15.416751       -15.416751       2537.9939                                 91.721657          12.883343              1406.281           10.87095                      22.232084                      397.90037                                587.14346                        8.9610007
              1       1253.7916       1.0419917      0.02253931      0.11730663     0.061040658       3.0568188       0.9713708       1.2928274       1.0036648      0.29921606      0.70070682      0.80806601     0.048004271      0.24983991      0.80700952       13.762522       147.62643       68.522054   2.1259818e-09       8.2666779       11.019412       1015.4281       12.948628        1406.204      -14.817487       -14.817487       2537.2182                                 91.618127          12.948628              1406.204          11.019412                      22.286163                      397.56805                                586.52127                        9.0525612
              2       1253.8876       1.0420211     0.022578735      0.11724379     0.061861137       3.0573427      0.97232246        1.297167       1.0019915      0.29857298      0.70135005      0.80821014     0.047992883      0.24921093      0.80628562       13.757139       147.59951       68.590092   2.1270959e-09       8.3354645       10.816223        1017.345       12.574706       1406.3396      -15.518008       -15.518008       2538.8113                                 91.735781          12.574706             1406.3396          10.816223                      22.302034                      397.85528                                588.38441                        8.8032541
              2       1253.8402       1.0421285     0.022622587      0.11722414     0.061265171        3.056792      0.97215552       1.2902052       1.0034117      0.29790576      0.70201745      0.80777677     0.047970374      0.24856952      0.80495237       13.749166       147.55598       68.672773   2.1259248e-09       8.2673798       10.615156       1016.6027       12.127683       1406.4833      -14.818052       -14.818052       2537.3166                                 91.487818          12.127683             1406.4833          10.615156                      22.200565                      397.60226                                587.62201                        9.1778383
              3       1253.5967        1.042198     0.022590567      0.11756893     0.060198851       3.0552241      0.97166272        1.296643       1.0027155      0.29970558      0.70021734      0.80840023     0.048084833      0.25024968      0.80800345       13.752156       147.49919       68.542432   2.1225942e-09        8.177536       11.165231       1015.6039       12.836059       1406.1028      -15.224703       -15.224703       2537.6428                                 91.934853          12.836059             1406.1028          11.165231                      22.336292                      397.28443                                587.04232                        8.9408637
              7       1253.1055        1.042198     0.022590567      0.11756893     0.060198851       3.0552241      0.97166272       1.2929812       1.0030631      0.29970558      0.70021734      0.80840023     0.048084833      0.25024968      0.80800345       13.752156       147.49919       68.542432   2.1225942e-09        8.177536       11.165231        1015.503       12.836059       1406.1028      -15.060999       -15.060999       2536.3329                                 90.725817          12.836059             1406.1028          11.165231                      22.291777                      397.25048                                586.93318                        9.0275701
              1       1254.4398       1.0421938     0.022471096      0.11757286     0.053506097       3.0384005      0.97376695       1.2715059       1.0010901      0.30042362      0.69949905      0.80278474     0.047984502      0.25106364      0.80335133       13.765055       147.63034       68.432378   2.0871832e-09       7.5388031       11.329558       1018.6915       13.449832       1405.9572      -15.852833       -15.852833       2540.5853                                 91.157235          13.449832             1405.9572          11.329558                      21.735027                      395.79825                                591.07133                        10.086884
              3       1254.0717       1.0421938     0.022471096      0.11757286     0.053506097       3.0384005      0.97376695       1.3064228       1.0011087      0.30042362      0.69949905      0.80278474     0.047984502      0.25106364      0.80335133       13.765055       147.63034       68.432378   2.0871832e-09       7.5388031       11.329558        1018.652       13.449832       1405.9572      -15.881088       -15.881088       2539.9056                                 90.516948          13.449832             1405.9572          11.329558                      21.732935                      395.79825                                591.02606                        10.094755
              2       1254.4856       1.0421938     0.022471096      0.11757286     0.053506097       3.0384005      0.97376695       1.3104939       1.0008386      0.30042362      0.69949905      0.80278474     0.047984502      0.25106364      0.80335133       13.765055       147.63034       68.432378   2.0871832e-09       7.5388031       11.329558       1019.3473       13.449832       1405.9572       -15.92566        -15.92566       2540.8226                                 90.738686          13.449832             1405.9572          11.329558                      21.763406                      395.80465                                591.79686                        9.9823838
              2       1256.2438       1.0419044     0.022446165      0.11739061     0.052669875       3.0386008      0.97546503       1.3219207       1.0037432      0.30045164      0.69947092      0.80260243      0.04800643      0.25106757      0.80320634       13.775477        147.7069       68.378784   2.0876014e-09       7.4552765        11.50761        1020.141       13.753917       1405.9516      -14.886522       -14.886522       2542.2606                                  90.90657          13.753917             1405.9516           11.50761                      21.274738                      395.71298                                 592.4292                        10.724036
              2       1254.9323        1.041778      0.02245848      0.11696439     0.057137484       3.0477408      0.97388546       1.3170698       1.0035023      0.29848847      0.70143436      0.80413394     0.047859933      0.24925585      0.80210559       13.775877       147.80802        68.50214   2.1067694e-09       7.8960724       10.780998       1018.8807       13.059105       1406.3575      -15.014721       -15.014721       2539.8941                                 90.815741          13.059105             1406.3575          10.780998                      21.689668                      396.39506                                590.96436                        9.8316212
              2       1253.7533       1.0418137      0.02247239      0.11781197      0.05200335       3.0369881      0.96794266       1.2741842       1.0014413      0.30281849       0.6971037      0.80092421      0.04828729      0.25314712      0.80467774        13.77738       147.56479        68.21945   2.0842373e-09       7.3878937       13.184219        1016.112       14.678032       1405.4974      -15.783619       -15.783619       2539.0738                                 89.602151          14.678032             1405.4974          13.184219                      22.742169                      395.69843                                588.04944                        9.6219535
              4       1255.9062       1.0416579     0.022518123      0.11765403      0.05189139       3.0336024       0.9687563       1.2653475      0.99903374      0.30217267      0.69774963      0.79894836      0.04832084       0.2524696      0.80183622       13.776391       147.55617        68.26512   2.0771926e-09       7.3640289       12.964189        1021.182       14.410083       1405.6175      -15.816098       -15.816098       2543.4445                                 89.270658          14.410083             1405.6175          12.964189                        22.7144                      395.70065                                593.19529                        9.5716898
              2       1254.2513       1.0416496     0.022513677      0.11760756     0.051525693       3.0324807       0.9684861       1.2586773       1.0004133      0.30197486      0.69794746      0.79826948     0.048297136       0.2522959      0.80089262       13.776895       147.57351       68.275129    2.074864e-09        7.326828       12.815588       1018.3438       14.351691       1405.6549      -15.873832       -15.873832       2540.2503                                 89.084354          14.351691             1405.6549          12.815588                      22.546446                      395.71836                                589.72839                        10.350578
             18       1257.8936       1.0416496     0.022513677      0.11760756     0.051525693       3.0324807       0.9684861       1.3206307       1.0019355      0.30197486      0.69794746      0.79826948     0.048297136       0.2522959      0.80089262       13.776895       147.57351       68.275129    2.074864e-09        7.326828       12.815588       1022.8512       14.351691       1405.6549      -15.643112       -15.643112       2547.0734                                  91.40004          14.351691             1405.6549          12.815588                      22.347594                       395.7237                                593.63569                         11.14421
              1       1254.0639       1.0416496     0.022513677      0.11760756     0.051525693       3.0324807       0.9684861       1.2172431        1.000822      0.30197486      0.69794746      0.79826948     0.048297136       0.2522959      0.80089262       13.776895       147.57351       68.275129    2.074864e-09        7.326828       12.815588       1018.7735       14.351691       1405.6549      -15.764775       -15.764775       2539.6573                                 88.061625          14.351691             1405.6549          12.815588                      22.492326                      395.70563                                590.02455                        10.551002
             19       1255.0211       1.0416496     0.022513677      0.11760756     0.051525693       3.0324807       0.9684861       1.1760614       1.0005335      0.30197486      0.69794746      0.79826948     0.048297136       0.2522959      0.80089262       13.776895       147.57351       68.275129    2.074864e-09        7.326828       12.815588       1018.4091       14.351691       1405.6549      -15.702632       -15.702632       2541.4475                                 90.216175          14.351691             1405.6549          12.815588                      22.530462                      395.71216                                589.75792                        10.408584
             19       1253.6776       1.0416496     0.022513677      0.11760756     0.051525693       3.0324807       0.9684861       1.1193252       1.0007238      0.30197486      0.69794746      0.79826948     0.048297136       0.2522959      0.80089262       13.776895       147.57351       68.275129    2.074864e-09        7.326828       12.815588       1018.6157       14.351691       1405.6549      -15.513703       -15.513703       2538.3827                                 86.944786          14.351691             1405.6549          12.815588                      22.505278                      395.70563                                589.90278                           10.502
             17       1255.4647       1.0416496     0.022513677      0.11760756     0.051525693       3.0324807       0.9684861       1.3271105       1.0001054      0.30197486      0.69794746      0.79826948     0.048297136       0.2522959      0.80089262       13.776895       147.57351       68.275129    2.074864e-09        7.326828       12.815588        1018.384       14.351691       1405.6549      -15.944418       -15.944418       2542.8182                                 91.612025          14.351691             1405.6549          12.815588                      22.587612                      395.71836                                589.87225                        10.205732
              1       1254.5546       1.0416496     0.022513677      0.11760756     0.051525693       3.0324807       0.9684861       1.2730204       1.0002467      0.30197486      0.69794746      0.79826948     0.048297136       0.2522959      0.80089262       13.776895       147.57351       68.275129    2.074864e-09        7.326828       12.815588       1018.3256       14.351691       1405.6549      -15.900484       -15.900484       2540.9101                                 89.762303          14.351691             1405.6549          12.815588                      22.568683                      395.71836                                589.76702                         10.27153
              1       1254.6372       1.0416274     0.022578831      0.11759336     0.055359856        3.043134      0.96791198        1.292992       1.0015668      0.30158876      0.69833368      0.80201598     0.048357471      0.25185173      0.80413686       13.770525       147.50525       68.331183   2.0970862e-09       7.7016449       12.703141       1017.6454       14.026853       1405.7286      -15.635359       -15.635359       2540.5452                                 90.441166          14.026853             1405.7286          12.703141                      22.849564                      396.10669                                589.34233                        9.3468028
              1       1254.9903       1.0416373     0.022567828      0.11764578     0.055774775        3.043826      0.96780258       1.2964463       1.0007676       0.3019026      0.69801978      0.80249593     0.048369979      0.25215204      0.80503663       13.771655       147.50349       68.305698   2.0985381e-09       7.7465668       12.896858       1018.2933        14.17408       1405.6686      -15.805383       -15.805383       2541.5914                                 90.558488           14.17408             1405.6686          12.896858                      22.977875                      396.20545                                590.05853                        9.0514942
              1       1254.1438        1.041695     0.022589014      0.11746569     0.057849405       3.0457327      0.96824566       1.2961631       1.0006715      0.30065023      0.69927239      0.80273187        0.048269      0.25100482      0.80360134       13.766816       147.52831       68.409196   2.1025432e-09       7.9445038       12.036104       1017.8016       13.580948        1405.912      -15.780867       -15.780867       2539.8494                                 90.518642          13.580948              1405.912          12.036104                      22.849361                      396.63465                                588.96757                        9.3500527
              3       1256.3593       1.0417158     0.022505795      0.11709047     0.056952741       3.0461693      0.96450146       1.2556432       1.0010802      0.29907132      0.70085145      0.80082058     0.047994998      0.24970267      0.79958011       13.773289       147.72135       68.477704   2.1034612e-09       7.8686981       11.083253       1024.2984       13.195311       1406.2342      -15.799183       -15.799183       2544.3169                                 89.505753          13.195311             1406.2342          11.083253                      23.761461                      396.49768                                 594.8978                        9.1414451
              1       1255.4488       1.0417158     0.022505795      0.11709047     0.056952741       3.0461693      0.96450146       1.1949671       1.0022236      0.29907132      0.70085145      0.80082058     0.047994998      0.24970267      0.79958011       13.773289       147.72135       68.477704   2.1034612e-09       7.8686981       11.083253       1023.0853       13.195311       1406.2342      -15.385041       -15.385041       2541.6677                                 88.069623          13.195311             1406.2342          11.083253                      23.581986                      396.49079                                593.45616                        9.5563361
              3       1257.0182       1.0418962     0.022574415      0.11708901     0.059459926       3.0481864        0.964691       1.1964697       1.0015182      0.29814494      0.70177811      0.80154591     0.047969243      0.24880695      0.79906388       13.760575       147.64559       68.600427   2.1077084e-09       8.1003265       10.737414       1025.8173       12.518387       1406.4314      -15.504351       -15.504351       2545.0451                                 89.540721          12.518387             1406.4314          10.737414                      23.553456                      397.19544                                595.18452                        9.8838382
              3       1255.7905       1.0418962     0.022574415      0.11708901     0.059459926       3.0481864        0.964691       1.2263896      0.99951141      0.29814494      0.70177811      0.80154591     0.047969243      0.24880695      0.79906388       13.760575       147.64559       68.600427   2.1077084e-09       8.1003265       10.737414        1023.827       12.518387       1406.4314      -15.730979       -15.730979        2543.043                                  89.52876          12.518387             1406.4314          10.737414                      23.870695                      397.19657                                593.64553                        9.1142188
              2       1257.5346       1.0420633     0.022672623      0.11636718     0.050733962       3.0336132      0.96703008       1.1709687       1.0029913      0.29332182      0.70660214      0.79363486      0.04761016      0.24435904      0.78475175       13.741613        147.7295       69.008257   2.0772151e-09         7.19487        10.58943       1028.6492       10.396868       1407.5547      -14.713969       -14.713969       2544.4971                                 87.306892          10.396868             1407.5547           10.58943                      22.888824                      395.67722                                 597.7531                        12.330076
              3       1256.2414       1.0420329     0.022781139      0.11654403     0.058043146       3.0455195      0.97265158       1.2500047      0.99966447      0.29372947      0.70619453      0.80023817     0.047806855      0.24457088      0.79183082       13.731829       147.56207       69.030756   2.1020948e-09        7.905899       10.466377       1026.1162       10.285558       1407.4534      -15.285171       -15.285171       2543.0532                                 88.731596          10.285558             1407.4534          10.466377                       22.30152                      396.52254                                597.46943                        9.8227236
              1       1255.8949        1.041926     0.022769009      0.11629226     0.056824024       3.0427699      0.97367776       1.2427361       1.0003807      0.29279233      0.70713178      0.79851857      0.04771892      0.24372344      0.78886782       13.735062       147.64304       69.075933   2.0963229e-09       7.7844696       10.644967        1025.582       10.063861        1407.688      -15.309104       -15.309104        2542.408                                  88.42915          10.063861              1407.688          10.644967                      21.994959                      396.19837                                596.84531                        10.543363
              2       1255.2841        1.041926     0.022769009      0.11629226     0.056824024       3.0427699      0.97367776       1.2395096       1.0013883      0.29279233      0.70713178      0.79851857      0.04771892      0.24372344      0.78886782       13.735062       147.64304       69.075933   2.0963229e-09       7.7844696       10.644967       1024.0703       10.063861        1407.688      -15.161302       -15.161302       2540.8908                                 88.423642          10.063861              1407.688          10.644967                      21.875411                      396.21317                                594.88979                        11.091956
              1        1255.861       1.0415941     0.022638743      0.11700524     0.056996919       3.0432454      0.96853774       1.2383626        1.001705      0.29822106      0.70170196      0.79992068     0.048124886      0.24872688      0.79754547       13.762303       147.59631       68.586919     2.09732e-09       7.8413239       10.995786       1023.8975        12.59202       1406.4149      -15.417776       -15.417776       2542.5575                                 88.657244           12.59202             1406.4149          10.995786                      22.633738                      396.39523                                594.52903                         10.33947
              5       1254.9501       1.0415941     0.022638743      0.11700524     0.056996919       3.0432454      0.96853774       1.2164804       1.0003217      0.29822106      0.70170196      0.79992068     0.048124886      0.24872688      0.79754547       13.762303       147.59631       68.586919     2.09732e-09       7.8413239       10.995786        1021.979        12.59202       1406.4149      -15.602389       -15.602389       2541.1051                                 89.123296           12.59202             1406.4149          10.995786                      22.824364                      396.39783                                593.04212                        9.7147114
              1       1253.4924       1.0419429     0.022508033      0.11720818     0.057037318       3.0458888      0.96750019       1.2249979       1.0018559      0.29901597      0.70090689      0.80222201     0.047949875      0.24969386      0.80090524       13.766845       147.68728       68.513323   2.1028713e-09       7.8792267       10.933629       1018.1123       12.997008       1406.2459      -15.564692       -15.564692       2538.1142                                 89.825468          12.997008             1406.2459          10.933629                       22.95596                      396.48477                                 589.0364                        9.6351371
             10       1255.0142       1.0419606     0.022501768        0.117237     0.057201649       3.0463472      0.96735181       1.2262453       1.0003554      0.29915254       0.7007703      0.80250277     0.047950719      0.24982918      0.80136849       13.767126       147.68654       68.503185   2.1038355e-09       7.8974762       10.967519        1021.577       13.053299       1406.2173       -15.83952        -15.83952       2541.7075                                 89.892438          13.053299             1406.2173          10.967519                      23.215929                      396.52582                                592.77892                        9.0563127
              3       1253.6494       1.0420169     0.022541428      0.11718757     0.055086396       3.0423846      0.96818966        1.218005       1.0010868       0.2984999      0.70142309      0.80088182     0.047933773      0.24919639      0.79887697       13.760975       147.65546       68.575645   2.0955153e-09       7.6763763       10.757542       1019.2788       12.653643       1406.3551      -15.689834       -15.689834       2538.6785                                 89.633336          12.653643             1406.3551          10.757542                       22.90578                      396.06017                                590.69484                        9.6180259
              4       1256.4106       1.0419326     0.022562003      0.11736609     0.055346169       3.0431883      0.96816395       1.2271748      0.99983073      0.29957543       0.7003474      0.80166025     0.048082197      0.25012051      0.80109278       13.762144       147.58475       68.500963   2.0972001e-09        7.700943       11.240108         1024.11       13.065652       1406.1295      -15.768999       -15.768999       2544.3591                                 89.813872          13.065652             1406.1295          11.240108                       23.09698                      396.11334                                595.90146                        8.9981929
              1       1253.0808       1.0419291     0.022560861      0.11735226     0.054442272       3.0412642      0.96867899       1.2257885       1.0017513      0.29951895      0.70040389      0.80100095      0.04807582      0.25007051      0.80035848       13.762305       147.58965       68.503772   2.0931688e-09       7.6096954       11.215908        1017.058       13.050035       1406.1412      -15.525144       -15.525144        2537.212                                 89.746827          13.050035             1406.1412          11.215908                      22.685331                      395.93782                                588.59935                        9.8355223
              3       1254.6497       1.0418592     0.022655099      0.11770975     0.061999713       3.0568288      0.97132008       1.2988258       1.0015776      0.30108096      0.69884172      0.80886601     0.048372937      0.25133267      0.81032195       13.756016       147.39014       68.435549   2.1260031e-09        8.338974       12.285925       1016.4809       13.431949       1405.8271      -15.488586       -15.488586       2540.2765                                 92.250576          13.431949             1405.8271          12.285925                      22.455091                      397.91712                                 587.4019                        8.7067769
              4       1255.4331       1.0418548      0.02261892       0.1175701     0.056413753       3.0391627      0.97008645       1.2388065      0.99741125      0.30056075      0.69936197      0.80104023     0.048272437      0.25091362      0.80178851       13.759352       147.46706       68.452028   2.0887746e-09       7.7978058       11.901077       1020.0627       13.339195       1405.9299      -15.155324       -15.155324       2541.1769                                 89.944039          13.339195             1405.9299          11.901077                      22.638613                      396.29058                                 591.7202                        9.4133159
              5       1255.1726       1.0420278     0.022648593      0.11686846     0.055237678       3.0420077       0.9678212       1.1960976       1.0004803      0.29618085      0.70374263      0.79905755     0.047859752      0.24695994      0.79395506       13.747675        147.6219       68.791597   2.0947258e-09       7.6630402       10.368504       1023.6415       11.499417       1406.8691       -15.52775        -15.52775       2541.4007                                  89.02221          11.499417             1406.8691          10.368504                      23.108022                      396.04395                                594.73009                        9.7594546
              1       1256.1681       1.0422353     0.022580598      0.11702597     0.052945433       3.0356637      0.96816258       1.1891931      0.99915477      0.29678854      0.70313483       0.7976468     0.047783452      0.24764201      0.79336596       13.749514       147.65506       68.743075   2.0814788e-09       7.4496613       10.358403       1025.5621       11.753954       1406.7308      -15.604399       -15.604399       2543.5451                                 89.139797          11.753954             1406.7308          10.358403                      22.994024                          395.8                                596.61995                        10.148139
              5        1254.357       1.0423201     0.022572758      0.11759765     0.056533221       3.0442468      0.96592287       1.2161275       1.0008499      0.29960017      0.70032279      0.80249653     0.048026303      0.25020339      0.80196158       13.750557       147.51095       68.557147   2.0994212e-09       7.8216705       11.026519       1020.1797       12.755078       1406.1245      -15.675456       -15.675456       2540.0648                                 89.979013          12.755078             1406.1245          11.026519                      23.378028                      396.37863                                590.81442                        9.6086688
              4       1254.4353       1.0423177     0.022575437      0.11758859     0.056636821       3.0443652      0.96588198       1.2156545       1.0000059      0.29954409      0.70037887      0.80248659     0.048025191      0.25014862      0.80187659       13.750301        147.5104       68.562009   2.0996698e-09       7.8307953       11.008905       1020.4907       12.728379        1406.136      -15.727911       -15.727911       2540.3264                                 89.962464          12.728379              1406.136          11.008905                      23.515429                      396.40591                                591.25975                        9.3095608
              2       1255.6683       1.0423379     0.022567643       0.1175189     0.056912821       3.0450619      0.96584082       1.2144568      0.99942042      0.29916093       0.7007621      0.80256037     0.047973596      0.24981805      0.80143724       13.750202       147.53772       68.587025   2.1011331e-09       7.8588715       10.846896       1023.1508       12.591445       1406.2156      -15.711264       -15.711264       2542.7591                                 89.954378          12.591445             1406.2156          10.846896                      23.646715                      396.47347                                593.95139                        9.0792358
              1       1255.2136       1.0421647     0.022541599      0.11771988     0.059875233       3.0500598      0.96451331        1.228427       1.0007255      0.30088516      0.69903751       0.8048192      0.04813458      0.25137512      0.80600566       13.759086       147.51317       68.432715   2.1116607e-09       8.1599884        11.69566       1020.6538       13.447933       1405.8656      -15.761528       -15.761528       2541.9503                                 90.287329          13.447933             1405.8656           11.69566                      23.734146                      397.42235                                590.36724                        9.1300776
              4       1254.7553       1.0418056     0.022465444      0.11716001     0.054122651       3.0374636      0.96611834       1.1935572       1.0001494       0.2994062      0.70051651      0.79832313     0.047952611      0.25007868      0.79753266       13.775256       147.74741        68.44652   2.0852287e-09       7.5949554       11.114239       1021.4486        13.37016       1406.1644      -15.815543       -15.815543       2541.1418                                 89.044375           13.37016             1406.1644          11.114239                      23.187569                      395.92636                                592.24488                        10.089762
             14       1253.8413       1.0418056     0.022465444      0.11716001     0.054122651       3.0374636      0.96611834        1.160871       1.0006397       0.2994062      0.70051651      0.79832313     0.047952611      0.25007868      0.79753266       13.775256       147.74741        68.44652   2.0852287e-09       7.5949554       11.114239       1021.1551        13.37016       1406.1644      -15.701042       -15.701042       2539.0847                                 87.280774           13.37016             1406.1644          11.114239                      23.115456                      395.92455                                591.79313                        10.321951
              1       1259.1638       1.0414328     0.022444243      0.11765514     0.051003112       3.0340404      0.96531207       1.1707817       1.0022364      0.30327757       0.6966444      0.79819114     0.048363404      0.25352617      0.80253952       13.791018         147.638       68.123045   2.0781027e-09       7.2875214       13.944177       1022.2365       15.251756       1405.4137      -15.376887       -15.376887       2549.0813                                 92.235222          15.251756             1405.4137          13.944177                      23.048403                      395.71757                                 593.2781                        10.192384
              1       1259.0295       1.0414328     0.022444243      0.11765514     0.051003112       3.0340404      0.96531207        1.165782       1.0010671      0.30327757       0.6966444      0.79819114     0.048363404      0.25352617      0.80253952       13.791018         147.638       68.123045   2.0781027e-09       7.2875214       13.944177       1021.7762       15.251756       1405.4137      -15.672493       -15.672493        2549.404                                  93.01818          15.251756             1405.4137          13.944177                      23.219403                      395.69525                                593.17558                        9.6859175
              2       1262.5051        1.041341     0.022511747       0.1174405     0.051408521       3.0333959      0.96556825       1.1548052      0.99906645      0.30200977      0.69791244      0.79691352     0.048356631       0.2522695      0.79957842       13.785517       147.62038       68.230189   2.0767639e-09        7.312088       13.172962       1030.0341       14.614803       1405.6483      -15.599943       -15.599943       2556.2101                                 92.739956          14.614803             1405.6483          13.172962                      23.415764                      395.65851                                601.63028                        9.3295766
              1       1261.1002       1.0414029     0.022560168       0.1171531     0.048989268       3.0330083      0.96697999       1.1500293       1.0044138      0.30001463      0.69990797      0.79604638     0.048222467      0.25041532      0.79606579       13.777113       147.64335        68.39848    2.075959e-09       7.0474701       11.863962       1025.9653       13.641772       1406.0396      -14.031395       -14.031395       2550.2632                                 92.752486          13.641772             1406.0396          11.863962                      22.658751                       395.6985                                596.57978                        11.028296
              1       1260.0003       1.0414029     0.022560168       0.1171531     0.048989268       3.0330083      0.96697999       1.1492087       1.0026155      0.30001463      0.69990797      0.79604638     0.048222467      0.25041532      0.79606579       13.777113       147.64335        68.39848    2.075959e-09       7.0474701       11.863962        1025.642       13.641772       1406.0396      -15.040229       -15.040229        2550.081                                 92.893597          13.641772             1406.0396          11.863962                      22.906444                      395.70183                                596.92885                        10.104896
              1       1258.0736       1.0422133     0.022691171      0.11679175     0.055644445       3.0427741       0.9684029       1.1599314       1.0003156      0.29500369      0.70492007       0.7992494     0.047770783      0.24587684      0.79256596        13.73725       147.59521       68.920319   2.0963316e-09        7.693222       10.346906       1025.1911       10.837675       1407.1444      -15.346734       -15.346734       2546.8408                                 93.320621          10.837675             1407.1444          10.346906                      23.061051                      396.10956                                596.19313                         9.827407
              1       1257.6078       1.0422153     0.022681709      0.11675086     0.054981144       3.0411007      0.96834204       1.1537914       1.0006021      0.29483692      0.70508686      0.79845979     0.047741022       0.2457401      0.79155912       13.737999       147.61664       68.927421   2.0928265e-09       7.6286469       10.359729       1024.2129       10.801736       1407.1842      -15.331414       -15.331414       2545.8785                                 93.319937          10.801736             1407.1842          10.359729                       22.98699                      396.01067                                595.00836                        10.206904
              5       1257.5145       1.0422163     0.022682283       0.1167612     0.054880143       3.0409882       0.9682435       1.1531391       1.0007407      0.29488507       0.7050387      0.79841969     0.047746308      0.24578285      0.79158399       13.737961       147.61322       68.924477   2.0925912e-09       7.6188202        10.35574       1023.9965       10.816623       1407.1727      -15.313241       -15.313241       2545.6555                                 93.313957          10.816623             1407.1727           10.35574                      22.989234                       396.0203                                594.72649                        10.260439
              2       1256.7458       1.0424505      0.02256466      0.11682286     0.055302446       3.0416535      0.97285706         1.19721       1.0021753       0.2951883      0.70473536      0.80101452     0.047566557       0.2462639      0.79456482       13.743827       147.72753       68.875306   2.0939838e-09       7.6883087       10.358101       1021.3165       11.066852       1407.1006        -15.3275         -15.3275       2544.1466                                 94.304487          11.066852             1407.1006          10.358101                      21.906919                      396.00348                                592.37906                        11.027086
              3       1257.5105       1.0425327     0.022635989      0.11711423     0.053683493       3.0405158      0.97333699       1.2071732       1.0016377        0.296076      0.70384764      0.80150629     0.047736771      0.24698081      0.79624718       13.735188       147.56987       68.860983    2.091603e-09       7.5149384       10.302587       1023.1623       11.140277       1406.8933      -15.382861       -15.382861       2545.7868                                 94.288355          11.140277             1406.8933          10.302587                      21.967465                      395.78706                                595.10177                        10.305996
              1       1257.2414       1.0424865     0.022715031      0.11687803     0.060424945       3.0524458      0.97398707        1.229834        1.001468      0.29453284      0.70539111      0.80528648     0.047707188      0.24547281      0.79791502       13.727008         147.546       69.002488   2.1167052e-09       8.1592865       10.412114       1022.1485       10.425505       1407.2573      -15.281154       -15.281154        2545.045                                 94.801636          10.425505             1407.2573          10.412114                      22.018758                      397.17509                                 593.2936                        9.6610122
              3       1256.2659       1.0424865     0.022715031      0.11687803     0.060424945       3.0524458      0.97398707       1.2436215       1.0015086      0.29453284      0.70539111      0.80528648     0.047707188      0.24547281      0.79791502       13.727008         147.546       69.002488   2.1167052e-09       8.1592865       10.412114       1022.0963       10.425505       1407.2573      -15.294586       -15.294586        2543.121                                 92.929863          10.425505             1407.2573          10.412114                      22.013862                      397.17509                                593.23056                        9.6767538
              5       1256.3251       1.0424348     0.022687509      0.11691063     0.061381346       3.0550473      0.97332159       1.2478228       1.0012308      0.29500589      0.70491794      0.80631515     0.047724189      0.24592673       0.7995756       13.731633        147.5679       68.948389   2.1222189e-09       8.2589569       10.354585       1022.1586       10.695973       1407.1439      -15.432576       -15.432576       2543.5153                                 93.162204          10.695973             1407.1439          10.354585                      22.220466                      397.56735                                593.16149                         9.209297
              1       1256.4552       1.0424495     0.022700188      0.11687192      0.06051281       3.0540205      0.97327775        1.242549       1.0015418      0.29469062      0.70523328      0.80570969     0.047708685      0.24562816      0.79854816        13.72966       147.56413       68.978859   2.1200409e-09       8.1712189       10.389373        1022.454       10.543213       1407.2193       -15.32357        -15.32357       2543.5575                                 92.951617          10.543213             1407.2193          10.389373                      22.218105                      397.24288                                593.70484                        9.2881353
              4       1257.0968       1.0425263     0.022685157      0.11684993     0.061785809        3.057618      0.97348246       1.2525221       1.0021313      0.29443833      0.70548561       0.8072747     0.047648857      0.24543651      0.79975671        13.72887       147.58683       68.999294   2.1276815e-09       8.2975616       10.443134       1022.9782       10.441378       1407.2801      -15.203084       -15.203084       2544.5998                                 93.456994          10.441378             1407.2801          10.443134                      22.214348                      397.67411                                593.97069                         9.119011
              6       1259.5294       1.0425483     0.022627349      0.11686138     0.067214083       3.0650193      0.97260322       1.2673933      0.99962937      0.29475694      0.70516689      0.81029597     0.047594604      0.24580745      0.80318404       13.734424       147.64852       68.950588   2.1434876e-09       8.8274994       10.413978       1027.8373        10.68491       1407.2034      -15.704623       -15.704623       2550.4681                                 94.328494           10.68491             1407.2034          10.413978                      22.647605                      400.09167                                596.52483                        8.5732334
              2       1259.2458       1.0425845     0.022639893      0.11678998     0.067192997        3.065273      0.97309299       1.2680932       1.0030859      0.29421028      0.70571366      0.81027365     0.047552643       0.2453047       0.8024168       13.731668       147.65374       69.000122   2.1440314e-09       8.8211823       10.521581       1025.6992       10.437264       1407.3355      -14.928634       -14.928634       2548.3488                                  94.35524          10.437264             1407.3355          10.521581                       22.13828                      399.98705                                594.11942                        9.4544793
              2        1257.231       1.0426546     0.022599637      0.11698689     0.064190579       3.0590448      0.97351774       1.2651919       1.0008818      0.29526115       0.7046626      0.80882251     0.047584422      0.24632048      0.80240893       13.734827       147.64537       68.915726   2.1307195e-09       8.5509491       10.364477       1023.3036       10.860947       1407.0834      -15.704018       -15.704018         2545.87                                 94.257649          10.860947             1407.0834          10.364477                      22.194355                      398.68544                                593.26194                        9.1618451
              2       1256.6046         1.04247     0.022604981      0.11670921     0.063405187       3.0558002      0.97517333       1.2589378       1.0016876      0.29431284      0.70561102      0.80685444      0.04753512      0.24542319      0.79916999       13.738396       147.71392       68.959607   2.1238173e-09       8.4695282       10.489935       1021.9992       10.639606       1407.3105       -15.52039        -15.52039       2544.2499                                 93.810659          10.639606             1407.3105          10.489935                      21.708664                      398.22808                                592.05949                        10.002978
              1       1256.0615       1.0423881     0.022657059      0.11654959     0.063126406       3.0576652      0.97378028       1.2441322        1.001753      0.29342673      0.70649729      0.80631154     0.047537714      0.24453753      0.79742911       13.734506       147.69884       69.037113    2.127782e-09       8.4274139       10.657265       1021.2821       10.254217       1407.5285      -15.373919       -15.373919       2542.8708                                 93.148635          10.254217             1407.5285          10.657265                      22.101566                      398.16969                                591.57803                        9.4328354
              2        1255.908       1.0424202     0.022670741      0.11676648     0.062435522        3.056955      0.97315502       1.2459549       1.0016257      0.29438903      0.70553487      0.80657672     0.047643867      0.24539148      0.79899832       13.733153        147.6253        68.98098   2.1262713e-09       8.3614349       10.439576        1021.135       10.532622        1407.292      -15.379788       -15.379788       2542.5757                                 93.176466          10.532622              1407.292          10.439576                       22.23188                      397.92355                                591.71108                        9.2684377
              1       1256.4948       1.0418687     0.022740055      0.11680137     0.059247062       3.0483961      0.97557697       1.2452385       1.0015857      0.29577714      0.70414645      0.80323843     0.047979183       0.2464389      0.79756513       13.742338        147.5387       68.844514   2.1081505e-09       8.0364532        10.40477       1022.3565       11.225006       1406.9624      -15.209023       -15.209023       2543.4077                                 92.458919          11.225006             1406.9624           10.40477                      21.589452                      396.78721                                593.93026                        10.049627
              4       1257.4124       1.0418687     0.022740055      0.11680137     0.059247062       3.0483961      0.97557697       1.2413547       1.0004149      0.29577714      0.70414645      0.80323843     0.047979183       0.2464389      0.79756513       13.742338        147.5387       68.844514   2.1081505e-09       8.0364532        10.40477        1024.115       11.225006       1406.9624      -15.390276       -15.390276       2545.6053                                 92.898101          11.225006             1406.9624           10.40477                      21.719432                      396.80572                                  596.018                        9.5718861
              7       1256.0418       1.0419651     0.022706088      0.11673689     0.058568378       3.0469622      0.97524496       1.2330847       1.0017304      0.29535055       0.7045731      0.80255835     0.047872036      0.24612046      0.79631497       13.742777       147.59362       68.870019   2.1051298e-09       7.9774933       10.353927       1021.2754       11.093926       1407.0623      -15.243276       -15.243276       2542.5701                                  92.78453          11.093926             1407.0623          10.353927                      21.605693                      396.61998                                592.70615                        10.343605
              1       1256.1687       1.0420193     0.022704436      0.11666826     0.058141934       3.0454085      0.97550849       1.2280052       1.0015981      0.29484415       0.7050796      0.80182693     0.047810467      0.24567728      0.79490691       13.741009       147.61384       68.911843   2.1018616e-09       7.9346771       10.358009       1021.8083       10.880645       1407.1825      -15.273816       -15.273816       2542.8851                                 92.655667          10.880645             1407.1825          10.358009                      21.540551                      396.47348                                593.10976                        10.684495
              2        1257.643       1.0420193     0.022704436      0.11666826     0.058141934       3.0454085      0.97550849       1.2095008       1.0006429      0.29484415       0.7050796      0.80182693     0.047810467      0.24567728      0.79490691       13.741009       147.61384       68.911843   2.1018616e-09       7.9346771       10.358009       1022.1794       10.880645       1407.1825       -15.40914        -15.40914       2546.1042                                 95.503682          10.880645             1407.1825          10.358009                      21.644794                      396.50161                                593.81734                        10.215667
              2       1258.6644       1.0420896     0.022771241      0.11664521     0.053880357       3.0421936      0.97245138       1.1728185       1.0025068      0.29414884      0.70577511      0.79929902     0.047823119      0.24497293      0.79146592        13.73169       147.54554       69.004022   2.0951152e-09       7.4973907       10.414911         1023.69       10.417889       1407.3505      -14.664017       -14.664017       2546.6569                                 94.783678          10.417889             1407.3505          10.414911                      22.162132                      395.79107                                595.47384                        10.262914
              1       1257.8019         1.04216     0.022739927      0.11700257     0.051969482       3.0387886       0.9714909       1.1727454       1.0026103      0.29598757      0.70393608      0.79909964     0.047944278      0.24668521      0.79373776       13.734658       147.48431       68.869376   2.0879934e-09       7.3170013       10.365493       1021.8389       11.097222       1406.9137      -14.714227       -14.714227       2545.0323                                  94.81699          11.097222             1406.9137          10.365493                      22.248561                      395.69911                                593.50915                        10.382111
              4       1258.4484       1.0422568     0.022494883      0.11757023      0.05684285       3.0548686      0.96875968        1.225816       1.0062038      0.30008742      0.69983535      0.80781929     0.047974328      0.25073936      0.80793698       13.760625       147.60487       68.475848   2.1218397e-09          7.8694       11.167504       1015.1334       13.205686       1406.0249      -12.777327       -12.777327       2542.4515                                 96.920003          13.205686             1406.0249          11.167504                      22.716943                      396.42875                                587.00842                         8.979235
              3       1258.8728       1.0419974     0.022487329      0.11720442     0.064036503       3.0654377      0.97144587        1.260322       1.0036022      0.29895411      0.70096875      0.81144038     0.047904209      0.24967771      0.81002468       13.767416       147.71199       68.514439   2.1443846e-09        8.566391       10.856555       1019.1235       12.990818       1406.2589      -14.880612       -14.880612       2547.5069                                 98.277091          12.990818             1406.2589          10.856555                      22.547319                      398.75607                                589.34739                         8.472756
              6       1257.1208       1.0419416     0.022637403      0.11716745     0.060530359       3.0538159      0.97035543       1.2148964       1.0031605      0.29806878      0.70185437       0.8055956     0.048042373      0.24865938      0.80299844       13.752874       147.55464       68.643761   2.1196072e-09       8.1915741        10.75692       1018.5529       12.283617       1406.4479      -14.811257       -14.811257       2543.8641                                 95.822742          12.283617             1406.4479           10.75692                      22.443778                      397.35871                                589.29981                         9.450632
              3       1257.3467       1.0422397     0.022629104      0.11722407     0.054308955       3.0436693      0.97058304       1.1916011       1.0039752      0.29754375      0.70237956      0.80208423     0.047923683      0.24825592      0.79879396       13.745161       147.54815       68.716113   2.0982092e-09       7.5802155       10.498892       1018.8835       11.896592       1406.5625      -14.312769       -14.312769        2543.319                                 95.477549          11.896592             1406.5625          10.498892                      22.266418                      395.89585                                590.36387                        10.357318
              1       1256.8202       1.0422461     0.022684532      0.11707976     0.056624941       3.0449026      0.96908773       1.1746498        1.000958      0.29645406      0.70346949      0.80138332     0.047895427      0.24719862      0.79663315       13.738372       147.52546       68.820511   2.1007984e-09       7.7971039       10.366108       1020.7041       11.349068       1406.8066      -15.337442       -15.337442       2544.3152                                 95.089307          11.349068             1406.8066          10.366108                       22.83706                      396.27836                                591.82046                         9.768197
              1       1257.3422       1.0423297     0.022689563      0.11672274       0.0645229         3.05735      0.97237691       1.2165234       1.0007311      0.29431673      0.70560717      0.80617907     0.047680194      0.24528294      0.79850634       13.733627       147.61632       68.983315   2.1271113e-09       8.5551605       10.432516       1021.1711       10.520967       1407.3096      -15.451369       -15.451369       2545.5871                                 96.152959          10.520967             1407.3096          10.432516                      22.320237                      398.76829                                590.52591                        9.5566699
              4       1257.2399       1.0423352     0.022690104       0.1167413     0.064519283       3.0573696      0.97235855       1.2171728       1.0004558      0.29439469      0.70552921      0.80625003     0.047687456      0.24535346      0.79868237       13.733496       147.61074       68.978885   2.1271531e-09       8.5551605       10.420906       1021.0106       10.543084       1407.2907      -15.477448       -15.477448       2545.4347                                 96.169488          10.543084             1407.2907          10.420906                       22.35919                      398.79396                                590.41313                        9.4442759
             21       1254.1771       1.0423352     0.022690104       0.1167413     0.064519283       3.0573696      0.97235855       1.1614887      0.99977267      0.29439469      0.70552921      0.80625003     0.047687456      0.24535346      0.79868237       13.733496       147.61074       68.978885   2.1271531e-09       8.5551605       10.420906       1021.6392       10.543084       1407.2907      -15.357584       -15.357584       2539.0693                                 89.175417          10.543084             1407.2907          10.420906                      22.448582                      398.81087                                591.17002                        9.2097202
              1       1255.6481       1.0423352     0.022690104       0.1167413     0.064519283       3.0573696      0.97235855       1.2705635      0.99999132      0.29439469      0.70552921      0.80625003     0.047687456      0.24535346      0.79868237       13.733496       147.61074       68.978885   2.1271531e-09       8.5551605       10.420906       1021.2774       10.543084       1407.2907      -15.577884       -15.577884        2542.452                                 92.919928          10.543084             1407.2907          10.420906                      22.419828                      398.81747                                 590.7582                        9.2819338
              1       1255.1246       1.0423456      0.02263571      0.11695067     0.055648154       3.0351283      0.97540501        1.248998      0.99807896       0.2957629      0.70416073      0.79924965     0.047741416      0.24666292      0.79358541       13.739991        147.6142       68.857209   2.0803648e-09       7.7086639       10.313333       1023.0212       11.159667       1406.9657      -15.378203       -15.378203       2541.0056                                 89.545679          11.159667             1406.9657          10.313333                      21.563616                      396.04901                                 594.0192                        11.389368
              1       1254.6845       1.0421797     0.022489918      0.11766857     0.056077139       3.0337575      0.97142376        1.251994      0.99623812      0.30086577      0.69905685      0.80044513     0.048056254      0.25143313       0.8015993       13.763918         147.584       68.409903   2.0775149e-09       7.7949982       11.590097       1018.0253       13.576939       1405.8694      -14.772345       -14.772345       2538.9138                                 89.851993          13.576939             1405.8694          11.590097                      22.192648                      396.24456                                589.12647                        10.461662
             10       1254.4947       1.0421727     0.022489613      0.11768428     0.055786252       3.0335199      0.97137312       1.2517008      0.99733389       0.3009718      0.69895081      0.80038403     0.048067278       0.2515278      0.80167933       13.764234       147.58011       68.401595   2.0770212e-09       7.7662201       11.652028       1018.6956        13.62408       1405.8485      -15.335717       -15.335717       2539.6608                                 89.840498           13.62408             1405.8485          11.652028                      22.076796                       396.1463                                589.53218                         10.94036
              1       1254.4336       1.0423998     0.022569027      0.11701807     0.063786362       3.0519517      0.97341783       1.2816414      0.99842065      0.29633414      0.70358934       0.8059469     0.047692465       0.2472805      0.80100762       13.745815       147.67102       68.790986   2.1156595e-09       8.5200653       10.303826       1020.4614       11.502606        1406.834      -15.637705       -15.637705       2540.1427                                 91.040898          11.502606              1406.834          10.303826                      22.082019                       398.4929                                590.16989                        9.7165658
              2       1254.3249       1.0423998     0.022569027      0.11701807     0.063786362       3.0519517      0.97341783       1.3154921      0.99890548      0.29633414      0.70358934       0.8059469     0.047692465       0.2472805      0.80100762       13.745815       147.67102       68.790986   2.1156595e-09       8.5200653       10.303826       1020.7324       11.502606        1406.834      -15.767171       -15.767171       2540.1842                                 90.811429          11.502606              1406.834          10.303826                      22.022795                      398.48394                                 590.3142                        9.9114712
              1        1254.089       1.0424419     0.022573368      0.11718356     0.063560496       3.0525286      0.97090081       1.3037834      0.99869403      0.29705686      0.70286652      0.80600429     0.047760137      0.24793388      0.80204091       13.744898       147.62178       68.748844   2.1168804e-09        8.500412       10.343813       1020.3632       11.723545       1406.6706       -15.71256        -15.71256       2539.6031                                 90.501973          11.723545             1406.6706          10.343813                      22.559468                      398.53881                                589.74359                        9.5213483
              3       1254.9866       1.0425006      0.02259775      0.11719697     0.063358913       3.0511818      0.97121902       1.3021358      0.99884756      0.29681865      0.70310481      0.80555582     0.047760526      0.24769674      0.80127319       13.740615       147.59106       68.785682   2.1140313e-09       8.4751434       10.322548       1022.3896       11.530299        1406.724      -15.699656       -15.699656       2541.3725                                 90.405987          11.530299              1406.724          10.322548                        22.4198                      398.41254                                591.63254                        9.9247455
              3       1256.1359       1.0423372     0.022629667       0.1171659      0.06240589       3.0509133      0.97082641       1.2966265      0.99724087      0.29695052      0.70297292      0.80494146     0.047848942      0.24773959      0.80083992       13.741921       147.56382       68.770616   2.1134638e-09        8.375473       10.376144       1023.6481       11.609139       1406.6944      -15.131273       -15.131273       2542.5344                                 90.206594          11.609139             1406.6944          10.376144                      22.794689                      398.04322                                593.78909                        9.0211268
              2       1253.7496       1.0423372     0.022629667       0.1171659      0.06240589       3.0509133      0.97082641        1.284624      0.99847122      0.29695052      0.70297292      0.80494146     0.047848942      0.24773959      0.80083992       13.741921       147.56382       68.770616   2.1134638e-09        8.375473       10.376144       1019.6877       11.609139       1406.6944       -15.54278        -15.54278       2538.5847                                 90.217368          11.609139             1406.6944          10.376144                      22.624983                      398.01089                                589.64169                        9.4100968
              4       1254.2587       1.0423328     0.022637779      0.11709558     0.062388092       3.0503801      0.97086443        1.280253      0.99787407      0.29654826      0.70337525      0.80445254     0.047822435      0.24736508      0.79981121       13.740849       147.57365          68.802   2.1123372e-09       8.3705597       10.340333       1020.8137       11.445211       1406.7852      -15.347011       -15.347011       2539.2115                                 89.827024          11.445211             1406.7852          10.340333                      22.675822                      398.01089                                590.77432                         9.352708
              1       1254.3234       1.0423635      0.02258731      0.11705448     0.056323553       3.0346653       0.9716125       1.2461664      0.99705642      0.29652789      0.70339556      0.79848268     0.047743688      0.24742267      0.79384854       13.745121       147.64023       68.781917   2.0794018e-09        7.788681       10.319552       1021.4902       11.549974       1406.7898      -15.068426       -15.068426       2538.7836                                 88.634105          11.549974             1406.7898          10.319552                      22.201932                      396.23042                                 591.7768                        11.281016
              1         1255.04       1.0423925       0.0225956      0.11721778     0.055784676       3.0337771      0.97153438        1.249796      0.99631899      0.29725482      0.70266854      0.79866636     0.047819806      0.24807181      0.79500382       13.744159       147.58719       68.739764   2.0775555e-09       7.7360382       10.387678       1021.8947       11.771422       1406.6264      -14.668469       -14.668469        2539.417                                  88.73675          11.771422             1406.6264          10.387678                      22.292124                      396.12992                                592.62164                        10.850994
              2       1254.7974       1.0423925       0.0225956      0.11721778     0.055784676       3.0337771      0.97153438       1.2211659      0.99737928      0.29725482      0.70266854      0.79866636     0.047819806      0.24807181      0.79500382       13.744159       147.58719       68.739764   2.0775555e-09       7.7360382       10.387678       1021.6817       11.771422       1406.6264      -15.154499       -15.154499       2539.9038                                 89.436514          11.771422             1406.6264          10.387678                      22.158176                      396.08558                                591.98732                        11.450636
              3       1254.1709       1.0421269     0.022568969      0.11727038     0.052178971       3.0304208      0.97401671       1.2368751      0.99904989      0.29845887       0.7014642      0.79815279     0.047948049      0.24914235      0.79610005       13.755156       147.60239       68.607309   2.0705944e-09        7.378067       10.722569       1020.4623       12.480953       1406.3639      -15.705038       -15.705038       2539.7518                                 89.722077          12.480953             1406.3639          10.722569                      21.648767                       395.6933                                591.73381                        11.386404
              3        1253.889       1.0419406     0.022628861      0.11742815     0.058540269        3.046138      0.97244015       1.2700399        1.000851      0.29949834      0.70042458      0.80409928     0.048168095      0.24995913      0.80342669       13.755062       147.49416       68.541186   2.1033954e-09       8.0034637       11.295187       1017.9359       12.842926       1406.1454       -15.65779        -15.65779       2539.0936                                 90.874174          12.842926             1406.1454          11.295187                      22.028637                      396.71734                                589.39877                        9.7911061
              4       1253.8875       1.0419406     0.022628861      0.11742815     0.058540269        3.046138      0.97244015       1.2966678       1.0010075      0.29949834      0.70042458      0.80409928     0.048168095      0.24995913      0.80342669       13.755062       147.49416       68.541186   2.1033954e-09       8.0034637       11.295187       1018.2872       12.842926       1406.1454      -15.660776       -15.660776       2539.0966                                 90.525812          12.842926             1406.1454          11.295187                       22.00977                      396.72374                                589.69962                        9.8540819
              5        1254.642       1.0419236     0.022622473      0.11745734     0.059025058       3.0470489      0.97265047       1.3022762      0.99906447      0.29973967       0.7001832      0.80464367     0.048185491      0.25018218      0.80429447       13.756391       147.49349       68.519139   2.1053122e-09        8.053299       11.411585       1019.6106        12.96477       1406.0958      -15.689012       -15.689012       2540.6621                                 90.579318           12.96477             1406.0958          11.411585                      22.216477                      396.89942                                591.38099                        9.1137192
              2       1253.7789       1.0418499       0.0226075      0.11742525     0.058379479       3.0420232      0.97173109       1.2820011      0.99904233      0.29987244      0.70005037      0.80222836     0.048191046      0.25030833       0.8020578       13.760033       147.51864       68.492512   2.0947583e-09       7.9922333       11.508049       1018.4378       13.112687       1406.0686      -15.697286       -15.697286       2538.9524                                 89.825251          13.112687             1406.0686          11.508049                      22.124996                      396.67555                                  589.535                        10.102285
              1       1254.2848        1.041883     0.022601418      0.11739728     0.058667531       3.0422608      0.97194667       1.2831674      0.99931453      0.29966149      0.70026136       0.8023464     0.048155844      0.25013321       0.8018936       13.759563       147.53291       68.508324    2.095256e-09       8.0217133       11.370441         1019.69       13.024748       1406.1118      -15.745535       -15.745535       2540.0606                                 89.863618          13.024748             1406.1118          11.370441                      22.044408                      396.76928                                590.56006                         10.31621
              1       1253.8882       1.0418373     0.022622232      0.11719326     0.059655903       3.0435639      0.97286501         1.28442      0.99854937      0.29859681      0.70132621      0.80231061     0.048091586      0.24913588      0.80043209       13.757725        147.5645       68.585636   2.0979881e-09       8.1101532       10.974031       1019.1664       12.599026       1406.3345      -15.576199       -15.576199       2538.9289                                 89.854886          12.599026             1406.3345          10.974031                      21.990799                      397.00164                                 590.0874                        10.086591
              1       1253.4523       1.0418176     0.022594334      0.11702688     0.057768762       3.0409592      0.97229397       1.2672666      0.99882998      0.29793384      0.70198925      0.80060906     0.047992013      0.24857363      0.79784731       13.760492       147.63995       68.614403   2.0925305e-09         7.92836       10.731742       1019.2921       12.442425       1406.4771      -15.668846       -15.668846       2538.2423                                 89.298991          12.442425             1406.4771          10.731742                      22.080853                      396.50474                                590.47692                        10.229549
              2       1253.8314         1.04181     0.022569882      0.11711417     0.054632062       3.0344455      0.97330667        1.263374      0.99899738      0.29855611      0.70136685      0.79871728     0.048018691      0.24916698      0.79679286       13.763748       147.64345       68.558212   2.0789447e-09       7.6230316       10.912817       1020.0203       12.749226       1406.3431      -15.734523       -15.734523       2539.1319                                 89.106393          12.749226             1406.3431          10.912817                      21.773708                      395.90541                                 591.3752                        10.966003
              5       1254.4706       1.0417678     0.022548109      0.11708056     0.052438926       3.0305676      0.97356308       1.2551224      0.99980245       0.2986255      0.70129741      0.79718659     0.048002463      0.24925174      0.79535827       13.767169        147.6765       68.536719   2.0708984e-09       7.4054413       10.935824       1021.6508        12.86757       1406.3284      -15.833981       -15.833981       2540.6091                                 88.826566           12.86757             1406.3284          10.935824                      21.612659                      395.72356                                592.61218                        11.702369
              5       1253.9574       1.0417612      0.02257593      0.11709931     0.051798898       3.0319462       0.9727246       1.2516423       1.0007006      0.29858614      0.70133681      0.79742477     0.048039408      0.24917607      0.79554347       13.764486       147.64048       68.552611   2.0737552e-09        7.334549       10.959007       1020.5853       12.780016       1406.3367      -15.749781       -15.749781       2539.4143                                 88.753199          12.780016             1406.3367          10.959007                      21.784329                      395.71392                                591.79527                        11.291817
              2       1253.8688       1.0423043      0.02245503      0.11768875     0.050245171       3.0313169      0.97184318       1.2699866       1.0007361       0.3008054      0.69911723      0.79992393     0.047977089      0.25145206      0.80099698       13.764028       147.61692       68.413195   2.0724508e-09         7.20961       11.418106       1019.2267       13.558283       1405.8813      -15.916039       -15.916039       2539.5698                                 89.485392          13.558283             1405.8813          11.418106                      21.970716                      395.68176                                590.85731                        10.716892
              1       1254.8087       1.0422896     0.022447803      0.11777508     0.051121893       3.0315252         0.97104         1.26836        1.001326       0.3013495      0.69857303      0.80007587     0.048021422      0.25195011      0.80187335       13.765643       147.60193       68.370604   2.0728825e-09       7.3029633       11.703148        1020.515       13.800629       1405.7748      -15.822127       -15.822127       2541.2616                                 89.468079          13.800629             1405.7748          11.703148                      21.955565                      395.66479                                591.53907                        11.355524
              2       1253.6575       1.0423175     0.022468964      0.11776854     0.050724761        3.030899      0.97096161       1.2648316      0.99989993      0.30111027      0.69881233      0.79971621     0.048023546         0.25171      0.80119468       13.762522        147.5801       68.401309   2.0715848e-09       7.2573395       11.586985       1018.8201       13.625702       1405.8214      -15.940886       -15.940886       2539.1968                                  89.34272          13.625702             1405.8214          11.586985                      22.150644                      395.70681                                590.30204                        10.660549
              1       1255.9982       1.0423105     0.022461793      0.11763568     0.048441172       3.0269498      0.97073704       1.2475276       1.0021284      0.30046619       0.6994565      0.79763749     0.047953194      0.25113785        0.798257       13.762869       147.62345       68.440542   2.0634198e-09       7.0193939       11.261933       1023.7088       13.403809       1405.9487      -15.561297       -15.561297       2543.1191                                 88.795775          13.403809             1405.9487          11.261933                      21.911284                      395.77771                                593.70833                          12.3115
              3       1254.7157       1.0424532     0.022525888      0.11701158     0.054654807       3.0404084      0.97266786        1.266839       1.0007168      0.29638768      0.70353576      0.80128851      0.04762676      0.24739902      0.79644971       13.748795       147.71995       68.772599   2.0913783e-09        7.634964       10.295692         1023.02       11.598744       1406.8217      -15.841788       -15.841788       2541.1149                                 89.378693          11.598744             1406.8217          10.295692                      22.067045                      395.92166                                594.76414                        10.267181
              1       1254.2153       1.0424532     0.022525888      0.11701158     0.054654807       3.0404084      0.97266786       1.2750013       1.0019616      0.29638768      0.70353576      0.80128851      0.04762676      0.24739902      0.79644971       13.748795       147.71995       68.772599   2.0913783e-09        7.634964       10.295692       1020.8224       11.598744       1406.8217      -15.584613       -15.584613       2539.5998                                 90.061282          11.598744             1406.8217          10.295692                      21.918079                      395.92024                                592.09586                        10.888182
              2       1255.4717       1.0425033     0.022512608      0.11703909     0.054089924       3.0393417      0.97317345       1.2776736       1.0028861      0.29646168      0.70346175      0.80121266     0.047605733      0.24749384      0.79647373       13.748856       147.72731       68.767506   2.0891485e-09       7.5809174       10.292576       1023.2145       11.625445       1406.8049      -15.245409       -15.245409       2541.4343                                 89.496911          11.625445             1406.8049          10.292576                      21.714492                      395.85739                                 594.1147                         11.52791
              2       1255.7424       1.0424815     0.022522372      0.11698259     0.054914619       3.0402138       0.9727168       1.2736468       1.0000466      0.29617305      0.70375042      0.80116267     0.047595881      0.24721594      0.79603626       13.748187       147.73168       68.789536   2.0909714e-09       7.6609344       10.296059        1025.216       11.510173       1406.8709      -15.895217       -15.895217       2543.2752                                 89.382039          11.510173             1406.8709          10.296059                      22.108094                      395.98882                                596.94716                        10.171931
              3       1254.7395       1.0425359     0.022548247      0.11700867     0.054884457       3.0414906      0.97243399       1.2743813       1.0011417      0.29600694      0.70391661      0.80161735     0.047606185      0.24704079      0.79626463       13.743938       147.69586        68.82159   2.0936428e-09       7.6532135        10.30118       1023.0204       11.343478       1406.9092      -15.756917       -15.756917       2540.9929                                 89.418688          11.343478             1406.9092           10.30118                       22.11334                      395.98626                                594.62299                        10.297766
              5       1254.4248       1.0425359     0.022548247      0.11700867     0.054884457       3.0414906      0.97243399        1.276516       1.0023269      0.29600694      0.70391661      0.80161735     0.047606185      0.24704079      0.79626463       13.743938       147.69586        68.82159   2.0936428e-09       7.6532135        10.30118       1021.6954       11.343478       1406.9092      -15.430403       -15.430403       2539.7104                                  89.46119          11.343478             1406.9092           10.30118                      21.970304                      395.96945                                592.86342                        10.892235
              3       1254.5999       1.0423754     0.022414093      0.11742849     0.055606275       3.0441946      0.97327865       1.3144753       1.0024984      0.29944858      0.70047423      0.80485691     0.047775821      0.25029978      0.80411689       13.765044       147.73276       68.494627   2.0993117e-09       7.7613068       10.766763       1019.3278       13.100909       1406.1557      -15.523311       -15.523311       2540.2465                                 90.895358          13.100909             1406.1557          10.766763                       21.80594                      396.10926                                591.42041                        9.9921652
              2       1256.2206       1.0424796     0.022350027      0.11759998     0.056667086       3.0466346      0.97238661       1.3230196       1.0031669      0.30041852       0.6995041      0.80652155     0.047757055      0.25128509      0.80708393       13.769599       147.75838       68.410105   2.1044402e-09       7.8855438       10.996215       1021.0232       13.575797       1405.9582      -15.239321       -15.239321       2542.9199                                 91.366396          13.575797             1405.9582          10.996215                      21.892073                      396.33558                                592.83955                        9.9560227
              2       1257.0447       1.0423836     0.022289395      0.11703047     0.058965097       3.0442156      0.97365438       1.3056331       1.0007488      0.29802325      0.70189964      0.80411692     0.047460475      0.24919123      0.80146331         13.7762       147.97951       68.530373   2.0993558e-09       8.1178741       10.355026       1025.7325       12.902612       1406.4576        -15.9742         -15.9742       2546.0377                                 90.589919          12.902612             1406.4576          10.355026                      21.663515                      396.88527                                596.34204                        10.841706
              1       1257.0725       1.0424621      0.02229917      0.11697652     0.057355018       3.0412758      0.97362837       1.2947033       1.0006696      0.29745332       0.7024697       0.8027673     0.047405447      0.24867851      0.79935271       13.772552       147.98294       68.585171   2.0931931e-09       7.9550323       10.296125       1026.4801       12.601565       1406.5824      -15.979106       -15.979106       2546.1032                                 90.143043          12.601565             1406.5824          10.296125                      21.663643                      396.44526                                597.22322                        11.147975
              1       1256.7283       1.0425269     0.022334371      0.11739961     0.057522705       3.0376429      0.97227626       1.2913595      0.99764669      0.29930462      0.70061817      0.80228048     0.047619818      0.25031142      0.80135012       13.768904       147.82972       68.484612   2.0856026e-09       7.9711761       10.593077       1024.6304       13.156733       1406.1855      -15.577654       -15.577654       2544.6119                                 90.046138          13.156733             1406.1855          10.593077                      21.973929                      396.55266                                 595.2739                         10.82993
              1       1257.2146       1.0425269     0.022334371      0.11739961     0.057522705       3.0376429      0.97227626       1.2763792      0.99857892      0.29930462      0.70061817      0.80228048     0.047619818      0.25031142      0.80135012       13.768904       147.82972       68.484612   2.0856026e-09       7.9711761       10.593077       1026.1289       13.156733       1406.1855      -15.844489       -15.844489       2546.1182                                 90.053945          13.156733             1406.1855          10.593077                      21.863314                      396.55298                                596.37727                          11.3353
              2       1257.4399       1.0425283     0.022313646      0.11738522     0.059705196       3.0411984      0.97264738       1.2886518      0.99737107      0.29934232      0.70058044      0.80385847     0.047593527      0.25037489      0.80297685       13.771007       147.85696       68.471733   2.0930312e-09       8.1915741       10.586126       1025.2632       13.228705       1406.1777      -15.461462       -15.461462       2545.8027                                 90.546974          13.228705             1406.1777          10.586126                      21.952159                      397.14769                                595.63318                        10.530167
              5       1257.7516       1.0425283     0.022313646      0.11738522     0.059705196       3.0411984      0.97264738       1.3140626       0.9979903      0.29934232      0.70058044      0.80385847     0.047593527      0.25037489      0.80297685       13.771007       147.85696       68.471733   2.0930312e-09       8.1915741       10.586126       1025.9457       13.228705       1406.1777      -15.709538       -15.709538       2546.9224                                  90.98414          13.228705             1406.1777          10.586126                      21.878597                      397.15048                                596.07886                         10.83775
              1        1259.097       1.0424893     0.022235266      0.11753712     0.057978284       3.0403728       0.9733533       1.3273168      0.99816453      0.30071248      0.69920997      0.80456572     0.047618484      0.25171453      0.80552055       13.781267       147.90371       68.333456   2.0913038e-09       8.0420685       10.974849       1027.4887        14.01376       1405.8996      -15.725627       -15.725627       2549.6453                                 91.268349           14.01376             1405.8996          10.974849                      21.805018                      396.65619                                598.79002                        10.237516
              3       1259.2564       1.0424893     0.022235266      0.11753712     0.057978284       3.0403728       0.9733533       1.2864263       0.9995732      0.30071248      0.69920997      0.80456572     0.047618484      0.25171453      0.80552055       13.781267       147.90371       68.333456   2.0913038e-09       8.0420685       10.974849       1027.8837        14.01376       1405.8996      -15.954483       -15.954483       2550.4219                                 91.649963           14.01376             1405.8996          10.974849                      21.645096                      396.67196                                598.66428                        10.902326
              7       1255.6085       1.0420524     0.022330067       0.1179732       0.0460955       3.0225333      0.96912393       1.2247069       1.0005816      0.30379656      0.69612539      0.79686086     0.048129993      0.25427821      0.80188723       13.786229       147.67975       68.114114   2.0543268e-09       6.8011017         13.3607       1019.7976       15.305468       1405.3209      -15.902405       -15.902405       2543.0217                                 89.237032          15.305468             1405.3209            13.3607                      22.242055                       396.0244                                 590.3148                        11.216361
              2        1256.751       1.0422778     0.022288681      0.11723669     0.048258209       3.0273236      0.96993262       1.2119167       1.0020128      0.29943181      0.70049084       0.7968536     0.047613351      0.25044245      0.79609863       13.780429       147.92386       68.419171   2.0641913e-09       7.0292206       10.686973       1025.1422       13.524453       1406.1591      -15.568169       -15.568169       2544.6384                                 89.125682          13.524453             1406.1591          10.686973                      22.093919                      395.77729                                595.26635                        12.004634
              1         1258.56       1.0423374     0.022255941      0.11752712     0.045682146       3.0276319      0.96951436       1.2226205       1.0041711      0.30098972      0.69893266      0.79804102     0.047703078      0.25190601      0.79935633       13.783542       147.88219       68.304573   2.0648277e-09       6.7660065       11.204584       1025.4408       14.180596       1405.8449      -14.502891       -14.502891       2546.1258                                 89.454899          14.180596             1405.8449          11.204584                      22.131878                      396.11646                                595.74836                        11.444087
              1       1258.9167       1.0425394     0.022391558       0.1171896     0.045761173       3.0314833      0.96883323        1.205735       1.0056362      0.29783248      0.70209061      0.79781155     0.047558704      0.24890566       0.7949242       13.761423       147.82127       68.616277   2.0727956e-09       6.7435455       10.345063       1026.2237       12.432256       1406.4992      -13.345472       -13.345472       2544.5244                                 89.024211          12.432256             1406.4992          10.345063                      22.400282                      396.11602                                596.40831                        11.299095
              1         1258.83       1.0423514     0.022476527      0.11641144      0.05806721       3.0569358      0.97429731       1.2781054       1.0075381      0.29381125       0.7061125      0.80642437     0.047328581      0.24512632      0.79806309       13.754156       147.93688       68.913271   2.1262306e-09       7.9753876       10.657196       1020.3346       10.873401       1407.4332      -11.404535       -11.404535        2540.469                                 91.170591          10.873401             1407.4332          10.657196                      21.711822                      396.57829                                592.22177                        9.8227466
              4       1257.7052       1.0423683     0.022530177      0.11645247     0.057191526       3.0537021      0.97545347       1.2785196       1.0062092      0.29367989      0.70624395      0.80541294     0.047388187      0.24493688      0.79688394       13.748135        147.8658       68.952062    2.119366e-09       7.8778229       10.662605       1021.1928       10.677502       1407.4656      -12.806375       -12.806375       2541.0231                                 91.024597          10.677502             1407.4656          10.662605                      21.577091                      396.32656                                593.39226                        9.8968756
              2       1258.4055        1.042102     0.022560841      0.11537396     0.068208753       3.0606602       0.9740327       1.2397474       1.0005393      0.28866372      0.71126085      0.80351202     0.046994852      0.24032712      0.78818444       13.747371       148.12415       69.287119   2.1341643e-09       8.9082184       13.277635       1027.5928         9.05955       1408.7964      -15.771491       -15.771491        2548.354                                 89.627655            9.05955             1408.7964          13.277635                      22.058916                       400.3348                                594.69597                        10.503125
              4       1258.6078       1.0418136      0.02244075      0.11580601     0.069309877       3.0590025      0.97102158       1.2371163      0.99857279      0.29238144      0.70754233      0.80375658     0.047240379      0.24378508      0.79348516       13.770964       148.14171       68.922654   2.1306294e-09       9.0493011       10.973065        1029.452       10.825849       1407.7927      -15.759744       -15.759744       2548.7352                                 89.691568          10.825849             1407.7927          10.973065                      22.552343                      401.18134                                595.64833                        10.069979
              1       1256.1281       1.0418756     0.022466426      0.11657097     0.072341316       3.0683843      0.97188997       1.2993732      0.99921136      0.29607905      0.70384419      0.81049671     0.047621458      0.24709223      0.80518277       13.770196       147.90654       68.685592   2.1507126e-09       9.3384857       10.324064       1022.7796       12.059098       1406.8924      -15.928807       -15.928807       2544.1138                                 92.058653          12.059098             1406.8924          10.324064                      22.514495                      402.92653                                588.53641                        8.8021537
              2       1256.4533       1.0416636     0.022558127       0.1167203     0.069260352       3.0684163      0.96838673        1.275551       1.0006737      0.29696845      0.70295469      0.80938528     0.047876851       0.2477245      0.80528541       13.767458       147.76368        68.64181   2.1507814e-09       9.0317535       10.521658       1024.0193       12.294141       1406.6903       -15.81152        -15.81152       2544.5297                                 91.004323          12.294141             1406.6903          10.521658                      23.339742                      401.41081                                590.90623                        8.3625239
              3       1258.7602       1.0418085     0.022628035      0.11582168     0.070033239       3.0741049      0.97047374       1.2639776       1.0047018      0.29145305      0.70847107      0.80891925     0.047414099      0.24268925      0.79731301       13.751227       147.92804       69.082758   2.1630511e-09       9.0682526       11.175631       1025.6299       10.030583       1408.0341      -13.941424       -13.941424       2545.4032                                 90.533056          10.030583             1408.0341          11.175631                      22.830977                       401.5032                                592.53371                         8.761975
              1       1258.7506       1.0419222     0.022433099      0.11601702     0.061120295       3.0575427      0.97299628       1.2569801       1.0062605      0.29321777      0.70670589       0.8046682     0.047290114      0.24456979      0.79552046       13.769608       148.09235       68.874658   2.1275212e-09       8.2765045        10.72551       1023.4195       11.070169       1407.5806      -12.822318       -12.822318       2543.1458                                 90.350026          11.070169             1407.5806           10.72551                       21.86733                      397.46099                                593.81657                        10.274588
              2       1256.2581        1.042251     0.022541467        0.116359     0.053363878       3.0435458      0.97307156       1.2300804       1.0046886      0.29346559      0.70645825      0.80012211     0.047405235      0.24470572      0.79136026       13.749958       147.87807       68.956932   2.0979501e-09       7.4903717       10.679117       1022.4266       10.653033       1407.5188      -14.048122       -14.048122       2540.6124                                 89.334863          10.653033             1407.5188          10.679117                       21.90246                      395.78255                                594.04182                        10.699763
              5       1259.2979       1.0424413     0.022367858      0.11671289     0.059371186        3.055279      0.96812659       1.2422505       1.0035184      0.29573809      0.70418526      0.80546441     0.047343233       0.2470315      0.79972259       13.764556       147.97729        68.73584   2.1227108e-09       8.1347198       10.343156        1029.194       11.792145       1406.9714      -14.969645       -14.969645       2548.5351                                 90.234359          11.792145             1406.9714          10.343156                      23.076622                      397.10759                                599.91426                        9.0955272
              2        1258.588       1.0424336     0.022369889      0.11665627     0.060122866       3.0566749      0.96836385       1.2452246       1.0051121      0.29545129      0.70447211      0.80588295     0.047320101      0.24676861      0.79975006       13.764291       147.99035       68.755759   2.1256759e-09        8.207016       10.378817       1025.4858       11.687145       1407.0385      -13.873722       -13.873722       2544.9234                                 90.333117          11.687145             1407.0385          10.378817                      22.829828                        397.341                                595.72906                        9.5859324
              2       1260.5351       1.0424771     0.022271965       0.1165063     0.055427588       3.0438615      0.96944383       1.2183172       1.0040711      0.29508195      0.70484141      0.80099356     0.047137725      0.24658094      0.79440089       13.772704       148.14024       68.737694   2.0986124e-09       7.7606049       10.504505       1031.2291       11.782353       1407.1257      -14.570645       -14.570645       2550.2115                                 89.569885          11.782353             1407.1257          10.504505                      22.376791                      396.11506                                601.51879                        11.218419
              5       1258.4169        1.042087     0.022296599      0.11635506     0.053898754       3.0405523      0.97146532        1.220609       1.0033297      0.29527526      0.70464798      0.79931667     0.047263695      0.24664615      0.79299742       13.780952       148.15334       68.683983   2.0916793e-09       7.5970612       10.374605       1027.9736       12.067696       1407.0799      -15.025836       -15.025836       2546.8855                                 89.389704          12.067696             1407.0799          10.374605                      22.053426                      395.85052                                599.04465                        11.025037
              1       1260.3248       1.0422514     0.022226019      0.11676402      0.05057335       3.0265764      0.97245957       1.2124954      0.99901382      0.29735398      0.70256891      0.79592148     0.047330786      0.24865149      0.79240367       13.785606       148.12178       68.526567   2.0626496e-09       7.2776947       10.295081       1033.2082       12.923652       1406.6043      -15.773235       -15.773235       2552.1961                                 89.164822          12.923652             1406.6043          10.295081                      21.810425                      395.69427                                603.56776                         12.13577
              6       1259.1474       1.0422558     0.022226143      0.11675222     0.050639979       3.0266787       0.9725139       1.2126301      0.99980327      0.29727819      0.70264471       0.7959408     0.047322941      0.24858378      0.79232191       13.785406       148.12483       68.532439   2.0628606e-09       7.2847137       10.291241       1031.0173       12.891198       1406.6211      -15.848329       -15.848329       2549.9914                                 89.170509          12.891198             1406.6211          10.291241                      21.713726                      395.66445                                600.95387                        12.685287
              1       1258.9564       1.0418477     0.022200956      0.11822303     0.043930683       3.0173579       0.9680037       1.2226426       1.0001573       0.3065156      0.69340571      0.79565621     0.048238677      0.25687734      0.80425009        13.80733        147.7569        67.84036   2.0437224e-09       6.5947418       15.836224         1022.83       16.997481       1404.8643      -15.843946       -15.843946       2549.6007                                 89.072713          16.997481             1404.8643          15.836224                      22.307946                      396.37462                                592.78986                          11.3576
              4       1258.9828       1.0418479     0.022200681      0.11822383     0.043942157       3.0173705      0.96800527        1.222734       1.0001015       0.3065208      0.69340052       0.7956657     0.048238716      0.25688247      0.80426651       13.807355       147.75699       67.839913    2.043748e-09       6.5961456       15.840552       1022.8761       17.000315       1404.8635      -15.844974       -15.844974       2549.6556                                 89.075198          17.000315             1404.8635          15.840552                      22.314132                      396.37462                                592.86137                        11.325972
              2       1257.2474       1.0422989     0.022485038      0.11862071     0.046526355       3.0179464      0.96792189       1.2217537       0.9962971      0.30562458      0.69429735      0.79644914     0.048479618      0.25575615      0.80388062        13.76531       147.33461       68.103152   2.0449254e-09       6.8256683       15.148659        1019.382       15.371513       1405.0085      -14.761862       -14.761862       2544.0185                                 89.107768          15.371513             1405.0085          15.148659                      22.658897                      395.92727                                589.93952                        10.856303
              1       1257.2655       1.0419565     0.022517376      0.11828408      0.04749667       3.0165332      0.96785045       1.2025284      0.99538005      0.30465779      0.69526422      0.79429432     0.048499876      0.25477051      0.80043666       13.770511       147.38844       68.137873   2.0420375e-09       6.9169159       14.753222       1018.9386       15.162799       1405.1709      -14.076341       -14.076341       2542.6836                                  88.65808          15.162799             1405.1709          14.753222                      22.637477                       395.8481                                589.11055                        11.342465
              2       1257.2845       1.0418776     0.022517902      0.11853712     0.045286498       3.0156053      0.96661618       1.2022902      0.99708056      0.30625217      0.69366956      0.79433723     0.048667587      0.25619242      0.80257177       13.773973       147.32032       68.021162   2.0401437e-09       6.6845856       16.567493       1018.8217       15.870035       1404.9064      -15.100838       -15.100838       2544.7707                                 88.604965          15.870035             1404.9064          16.567493                      22.780754                      396.10708                                588.72868                        11.205223
              5         1255.06       1.0418699     0.022584187      0.11818763     0.052910157        3.033143      0.96715407       1.2301913      0.99776136      0.30400921      0.69591294      0.80002303     0.048550396      0.25407408      0.80535106       13.765505       147.34051        68.20337   2.0762386e-09       7.4629974       14.438614       1016.7301       14.772963       1405.2835      -15.339632       -15.339632       2540.7992                                 89.573992          14.772963             1405.2835          14.438614                      23.040588                      395.81232                                588.32198                        9.5552583
              2       1254.6228       1.0418699     0.022584187      0.11818763     0.052910157        3.033143      0.96715407       1.2401596       0.9987263      0.30400921      0.69591294      0.80002303     0.048550396      0.25407408      0.80535106       13.765505       147.34051        68.20337   2.0762386e-09       7.4629974       14.438614       1016.9595       14.772963       1405.2835      -15.627701       -15.627701        2540.501                                 89.046429          14.772963             1405.2835          14.438614                      22.902858                      395.78788                                588.33416                        9.9346129
              1       1253.8649       1.0418165     0.022591615      0.11732536     0.054148409        3.033697      0.96898521       1.2179479      0.99811368      0.29953187      0.70039096       0.7977509     0.048142114      0.25001712      0.79712824       13.762247       147.56266       68.503233   2.0773892e-09       7.5731964       11.342479       1019.3699       13.053032       1406.1385       -15.42018        -15.42018       2538.5702                                 88.666331          13.053032             1406.1385          11.342479                      22.641687                      395.91072                                590.38671                        10.430783
              2       1254.5275       1.0417929     0.022585599      0.11737164     0.051974123       3.0289327      0.96763463       1.1977761       0.9982116      0.29988112      0.70004164      0.79560904     0.048171613      0.25033567       0.7954514       13.763813       147.55677       68.473135   2.0675154e-09       7.3542023       11.522414       1020.8454       13.220857       1406.0668      -15.417039       -15.417039       2539.8891                                 88.233647          13.220857             1406.0668          11.522414                      22.788898                      395.67514                                591.33162                        11.049723
              1       1254.9663       1.0421785     0.022468448      0.11741738     0.058281584       3.0449169      0.96438525       1.2163332      0.99937574      0.29965855      0.70026423      0.80197954     0.047910515      0.25037452      0.80152302       13.765054       147.67537       68.481162   2.1008286e-09       8.0153961        11.00087        1022.197       13.175994       1406.1124      -15.832459       -15.832459       2541.5975                                 89.111233          13.175994             1406.1124           11.00087                      23.775178                      396.89796                                592.08613                        9.4377795
              2       1255.6257       1.0420214     0.022598309      0.11716186     0.066952022       3.0578283      0.96620637       1.2441615      0.99770708      0.29802819      0.70189494      0.80614393     0.047968139      0.24869278       0.8034903       13.754648       147.60019       68.637512    2.128129e-09       8.8148651       10.668724       1022.3922       12.317334       1406.4567      -15.318385       -15.318385       2541.8881                                 90.053213          12.317334             1406.4567          10.668724                      23.706567                      400.29713                                589.54898                        8.8395111
              1       1256.1631       1.0420732     0.022655404       0.1172116     0.063910558       3.0520453      0.96634922       1.2301328      0.99671949      0.29781495       0.7021083      0.80384194     0.048018386      0.24843131      0.80090919        13.74725       147.52314       68.688198   2.1158576e-09       8.5137482       10.642441       1023.1063       12.045179       1406.5031      -14.739161       -14.739161       2541.8045                                 89.507492          12.045179             1406.5031          10.642441                      23.744187                      398.83257                                591.63559                         8.893995
              3       1254.5266       1.0420862     0.022670975       0.1168592     0.063321421       3.0573856      0.97492121       1.2981431       1.0022736      0.29583732      0.70408626      0.80733768     0.047847002      0.24663087      0.80171697       13.743507       147.60024       68.834749   2.1271871e-09       8.4470673       10.343984       1019.4606       11.275394       1406.9484      -15.237308       -15.237308       2539.5277                                 91.499296          11.275394             1406.9484          10.343984                      21.761286                      398.20775                                589.99988                        9.4917079
              4       1255.8427       1.0415848     0.022632901      0.11670953     0.058378063       3.0463432      0.97413904       1.2633368       1.0022923      0.29672014       0.7032031      0.80185137     0.047973442      0.24738137      0.79745607        13.76177        147.6823       68.686229    2.103827e-09       7.9739838       10.559615       1022.9991         12.0557       1406.7462      -15.278793       -15.278793        2542.243                                 89.882437            12.0557             1406.7462          10.559615                      21.661417                      396.62182                                 594.3188                        10.397064
              3        1256.338       1.0415848     0.022632901      0.11670953     0.058378063       3.0463432      0.97413904       1.3137296       1.0023577      0.29672014       0.7032031      0.80185137     0.047973442      0.24738137      0.79745607        13.76177        147.6823       68.686229    2.103827e-09       7.9739838       10.559615        1023.145         12.0557       1406.7462       -15.30031        -15.30031       2543.2766                                 90.770191            12.0557             1406.7462          10.559615                      21.654155                      396.62207                                594.43974                        10.429004
              2       1254.9473       1.0419136     0.022594793      0.11717132     0.059724718         3.05093      0.97316445       1.3377207       1.0006594      0.29841336      0.70150967      0.80546781     0.048020629      0.24902376      0.80333502       13.758277       147.60088       68.594653   2.1134991e-09       8.1227875       10.835621       1019.9878       12.549833       1406.3737      -15.792273       -15.792273       2541.4791                                 91.732168          12.549833             1406.3737          10.835621                       22.12278                      397.07509                                591.74064                         9.049284
              1       1256.9131       1.0419136     0.022594793      0.11717132     0.059724718         3.05093      0.97316445       1.4194064       1.0011968      0.29841336      0.70150967      0.80546781     0.048020629      0.24902376      0.80333502       13.758277       147.60088       68.594653   2.1134991e-09       8.1227875       10.835621       1018.0739       12.549833       1406.3737       -15.67795        -15.67795       2545.1821                                 97.349082          12.549833             1406.3737          10.835621                      22.057144                      397.05504                                589.75665                        9.2050227
              1       1259.3052       1.0420019     0.022615657       0.1172465     0.056830555       3.0458037       0.9723475       1.4020389       1.0005172      0.29843334      0.70148975      0.80341021     0.048035327      0.24902987      0.80130968        13.75378        147.5573       68.615815   2.1026924e-09       7.8350067       10.821316       1020.8375       12.434766       1406.3694      -15.747842       -15.747842        2550.106                                 99.643045          12.434766             1406.3694          10.821316                      22.247369                        396.329                                593.02462                        9.2365111
              2       1257.3616       1.0420754      0.02260887      0.11707583     0.059600827       3.0513233      0.97173809       1.4026906       1.0019858      0.29735703      0.70256623      0.80493207      0.04790823      0.24808388      0.80137854       13.751498       147.61082        68.69646   2.1143304e-09       8.1066437       10.499712       1017.0932       12.001107       1406.6037      -15.466271       -15.466271       2545.6557                                 99.457938          12.001107             1406.6037          10.499712                      22.277161                      397.07409                                588.30415                        9.4377932
              3       1258.9178       1.0420128     0.022545494      0.11725619     0.056392592       3.0508342      0.97043816       1.4035898       1.0053065      0.29885166      0.70107128      0.80518323     0.047974077      0.24950694      0.80364072       13.760991       147.63265       68.553016   2.1132966e-09       7.8076324       10.880645       1015.4283       12.777788       1406.2805      -13.633516       -13.633516       2545.1026                                 99.735412          12.777788             1406.2805          10.880645                       22.32732                       396.2772                                587.37439                        9.4493516
              1       1258.3584       1.0420062     0.022578001       0.1172032     0.055789178       3.0487823       0.9714857       1.4030246       1.0044916      0.29840597      0.70151708      0.80435224     0.047978596      0.24905857      0.80221246       13.757463       147.61065       68.599189   2.1089647e-09       7.7388458       10.770585       1015.7885       12.525127       1406.3752      -14.222384       -14.222384       2545.1616                                 99.702191          12.525127             1406.3752          10.770585                      22.184977                      396.11068                                587.98976                        9.5030796
              8       1259.3424       1.0418837     0.022577608      0.11774349     0.054782819       3.0475551      0.96989966       1.4118209       1.0046597      0.30163543      0.69828708      0.80515293      0.04831125      0.25194587      0.80734457       13.763724       147.46644       68.362011   2.1063782e-09       7.6468964       12.476603       1014.5909       13.849786       1405.7197       -14.09249        -14.09249       2546.8698                                 100.23277          13.849786             1405.7197          12.476603                      22.404747                      396.01482                                 586.9124                        9.2589769
             25       1259.0853       1.0418837     0.022577608      0.11774349     0.054782819       3.0475551      0.96989966       1.4556483        1.003699      0.30163543      0.69828708      0.80515293      0.04831125      0.25194587      0.80734457       13.763724       147.46644       68.362011   2.1063782e-09       7.6468964       12.476603       1015.0077       13.849786       1405.7197      -14.680633       -14.680633       2547.5319                                 100.47821          13.849786             1405.7197          12.476603                      22.530258                      396.00795                                587.48386                        8.9855965
              1       1256.7555       1.0418837     0.022577608      0.11774349     0.054782819       3.0475551      0.96989966       1.3443354       1.0026084      0.30163543      0.69828708      0.80515293      0.04831125      0.25194587      0.80734457       13.763724       147.46644       68.362011   2.1063782e-09       7.6468964       12.476603       1019.2826       13.849786       1405.7197      -15.313284       -15.313284       2544.1376                                 92.808943          13.849786             1405.7197          12.476603                      22.676549                      396.01797                                591.84989                        8.7382204
             11       1254.4903       1.0421054     0.022543303      0.11759996     0.052514552       3.0304691      0.97144853       1.3082818      0.99833772      0.30041385      0.69950888      0.79861755     0.048103175      0.25093621      0.79916821       13.760104        147.5427       68.457638   2.0706945e-09        7.422287       11.496143       1018.1598       13.307693       1405.9592      -15.676629       -15.676629       2540.3339                                 91.411004          13.307693             1405.9592          11.496143                      22.086796                      395.73758                                589.42283                        10.912647
              5       1255.4681       1.0421712     0.022634657       0.1174336     0.050598172       3.0279537      0.97242786       1.2975939      0.99841919      0.29881671      0.70110639      0.79701795     0.048066938      0.24938189      0.79544456       13.747604        147.4856       68.622057   2.0654923e-09       7.2046967       10.888472       1021.3956       12.400925       1406.2879      -15.530852       -15.530852       2541.9978                                 91.024947          12.400925             1406.2879          10.888472                      21.986811                      395.67752                                592.61892                         11.11234
              1       1254.7318       1.0422569     0.022630009      0.11681643     0.061302362       3.0570165      0.97151451        1.333658       1.0027521      0.29534858      0.70457507      0.80630388     0.047710141      0.24628043       0.8000287       13.742587       147.65707       68.871099   2.1264021e-09       8.2624664       10.327892       1019.3221       11.088393       1407.0627      -15.152753       -15.152753        2539.769                                 91.967867          11.088393             1407.0627          10.327892                      22.474571                      397.61008                                590.12663                        9.1108581
              1       1255.0259       1.0420922        0.022545      0.11634588     0.066261645       3.0598819      0.97215036       1.3296289       1.0007472      0.29383357      0.70609017      0.80619152     0.047475378      0.24500177      0.79786296       13.754244       147.87884       68.911373   2.1325038e-09       8.7474823       10.540209       1021.1807       10.883031       1407.4277      -15.860419       -15.860419       2541.7726                                 91.741069          10.883031             1407.4277          10.540209                      22.351636                      399.59548                                589.77669                         9.456844
              6       1255.1431       1.0418952     0.022516876      0.11639254     0.063511858       3.0559242      0.97065524       1.3127833       1.0011608       0.2948017      0.70512181      0.80425655     0.047566065      0.24587492      0.79725815       13.763343       147.89738       68.802696   2.1240808e-09       8.4940948       10.364737       1021.6143       11.441585       1407.1925      -15.827275       -15.827275       2541.9407                                 91.327596          11.441585             1407.1925          10.364737                      22.564088                      398.47225                                 591.1127                        9.4652776
             23       1254.8387       1.0418952     0.022516876      0.11639254     0.063511858       3.0559242      0.97065524       1.2053983       1.0020722       0.2948017      0.70512181      0.80425655     0.047566065      0.24587492      0.79725815       13.763343       147.89738       68.802696   2.1240808e-09       8.4940948       10.364737       1021.7621       11.441585       1407.1925      -15.447154       -15.447154       2540.5718                                 89.810899          11.441585             1407.1925          10.364737                      22.442948                      398.48439                                 591.0039                        9.8308364
              1       1255.0496       1.0418952     0.022516876      0.11639254     0.063511858       3.0559242      0.97065524       1.2713007       1.0015683       0.2948017      0.70512181      0.80425655     0.047566065      0.24587492      0.79725815       13.763343       147.89738       68.802696   2.1240808e-09       8.4940948       10.364737       1021.3504       11.441585       1407.1925      -15.702737       -15.702737       2541.5047                                 91.155501          11.441585             1407.1925          10.364737                      22.509609                      398.49472                                590.72307                        9.6230013
              2       1254.6861       1.0421057     0.022494909      0.11668356     0.061947372       3.0545097      0.96733013       1.2536001       1.0019235      0.29584536      0.70407802      0.80397526     0.047596128      0.24688633       0.7983888       13.760851       147.84336       68.747405   2.1210783e-09       8.3544159       10.309382       1022.4358       11.731128       1406.9465      -15.605613       -15.605613       2540.5835                                 89.160713          11.731128             1406.9465          10.309382                      23.160831                      398.00028                                591.76529                         9.509382
              2       1255.4399        1.042567     0.022569045      0.11675381     0.065213044       3.0606748      0.97100952       1.2950188       1.0008106      0.29446659      0.70545722      0.80792431     0.047481408      0.24563003      0.80043867       13.739559       147.74211       68.943733   2.1341953e-09       8.6513214       10.497034        1023.494       10.719411       1407.2732      -15.796859       -15.796859       2542.4736                                 90.489891          10.719411             1407.2732          10.497034                      22.700808                      399.18519                                592.53841                        9.0696183
              7       1255.5575       1.0425919     0.022554538      0.11675047     0.063659381        3.060044      0.97126882       1.2965226       1.0021749      0.29445842      0.70546539      0.80782234     0.047455621      0.24564751      0.80032654        13.74035       147.75902       68.940295   2.1328496e-09       8.5067291       10.512261       1023.0616       10.736736       1407.2752      -15.494649       -15.494649       2542.1043                                 90.518483          10.736736             1407.2752          10.512261                      22.573262                      398.52438                                 592.8062                        9.1578008
              1       1255.2485       1.0423177     0.022536496      0.11648543     0.064461077       3.0627884      0.97064855        1.289062       1.0030703      0.29396228      0.70596151      0.80763076     0.047433712      0.24517282      0.79946236       13.749127       147.85054       68.928628   2.1387111e-09       8.5825348       10.569175       1021.7328       10.795631        1407.396      -15.138407       -15.138407       2540.7737                                 90.280119          10.795631              1407.396          10.569175                      22.693605                      398.84272                                591.19216                        9.0042954
              1       1255.3751       1.0421253     0.022407798      0.11727738      0.06613003       3.0617562      0.96714364       1.3005072       1.0013851      0.29941791      0.70050483      0.80932271     0.047811081      0.25023245      0.80853716       13.772445       147.78134       68.459751   2.1365045e-09       8.7874908       10.865722       1021.2301       13.295837        1406.162      -15.863226       -15.863226       2542.4766                                 90.922931          13.295837              1406.162          10.865722                      23.240551                      399.95044                                589.21091                        8.8281703
              2       1253.9244       1.0420627     0.022378993      0.11758307      0.06019691       3.0515263      0.96767731       1.2960321       1.0010886      0.30139507      0.69852731      0.80649504     0.047970278      0.25204406      0.80836806       13.778854        147.7309       68.302116   2.1147598e-09       8.2273712       11.783368       1017.3892       14.194835       1405.7659      -15.927612       -15.927612       2539.7039                                 90.570599          14.194835             1405.7659          11.783368                      23.003729                       397.4605                                587.92448                        9.0004735
              2       1254.2424       1.0420627     0.022378993      0.11758307      0.06019691       3.0515263      0.96767731       1.3025532       1.0015278      0.30139507      0.69852731      0.80649504     0.047970278      0.25204406      0.80836806       13.778854        147.7309       68.302116   2.1147598e-09       8.2273712       11.783368       1017.3348       14.194835       1405.7659      -15.840575       -15.840575        2540.166                                 91.087019          14.194835             1405.7659          11.783368                      22.940929                       397.4605                                587.81094                        9.1224498
              1       1254.3594       1.0420619      0.02238458      0.11761194     0.060093688       3.0513595      0.96761688       1.3026309        1.001901      0.30151929      0.69840307       0.8064857     0.047990266      0.25214806      0.80852526       13.778417       147.71691       68.296413   2.1144069e-09       8.2161407       11.865609       1017.6511       14.227909        1405.742      -15.736964       -15.736964       2540.1928                                 90.706218          14.227909              1405.742          11.865609                      22.898021                      397.42197                                588.09997                        9.2311807
              1       1254.6688       1.0420666       0.0223867       0.1176024     0.060165661       3.0514557      0.96769618         1.30294       1.0021251      0.30144202      0.69848036      0.80651097     0.047985044       0.2520763      0.80844699       13.778003       147.71711       68.303364   2.1146105e-09       8.2224579       11.820563       1018.1872       14.187598       1405.7569      -15.664453       -15.664453       2540.6665                                   90.7142          14.187598             1405.7569          11.820563                      22.851783                      397.42435                                588.60096                        9.3101574
              6       1254.3765       1.0421743     0.022427795      0.11742466     0.049754817       3.0347386      0.96714358       1.2478245       1.0030935      0.29994165      0.69998104      0.79894428     0.047880377      0.25068612      0.79886657       13.769553       147.71801        68.44071   2.0795542e-09       7.1597748       11.069712       1019.7725       13.402866       1406.0545       -15.18212        -15.18212       2539.1173                                 88.817706          13.402866             1406.0545          11.069712                      22.820104                      395.69251                                  590.826                        10.433875
              1        1254.807       1.0421743     0.022427795      0.11742466     0.049754817       3.0347386      0.96714358       1.2744825       1.0032204      0.29994165      0.69998104      0.79894428     0.047880377      0.25068612      0.79886657       13.769553       147.71801        68.44071   2.0795542e-09       7.1597748       11.069712       1019.6959       13.402866       1406.0545       -15.15307        -15.15307       2539.9201                                 89.697107          13.402866             1406.0545          11.069712                       22.80255                      395.68354                                590.71339                        10.496397
              5       1254.9979       1.0421217     0.022463416       0.1174439     0.051572535       3.0357156      0.97155467       1.3120239       1.0031393      0.29999528      0.69992743      0.80055274     0.047946277      0.25067415      0.80054644        13.76741       147.67328       68.447952   2.0815868e-09       7.3408661       11.170176       1018.6902       13.362104       1406.0436      -15.200969       -15.200969       2540.3977                                 91.131594          13.362104             1406.0436          11.170176                      21.887897                      395.72134                                590.04238                        11.038594
              1       1260.0401       1.0423393     0.022616773      0.11686579     0.045130494       3.0298553      0.96589846       1.2166852        1.005893      0.29544274      0.70448091      0.79402605     0.047685143      0.24639951      0.78797201       13.741786       147.65718          68.869   2.0694237e-09       6.6277313       10.323496       1028.5765        11.09915       1407.0406      -12.877419       -12.877419       2545.8351                                 88.795394           11.09915             1407.0406          10.323496                      22.998761                      396.21578                                 597.2702                        12.091764
              2       1260.9545        1.042275     0.022718653       0.1165496     0.051855524       3.0423741      0.96675276       1.2344314       1.0030877      0.29341025      0.70651381      0.79766455     0.047643282      0.24441615      0.78885522       13.731314       147.62937       69.054256   2.0954934e-09       7.3029633       10.593883       1033.9883       10.169937       1407.5326      -14.689158       -14.689158       2551.2873                                 89.002484          10.169937             1407.5326          10.593883                      23.455941                      395.66902                                605.17189                        9.6914817
              2       1259.2581       1.0420687     0.022680157      0.11671862     0.052412924       3.0453081      0.96473274       1.2359887       1.0059751       0.2951004       0.7048233      0.79880648     0.047791946      0.24595112      0.79225656        13.74237        147.6268       68.888332   2.1016506e-09       7.3696442       10.344228         1026.25       11.000282       1407.1214      -12.696604       -12.696604       2543.9095                                  89.19357          11.000282             1407.1214          10.344228                      23.569226                      395.77353                                596.87125                        10.035998
              2       1259.2688       1.0420687     0.022680157      0.11671862     0.052412924       3.0453081      0.96473274       1.2045581       1.0050081       0.2951004       0.7048233      0.79880648     0.047791946      0.24595112      0.79225656        13.74237        147.6268       68.888332   2.1016506e-09       7.3696442       10.344228       1027.5351       11.000282       1407.1214      -13.485957       -13.485957       2545.5095                                 89.508434          11.000282             1407.1214          10.344228                      23.719582                      395.74525                                598.45726                        9.6130265
              1       1256.9575       1.0420501     0.022640422       0.1174079      0.05123799       3.0452719      0.96587027       1.2471398       1.0067016      0.29900348      0.70091956      0.80171652     0.048116048       0.2495185      0.80038386       13.750472       147.48612       68.595762   2.1015744e-09       7.2685699        11.03285       1019.3396       12.543791       1406.2485      -12.067794       -12.067794       2538.0506                                 88.885731          12.543791             1406.2485           11.03285                      23.230125                      395.67927                                590.94474                        9.4854986
              1       1256.3634       1.0423714     0.022695619      0.11749414     0.066493645       3.0625681      0.96725676        1.297183       1.0006748      0.29820222       0.7017211       0.8094495     0.048055791      0.24878254      0.80702051       13.735438       147.40323       68.722374     2.13824e-09       8.7545013        10.65764       1024.1955       11.863392       1406.4191      -15.553683       -15.553683       2543.8341                                 90.698455          11.863392             1406.4191           10.65764                      23.441052                      399.95194                                592.05223                        8.7503116
             11        1255.654       1.0423717     0.022690833      0.11750872     0.066537891       3.0627242       0.9671228       1.2973778       1.0002239      0.29830534      0.70161797      0.80954306     0.048058928      0.24888214      0.80725332       13.736008       147.40465       68.712884   2.1385736e-09       8.7601166       10.682014       1022.7956       11.913732       1406.3969      -15.598259       -15.598259       2542.5045                                 90.716273          11.913732             1406.3969          10.682014                       23.54497                      400.00797                                590.60786                        8.6347624
              1       1255.9701       1.0424676     0.022688402      0.11755548     0.064645833       3.0614308      0.96681596       1.2937384       1.0000198      0.29828466      0.70163867      0.80918483     0.048035329      0.24888559      0.80686814       13.733639       147.39467       68.726079   2.1358094e-09       8.5825348       10.634446       1023.6994       11.843767       1406.4014      -15.605338       -15.605338       2543.1509                                 90.571892          11.843767             1406.4014          10.634446                       23.76112                      399.13873                                592.34621                        8.4533514
              1       1255.7151       1.0424643     0.022687892      0.11752583     0.064812806       3.0617938      0.96696871       1.2946107       1.0012259      0.29814102      0.70178234      0.80927361     0.048021397      0.24875624      0.80676234       13.733648       147.40317       68.735275    2.136585e-09       8.5979767       10.597751       1022.9779        11.79513       1406.4323      -15.487124       -15.487124       2542.4045                                 90.601389           11.79513             1406.4323          10.597751                      23.550074                      399.19974                                591.58114                        8.6469479
              7       1258.2864       1.0424643     0.022687892      0.11752583     0.064812806       3.0617938      0.96696871       1.3281573       1.0023153      0.29814102      0.70178234      0.80927361     0.048021397      0.24875624      0.80676234       13.733648       147.40317       68.735275    2.136585e-09       8.5979767       10.597751       1026.3076        11.79513       1406.4323      -15.197664       -15.197664       2546.9681                                 91.835312           11.79513             1406.4323          10.597751                       23.38296                      399.15324                                594.86962                        8.9018128
              1       1255.4917       1.0421806      0.02259857        0.116521      0.06603221       3.0543915      0.97433237       1.3317073      0.99890249      0.29419823      0.70572554      0.80512939     0.047569285      0.24527306      0.79730609       13.746767       147.77193       68.925063   2.1208276e-09       8.7165985       10.460153       1022.3186       10.813663       1407.3384      -15.722526       -15.722526       2542.4284                                 91.497565          10.813663             1407.3384          10.460153                      21.864203                      399.37404                                590.83443                        10.245959
              1       1255.7391       1.0422275     0.022637751      0.11646317     0.067057147       3.0574868      0.97536699       1.3428267      0.99926173      0.29354391      0.70638003       0.8063634     0.047552122      0.24463873      0.79763962       13.740912       147.74395       68.997235   2.1274023e-09       8.8022308       10.594088          1022.5       10.451619       1407.4993      -15.700632       -15.700632       2542.8795                                 91.834439          10.451619             1407.4993          10.594088                      21.760677                      399.80753                                590.94639                        9.9854049
              1       1255.0268       1.0420355     0.022661458      0.11640936     0.058987928       3.0459764      0.97489068       1.3092312       1.0015157      0.29368336      0.70624052      0.80113814     0.047634795      0.24469458       0.7926591       13.743836       147.73128       68.973422   2.1030555e-09       8.0231171       10.510035       1021.7476       10.570393       1407.4648      -15.496653       -15.496653        2541.047                                 90.754172          10.570393             1407.4648          10.510035                      21.621727                      396.74667                                592.36745                        11.011763
              1       1255.9299       1.0419622     0.022677466      0.11610316     0.059572607       3.0474491        0.976221       1.3097532       1.0014923      0.29220889      0.70771521      0.80091297     0.047527837      0.24333107      0.79044456       13.742796       147.79597       69.075373   2.1061551e-09       8.0708466       10.890911       1023.3143       10.066598       1407.8372      -15.465232       -15.465232       2542.7902                                 90.681179          10.066598             1407.8372          10.890911                      21.487026                      396.83954                                594.09688                        10.890863
              3       1256.2299        1.041937     0.022676702      0.11614238     0.059506339       3.0472689      0.97623839       1.3113885       1.0008507      0.29248947      0.70743458      0.80096849     0.047558751       0.2435798      0.79087878       13.743824       147.78625       69.051756   2.1057756e-09       8.0652313       10.788041       1024.1591       10.182208       1407.7651      -15.588276       -15.588276       2543.6363                                 90.741872          10.182208             1407.7651          10.788041                      21.542673                      396.83611                                595.24029                        10.540006
              1       1256.1573        1.041937     0.022676702      0.11614238     0.059506339       3.0472689      0.97623839       1.2594065       1.0007019      0.29248947      0.70743458      0.80096849     0.047558751       0.2435798      0.79087878       13.743824       147.78625       69.051756   2.1057756e-09       8.0652313       10.788041       1024.5629       10.182208       1407.7651      -15.557085       -15.557085       2543.4288                                 90.130536          10.182208             1407.7651          10.788041                      21.558751                      396.83377                                595.70551                        10.464867
              2       1255.4549       1.0419334     0.022677071      0.11613083     0.059449187       3.0469136      0.97624031        1.258017       1.0017456      0.29243747       0.7074866      0.80078082     0.047554882       0.2435318      0.79062317       13.743833       147.78894       69.055127   2.1050274e-09       8.0596161       10.803424       1023.5121       10.165665       1407.7785      -15.349979       -15.349979       2541.6097                                 89.350026          10.165665             1407.7785          10.803424                      21.434157                       396.8171                                 594.1275                        11.133331
              1       1257.9466       1.0419245     0.022684973      0.11618008     0.059154053       3.0471479      0.97621156       1.2602629        1.003346      0.29267593       0.7072481       0.8010012     0.047590738      0.24373386      0.79116313         13.7435       147.76685       69.041133   2.1055207e-09       8.0301361       10.721794       1027.1673       10.234424       1407.7176       -14.68197        -14.68197       2545.2571                                 89.415983          10.234424             1407.7176          10.721794                      21.304866                      396.71859                                597.35845                        11.785434
              1        1255.906       1.0418957     0.022741495      0.11624767      0.06542233       3.0607102      0.97279011       1.2648924       1.0008771      0.29279869      0.70712537      0.80536355     0.047686905      0.24376109      0.79563872       13.738672       147.68635       69.057355    2.134271e-09       8.6183319       10.650937       1024.0912        10.15474       1407.6864       -15.37212        -15.37212       2542.5562                                 89.972974           10.15474             1407.6864          10.650937                      22.402317                       399.1189                                593.51109                        9.0588838
              1       1256.2304       1.0417259     0.022772332      0.11620929     0.063789852       3.0554808      0.97229069       1.2454351       1.0004284      0.29291487      0.70700917      0.80269387     0.047773097      0.24379046      0.79315858        13.74025       147.66228       69.041793    2.123139e-09       8.4554901       10.579176       1025.3468       10.231175        1407.657      -15.300032       -15.300032        2543.061                                 89.246877          10.231175              1407.657          10.579176                      22.374647                      398.40009                                594.99963                        9.5723943
              2       1256.7971       1.0414806     0.022563403      0.11648504     0.057039732       3.0459937      0.96796375       1.2128386       1.0019341       0.2962293      0.70369391       0.7992319     0.047847503      0.24701586      0.79419325       13.771195       147.81996       68.670887    2.103092e-09       7.8539581       10.459402       1026.5983       12.137788       1406.8579      -15.442292       -15.442292       2544.4788                                 88.425487          12.137788             1406.8579          10.459402                      22.953055                      396.42416                                597.51261                        9.7084576
              3       1258.5198       1.0415811     0.022584035       0.1165011     0.054411678       3.0414062      0.96733216       1.1957594       1.0041764      0.29590681       0.7040165      0.79726538     0.047826556      0.24671616      0.79180778       13.766075       147.79242        68.71732   2.0934662e-09       7.5879364       10.406718       1028.3154        11.89019       1406.9322      -14.275613       -14.275613       2545.5909                                 88.046348           11.89019             1406.9322          10.406718                       22.73523                      395.92516                                598.41673                        11.238263
              2       1256.5629       1.0417703     0.022604832      0.11613305     0.053604119       3.0332743      0.96921619       1.1710708      0.99958922        0.293314       0.7066098      0.79337491     0.047569363      0.24438912      0.78448426       13.756396       147.86835       68.934555   2.0765113e-09       7.4966888       10.561364       1027.7179       10.765695       1407.5566      -15.559548       -15.559548       2544.2449                                 87.643415          10.765695             1407.5566          10.561364                       22.59359                      395.79526                                597.42089                        11.908169
              2       1256.1583       1.0421166     0.022657988      0.11668598       0.0505931       3.0316538      0.97499371       1.2350209       1.0004865      0.29491483      0.70500889      0.79651863      0.04773389      0.24582393      0.78973905       13.743146       147.66006       68.896515    2.073149e-09       7.1885529       10.352533       1026.4648       10.958568       1407.1656      -15.583869       -15.583869       2543.4844                                 88.542932          10.958568             1407.1656          10.352533                      21.624888                      395.70117                                597.89104                        11.247727
             40       1255.2001       1.0421166     0.022657988      0.11668598       0.0505931       3.0316538      0.97499371       1.1651679        1.001171      0.29491483      0.70500889      0.79651863      0.04773389      0.24582393      0.78973905       13.743146       147.66006       68.896515    2.073149e-09       7.1885529       10.352533       1023.9876       10.958568       1407.1656      -15.338207       -15.338207       2541.0767                                 88.612365          10.958568             1407.1656          10.352533                      21.550938                      395.68775                                595.09197                        11.656996
              4       1254.5132       1.0421166     0.022657988      0.11668598       0.0505931       3.0316538      0.97499371       1.2071355       1.0019073      0.29491483      0.70500889      0.79651863      0.04773389      0.24582393      0.78973905       13.743146       147.66006       68.896515    2.073149e-09       7.1885529       10.352533       1023.1274       10.958568       1407.1656      -15.258608       -15.258608       2539.5435                                 87.939433          10.958568             1407.1656          10.352533                      21.473056                      395.69819                                593.82975                        12.126436
              7       1255.8665       1.0418952     0.022509906      0.11660941      0.05034022       3.0278342       0.9746822        1.199387       1.0007389      0.29598148      0.70394184      0.79506406     0.047669938      0.24694743      0.78972114        13.76516       147.84556       68.717057   2.0652455e-09       7.1913605       10.330782       1024.1043       11.891586        1406.915      -15.742172       -15.742172       2543.2174                                 89.975779          11.891586              1406.915          10.330782                      21.425477                      395.71297                                594.34384                        12.621959
              5       1255.1149       1.0418952     0.022509906      0.11660941      0.05034022       3.0278342       0.9746822       1.2014608       1.0003039      0.29598148      0.70394184      0.79506406     0.047669938      0.24694743      0.78972114        13.76516       147.84556       68.717057   2.0652455e-09       7.1913605       10.330782       1024.5004       11.891586        1406.915      -15.783055       -15.783055       2541.7958                                 88.158175          11.891586              1406.915          10.330782                      21.470785                       395.7112                                594.99566                        12.322707
              7        1255.473        1.042081      0.02248403      0.11698839     0.051534103       3.0311443      0.97433219       1.2247717       1.0016511      0.29758531      0.70233778      0.79786869     0.047752508      0.24846476       0.7946512       13.764235       147.77257       68.618147    2.072093e-09       7.3254242       10.459209       1022.5111       12.422115       1406.5533      -15.647337       -15.647337       2542.2407                                 90.295003          12.422115             1406.5533          10.459209                      21.417263                      395.67018                                593.07495                         12.34872
              5       1254.0126       1.0419358     0.022494857      0.11670887     0.057281062       3.0449967      0.97204233       1.2293298       1.0020626      0.29647194       0.7034513      0.80155072     0.047688206      0.24741819      0.79682358       13.766043       147.83617       68.680924   2.1009962e-09       7.8974762       10.349137       1019.1533       12.084054       1406.8024      -15.522345       -15.522345       2539.0699                                 90.680868          12.084054             1406.8024          10.349137                      22.042946                      396.41052                                590.34749                        10.352395
              1       1253.0148       1.0419358     0.022494857      0.11670887     0.057281062       3.0449967      0.97204233        1.247247       1.0020567      0.29647194       0.7034513      0.80155072     0.047688206      0.24741819      0.79682358       13.766043       147.83617       68.680924   2.1009962e-09       7.8974762       10.349137       1019.1548       12.084054       1406.8024      -15.553887       -15.553887       2537.1374                                 88.746987          12.084054             1406.8024          10.349137                      22.043656                      396.41052                                590.35103                        10.349567
              1       1253.6453       1.0419654     0.022523183      0.11723896     0.053753636       3.0396071      0.96702929       1.2154973       1.0021603       0.2990267      0.70089617       0.7996283     0.047968176       0.2496867      0.79833012       13.764704       147.66187       68.523302   2.0897032e-09        7.547226       10.944445        1019.185       12.941719       1406.2436      -15.430339       -15.430339       2538.1513                                 88.836532          12.941719             1406.2436          10.944445                      22.922202                      395.86396                                590.11904                        10.279776
              3       1253.6685        1.041931      0.02260962      0.11705535     0.056263261       3.0443385      0.96758553       1.2191269       1.0019849      0.29766618      0.70225699      0.80065529     0.047966374      0.24833327       0.7975349       13.755619       147.61518       68.655951   2.0996138e-09       7.7767487       10.623726       1019.7311       12.217978       1406.5356      -15.358994       -15.358994       2538.0549                                 88.946537          12.217978             1406.5356          10.623726                      22.949075                      396.26087                                590.56338                        9.9577743
              2       1253.6599       1.0419356     0.022603802      0.11709065     0.056861773       3.0449828        0.967595       1.2225298       1.0006861      0.29787201      0.70205113      0.80106799      0.04797711       0.2485277      0.79822182       13.756274       147.61224       68.639436    2.100967e-09       7.8378143       10.670671        1020.112        12.30695       1406.4906      -15.653918       -15.653918       2538.6277                                 89.047524           12.30695             1406.4906          10.670671                       23.10916                      396.40885                                591.12705                        9.4669353
              2       1254.3192       1.0419595     0.022596059      0.11707792     0.057793239       3.0473503      0.96708133       1.2242943       1.0005583      0.29777883      0.70214432      0.80186728     0.047952669      0.24845919      0.79889329       13.756327       147.62435       68.645165    2.105947e-09       7.9318695       10.628537       1021.4561       12.276047       1406.5109      -15.684085       -15.684085       2540.0066                                 89.134987          12.276047             1406.5109          10.628537                      23.309767                      396.62188                                592.35135                        9.1730983
              4       1253.3692       1.0420302     0.022590409      0.11694031     0.058219765       3.0477928      0.96811719       1.2277301       1.0012956      0.29687918      0.70304413      0.80196196     0.047844686      0.24767026      0.79777975       13.754158       147.66759       68.713994   2.1068789e-09         7.97258       10.419638       1019.6735       11.907842       1406.7104      -15.591078       -15.591078       2537.9205                                  89.20914          11.907842             1406.7104          10.419638                      22.988707                      396.73807                                590.37262                        9.5741323
              2       1254.8731       1.0422243     0.022567125      0.11685116     0.062856101       3.0614523        0.968703       1.2648008       1.0042243       0.2959776      0.70394588      0.80758537     0.047688479      0.24692794      0.80215305       13.750432       147.71786       68.790962   2.1358553e-09       8.4281158       10.310932       1019.3319       11.502729       1406.9159      -14.393569       -14.393569       2538.5334                                 90.471976          11.502729             1406.9159          10.310932                      22.950241                       398.2845                                589.10652                         8.990595
              1        1255.583       1.0422171     0.022545865      0.11711097     0.067302246       3.0680996      0.96712094       1.2807759        1.003005       0.2974852      0.70243802      0.81078987     0.047804809       0.2483146      0.80738442       13.754171        147.6722        68.67484   2.1501003e-09       8.8604889        10.43816        1021.057        12.11661       1406.5754      -15.149058       -15.149058       2541.4642                                 91.276948           12.11661             1406.5754           10.43816                      23.436258                      400.41326                                588.65562                         8.551907
              2       1255.8538       1.0424037     0.022476063      0.11692605     0.068440312        3.064801      0.97084186       1.2961662       1.0011763      0.29636205      0.70356132      0.81040792     0.047563234      0.24743572      0.80547923        13.75517       147.79978        68.74236   2.1430198e-09       8.9819183       10.292939         1022.69       11.757725       1406.8275      -15.856861       -15.856861       2543.4214                                  91.85324          11.757725             1406.8275          10.292939                      22.575968                      400.83764                                590.17398                        9.1023798
              3       1257.0218       1.0425383     0.022509806      0.11644459     0.069667087        3.064886      0.97448541       1.3017838        1.000179      0.29326394      0.70665999      0.80982475     0.047287851      0.24462291      0.80068141       13.745212       147.89185       68.993963   2.1432018e-09       9.0780792       10.884202       1024.9665       10.467898       1407.5691      -15.933995       -15.933995       2545.9115                                 92.023825          10.467898             1407.5691          10.884202                      22.001247                      401.22405                                592.30151                        9.4396717
              2       1258.8619       1.0423711     0.022307196      0.11704219     0.047256495       3.0215701      0.97567718       1.2404351       1.0010739       0.2980211      0.70190181      0.79564268     0.047488019      0.24916183      0.79301418       13.774726        147.9554       68.537849   2.0523491e-09       6.9169159       10.365517       1030.6433       12.861335       1406.4581      -15.859285       -15.859285       2549.4424                                 89.114109          12.861335             1406.4581          10.365517                      21.125155                       395.9282                                599.86027                        13.729688
              2       1258.8518       1.0423842     0.022326859      0.11705236     0.046581076       3.0200729      0.97551241       1.2346585       1.0011221      0.29792549      0.70199747       0.7949625     0.047504507      0.24905046      0.79220914       13.772285        147.9306       68.556147   2.0492787e-09       6.8411102       10.358641       1030.8518       12.760572       1406.4789      -15.845939       -15.845939       2549.3955                                 88.945607          12.760572             1406.4789          10.358641                       21.12648                      396.05893                                599.57618                        14.090244
              1       1257.2077       1.0425017     0.022477063      0.11643478     0.051956972       3.0300637      0.97590173       1.2272235       1.0007537      0.29349864       0.7064252      0.79636504     0.047271263       0.2448727      0.78768869       13.749741       147.92946       68.955859   2.0698552e-09       7.3626251       10.809935       1028.2301        10.65842       1407.5106      -15.831118       -15.831118       2546.0777                                  88.86861           10.65842             1407.5106          10.809935                      21.271482                      395.74005                                597.76658                        13.452034
              2       1258.2952       1.0425209     0.022486111      0.11648684     0.051276907       3.0285023      0.97589964       1.2249738      0.99914434       0.2936655      0.70625833      0.79590537     0.047296466      0.24501418      0.78745777       13.748463       147.90524       68.951359   2.0666258e-09       7.2917328       10.753296       1030.5021       10.681037       1407.4692      -15.805174       -15.805174       2548.2007                                 88.795047          10.681037             1407.4692          10.753296                      21.406356                      395.69329                                600.83387                        12.568589
              2       1255.4592       1.0421435     0.022537352      0.11661709     0.057101378       3.0357285      0.97528249       1.2408446      0.99727702      0.29514925       0.7047743      0.79851375     0.047581905      0.24620741      0.79203178       13.754869       147.81345       68.822514   2.0816137e-09          7.8694       10.343315       1023.2394       11.338687       1407.1098      -15.237533       -15.237533       2541.3934                                  89.36229          11.338687             1407.1098          10.343315                      21.574433                      396.32212                                593.89045                        11.452342
              2       1255.0406       1.0420469     0.022494983      0.11733376     0.052161665       3.0300853      0.96567486       1.1845474      0.99917254      0.29945062      0.70047219      0.79593642      0.04795329       0.2501242       0.7952073       13.765742       147.66771       68.491019   2.0698998e-09        7.392807       11.028045        1022.927       13.121007       1406.1553      -15.713006       -15.713006       2541.5073                                 88.275965          13.121007             1406.1553          11.028045                      23.109064                      395.74904                                592.65853                         11.41039
              2       1254.6611       1.0420461     0.022495247       0.1173339     0.052158819        3.030065      0.96567567       1.1844932      0.99860305      0.29945237      0.70047043      0.79592724     0.047953994      0.25012525      0.79520045        13.76574       147.66738       68.490918   2.0698578e-09       7.3921051       11.029557       1021.9636        13.12157       1406.1549      -15.611251       -15.611251       2540.5446                                 88.275026           13.12157             1406.1549          11.029557                      23.191884                      395.73111                                591.95935                        11.081213
              1       1254.7733       1.0420071     0.022484787      0.11733361     0.052194461       3.0304016      0.96578948       1.1869681      0.99920883      0.29962536      0.70029739      0.79610468     0.047963056      0.25028828      0.79560744       13.768019        147.6791       68.468523   2.0705547e-09       7.3977203       11.110029       1022.2252       13.246671       1406.1192      -15.734005       -15.734005       2541.0145                                 88.313435          13.246671             1406.1192          11.110029                      23.092568                      395.74183                                592.12267                        11.268119
              3       1254.7932       1.0420445     0.022513045      0.11693056     0.057183773       3.0381342      0.96832194       1.2068787      0.99736778      0.29722252      0.70270065       0.7984641     0.047765663       0.2480902      0.79475931       13.761943       147.75625       68.652952   2.0866275e-09       7.8876495       10.424117       1022.0368       12.234109       1406.6336      -15.244144       -15.244144       2540.0748                                 88.746198          12.234109             1406.6336          10.424117                      22.906815                      396.46668                                592.32671                        10.336587
              3       1254.4607         1.04204     0.022503677      0.11690249     0.056989259       3.0372874      0.96828658        1.203638      0.99862042      0.29714015      0.70278302      0.79805257     0.047745317      0.24802819       0.7942396       13.762939       147.77422       68.653289   2.0848613e-09       7.8701019       10.407601       1022.2467       12.232294       1406.6519      -15.650069       -15.650069       2540.2215                                 88.683027          12.232294             1406.6519          10.407601                       22.70083                      396.41918                                591.89816                        11.228502
              2       1256.6392         1.04204     0.022503677      0.11690249     0.056989259       3.0372874      0.96828658       1.1991146      0.99704854      0.29714015      0.70278302      0.79805257     0.047745317      0.24802819       0.7942396       13.762939       147.77422       68.653289   2.0848613e-09       7.8701019       10.407601        1022.706       12.232294       1406.6519      -15.095494       -15.095494       2543.4694                                 91.471602          12.232294             1406.6519          10.407601                      22.920805                      396.43812                                592.96633                        10.380765
              1       1254.3873       1.0419119     0.022477036      0.11693015     0.056416564       3.0363208      0.96829303       1.1997421      0.99815955      0.29781071      0.70211229      0.79776794     0.047796064      0.24864493       0.7948517       13.769739       147.79645       68.576206    2.082847e-09       7.8195648       10.555297       1021.2546       12.650575       1406.5039      -15.550112       -15.550112       2539.8749                                 88.910543          12.650575             1406.5039          10.555297                      22.735662                      396.27477                                591.37173                         10.87243
              3        1254.441       1.0419081     0.022481824      0.11691839     0.056556301       3.0363673      0.96844841       1.2002796      0.99839795      0.29773238      0.70219063      0.79776929     0.047796052      0.24856691      0.79474851       13.769282       147.79428       68.583519   2.0829437e-09       7.8321991       10.542531       1021.5121       12.610591        1406.521      -15.612435       -15.612435       2540.1069                                 88.920673          12.610591              1406.521          10.542531                      22.663442                      396.32477                                591.45011                        11.073741
              4       1255.5897       1.0418769     0.022507903      0.11665779      0.06173822       3.0476705       0.9678159       1.2111002      0.99799397      0.29630061      0.70362264      0.80103799     0.047701262      0.24723423      0.79608376       13.766156       147.83576       68.691434   2.1066213e-09       8.3298492       10.349918       1023.6346       12.027909       1406.8416      -15.491331       -15.491331        2542.162                                 89.307982          12.027909             1406.8416          10.349918                      23.147007                      397.89502                                 592.9306                        9.6620218
              1       1257.4318       1.0419212     0.022850086       0.1166555     0.067741144       3.0631679      0.97390994       1.2810818      0.99942383      0.29424805      0.70567592      0.80772576     0.047974361      0.24492131      0.79994496       13.728351        147.4567       69.014337   2.1395228e-09       8.8162689       10.402645       1025.5973       10.366732       1407.3263       -15.07195        -15.07195       2545.0076                                 91.314618          10.366732             1407.3263          10.402645                      22.305422                      400.12257                                594.38634                        8.7829502
              5        1258.259       1.0423549     0.022854174      0.11779785     0.062467103       3.0640168      0.96912624       1.2965428       1.0030148      0.29894188      0.70098151      0.81101072     0.048352834      0.24922624      0.80957921       13.720463       147.14675       68.749857   2.1413398e-09       8.3396759       11.097111       1024.3344       11.718211       1406.2616      -14.370382       -14.370382       2545.2588                                 91.847401          11.718211             1406.2616          11.097111                       23.22057                      398.09424                                 594.6454                        8.3742311
              1       1258.1967         1.04206     0.022843506      0.11789748     0.055839912       3.0474615      0.96984008       1.2654456       1.0032122      0.30039551      0.69952755      0.80468432     0.048534715      0.25049223      0.80521459       13.730823       147.13143         68.6049   2.1061811e-09       7.6974335       12.044863       1024.0662       12.494049        1405.963      -14.279196       -14.279196       2544.9518                                  90.38372          12.494049              1405.963          12.044863                      22.547966                      396.10583                                596.08678                        9.3256067
              2       1258.1592         1.04206     0.022843506      0.11789748     0.055839912       3.0474615      0.96984008       1.2373223       1.0014714      0.30039551      0.69952755      0.80468432     0.048534715      0.25049223      0.80521459       13.730823       147.13143         68.6049   2.1061811e-09       7.6974335       12.044863       1023.2979       12.494049        1405.963      -14.890403       -14.890403       2546.0993                                 92.299476          12.494049              1405.963          12.044863                      22.784121                      396.16704                                595.51379                        8.8329665
              3       1257.5996        1.042072     0.022835996      0.11786893     0.055725172       3.0471483      0.96944718       1.2324891       1.0019489      0.30025252      0.69967056      0.80437948     0.048508036      0.25037622      0.80471795       13.731133       147.14729       68.612482   2.1055215e-09       7.6869049       11.934701       1022.2053       12.452852       1405.9917      -14.778389       -14.778389       2544.7559                                 92.171385          12.452852             1405.9917          11.934701                      22.791275                      396.10662                                594.32567                        8.9817112
              1       1257.2718        1.042072     0.022835996      0.11786893     0.055725172       3.0471483      0.96944718       1.2806512       1.0025959      0.30025252      0.69967056      0.80437948     0.048508036      0.25037622      0.80471795       13.731133       147.14729       68.612482   2.1055215e-09       7.6869049       11.934701       1022.4189       12.452852       1405.9917      -14.609701       -14.609701       2543.7629                                 90.964776          12.452852             1405.9917          11.934701                      22.702379                      396.09885                                594.44936                        9.1683119
              1       1257.9894        1.041986     0.022864349      0.11802435     0.052475642       3.0417376      0.96814598       1.2623578       1.0018657      0.30116427      0.69875867      0.80215644      0.04865249      0.25114114      0.80371149        13.73139       147.07447       68.553066     2.09416e-09       7.3570099       12.666751       1024.8834       12.777515        1405.811      -14.745518       -14.745518       2545.4699                                 89.331266          12.777515              1405.811          12.666751                       23.01173                       395.7421                                597.09498                        9.0345642
              1       1259.2221       1.0415238     0.022688351      0.11828818     0.053448096        3.031639      0.96657435       1.2434429      0.99628363      0.30497501        0.694947      0.79885795     0.048858547      0.25472934      0.80545459        13.76515       147.19855        68.14456   2.0731184e-09       7.4959869       16.267846       1021.9505       15.122766        1405.117      -14.440013       -14.440013       2547.3241                                  88.86603          15.122766              1405.117          16.267846                      23.198586                      395.83766                                593.49713                        9.4171596
              4       1259.9034       1.0414707      0.02268704      0.11820486     0.053955234       3.0330539      0.96663489        1.244136      0.99616682      0.30469556      0.69522648       0.7991153     0.048840142      0.25446874      0.80534485       13.766489       147.22219       68.155429   2.0760537e-09       7.5458221       16.036903       1023.4016       15.057809       1405.1645      -14.373787       -14.373787       2548.5543                                 88.893508          15.057809             1405.1645          16.036903                      23.260219                      395.92606                                595.00509                        9.2102589
              3       1259.8306       1.0415813     0.022708955      0.11830315     0.055917839       3.0371854      0.96682626       1.2589631      0.99589881      0.30476136      0.69516073       0.8011693     0.048856386      0.25451917      0.80750203       13.761304       147.17204       68.177003   2.0846487e-09       7.7402496       16.007673       1022.5481       14.929291       1405.1533      -14.169555       -14.169555       2548.0003                                 89.361961          14.929291             1405.1533          16.007673                      23.339159                      396.21509                                594.08815                        8.9057081
              1       1258.6649       1.0417326     0.022772164      0.11742516     0.058463191        3.035807      0.96867867       1.2264645      0.99525577      0.29927509      0.70064796      0.79802211     0.048388744      0.24951762      0.79705737       13.745954       147.33622       68.600926   2.0817771e-09       7.9634552       11.562423       1025.6318       12.515671       1406.1918      -13.482609       -13.482609       2544.2949                                 88.393241          12.515671             1406.1918          11.562423                      22.832925                      396.73354                                595.60862                        10.456733
              1        1258.585       1.0417397     0.022775361      0.11741892     0.058485256       3.0358066      0.96871374       1.2262701      0.99515899      0.29920314      0.70071993      0.79800374     0.048384948      0.24944976      0.79694321       13.745373       147.33436       68.608432   2.0817763e-09        7.964859       11.525816       1025.3721       12.474852       1406.2068      -13.398151       -13.398151       2543.9663                                 88.386835          12.474852             1406.2068          11.525816                      22.840527                      396.73354                                595.36709                        10.430909
              1       1258.1852       1.0418312     0.022748826      0.11769357     0.054179779       3.0285584      0.96860898       1.2208163       0.9959506      0.30053809      0.69938478      0.79622697     0.048458834      0.25070713      0.79694071       13.746772       147.29006        68.51616   2.0667417e-09       7.5479279       12.157247       1025.1612       12.981275       1405.9344      -14.030839       -14.030839        2544.432                                  88.19783          12.981275             1405.9344          12.157247                      22.662739                      395.87874                                595.45717                        11.162596
              2       1260.4547       1.0416958     0.022863999      0.11786393     0.053269942       3.0322549      0.96842283       1.2315618        0.998247      0.30117671      0.69874614       0.7976413     0.048709087      0.25109537      0.79920409       13.739315       147.11755       68.512703   2.0743956e-09       7.4342194        12.98515       1030.1483       13.000443       1405.8085      -14.732512       -14.732512       2550.3744                                 88.432056          13.000443             1405.8085           12.98515                      22.725548                      395.76611                                601.23468                        10.421948
              3       1256.7016        1.042114      0.02281702      0.11801564     0.061503211       3.0568572      0.96782058       1.2988744        1.000898      0.30101309      0.69890986      0.80841601     0.048546631      0.25109596      0.80977986       13.732589       147.12971       68.556701   2.1260635e-09       8.2589569       12.330258       1021.9876        12.75753       1405.8405      -15.166592       -15.166592       2543.7363                                 90.820386           12.75753             1405.8405          12.330258                      23.327224                      397.81459                                592.33993                        8.5058915
              1       1257.8504        1.042114      0.02281702      0.11801564     0.061503211       3.0568572      0.96782058       1.2661759       1.0018634      0.30101309      0.69890986      0.80841601     0.048546631      0.25109596      0.80977986       13.732589       147.12971       68.556701   2.1260635e-09       8.2589569       12.330258       1023.2826        12.75753       1405.8405      -14.920697       -14.920697       2545.5422                                 91.331289           12.75753             1405.8405          12.330258                      23.183666                      397.79621                                593.63453                        8.6681959
              1       1257.3614       1.0421033     0.022708957      0.11843537     0.059910449       3.0542795      0.96813569       1.2866546       1.0020956      0.30390261      0.69601977      0.80936915     0.048673293      0.25384871      0.81461656       13.746364       147.13727       68.305115     2.12059e-09       8.1368256       14.380832       1018.7365       14.177453       1405.3023      -15.195431       -15.195431       2545.1136                                 92.516586          14.177453             1405.3023          14.380832                      22.967753                      397.28703                                589.77716                        8.7045122
              1       1257.3377       1.0421104     0.022708869      0.11843938     0.059811688       3.0541934       0.9681199       1.2865043       1.0021374      0.30390345      0.69601894      0.80935012     0.048671891      0.25385098      0.81459853       13.746182       147.13629       68.305967   2.1204075e-09       8.1269989       14.372194       1018.6854       14.172519       1405.3022      -15.181363       -15.181363        2545.038                                 92.505757          14.172519             1405.3022          14.372194                      22.968784                      397.23025                                 589.7798                        8.7065751
              2       1256.1873        1.042221     0.022718461      0.11760971     0.060536864       3.0532006      0.97427182       1.2956481       1.0005425      0.29912129      0.70080187       0.8080197     0.048205038       0.2495495      0.80683548        13.73802       147.34655       68.650426   2.1183034e-09       8.1817474        11.07522       1020.9948       12.247705       1406.2239      -15.505783       -15.505783       2543.3862                                 92.844589          12.247705             1406.2239           11.07522                      22.013285                      397.26801                                592.78657                        8.9269234
              3       1254.0806       1.0422049     0.022613666      0.11737273     0.057787557       3.0441202      0.97264512       1.2541961       1.0008161      0.29851667      0.70140647      0.80345267     0.048002066      0.24914729       0.8014639       13.748555        147.5258       68.636563   2.0991555e-09       7.9325714       10.747377       1018.8224       12.322461       1406.3516      -15.671952       -15.671952       2539.5051                                 91.261257          12.322461             1406.3516          10.747377                      21.965137                      396.50269                                590.09334                        10.261244
              4       1256.3729       1.0420716     0.022763701      0.11721645     0.062887552       3.0557712      0.97042355       1.2513447      0.99912578      0.29723196       0.7026915      0.80615766     0.048114728      0.24775575      0.80242991       13.735779       147.40172       68.783207   2.1237557e-09        8.390213       10.593052       1023.1853       11.543231       1406.6316      -15.288811       -15.288811       2543.3233                                 91.370178          11.543231             1406.6316          10.593052                      22.921375                      398.21559                                593.37192                        8.6764276
              1       1256.3416       1.0420716     0.022763701      0.11721645     0.062887552       3.0557712      0.97042355       1.3406735       1.0010587      0.29723196       0.7026915      0.80615766     0.048114728      0.24775575      0.80242991       13.735779       147.40172       68.783207   2.1237557e-09        8.390213       10.593052       1021.2392       11.543231       1406.6316      -15.331626       -15.331626       2543.3464                                 93.339423          11.543231             1406.6316          10.593052                      22.652385                      398.15676                                591.23895                        9.1910664
              2       1257.6651       1.0420918     0.022773889      0.11711422     0.062216314       3.0543248      0.97058158       1.3332032      0.99889697      0.29657942      0.70334416      0.80523715     0.048062042      0.24715799      0.80063336       13.733606       147.41772       68.836296   2.1206862e-09       8.3214264       10.466015       1024.9919       11.267405       1406.7781      -15.291354       -15.291354       2545.9129                                 92.409415          11.267405             1406.7781          10.466015                      22.909948                      397.92816                                595.42197                        8.7318391
              1       1257.0811       1.0419765     0.022709981      0.11683318     0.071136125        3.072876      0.97405986       1.3993649       1.0022232      0.29580034      0.70412326      0.81298425     0.047918891      0.24652229      0.80727376       13.742491       147.56466       68.842242   2.1603947e-09       9.1693268       10.371239        1021.307       11.236718        1406.957      -15.160309       -15.160309       2544.4829                                 94.610905          11.236718              1406.957          10.371239                      22.160395                      401.96532                                588.57764                        8.6036221
              1       1256.5767       1.0420104     0.022699582      0.11660418     0.070345345       3.0702515      0.97501726       1.3906418       1.0016797      0.29456167      0.70536211      0.81146937     0.047777972      0.24542792      0.80408066       13.741477       147.63759       68.927904   2.1547321e-09        9.094223       10.376637       1021.2932       10.799291       1407.2503      -15.362754       -15.362754       2543.8789                                 94.159535          10.799291             1407.2503          10.376637                      21.992269                      401.49041                                589.04752                        8.7629675
              1       1256.0108       1.0420245     0.022667283       0.1167731     0.068715987       3.0670658      0.97506127       1.3921248       1.0015114      0.29558555      0.70433804      0.81094812     0.047829134      0.24639725      0.80495953       13.745321       147.62796       68.841999   2.1478788e-09        8.955246       10.341831       1020.1737        11.23797       1407.0071      -15.483478       -15.483478       2542.9886                                  94.22808           11.23797             1407.0071          10.341831                       21.92758                      400.65768                                588.75024                        8.8381525
              1        1256.142       1.0422929     0.022569651      0.11689456     0.072104424       3.0737557      0.97253305       1.3986117       1.0011587      0.29599252      0.70393097      0.81395993     0.047680586      0.24695114      0.80850511       13.748333        147.7043       68.800505   2.1622959e-09       9.2963715       10.306844       1020.4295       11.452992       1406.9125      -15.745927       -15.745927       2543.7759                                 94.674153          11.452992             1406.9125          10.306844                       22.52177                      402.70293                                586.67157                        8.5331965
              1       1256.0265       1.0422144     0.022549762      0.11687257     0.072396831       3.0728883      0.97210417       1.3929153       1.0003631      0.29621615      0.70370727      0.81341047     0.047688814       0.2471651      0.80826449       13.752681       147.73238       68.764252   2.1604211e-09       9.3279572       10.312468        1020.533       11.642522        1406.861      -15.877113       -15.877113       2543.8072                                 94.458223          11.642522              1406.861          10.312468                      22.616597                      402.95154                                586.44587                         8.519024
              3       1255.9448       1.0420661     0.022504007      0.11680378     0.068996294       3.0707602      0.97059882       1.3765126       1.0029708      0.29654231      0.70338096      0.81189964     0.047683447      0.24749401      0.80720725       13.761649       147.80153       68.698318   2.1558286e-09       9.0233307       10.335484       1019.3346       11.991205       1406.7865      -15.249154       -15.249154       2542.3878                                 93.940027          11.991205             1406.7865          10.335484                      22.734996                      401.15911                                586.88382                        8.5567131
              4       1256.5724        1.041863     0.022558557      0.11748807     0.068940186       3.0719345      0.96749429       1.3823541       1.0026186      0.30044756      0.69947511       0.8134328      0.04817419      0.25089781      0.81403934       13.765166       147.55719       68.430301   2.1583615e-09       9.0170135       11.715592       1018.2223       13.461556       1405.9524      -15.331845       -15.331845       2543.8084                                  94.45656          13.461556             1405.9524          11.715592                      23.444889                      401.30246                                 585.1571                        8.3178401
              1       1256.1783        1.041863     0.022558557      0.11748807     0.068940186       3.0719345      0.96749429        1.355855       1.0025359      0.30044756      0.69947511       0.8134328      0.04817419      0.25089781      0.81403934       13.765166       147.55719       68.430301   2.1583615e-09       9.0170135       11.715592       1018.2313       13.461556       1405.9524      -15.373453       -15.373453       2543.1035                                 93.742682          13.461556             1405.9524          11.715592                      23.457575                      401.32652                                585.13239                        8.3147897
              5       1259.6575       1.0421056     0.022442076      0.11828985     0.061962973       3.0631344      0.96139562       1.3293685       1.0024862       0.3046828      0.69523916      0.81148588     0.048365433      0.25492917      0.81779473       13.774143       147.47173       68.118328   2.1394511e-09       8.3972321        14.35253       1023.3279       15.280115       1405.1666      -15.518424       -15.518424       2550.3519                                 92.224677          15.280115             1405.1666           14.35253                      24.911222                      398.41627                                591.66104                         8.339356
              2        1259.446       1.0421056     0.022442076      0.11828985     0.061962973       3.0631344      0.96139562       1.3351805       1.0036423       0.3046828      0.69523916      0.81148588     0.048365433      0.25492917      0.81779473       13.774143       147.47173       68.118328   2.1394511e-09       8.3972321        14.35253       1020.3662       15.280115       1405.1666      -14.953137       -14.953137       2548.7982                                 93.632764          15.280115             1405.1666           14.35253                      24.706406                      398.38931                                588.95926                        8.3112062
              3       1259.2631       1.0419282     0.022356895      0.11828531     0.057020133       3.0529864      0.96100859       1.3106214       1.0039591      0.30569227      0.69422938      0.80744554     0.048372193      0.25592641      0.81506988       13.788527       147.56731       67.984179   2.1178497e-09       7.9297638       15.336048       1019.9518       16.097509       1404.9973      -14.781439       -14.781439       2548.0892                                 91.706448          16.097509             1404.9973          15.336048                      24.456509                      396.69047                                 590.3401                        8.4647574
              1       1259.0946       1.0420606     0.022456305      0.11881204     0.046702515       3.0319017      0.96061676       1.2706014       1.0029754      0.30754533      0.69237619      0.80035882     0.048666133      0.25748326      0.81036127       13.776354        147.3156       67.929079    2.073663e-09       6.8523407       17.583795       1019.4489       16.439413       1404.7044      -15.250883       -15.250883       2548.6909                                 90.514321          16.439413             1404.7044          17.583795                      24.223751                      395.82088                                590.12407                        9.2802283
              7       1263.9626       1.0420606     0.022456305      0.11881204     0.046702515       3.0319017      0.96061676        1.230354        0.999943      0.30754533      0.69237619      0.80035882     0.048666133      0.25748326      0.81036127       13.776354        147.3156       67.929079    2.073663e-09       6.8523407       17.583795       1032.1879       16.439413       1404.7044      -15.899613       -15.899613       2559.7244                                 88.808909          16.439413             1404.7044          17.583795                      24.742261                      395.81753                                603.06695                        8.5611565
              5       1257.6264       1.0420356     0.022471854      0.11867828     0.047984904       3.0345024      0.96095756       1.2328966       1.0022205      0.30680739      0.69311426      0.80096446      0.04862348      0.25679016      0.81000095        13.77483       147.33403        67.98239    2.079063e-09       6.9835968       16.792979       1019.6445       16.108552       1404.8183      -15.496909       -15.496909       2546.2466                                 88.882279          16.108552             1404.8183          16.792979                      24.346752                      395.72018                                590.64595                        8.9315981
              1       1256.1041       1.0421879     0.022472764      0.11833469     0.050015292       3.0367921      0.96361481       1.2444184       1.0013379      0.30449642      0.69542563      0.80164907     0.048376098      0.25473372      0.80763431       13.768617       147.42466        68.15737   2.0838288e-09       7.1913605       14.170745        1020.216        15.04622       1405.1987       -15.76634        -15.76634       2543.7409                                 89.109291           15.04622             1405.1987          14.170745                      23.859007                      395.67264                                591.69646                        8.9878602
              1       1255.3283       1.0417722      0.02251887      0.11793728     0.046169525       3.0244632      0.96691572       1.2164219       1.0001811       0.3033428      0.69657935      0.79581807     0.048411928      0.25354608      0.80023955       13.774236       147.47918       68.201999   2.0582953e-09       6.7709198       13.786641       1020.0103       14.781071        1405.402      -15.808276       -15.808276       2542.2731                                 88.293157          14.781071              1405.402          13.786641                      22.885732                      395.99217                                590.83609                        10.296266
              1       1255.8867       1.0418112      0.02251128      0.11854343     0.048031163       3.0275098      0.96767544       1.2568946        1.000734      0.30652602      0.69339564      0.79938867     0.048696889      0.25643572       0.8080366        13.77669       147.32619       67.990695   2.0645756e-09       6.9779816       16.969442       1016.2015       16.057311       1404.8627      -15.844808       -15.844808       2543.4629                                 89.371936          16.057311             1404.8627          16.969442                       22.58387                      395.77382                                587.67337                        10.170484
              2       1257.8155        1.041478     0.022519423      0.11789332     0.066275988       3.0582469      0.96702137        1.299293      0.99885511      0.30398364      0.69593833      0.80897799     0.048530323      0.25406517       0.8143314       13.782747       147.49206       68.119592   2.1290201e-09       8.7832794       14.741684       1020.5674       15.272511       1405.2879      -15.818312       -15.818312       2547.2675                                 91.397988          15.272511             1405.2879          14.741684                      23.268634                      400.03598                                  588.693                        8.5698361
              2       1257.7123       1.0415003     0.022551075      0.11769256     0.069008424       3.0644305      0.96693501       1.3040805       0.9991143      0.30265699      0.69726521      0.81064178     0.048444521      0.25282873      0.81422365       13.777753       147.51082       68.227788   2.1422258e-09       9.0289459        13.59843       1021.6397       14.628931       1405.5272      -15.821008       -15.821008       2547.0666                                  91.67232          14.628931             1405.5272           13.59843                      23.458365                      401.42937                                588.35399                        8.3980151
              1       1256.7962       1.0414902     0.022522708       0.1171732     0.069084964       3.0621131      0.96916906       1.2940398      0.99844426      0.30007847       0.6998441      0.80868043     0.048158599      0.25054256      0.80878618       13.778611       147.68145       68.386974   2.1372671e-09       9.0331573        11.74893       1022.3591       13.707233       1406.0267      -15.721298       -15.721298       2545.0351                                 91.193151          13.707233             1406.0267           11.74893                      22.956065                      401.29416                                589.48458                        8.6242738
              1       1255.1853       1.0417232     0.022519715      0.11729795      0.06852889       3.0645911      0.97111487       1.3228502       1.0004114      0.30007213      0.69985051      0.81094244     0.048109442       0.2505866      0.81103992       13.772578       147.65128       68.417355     2.14257e-09        8.984726       11.557663       1018.7996       13.534731        1406.028       -15.92284        -15.92284       2542.2163                                 92.296389          13.534731              1406.028          11.557663                      22.517371                      400.92034                                586.70307                        8.6587853
              4       1255.1396        1.041715      0.02252118      0.11729157     0.068362846       3.0644318       0.9711253       1.3221931       1.0004622      0.30005414       0.6998685       0.8108453     0.048111371      0.25056672      0.81091846       13.772636       147.65134        68.41821   2.1422286e-09       8.9685822       11.557042       1018.7331       13.529889       1406.0316      -15.917198       -15.917198       2542.1136                                 92.261933          13.529889             1406.0316          11.557042                      22.514962                      400.80149                                586.76015                        8.6564994
              1       1256.0852       1.0416909     0.022513458      0.11702868     0.069509694       3.0649603      0.97242855       1.3222292       1.0004659       0.2987729      0.70114992      0.81054494     0.047981952      0.24941813      0.80888554       13.772913       147.73059       68.498671   2.1433612e-09        9.072464       10.985377       1021.3922       13.078398       1406.2971      -15.926371       -15.926371       2544.0232                                 92.270148          13.078398             1406.2971          10.985377                      22.223536                      401.32601                                588.97478                        8.8679164
              1       1255.4818       1.0416909     0.022513458      0.11702868     0.069509694       3.0649603      0.97242855       1.3351781      0.99952735       0.2987729      0.70114992      0.81054494     0.047981952      0.24941813      0.80888554       13.772913       147.73059       68.498671   2.1433612e-09        9.072464       10.985377       1020.3007       13.078398       1406.2971      -15.929947       -15.929947       2542.8234                                 92.161846          13.078398             1406.2971          10.985377                      22.344408                      401.35369                                587.93405                         8.668579
              1       1255.2277       1.0417432     0.022501844       0.1170567     0.068292156       3.0620405      0.97238014          1.3292       0.9988756      0.29883423      0.70108858      0.80954248     0.047961432      0.24949986      0.80796806       13.772732       147.73589       68.495648   2.1371121e-09        8.962265          10.965       1019.9701       13.095221       1406.2841      -15.858476       -15.858476       2542.1723                                 91.857958          13.095221             1406.2841             10.965                      22.360336                      400.73345                                588.15817                        8.7181052
              3       1256.4087       1.0419893     0.022456794      0.11697559     0.071668216       3.0727832      0.97362859       1.3674316       1.0007337      0.29793911      0.70198387      0.81440949     0.047765014      0.24880403      0.81160732       13.769811       147.80829       68.567596   2.1601942e-09       9.2872467       10.537752       1021.3503       12.697733       1406.4759      -15.960056       -15.960056       2544.7375                                 93.675817          12.697733             1406.4759          10.537752                      22.276912                      402.54338                                588.04308                        8.4869205
              1       1256.6826       1.0420743     0.022497901      0.11738913     0.075817143       3.0800201      0.97131452       1.3831692       1.0001773      0.29964718      0.70027561      0.81800858     0.047971086      0.25030263      0.81752741        13.76488       147.65187       68.482756    2.175884e-09       9.6648712       11.086468       1020.1912       13.167097       1406.1147      -15.956482       -15.956482       2545.2782                                 94.718658          13.167097             1406.1147          11.086468                      22.860529                      405.21255                                583.67984                        8.4383198
              2       1256.8549       1.0420982     0.022544984      0.11717057     0.077198753        3.080975      0.97263946       1.3831849      0.99967551      0.29815187      0.70177121      0.81785505     0.047890026      0.24889357      0.81533199       13.758092        147.6582       68.612371   2.1779627e-09       9.7715607       10.619211       1021.2925       12.453453       1406.4299      -15.891603       -15.891603        2545.493                                 94.697943          12.453453             1406.4299          10.619211                      22.640579                      405.88842                                584.34586                        8.4176403
              1       1256.8892        1.042492      0.02273776      0.11829597     0.057619519       3.0494411      0.97188862       1.3369831       1.0012631      0.30183545       0.6980874      0.80831941     0.048441314      0.25202185      0.81078836       13.731093        147.1423       68.511879   2.1103547e-09       7.9037933       12.359402       1021.5863       13.005014       1405.6815      -15.368998       -15.368998       2544.5164                                 91.884193          13.005014             1405.6815          12.359402                      22.304461                      396.52258                                593.75782                        9.0013951
              2       1257.5959       1.0426293     0.022675134      0.11821351     0.054444303       3.0392377      0.97064743       1.3004076      0.99818592      0.30135568      0.69856722      0.80391992     0.048280551      0.25170361      0.80573429       13.733314       147.23308       68.531277   2.0889314e-09       7.6005707       11.825766       1025.0709       12.897618       1405.7737      -15.379471       -15.379471       2545.9508                                  90.38282          12.897618             1405.7737          11.825766                      22.598955                      395.92695                                597.26046                        9.2845059
              2       1257.9603        1.042864     0.022719476      0.11787017     0.057010043       3.0479714      0.97063828       1.3066863       1.0019697       0.2986004      0.70132304       0.8062595     0.048034149       0.2492044      0.80437657       13.720031       147.27569       68.773971   2.1072554e-09       7.8413239       10.591334       1027.2185        11.59156       1406.3339      -15.224204       -15.224204        2546.369                                 90.633704           11.59156             1406.3339          10.591334                      22.494021                      396.39512                                 598.7295                        9.5998454
              1       1258.1459       1.0428462     0.022713983      0.11787781     0.058257511       3.0459099      0.97032363       1.2981858      0.99999436      0.29872404      0.70119937      0.80536475     0.048041691      0.24931996      0.80365024        13.72118       147.27984       68.760259   2.1029158e-09       7.9662628        10.62597       1028.4478       11.663491       1406.3076      -15.543298       -15.543298       2547.3785                                 90.333612          11.663491             1406.3076           10.62597                      22.549939                      396.68955                                599.35046                        9.8578591
             11       1256.4933       1.0421899     0.022739304       0.1173264     0.071860673       3.0719074      0.97346547       1.3622016      0.99981428      0.29760253      0.70232088      0.81423015     0.048093825      0.24814635      0.81097013       13.735383       147.40021       68.761275   2.1583032e-09       9.2381134       10.612185       1021.7746       11.658154       1406.5496      -15.489634       -15.489634       2543.9659                                 93.371362          11.658154             1406.5496          10.612185                      22.416743                      402.48105                                 588.3841                        8.4927109
              2       1256.1544       1.0421642     0.022723223      0.11749412     0.070366228       3.0696209      0.97309182       1.3618308      0.99992688      0.29865157      0.70127166      0.81382502     0.048177303      0.24910858      0.81199398       13.738657       147.37307       68.677381   2.1533738e-09       9.1082611       10.929306       1020.6903       12.103009       1406.3229      -15.536816       -15.536816       2543.3824                                 93.336887          12.103009             1406.3229          10.929306                       22.43485                      401.69588                                588.05084                        8.5087409
              4       1256.5666       1.0421642     0.022723223      0.11749412     0.070366228       3.0696209      0.97309182       1.3574234       1.0006972      0.29865157      0.70127166      0.81382502     0.048177303      0.24910858      0.81199398       13.738657       147.37307       68.677381   2.1533738e-09       9.1082611       10.929306       1021.8588       12.103009       1406.3229      -15.498979       -15.498979       2544.1312                                 92.917125          12.103009             1406.3229          10.929306                      22.334204                      401.70446                                589.22012                        8.6000645
              1       1259.5572       1.0420981      0.02272813      0.11745557     0.067075856       3.0606902      0.97342557       1.3343461       0.9968051      0.29861414      0.70130907      0.81009033     0.048193179      0.24905513      0.80821705       13.739917        147.3776       68.673482   2.1342282e-09       8.7994232       10.959532       1026.9761       12.123882       1406.3309       -14.70641        -14.70641       2548.5271                                 92.136761          12.123882             1406.3309          10.959532                      22.515522                      400.03668                                595.93294                        8.4909506
              2       1257.2651       1.0422192     0.022708286      0.11787604     0.067514352       3.0596736      0.97199421       1.3396692      0.99833455      0.30059165      0.69933127       0.8109026     0.048332474      0.25088819      0.81170183       13.740407       147.28746       68.544508   2.1320596e-09       8.8541718       11.770947       1022.2865        12.82462       1405.9238      -15.355498       -15.355498       2545.2412                                 92.435359           12.82462             1405.9238          11.770947                      22.416114                      400.29931                                590.68059                        8.8904906
              5       1256.5471       1.0422192     0.022708286      0.11787604     0.067514352       3.0596736      0.97199421       1.3413157      0.99764249      0.30059165      0.69933127       0.8109026     0.048332474      0.25088819      0.81170183       13.740407       147.28746       68.544508   2.1320596e-09       8.8541718       11.770947       1020.4676        12.82462       1405.9238         -15.133          -15.133       2543.3603                                  92.37337           12.82462             1405.9238          11.770947                      22.507721                      400.31188                                 588.8958                        8.7521557
              1       1256.1769       1.0422392     0.022709101      0.11791377     0.065072122       3.0554886      0.97203409       1.3327532      0.99807571      0.30072737      0.69919554      0.80936805     0.048342839       0.2510133      0.81034863         13.7399       147.27627        68.53839   2.1231557e-09       8.6239471       11.834645       1020.3411       12.858348       1405.8968      -15.277618       -15.277618        2542.909                                 91.978063          12.858348             1405.8968          11.834645                      22.399452                       399.1346                                589.85707                        8.9499548
              2       1256.7896       1.0421483     0.022703718      0.11808913     0.065018829       3.0557946      0.97211077        1.342024      0.99821412      0.30195721      0.69796548      0.81006907      0.04847071      0.25211132      0.81270723       13.743992       147.23554       68.439811   2.1238055e-09       8.6232452       12.703992       1020.0612       13.407929       1405.6584      -15.334446       -15.334446        2544.248                                 92.416572          13.407929             1405.6584          12.703992                      22.357617                      399.13066                                589.70611                        8.8668026
              2       1257.8739       1.0424298     0.022614092      0.11841863     0.058537995       3.0462958      0.97492686        1.361173       0.9993577      0.30339332      0.69652914      0.80886649     0.048426853      0.25358708      0.81342819       13.746703       147.24641       68.335512   2.1037274e-09       8.0245209       13.296146       1021.5666       14.001921        1405.393      -15.758373       -15.758373       2547.2646                                 93.006877          14.001921              1405.393          13.296146                      21.696033                      396.75419                                593.81082                          9.30557
              5       1257.3213       1.0424189     0.022596712      0.11846001     0.058671966        3.048244      0.97413432       1.3632693       1.0003192      0.30374811      0.69617427       0.8096133     0.048438017      0.25392933      0.81465513       13.749072       147.25466       68.301375   2.1078298e-09       8.0420685       13.556841       1020.0364       14.199131       1405.3296      -15.815269       -15.815269       2546.2731                                 93.151177          14.199131             1405.3296          13.556841                      21.804505                      396.77599                                592.25163                        9.2042249
              1       1257.6888       1.0425497      0.02258966      0.11825503     0.058215426       3.0490925      0.97472832       1.3624236       1.0018243      0.30230849      0.69761414      0.80957958      0.04826562      0.25266659      0.81268846       13.744993       147.31696        68.41257   2.1096192e-09       7.9957428       12.325214       1021.9912       13.561828       1405.5922      -15.569865       -15.569865       2546.5174                                 93.047036          13.561828             1405.5922          12.325214                      21.659064                      396.65675                                594.24516                         9.430181
              7       1256.5205       1.0422156     0.022498482      0.11779214     0.053392725       3.0386034      0.97602784       1.3301542       1.0025493       0.3013673      0.69855526      0.80422775     0.048109545      0.25188037      0.80605837       13.762516        147.5412       68.385022   2.0876068e-09        7.524765       11.857584       1021.1287       13.718353       1405.7714      -15.443665       -15.443665       2543.9284                                 91.452383          13.718353             1405.7714          11.857584                      21.255288                      395.80022                                593.48145                        10.591749
              2       1255.9672       1.0421915     0.022497103      0.11779502     0.054042437       3.0395902      0.97605046       1.3329231       1.0010887      0.30146216      0.69846038      0.80462534     0.048121222      0.25196313      0.80658378       13.763396       147.54202       68.374627   2.0896678e-09        7.590744       11.930589       1020.6259       13.777648        1405.753      -15.871011       -15.871011       2543.6764                                 91.589233          13.777648              1405.753          11.930589                      21.394015                      395.88254                                593.42172                         9.927613
              3       1256.1048       1.0421915     0.022497103      0.11779502     0.054042437       3.0395902      0.97605046       1.3106327       1.0022164      0.30146216      0.69846038      0.80462534     0.048121222      0.25196313      0.80658378       13.763396       147.54202       68.374627   2.0896678e-09        7.590744       11.930589       1020.4752       13.777648        1405.753      -15.563533       -15.563533       2543.3366                                 91.400213          13.777648              1405.753          11.930589                      21.280881                      395.85534                                592.94202                        10.396926
              2       1256.3955       1.0420922     0.022529045      0.11767515     0.055605666       3.0415933      0.97706863       1.3160752        1.001035      0.30093429      0.69898834       0.8051083     0.048135196      0.25142285        0.806361       13.762376       147.53869       68.413218   2.0938578e-09       7.7395477        11.76075       1021.1186       13.558156       1405.8559      -15.835743       -15.835743       2544.4626                                 92.169137          13.558156             1405.8559           11.76075                      21.245996                      396.03434                                 593.8602                        9.9780866
              2       1255.9919       1.0420922     0.022529045      0.11767515     0.055605666       3.0415933      0.97706863       1.2980607       1.0010228      0.30093429      0.69898834       0.8051083     0.048135196      0.25142285        0.806361       13.762376       147.53869       68.413218   2.0938578e-09       7.7395477        11.76075       1021.1302       13.558156       1405.8559      -15.826304       -15.826304       2543.6363                                 91.331347          13.558156             1405.8559           11.76075                      21.247184                      396.03434                                593.87536                        9.9733137
              3       1254.8054       1.0420337      0.02254448      0.11737469     0.061930795       3.0527142       0.9748173       1.2942854       1.0006741      0.29942364      0.70049922      0.80772747     0.048023558      0.25002796      0.80695119       13.761043       147.60252       68.516148   2.1172734e-09       8.3530121       11.084603       1017.7403       12.981341       1406.1609      -15.849581       -15.849581         2541.31                                 93.342863          12.981341             1406.1609          11.084603                      21.718472                      397.75628                                588.91288                        9.3527084
              1       1256.6653       1.0420703     0.022404585      0.11765118     0.066332113       3.0619857      0.97358482       1.3290242       1.0012592      0.30158824      0.69833414      0.81268548      0.04802391      0.25218363      0.81483387       13.776212       147.68467       68.302986   2.1369949e-09       8.8141632       11.931969       1018.0835       14.189789       1405.7287      -15.906053       -15.906053       2545.1427                                 95.208691          14.189789             1405.7287          11.931969                      21.941627                      399.78621                                587.46994                        8.8857416
              3       1256.7396       1.0420884     0.022400479      0.11768989     0.065880601        3.060907      0.97344168       1.3270532        1.001222      0.30176514      0.69815721      0.81237194     0.048031458      0.25235252      0.81475836       13.776297       147.67883       68.291361    2.134691e-09       8.7734528       12.016682        1018.267       14.257243       1405.6948      -15.914358       -15.914358       2545.3078                                 95.072139          14.257243             1405.6948          12.016682                      21.941248                       399.5736                                587.81516                        8.9369419
              3       1257.6312       1.0420884     0.022400479      0.11768989     0.065880601        3.060907      0.97344168       1.3404751       1.0017908      0.30176514      0.69815721      0.81237194     0.048031458      0.25235252      0.81475836       13.776297       147.67883       68.291361    2.134691e-09       8.7734528       12.016682       1019.7628       14.257243       1405.6948      -15.780488       -15.780488       2546.8233                                 95.091786          14.257243             1405.6948          12.016682                      21.873759                      399.56754                                589.26128                         9.060188
              2       1255.9744       1.0422362     0.022416408      0.11767928     0.068876482       3.0651624      0.97178235       1.3367124      0.99951531      0.30117855      0.69874396      0.81361269     0.047970368      0.25182975      0.81520927       13.770137        147.6642       68.359124   2.1437944e-09       9.0521088       11.590007       1018.5399        13.86632        1405.808      -16.010821       -16.010821       2543.9705                                 94.166156           13.86632              1405.808          11.590007                      22.467414                      401.17384                                586.23725                        8.6614445
              3       1256.2785       1.0422141     0.022423869      0.11732037     0.070287787       3.0727461      0.97096805        1.335072        1.002519      0.29929356      0.70062924      0.81512999      0.04780538      0.25011495      0.81416969       13.768289       147.75227       68.488379   2.1601139e-09        9.174942       10.795449       1019.3478       13.135721       1406.1878      -15.517803       -15.517803       2543.5926                                 94.125828          13.135721             1406.1878          10.795449                      22.641349                      401.93329                                586.25775                        8.5153963
              4       1259.3548       1.0422141     0.022423869      0.11732037     0.070287787       3.0727461      0.97096805       1.4298799       1.0008059      0.29929356      0.70062924      0.81512999      0.04780538      0.25011495      0.81416969       13.768289       147.75227       68.488379   2.1601139e-09        9.174942       10.795449       1023.2882       13.135721       1406.1878      -15.927949       -15.927949       2550.5655                                 97.158317          13.135721             1406.1878          10.795449                      22.880138                      401.95345                                590.02073                        8.4338617
              1       1260.6095       1.0422182      0.02238837      0.11741356     0.073381506       3.0791958      0.96951135       1.4412408       1.0008607      0.29997905      0.69994361      0.81779114     0.047819365      0.25078387      0.81776258       13.772406       147.76722       68.424138   2.1740912e-09       9.4725494       11.002496       1025.0871       13.496365       1406.0469       -15.92081        -15.92081       2553.0606                                 97.427802          13.496365             1406.0469          11.002496                      23.306371                      403.93269                                589.34809                        8.4999048
              1       1259.4966       1.0422182      0.02238837      0.11741356     0.073381506       3.0791958      0.96951135       1.4454563       1.0026576      0.29997905      0.69994361      0.81779114     0.047819365      0.25078387      0.81776258       13.772406       147.76722       68.424138   2.1740912e-09       9.4725494       11.002496       1021.4815       13.496365       1406.0469      -15.409215       -15.409215       2549.8116                                 97.784343          13.496365             1406.0469          11.002496                      23.039837                      403.85681                                586.15979                        8.4250583
              2       1261.4762       1.0421238     0.022396097      0.11724196     0.073027598       3.0765868      0.96868871       1.4236101      0.99966912      0.29930119      0.70062155      0.81574435     0.047783528      0.25014336      0.81479371       13.773572       147.80463       68.461602   2.1684264e-09       9.4346466       10.811006       1027.7118       13.285452       1406.1862      -15.990431       -15.990431       2554.9333                                 96.938783          13.285452             1406.1862          10.811006                      23.533793                       403.7291                                592.05304                        8.3958667
              2       1259.8387        1.042083     0.022400225      0.11725219     0.074043486       3.0771928      0.97021695       1.4368452       1.0020421      0.29945181       0.7004709      0.81644932     0.047811496      0.25026546      0.81570303       13.774396       147.79738       68.447884   2.1697408e-09       9.5265961       10.888039       1023.2659       13.362487        1406.155      -15.648404       -15.648404       2550.9742                                 97.302857          13.362487              1406.155          10.888039                      22.786696                      404.17035                                 587.8249                         8.483909
              5       1257.9587        1.041995     0.022543233      0.11634787     0.069310812       3.0706095      0.97374894       1.4004568       1.0023086      0.29413333      0.70579034      0.81095311     0.047520013      0.24525551      0.80298463       13.757337       147.88057       68.876303   2.1555036e-09       9.0338593       10.461588       1022.3995       11.061749       1407.3541       -15.46547        -15.46547       2546.8484                                 95.571442          11.061749             1407.3541          10.461588                      22.249322                      401.10664                                590.43834                        8.6051451
              5       1258.7164       1.0419832     0.022404844      0.11658233     0.071177669        3.070903       0.9742914       1.4229371       1.0022517       0.2961714      0.70375179      0.81266387     0.047522821       0.2472823       0.8074616       13.773619       147.97224       68.662538   2.1561363e-09       9.2479401       10.304835        1022.896       12.182578       1406.8712      -15.591072       -15.591072        2548.615                                 96.360481          12.182578             1406.8712          10.304835                      21.942283                      402.16268                                589.89575                        8.8952516
              1       1258.8312       1.0419054     0.022338109      0.11668993     0.067595761       3.0663576      0.97251908       1.4066969       1.0025905      0.29734062      0.70258229      0.81087209     0.047554406      0.24841495      0.80727007       13.783595       148.01758       68.537431   2.1463581e-09       8.9320831       10.380694       1022.8237       12.863638       1406.6072      -15.485887       -15.485887       2548.6343                                 95.958993          12.863638             1406.6072          10.380694                      22.224639                      400.41436                                591.39354                        8.7911503
              1       1260.0244       1.0421313     0.022319024      0.11654417     0.066127556       3.0614274        0.971794       1.3830567       1.0008391       0.2960198      0.70390336      0.80841284     0.047358608      0.24729441      0.80303219       13.778175       148.07818       68.649619   2.1358022e-09       8.7959137       10.303247       1027.3329        12.25205        1406.906      -15.979112       -15.979112        2552.007                                 95.212807           12.25205              1406.906          10.303247                      22.439037                      399.74325                                596.19491                        8.9556799
              1       1255.8809       1.0421092     0.022558874      0.11677741     0.051770078       3.0329754      0.97325572       1.3173884       1.0012264      0.29597016      0.70395327      0.79724263     0.047697766      0.24691045      0.79186992       13.754379       147.74589       68.771688   2.0758907e-09       7.3310394       10.319044       1021.2362       11.603517       1406.9176      -15.759486       -15.759486       2543.2808                                 93.204441          11.603517             1406.9176          10.319044                      21.750209                      395.72392                                592.08857                        11.673512
              2       1255.7916       1.0420007     0.022552402      0.11679384      0.05263413        3.032264      0.97290665       1.3129642      0.99973213      0.29640765      0.70351568      0.79684347     0.047751171      0.24729262       0.7920582        13.75838       147.74875        68.72336   2.0744145e-09       7.4201813       10.354775       1021.2801       11.858171       1406.8171      -15.881521       -15.881521       2543.3462                                 93.036048          11.858171             1406.8171          10.354775                      21.850043                      395.71556                                592.24035                         11.47414
              1       1255.6604       1.0419063     0.022522868      0.11734638      0.05000944       3.0303149      0.97004444       1.3121004       1.0006751      0.29977197      0.70015078      0.79716332     0.048050403      0.25034736       0.7968603       13.767014       147.63311       68.464167   2.0703751e-09         7.16539       11.292848        1019.044       13.271071       1406.0891      -15.890801       -15.890801       2543.1024                                 93.405321          13.271071             1406.0891          11.292848                      22.285873                      395.69252                                590.22511                         10.84054
              6       1255.3419       1.0420233     0.022602394       0.1174163     0.053998131        3.038278       0.9689352       1.3222847       1.0010858      0.29934377      0.70057917      0.80001616     0.048100026      0.24987296      0.79914069       13.755369       147.52633       68.549543   2.0869275e-09       7.5570526       11.137447       1018.2763       12.796894       1406.1775      -15.714364       -15.714364       2542.1126                                  93.72446          12.796894             1406.1775          11.137447                      22.582752                      395.87703                                589.46535                        10.351156
              1       1255.6882       1.0420233     0.022583098      0.11741158       0.0561074       3.0400615      0.97012606       1.3364286      0.99862174      0.29942935      0.70049356      0.80115684      0.04808091      0.24997703       0.8003945       13.757409        147.5492       68.533897    2.090653e-09       7.7732391       11.147003       1018.6247       12.883149       1406.1597       -15.69525        -15.69525        2542.767                                 93.952391          12.883149             1406.1597          11.147003                      22.579311                      396.23487                                590.15915                        9.6513898
              1       1254.9623       1.0420214     0.022599708      0.11719923      0.05693642       3.0422945      0.97118287       1.3403813      0.99962414      0.29821755      0.70170556      0.80156213     0.047988335      0.24886145      0.79917734       13.754678       147.58769       68.625192   2.0953265e-09       7.8483429       10.727412        1018.066       12.383946       1406.4157      -15.807306       -15.807306       2541.5392                                 93.946149          12.383946             1406.4157          10.727412                      22.341756                       396.3642                                589.50225                        9.8577637
              1        1256.638       1.0418408     0.022746318      0.11702105     0.061044892       3.0484478      0.97065526       1.3344208      0.99918403      0.29697586      0.70294755      0.80246825     0.048109359      0.24750413      0.79841338        13.74356       147.47307       68.760775   2.1082595e-09       8.2133331       10.610535       1021.5316       11.660778       1406.6887      -15.418309       -15.418309       2544.1127                                 93.621045          11.660778             1406.6887          10.610535                      22.554303                      397.46796                                591.86456                        9.6447887
              1       1258.8434       1.0415861     0.022752624      0.11751619     0.054266102       3.0378024      0.97218426       1.3406572      0.99991712      0.30030016      0.69962267      0.80016339     0.048488209      0.25043923      0.80056359        13.75283       147.33317        68.50112   2.0859353e-09       7.5528412       12.243428       1023.5237       13.064779        1405.982      -15.453773       -15.453773       2548.5944                                 93.780414          13.064779              1405.982          12.243428                      22.085319                      395.83427                                595.72734                        9.8767929
              3       1259.2628       1.0414921     0.022718961      0.11740831     0.063948502       3.0533202      0.97052782       1.3633762      0.99860633      0.30019889      0.69972389      0.80555862     0.048448809      0.25037644       0.8058256       13.758715       147.40008       68.478254   2.1185567e-09       8.5046234       12.194089       1023.4838       13.192241       1406.0024      -15.393125       -15.393125       2549.3119                                 94.439383          13.192241             1406.0024          12.194089                      22.608135                      398.67575                                593.25273                        8.9471474
              2       1258.9045       1.0414831      0.02269608      0.11692837     0.063698519        3.051304      0.97142134       1.3452537      0.99776353      0.29781536      0.70210776       0.8034225     0.048187846      0.24825989      0.80049184       13.759126       147.55385       68.628841   2.1142896e-09       8.4772491       10.981603       1024.6422       12.364196       1406.5029      -15.209277       -15.209277       2548.2276                                  93.73669          12.364196             1406.5029          10.981603                       22.48868                      398.51256                                594.47016                        9.1707893
              3       1258.0044       1.0414831      0.02269608      0.11692837     0.063698519        3.051304      0.97142134       1.3303873      0.99895078      0.29781536      0.70210776       0.8034225     0.048187846      0.24825989      0.80049184       13.759126       147.55385       68.628841   2.1142896e-09       8.4772491       10.981603       1025.2654       12.364196       1406.5029      -15.518673       -15.518673       2547.0462                                 91.931995          12.364196             1406.5029          10.981603                      22.332848                      398.48813                                594.84987                        9.5945669
              2       1260.1256       1.0414075     0.022587931      0.11723698     0.068585203       3.0585809      0.96870016       1.3466803      0.99608704      0.30028893      0.69963365      0.80698705     0.048287547      0.25062438      0.80737557       13.774414       147.59176       68.394418   2.1297312e-09       8.9706879       12.064263       1024.6834       13.664865       1405.9842      -14.615284       -14.615284       2549.4818                                  93.08505          13.664865             1405.9842          12.064263                      23.202379                      401.05978                                591.89459                        8.5266616
              5         1259.32       1.0418038     0.022659354      0.11719399     0.072993677       3.0686524      0.96789975       1.3612391      0.99627655      0.29848755      0.70143552      0.81070382     0.048139905      0.24897917      0.80865765       13.754763       147.52437        68.60743   2.1512892e-09       9.3595428       10.993297       1024.2834       12.480296       1406.3578      -14.587439       -14.587439       2547.8149                                 93.700041          12.480296             1406.3578          10.993297                      23.712018                      403.53218                                588.75318                        8.2860418
              1       1259.4311       1.0420053     0.022479832      0.11737891     0.074771335       3.0698221      0.96723081       1.3775391      0.99576704      0.29989925      0.70002345       0.8125611      0.04798254      0.25054182      0.81242465       13.768817       147.67462       68.447078    2.153807e-09       9.5743256       11.213786       1022.9042        13.36702       1406.0631      -14.546416       -14.546416       2547.9551                                 94.406971           13.36702             1406.0631          11.213786                      23.760225                        404.837                                585.94599                        8.3609639
              1       1260.0655       1.0417725     0.022414003      0.11740672     0.070557788       3.0583432      0.96689042       1.3492217      0.99529137       0.3011119      0.69881047       0.8079799      0.04804848       0.2516826      0.80947584       13.782927       147.74013       68.299871   2.1292252e-09       9.2037201       11.911048       1023.3439       14.207846        1405.821      -14.258365       -14.258365       2548.6477                                 93.363901          14.207846              1405.821          11.911048                      23.432458                      402.33477                                588.73826                        8.8383828
              5       1261.4167       1.0415799      0.02232563      0.11772725     0.065552439       3.0584427      0.96206827       1.3335094      0.99926596       0.3039144      0.69600738      0.80786434     0.048224764      0.25429827      0.81311777       13.799658       147.75231       68.040392   2.1294369e-09       8.7608185       13.989775       1026.3751       15.752398          1405.3      -15.999742       -15.999742       2554.8329                                 93.415652          15.752398                1405.3          13.989775                      24.425548                      400.00643                                593.52356                         8.419535
              1       1261.0982       1.0415799      0.02232563      0.11772725     0.065552439       3.0584427      0.96206827       1.3183487      0.99859733       0.3039144      0.69600738      0.80786434     0.048224764      0.25429827      0.81311777       13.799658       147.75231       68.040392   2.1294369e-09       8.7608185       13.989775       1026.8442       15.752398          1405.3      -15.880049       -15.880049       2553.9564                                 92.070015          15.752398                1405.3          13.989775                      24.541201                       400.0317                                593.93268                        8.3386209
              3       1256.6668       1.0421614     0.022439023      0.11848059     0.062635445       3.0569721      0.96628055       1.3761477      0.99965653      0.30555729      0.69436455      0.81121032     0.048433352      0.25573361      0.81868939       13.773684       147.42435       68.065918   2.1263076e-09       8.4667206       15.118456       1015.5079       15.596922       1405.0196      -16.003588       -16.003588       2545.3408                                 94.097879          15.596922             1405.0196          15.118456                      23.558845                      398.50689                                584.92689                        8.5152672
              3       1255.4716       1.0420759     0.022398648      0.11827182     0.053740774        3.042859      0.96759901       1.3446255        1.002604      0.30492991      0.69499195       0.8052913     0.048332004      0.25520799      0.81188103        13.77959       147.52413       68.075918   2.0965097e-09       7.5893402       14.506828       1013.9336       15.536224       1405.1246      -15.495702       -15.495702       2541.9347                                 92.833501          15.536224             1405.1246          14.506828                      22.805547                      395.94371                                585.99618                        9.1881309
              1       1255.9922       1.0421067      0.02240758      0.11837447     0.053470672       3.0434495      0.96721229       1.3474344       1.0021004      0.30533641      0.69458541      0.80575314     0.048377534       0.2555682      0.81288794       13.778188       147.48677        68.05744    2.097748e-09        7.561264        14.88577       1014.7724       15.648475       1405.0562      -15.681935       -15.681935       2543.3483                                 92.985487          15.648475             1405.0562           14.88577                      23.018487                      395.91161                                586.95358                        8.8886994
              4       1256.0432       1.0421067      0.02240758      0.11837447     0.053470672       3.0434495      0.96721229       1.3488125       1.0021031      0.30533641      0.69458541      0.80575314     0.048377534       0.2555682      0.81288794       13.778188       147.48677        68.05744    2.097748e-09        7.561264        14.88577       1014.7645       15.648475       1405.0562      -15.681068       -15.681068       2543.4485                                 93.093482          15.648475             1405.0562           14.88577                        23.0181                      395.91161                                586.94552                        8.8892653
              1       1257.0475        1.042187     0.022344335      0.11843537     0.054497007       3.0452874      0.96668184        1.355916       1.0019816      0.30579461      0.69412709      0.80687183     0.048314183      0.25608764      0.81462707        13.78284       147.54101        68.00587    2.101607e-09       7.6805878       15.043221       1016.1539       15.963899       1404.9806      -15.732499       -15.732499         2545.56                                 93.418479          15.963899             1404.9806          15.043221                      23.142148                      396.02472                                588.17202                         8.814977
              3       1254.8056       1.0419286     0.022433196       0.1178595     0.057996084       3.0445752      0.96878306       1.3373251      0.99905322      0.30295745      0.69696471      0.80464997     0.048222342      0.25335048      0.80860643       13.778363       147.59621       68.205819   2.1001107e-09       8.0020599        13.07013       1015.8056       14.758487        1405.472      -15.948848       -15.948848       2541.5089                                 92.402731          14.758487              1405.472           13.07013                      22.782682                      396.73374                                587.19007                        9.0991523
              1       1255.4102       1.0417367     0.022409555      0.11720812     0.058966162       3.0480379      0.96695833       1.3050088       1.0009845      0.30018387      0.69973863      0.80315169     0.047960217       0.2508451      0.80339778       13.783516       147.79731       68.355906   2.1073955e-09       8.0919037       11.432639       1019.9707       13.884763       1406.0053      -15.941563       -15.941563       2542.7035                                 91.410057          13.884763             1406.0053          11.432639                      23.092666                      397.06695                                590.52667                         9.284448
              5       1255.8065       1.0417623     0.022385248      0.11720325     0.056708602       3.0425366      0.96683398       1.2909474       1.0012339      0.30022134      0.69970113      0.80101616     0.047924147      0.25091818      0.80131161       13.785328       147.82557        68.34453   2.0958339e-09       7.8736115       11.396514       1021.0738        13.95005       1405.9978      -15.894887       -15.894887       2543.4028                                 90.984612           13.95005             1405.9978          11.396514                       22.92709                      396.43206                                591.69398                        10.020682
              1       1255.6114        1.042219     0.022567168      0.11685894     0.055002882        3.037331      0.96656893       1.2500234       0.9999254      0.29603369      0.70388978      0.79728062     0.047694943      0.24697738      0.79199264       13.750624       147.71502       68.786367   2.0849521e-09       7.6574249       10.312291       1024.2318       11.526722        1406.903      -15.800402       -15.800402       2542.8236                                 89.849755          11.526722              1406.903          10.312291                      23.126983                      396.01017                                594.01063                        11.084055
              4       1255.5627        1.042213     0.022570011      0.11683683     0.055065761       3.0374816      0.96663369         1.24978      0.99937161      0.29591892      0.70400456       0.7972656     0.047689017      0.24686889       0.7918242       13.750391        147.7178       68.794973   2.0852662e-09       7.6630402       10.312094       1024.0954       11.481813       1406.9295      -15.764358       -15.764358        2542.654                                 89.835262          11.481813             1406.9295          10.312094                      23.202196                      396.00081                                 594.1274                        10.764959
              2       1254.8998       1.0419125     0.022594417      0.11698549     0.052613757       3.0368037      0.96703216       1.2568103       1.0013224      0.29743758      0.70248561      0.79728164     0.047926364       0.2481449      0.79386938       13.757455       147.65052       68.661506    2.083853e-09       7.4117584       10.564086       1021.6879       12.188123       1406.5859      -15.624709       -15.624709       2541.0491                                 90.023087          12.188123             1406.5859          10.564086                      23.021357                      395.77489                                592.45227                        10.439378
              2       1253.9958       1.0419635     0.022567825      0.11713609     0.055421907       3.0425747      0.96825872       1.2895336       1.0019151      0.29823418      0.70168887      0.80064198     0.047955753      0.24890966      0.79828219       13.759499       147.63993        68.60006   2.0959138e-09       7.7037506       10.727606       1018.5923       12.520385       1406.4121      -15.553293       -15.553293       2539.0981                                 90.845688          12.520385             1406.4121          10.727606                      22.764785                      396.09798                                589.66952                        10.060009
              2       1254.1373       1.0420976     0.022665577      0.11719716     0.055300198       3.0440893      0.96886159       1.2959386       1.0019103      0.29761011      0.70231318      0.80135359     0.048008363       0.2482374       0.7981553       13.745371       147.51494        68.71079   2.0990906e-09       7.6707611       10.592045       1018.9295       11.924854       1406.5479      -15.369756       -15.369756       2539.0141                                 91.019761          11.924854             1406.5479          10.592045                       22.80187                      396.05143                                590.38944                         9.686804
              1       1256.9725       1.0420155     0.022712869      0.11675641     0.060287872       3.0529123      0.96982775        1.304417       1.0035098      0.29526927      0.70465442      0.80336011     0.047864168      0.24604767      0.79700081       13.740652       147.58101       68.885964   2.1176928e-09       8.1438446        10.34935        1023.462       11.012372       1407.0814      -14.565273       -14.565273       2543.0756                                  91.17039          11.012372             1407.0814           10.34935                      22.544021                      397.22809                                593.65708                        10.032864
              4       1259.4761       1.0420165     0.022708249      0.11676052     0.060019844       3.0524819      0.96971359       1.3028319       1.0042917      0.29531364      0.70461003      0.80318737     0.047861798      0.24609421      0.79688931       13.741133       147.58501       68.880663   2.1167817e-09        8.118576       10.348526       1027.5411        11.03945        1407.071      -14.088329       -14.088329       2547.1289                                 91.128882           11.03945              1407.071          10.348526                      22.458955                       397.1378                                597.53046                         10.41386
              4       1253.6704       1.0420165     0.022708249      0.11676052     0.060019844       3.0524819      0.96971359       1.2373326       1.0018295      0.29531364      0.70461003      0.80318737     0.047861798      0.24609421      0.79688931       13.741133       147.58501       68.880663   2.1167817e-09        8.118576       10.348526       1020.7506        11.03945        1407.071      -15.216631       -15.216631        2537.774                                 88.564529           11.03945              1407.071          10.348526                      22.792082                      397.16378                                591.43758                        9.3571403
              2       1253.7785        1.041821     0.022586273      0.11758528     0.056597189       3.0480616      0.97029681       1.2748321       1.0031692      0.30092928      0.69899333      0.80483596     0.048267854      0.25128488      0.80608153        13.76392       147.49926       68.405858   2.1074454e-09       7.8237762       12.091002       1015.4191        13.59988       1405.8569      -14.997857       -14.997857       2537.5526                                 90.585791           13.59988             1405.8569          12.091002                      22.391721                      396.31381                                587.44241                        9.2711599
              2       1253.4834       1.0418313     0.022579127      0.11763779     0.055778086       3.0453531      0.97019141        1.269364       1.0018671      0.30121942      0.69870315      0.80393623     0.048283548      0.25155844      0.80556846       13.764626       147.49308        68.38392   2.1017451e-09       7.7444611       12.251933       1015.8627       13.724633       1405.8001      -15.528308       -15.528308       2538.0234                                 90.384053          13.724633             1405.8001          12.251933                      22.478618                      396.16307                                588.02842                        9.1926093
              2       1253.7484       1.0418313     0.022579127      0.11763779     0.055778086       3.0453531      0.97019141       1.3101952       1.0024038      0.30121942      0.69870315      0.80393623     0.048283548      0.25155844      0.80556846       13.764626       147.49308        68.38392   2.1017451e-09       7.7444611       12.251933       1015.4355       13.724633       1405.8001      -15.381288       -15.381288       2538.2594                                 91.047306          13.724633             1405.8001          12.251933                      22.408585                       396.1643                                587.49919                        9.3633812
              3       1255.1574       1.0418341     0.022588972       0.1175317     0.056755405       3.0491067      0.97075903       1.3198585       1.0043225      0.30059013      0.69933254      0.80521198     0.048236645        0.250978      0.80600357       13.762986        147.5106       68.432071    2.109649e-09       7.8378143       11.880703        1016.638       13.451566        1405.924      -14.336998       -14.336998       2538.9887                                 91.094434          13.451566              1405.924          11.880703                      22.219196                      396.31664                                588.60867                        9.4935382
              1       1256.5287       1.0417292     0.022551998      0.11680933     0.052650085       3.0397536      0.97083694       1.2663759       1.0049375      0.29728181      0.70264129      0.79902202     0.047885981       0.2480281      0.79539396        13.76659       147.74504       68.625941   2.0900093e-09       7.4215851       10.563006        1022.054        12.37989       1406.6204      -13.895968       -13.895968       2540.8493                                 89.232102           12.37989             1406.6204          10.563006                      22.010099                      395.72666                                593.12214                        11.195068
              1       1259.4863       1.0413561     0.022492326      0.11674624     0.051722463       3.0352417      0.97454082       1.2855541       1.0018159      0.29837543      0.70154733      0.79805725     0.047977034      0.24902442      0.79589348       13.783791       147.82846       68.470024   2.0806007e-09       7.3380585       11.008978       1030.0773       13.238267       1406.3817      -15.678532       -15.678532       2550.3297                                 89.623501          13.238267             1406.3817          11.008978                      21.565912                      395.74027                                602.35299                        10.418136
              1       1258.5572       1.0413561     0.022492326      0.11674624     0.051722463       3.0352417      0.97454082       1.2954571       1.0027604      0.29837543      0.70154733      0.79805725     0.047977034      0.24902442      0.79589348       13.783791       147.82846       68.470024   2.0806007e-09       7.3380585       11.008978       1027.0488       13.238267       1406.3817      -15.341444       -15.341444       2547.7972                                 90.119515          13.238267             1406.3817          11.008978                      21.465917                      395.73872                                598.94126                        10.902861
              2       1261.0596       1.0413416     0.022475307      0.11625646     0.060977506       3.0493201      0.97546598       1.3176714        1.000021      0.29591838      0.70400474      0.80230005     0.047718839      0.24683193      0.79682355       13.783621       147.98035       68.629033   2.1100993e-09       8.2561493       10.407589       1033.5784       12.363157       1406.9295      -15.981914       -15.981914        2554.083                                 90.804401          12.363157             1406.9295          10.407589                      21.663044                      397.39609                                604.94149                        9.5777675
              5       1259.4285       1.0413269      0.02245875        0.116207     0.060161458       3.0479371      0.97558808       1.3139449       1.0023711      0.29579195      0.70413116      0.80166532     0.047685899      0.24673838      0.79602305       13.785582       148.01216        68.62744    2.107183e-09       8.1796417       10.391613       1029.5589        12.37178       1406.9588      -15.544439       -15.544439       2549.9458                                 90.664679           12.37178             1406.9588          10.391613                      21.387415                      397.11687                                600.34028                        10.714355
              2       1262.1746       1.0413269      0.02245875        0.116207     0.060161458       3.0479371      0.97558808       1.2757254          1.0034      0.29579195      0.70413116      0.80166532     0.047685899      0.24673838      0.79602305       13.785582       148.01216        68.62744    2.107183e-09       8.1796417       10.391613       1032.6273        12.37178       1406.9588       -15.03822        -15.03822       2554.4256                                 92.076135           12.37178             1406.9588          10.391613                      21.282748                      397.10928                                602.95315                        11.282125
              7       1258.7327       1.0413202     0.022458856      0.11624665     0.059551926       3.0466572       0.9750719       1.2698842       1.0021815      0.29602032      0.70390276      0.80112899     0.047709328      0.24694265      0.79579751       13.785968       148.00127        68.61075   2.1044877e-09       8.1206818        10.41508       1029.1688       12.462256       1406.9059      -15.575558       -15.575558       2548.6164                                 89.664395          12.462256             1406.9059           10.41508                      21.461106                      396.94296                                 600.0271                        10.737639
              4        1258.074       1.0413202     0.022458856      0.11624665     0.059551926       3.0466572       0.9750719       1.2426562       1.0015459      0.29602032      0.70390276      0.80112899     0.047709328      0.24694265      0.79579751       13.785968       148.00127        68.61075   2.1044877e-09       8.1206818        10.41508       1029.1875       12.462256       1406.9059      -15.727339       -15.727339       2547.6026                                 88.631909          12.462256             1406.9059           10.41508                      21.528813                      396.94408                                 600.3005                        10.414069
              1       1258.2166        1.041472     0.022680729      0.11654324     0.055260313        3.043041      0.97535737       1.2374113       1.0034796      0.29590418      0.70401921      0.80001865     0.047983222      0.24655822      0.79453865       13.759219       147.67351       68.751757   2.0968913e-09       7.6518097        10.48988       1026.0633       11.708205       1406.9329      -14.585188       -14.585188       2545.6036                                 90.409365          11.708205             1406.9329           10.48988                      21.453295                      395.96346                                598.00454                        10.642006
              4       1259.2202       1.0414661     0.022678258      0.11659515     0.055785391       3.0441638       0.9758196        1.246585       1.0041074      0.29620837      0.70371497      0.80079849     0.048010346      0.24683437      0.79572184       13.759913       147.66235       68.728589   2.0992471e-09       7.7058563       10.539171       1026.9991       11.830481       1406.8627      -14.224741       -14.224741       2546.8899                                 90.658437          11.830481             1406.8627          10.539171                      21.330122                      396.03491                                598.83776                        10.796339
              1       1257.9365       1.0414781     0.022678723      0.11665868      0.05567216       3.0438246      0.97558394       1.2464896       1.0029869      0.29650537      0.70341792      0.80082343     0.048037499      0.24710348      0.79614547       13.759816       147.64476       68.709866   2.0985351e-09       7.6953278       10.593073       1025.6148       11.929766       1406.7949      -14.859391       -14.859391       2545.5917                                 90.659268          11.929766             1406.7949          10.593073                      21.465284                      396.05901                                597.81851                        10.271962
              3       1258.8534       1.0415857     0.022702742      0.11686286     0.051228841       3.0395079      0.97539854       1.2425876       1.0042428      0.29713282      0.70279044      0.79975449     0.048111706      0.24765606      0.79592357       13.755042       147.56292       68.693205   2.0894959e-09       7.2454071       10.722584       1026.1037       12.018463       1406.6536       -14.06715        -14.06715       2545.8412                                 90.342876          12.018463             1406.6536          10.722584                      21.493953                      395.66627                                598.75854                        10.184919
              1       1261.3303       1.0414253      0.02264673       0.1171486     0.050963707        3.034859      0.97775792       1.2648259       1.0022565      0.29943029       0.7004925      0.79971231     0.048284981      0.24977195      0.79895261       13.767172        147.5485       68.485199   2.0798045e-09       7.2341766       11.676315        1031.212        13.15346       1406.1595      -15.264431       -15.264431       2553.1894                                 90.988126           13.15346             1406.1595          11.676315                      21.106708                      395.69364                                604.03634                        10.375347
              2       1261.7085       1.0414367      0.02262754       0.1172988     0.048433661       3.0306083      0.97727176       1.2577322       1.0023697      0.30030429      0.69961835      0.79847817     0.048339789      0.25058842      0.79888302       13.769603       147.52939       68.417357   2.0709827e-09       6.9779816       12.136682       1031.5839       13.534717       1405.9811      -15.253503       -15.253503        2553.924                                 90.687535          13.534717             1405.9811          12.136682                      21.135639                        395.817                                604.07476                        10.556524
              7       1262.0485       1.0415233     0.022721315      0.11714911     0.044458902       3.0171974       0.9770954       1.2080803       1.0007895      0.29872069      0.70120233      0.79226476     0.048303371      0.24904795       0.7905737       13.756296       147.46513       68.584822   2.0433942e-09       6.5385895       11.372638       1035.0781       12.603471       1406.3082      -15.344622       -15.344622       2554.7863                                 89.423925          12.603471             1406.3082          11.372638                      21.026686                      396.48235                                604.39518                        13.173853
              1       1262.8426       1.0412929     0.022699785      0.11723897     0.046418611       3.0214045      0.97619949       1.2170752       1.0007672      0.29999721      0.69992551      0.79385842     0.048440263       0.2501824      0.79385473       13.765891       147.46508       68.455387   2.0520093e-09       6.7512665       12.225963       1035.2631       13.320327       1406.0432      -15.422391       -15.422391         2556.53                                 89.677309          13.320327             1406.0432          12.225963                      21.163325                      396.09326                                605.85395                        12.152611
              1       1262.9251       1.0412939     0.022699353      0.11724036     0.046429117       3.0214591      0.97619772       1.2172956       1.0009911      0.30000431      0.69991842      0.79388692     0.048440156      0.25018957      0.79389262       13.765916       147.46519       68.454811   2.0521212e-09       6.7526703       12.228676       1035.3595        13.32356       1406.0418      -15.392437       -15.392437        2556.635                                 89.681497           13.32356             1406.0418          12.228676                      21.144057                      396.08629                                605.84829                        12.280888
              1       1262.8221       1.0412841     0.022686037      0.11723432     0.045641841       3.0199001      0.97606354       1.2126568       1.0007397       0.3000772      0.69984549      0.79325322     0.048430172      0.25027193      0.79335528       13.767601       147.48151       68.441783   2.0489245e-09       6.6719513       12.257258       1035.2822       13.396823        1406.027      -15.451308       -15.451308       2556.5469                                 89.583623          13.396823              1406.027          12.257258                      21.169922                      396.23033                                605.58504                        12.296917
              1       1262.9337       1.0412841     0.022686037      0.11723432     0.045641841       3.0199001      0.97606354       1.2098305       1.0006894       0.3000772      0.69984549      0.79325322     0.048430172      0.25027193      0.79335528       13.767601       147.48151       68.441783   2.0489245e-09       6.6719513       12.257258       1035.2786       13.396823        1406.027      -15.451267       -15.451267         2556.77                                 89.810337          13.396823              1406.027          12.257258                      21.174658                      396.23033                                605.61036                        12.263283
              3       1259.2038       1.0413516     0.022610336      0.11718928     0.049506265       3.0286782      0.97420836       1.2197249       1.0016486       0.3000718      0.69985083      0.79639005     0.048309191      0.25038635      0.79648534       13.773458       147.57792       68.412999   2.0669892e-09       7.0916901       12.037395       1027.5234       13.559397        1406.028      -15.456524       -15.456524       2549.3207                                 90.172475          13.559397              1406.028          12.037395                      21.449627                      395.72855                                598.88798                        11.457214
              2       1258.6389       1.0414389     0.022626236      0.11700499     0.048647559       3.0265831      0.97439746       1.2066486       1.0006968       0.2987458      0.70117708      0.79498505     0.048187314      0.24918666      0.79332152       13.768267       147.60958       68.523541   2.0626632e-09        6.996933       11.297014       1027.9916       12.940394       1406.3028      -15.577493       -15.577493       2548.4327                                 89.900929          12.940394             1406.3028          11.297014                      21.509479                      395.81384                                599.20216                        11.466077
              1        1258.138       1.0416048     0.022603591       0.1172871     0.046816439       3.0253133      0.97501765       1.2226751       1.0015242      0.29988376      0.70003897      0.79588615     0.048233238      0.25027601      0.79573194       13.767096         147.559        68.45663   2.0600457e-09        6.813736       11.702575        1026.127        13.31335       1406.0663      -15.506392       -15.506392       2547.2889                                 90.079679           13.31335             1406.0663          11.702575                      21.398811                      396.01978                                597.37108                        11.337311
              3       1258.7983       1.0415997     0.022591693       0.1172941     0.046409664       3.0242129       0.9750131       1.2206977       1.0009979      0.30000396      0.69991874      0.79551599     0.048228854          0.2504      0.79552124       13.768552       147.57031       68.441721   2.0577802e-09       6.7730255        11.75196       1027.6343       13.397174       1406.0418      -15.630343       -15.630343       2548.8572                                 90.031897          13.397174             1406.0418           11.75196                      21.425877                      396.06069                                598.92517                        11.222613
              4       1258.1887       1.0414584     0.022676506      0.11719924     0.052072181       3.0341056      0.97251535       1.2164476      0.99996566      0.29943184      0.70049099      0.79788994     0.048321049      0.24973821      0.79713403       13.763251       147.50198       68.504625   2.0782382e-09       7.3422699       11.702032       1026.3206       13.045293       1406.1592       -15.52565        -15.52565       2547.4288                                 90.201684          13.045293             1406.1592          11.702032                       22.00763                       395.7039                                598.53454                        10.074517
              2       1257.2638       1.0414428     0.022661016      0.11718865     0.052788694       3.0344523      0.97275937        1.219482       1.0005169      0.29950978      0.70041302      0.79811603     0.048309574      0.24982701      0.79746367       13.765317       147.52206       68.489356   2.0789588e-09       7.4180756       11.729198       1024.3158       13.130275        1406.143      -15.546361       -15.546361       2545.6203                                 90.301987          13.130275              1406.143          11.729198                      21.850635                      395.73171                                596.18989                        10.543552
              2       1260.4153       1.0415138     0.022727794      0.11708984     0.053637271       3.0389714      0.97460965       1.2390303       1.0034952      0.29839849      0.70152458      0.79992629     0.048283171      0.24874691      0.79778828       13.755604       147.47454       68.608947   2.0883751e-09        7.488266       11.240821       1028.9743       12.472054       1406.3769      -14.457368       -14.457368       2549.7453                                 90.681288          12.472054             1406.3769          11.240821                      21.442973                      395.80238                                600.66325                        11.065691
              1       1259.5396       1.0416309     0.022686136      0.11684532     0.050890284       3.0313672      0.97689345       1.2290831       1.0002802      0.29700198       0.7029213      0.79700988     0.048067051      0.24757014      0.79301746       13.755378       147.58603       68.699967    2.072555e-09       7.2145233       10.652471       1030.4894       11.982423       1406.6828      -15.519938       -15.519938       2550.1191                                  90.31193          11.982423             1406.6828          10.652471                      21.294336                      395.67918                                602.59683                        10.919098
              8       1255.8512       1.0419446     0.022699176       0.1170435     0.049901421         3.03118      0.97476111       1.2191371       1.0016553      0.29705784      0.70286553      0.79719462     0.048031352       0.2476635      0.79327587       13.745605       147.51836       68.745241   2.0721669e-09       7.1134491       10.552878       1023.1803        11.74253       1406.6703      -15.255868       -15.255868       2542.2141                                  90.06804           11.74253             1406.6703          10.552878                      21.538037                      395.72133                                594.54569                        11.375293
              3       1256.5725       1.0421018     0.022813935       0.1165847     0.054453088       3.0379616      0.97234107       1.1891787       1.0009434      0.29356097      0.70636312      0.79719194     0.047823113      0.24438761       0.7885903       13.726485        147.5145       69.068684   2.0862674e-09       7.5451202       10.493855       1025.2671       10.099271       1407.4952       -14.99843        -14.99843       2543.1419                                 89.786463          10.099271             1407.4952          10.493855                        22.0807                      395.83734                                595.91474                        11.434355
              2       1255.3851       1.0420171     0.022772845      0.11662172     0.058915379       3.0461389      0.97368927       1.2252968       1.0002779      0.29422582       0.7056981      0.80110303     0.047846481      0.24502599      0.79335604       13.733558       147.55049       68.989603   2.1033972e-09        7.994339       10.403401       1022.5346       10.489611       1407.3317      -15.272802       -15.272802       2541.3158                                 90.556441          10.489611             1407.3317          10.403401                      21.984646                      396.71336                                593.58809                        10.248517
             13       1254.3951       1.0420171     0.022772845      0.11662172     0.058915379       3.0461389      0.97368927       1.2467599       1.0001486      0.29422582       0.7056981      0.80110303     0.047846481      0.24502599      0.79335604       13.733558       147.55049       68.989603   2.1033972e-09        7.994339       10.403401        1022.662       10.489611       1407.3317      -15.313402       -15.313402       2539.4169                                  88.53018          10.489611             1407.3317          10.403401                      22.000191                      396.71336                                593.76107                        10.187424
              8       1254.6368       1.0421953     0.022761023       0.1169361     0.056937577       3.0408066      0.97371159       1.2470885      0.99939755      0.29541926      0.70450451       0.8002933     0.047912104      0.24615125      0.79415992       13.731043       147.47916       68.924444   2.0922113e-09       7.8083344       10.343256       1022.4228       10.816792       1407.0461      -15.322637       -15.322637       2539.9189                                 89.289942          10.816792             1407.0461          10.343256                      21.923815                      396.25778                                593.59881                        10.642376
              1       1256.4965       1.0422275     0.022777709      0.11690564     0.050695425       3.0260284      0.97379443       1.2065918      0.99856254      0.29507383      0.70485002      0.79428213     0.047895861      0.24582351      0.78773386       13.728165       147.46832       68.961393   2.0615194e-09       7.1780243       10.347321       1026.7805       10.630644       1407.1278      -15.061476       -15.061476        2543.116                                 88.229713          10.630644             1407.1278          10.347321                      21.725832                      395.67783                                596.65835                        12.718477
              1       1256.1589       1.0422151      0.02273807      0.11700881     0.050571242       3.0248251      0.97371315       1.2093403      0.99796126      0.29587113      0.70405255      0.79429507     0.047920006      0.24659362      0.78881023        13.73325       147.48459       68.884002   2.0590404e-09       7.1745148        10.34891       1025.7458       11.022392       1406.9406      -15.018142       -15.018142       2542.3541                                 88.296345          11.022392             1406.9406           10.34891                      21.727276                      395.67214                                595.70823                        12.638153
              1       1256.6476       1.0422117     0.022738251       0.1170208     0.050525824       3.0247677      0.97360534       1.2088326      0.99717869       0.2959426      0.70398107      0.79427767     0.047927808      0.24665708      0.78888822       13.733388       147.48117       68.878669   2.0589222e-09       7.1703033       10.353433       1026.1032       11.049648       1406.9241      -14.712301       -14.712301       2542.7198                                 88.289384          11.049648             1406.9241          10.353433                      21.832691                      395.68601                                596.49163                        12.092884
              1       1256.8784       1.0421782     0.022686962      0.11627587     0.054480873       3.0289532      0.97232972       1.1782035      0.99732957      0.29243815        0.707486      0.79311029     0.047522937      0.24356593      0.78305086       13.736217       147.73844       69.093395   2.0675578e-09       7.5703888        10.87972       1026.8016       9.9788197       1407.7783      -14.843539       -14.843539       2543.4439                                 88.005377          9.9788197             1407.7783           10.87972                      21.974651                      395.84646                                 595.5095                        13.471017
              3       1256.7661        1.042152     0.022735284      0.11687873     0.058243696        3.036618      0.96905739       1.1949044      0.99653047      0.29538884      0.70453489      0.79706072     0.047881347      0.24615092      0.79091138       13.734795       147.52316       68.907581   2.0834661e-09       7.9416962       10.341883       1025.5848       10.902283       1407.0533      -14.363935       -14.363935       2542.2601                                 88.377788          10.902283             1407.0533          10.341883                      22.749228                      396.63826                                594.80798                        11.389364
              1       1257.1808       1.0421469     0.022779119      0.11691691     0.056841202       3.0345564      0.96945948       1.1923113      0.99574016      0.29535765      0.70456614      0.79630984     0.047940568      0.24606144      0.79012456       13.730464       147.46426       68.931365   2.0791752e-09       7.7949982       10.351431       1025.3665       10.781804       1407.0606      -13.738865       -13.738865       2541.8393                                 88.278938          10.781804             1407.0606          10.351431                      22.792882                      396.28423                                595.30748                        10.981865
              1       1255.4362       1.0422536     0.022650224      0.11785454     0.050698745       3.0248428      0.96920592       1.2142804      0.99687391      0.30071075       0.6992121      0.79625823     0.048255183      0.25108327      0.79720091       13.745476       147.35593       68.511625   2.0590768e-09       7.2180328        11.71839       1021.2948       13.006424       1405.9001      -14.799792       -14.799792        2540.472                                  88.55223          13.006424             1405.9001           11.71839                      22.511711                      395.68943                                591.72764                        11.366037
              3       1255.0477       1.0421068     0.022651083      0.11776937     0.054605491       3.0336613      0.97089831       1.2477041      0.99663891      0.30068821       0.6992346      0.79986582     0.048282236      0.25103296      0.80078275       13.749353       147.37802       68.493727    2.077315e-09       7.6139069       11.823566       1019.3289       13.105918       1405.9045      -14.734787       -14.734787        2539.565                                 89.402136          13.105918             1405.9045          11.823566                      22.408446                      395.95123                                590.94611                        10.023066
              1       1254.0204       1.0418448     0.022447588      0.11800166     0.052069599       3.0316105      0.96831871       1.2439622      0.99893528      0.30388598      0.69603603      0.79966737     0.048347462      0.25415118      0.80482986       13.779992       147.54166       68.139351   2.0730591e-09       7.4033356       13.978833        1015.888       15.153944       1405.3051      -15.838389       -15.838389       2539.7176                                 89.391667          15.153944             1405.3051          13.978833                        22.6064                       395.7371                                587.43768                        10.106806
              1       1253.3565        1.042082     0.022424235       0.1177833     0.055582466       3.0415078      0.96993211       1.2751182       1.0002365      0.30214546      0.69777686      0.80367965     0.048102949      0.25266076      0.80654831       13.774389       147.62637       68.276769   2.0936787e-09       7.7620087       12.316592       1016.0066       14.342131       1405.6227      -15.980951       -15.980951       2538.6748                                 90.386835          14.342131             1405.6227          12.316592                      22.457309                       396.1749                                587.87375                        9.5006201
              2       1253.1646        1.042082     0.022424235       0.1177833     0.055582466       3.0415078      0.96993211       1.2976574       1.0009439      0.30214546      0.69777686      0.80367965     0.048102949      0.25266076      0.80654831       13.774389       147.62637       68.276769   2.0936787e-09       7.7620087       12.316592       1015.5444       14.342131       1405.6227      -15.935362       -15.935362       2538.1999                                 90.374131          14.342131             1405.6227          12.316592                      22.365318                      396.16996                                587.25083                        9.7582792
              1       1253.7758       1.0420595     0.022416721      0.11755897     0.057443675       3.0436174      0.96999329       1.2937356      0.99938798      0.30105874      0.69886373      0.80377941     0.047992876      0.25168681      0.80519648         13.7748         147.695        68.34357   2.0981002e-09       7.9459076       11.663496       1017.8095        13.95557       1405.8314      -15.977388       -15.977388       2539.5064                                 90.246415           13.95557             1405.8314          11.663496                      22.530986                      396.59886                                 589.2885                         9.391185
              6       1253.9559       1.0418164     0.022493331      0.11682857     0.055725375       3.0425306       0.9735101       1.2843846       1.0025657      0.29746015      0.70246289      0.80133826     0.047803525      0.24828769      0.79793893        13.77035       147.80552       68.595706   2.0958214e-09        7.745163       10.524275       1019.3898       12.544098       1406.5809      -15.413544       -15.413544       2538.7389                                 89.699864          12.544098             1406.5809          10.524275                      21.711059                      396.07235                                591.06834                        10.538058
              2       1254.0449       1.0417766     0.022498792      0.11672635     0.056857116       3.0377232        0.972919       1.2603309      0.99902872      0.29700517      0.70291793      0.79881696     0.047775019      0.24786237      0.79481976       13.770454       147.82703       68.624495   2.0857699e-09         7.85466       10.454477       1021.2608        12.38772        1406.682      -15.831227       -15.831227       2539.7523                                 88.967307           12.38772              1406.682          10.454477                      21.850349                      396.31239                                592.01545                        11.082625
              2       1254.6828       1.0417767     0.022498807      0.11672631     0.056857405        3.037723      0.97291985       1.2603345       0.9999083      0.29700465      0.70291845      0.79881705     0.047774977      0.24786189      0.79481915        13.77045       147.82703       68.624549   2.0857697e-09         7.85466        10.45438       1022.6863       12.387429       1406.6821      -15.906013       -15.906013       2541.1776                                 88.967374          12.387429             1406.6821           10.45438                      21.749034                       396.2806                                593.05839                        11.598305
              5        1255.291        1.042014     0.022613091      0.11646163     0.066234113       3.0617063      0.97139929       1.2928872       1.0024631      0.29428669      0.70563703      0.80675161     0.047629448      0.24530052      0.79903265       13.749886       147.77175       68.903645    2.136398e-09       8.7306366        10.41914       1022.2797       10.922289       1407.3168      -15.284753       -15.284753       2541.1515                                 90.213609          10.922289             1407.3168           10.41914                      22.386089                      399.58628                                590.75638                        9.5509447
              8       1254.5766        1.042014     0.022613091      0.11646163     0.066234113       3.0617063      0.97139929        1.245648        1.000608      0.29428669      0.70563703      0.80675161     0.047629448      0.24530052      0.79903265       13.749886       147.77175       68.903645    2.136398e-09       8.7306366        10.41914       1021.5893       10.922289       1407.3168       -15.68411        -15.68411       2540.5215                                  90.27394          10.922289             1407.3168           10.41914                      22.633366                      399.61036                                590.41454                        8.9310437
              1       1256.1325       1.0421216     0.022685904      0.11626887     0.067017713       3.0616267      0.97363826       1.2507457      0.99997825      0.29256953      0.70735457      0.80650161     0.047544814      0.24367475      0.79645118        13.73798       147.74264       69.075886   2.1362279e-09       8.7825775       10.817569         1022.81       10.064093       1407.7447      -15.562031       -15.562031        2543.389                                 91.952615          10.064093             1407.7447          10.817569                      22.263353                      399.82172                                591.56277                         9.162149
              2        1255.869       1.0421156     0.022677523      0.11632227     0.067116934       3.0618949      0.97392483       1.2566571       1.0013662      0.29291061      0.70701343      0.80692165     0.047567318      0.24399218      0.79733034       13.739312        147.7376       69.046787   2.1368009e-09       8.7945099       10.713642       1021.9005       10.206617        1407.658       -15.44147        -15.44147        2542.621                                 92.142148          10.206617              1407.658          10.713642                      22.036442                      399.83932                                590.42606                        9.5986742
              2       1256.2176       1.0424119     0.022714849      0.11695232     0.069200186       3.0693102      0.97160488       1.2829044       1.0011626      0.29513685      0.70478698      0.81155745     0.047779392      0.24600255      0.80495269       13.729604       147.52713       68.950054   2.1527049e-09       8.9924469        10.34034        1021.943       10.687597       1407.1128      -15.419427       -15.419427        2543.274                                 93.190258          10.687597             1407.1128           10.34034                      22.742263                      401.12081                                 589.4834                        8.5965416
             12         1255.02       1.0424119     0.022714849      0.11695232     0.069200186       3.0693102      0.97160488       1.2960921         1.00083      0.29513685      0.70478698      0.81155745     0.047779392      0.24600255      0.80495269       13.729604       147.52713       68.950054   2.1527049e-09       8.9924469        10.34034       1022.2731       10.687597       1407.1128       -15.48425        -15.48425       2541.0085                                 90.594683          10.687597             1407.1128           10.34034                      22.788636                      401.13976                                589.80569                        8.5389914
              2       1254.6747       1.0420329     0.022593645      0.11718049     0.058994574       3.0569651      0.96939209       1.2654624       1.0043624      0.29811915      0.70180397      0.80687858     0.047968104      0.24878349      0.80434524        13.75489       147.59964       68.630455   2.1262929e-09        8.052597       10.687064       1017.4854        12.35547        1406.437      -14.254886       -14.254886       2537.8592                                 90.894281           12.35547              1406.437          10.687064                      22.830973                      396.93166                                589.00617                        8.7166264
              4       1255.0106       1.0420329     0.022593645      0.11718049     0.058994574       3.0569651      0.96939209       1.2579438       1.0058062      0.29811915      0.70180397      0.80687858     0.047968104      0.24878349      0.80434524        13.75489       147.59964       68.630455   2.1262929e-09        8.052597       10.687064       1016.3296        12.35547        1406.437      -13.070553       -13.070553       2536.1624                                 90.353275           12.35547              1406.437          10.687064                      22.632697                      396.90193                                587.70541                        9.0895686
              3       1254.6326       1.0420329     0.022593645      0.11718049     0.058994574       3.0569651      0.96939209       1.3038874       1.0044167      0.29811915      0.70180397      0.80687858     0.047968104      0.24878349      0.80434524        13.75489       147.59964       68.630455   2.1262929e-09        8.052597       10.687064        1017.316        12.35547        1406.437       -14.25388        -14.25388        2537.773                                 90.977549           12.35547              1406.437          10.687064                      22.823416                      396.93166                                588.83237                        8.7285381
              4       1253.5868       1.0420371     0.022543585      0.11748923     0.055905677       3.0497093      0.96851013       1.2939628       1.0040824      0.30002611      0.69989665      0.80498319     0.048079405      0.25057294      0.80501822       13.761584        147.5723       68.474986   2.1109206e-09       7.7627106        11.35177       1015.4153       13.210509       1406.0374      -14.553641       -14.553641       2536.2808                                 90.265836          13.210509             1406.0374           11.35177                      22.811582                       396.2193                                587.31255                        9.0718769
              1       1253.7676       1.0420762     0.022445947      0.11780838     0.053813392        3.043638      0.96831924       1.2962533       1.0035542      0.30217089      0.69775145      0.80403447     0.048137586      0.25265189      0.80693834       13.772358       147.59532       68.285235   2.0981435e-09       7.5788116       12.383856       1014.8528       14.292847       1405.6179      -14.981455       -14.981455       2537.4981                                 90.350633          14.292847             1405.6179          12.383856                      22.654397                      395.91885                                586.78926                        9.4903382
             10       1257.0172       1.0420525       0.0224455       0.1177592     0.054128136       3.0439286      0.96884723       1.2992243       1.0010853      0.30198161      0.69794075      0.80412364     0.048123423      0.25247715      0.80677503       13.772883         147.609       68.294603   2.0987534e-09       7.6103973       12.278885       1023.2311       14.238414       1405.6536      -15.900422       -15.900422       2545.8352                                 90.433134          14.238414             1405.6536          12.278885                      22.879334                      395.94382                                595.57575                        8.8321864
              1       1253.3439       1.0420525       0.0224455       0.1177592     0.054128136       3.0439286      0.96884723       1.2821763       1.0028542      0.30198161      0.69794075      0.80412364     0.048123423      0.25247715      0.80677503       13.772883         147.609       68.294603   2.0987534e-09       7.6103973       12.278885       1015.0878       14.238414       1405.6536      -15.327969       -15.327969       2537.3437                                  90.08497          14.238414             1405.6536          12.278885                       22.63586                      395.92712                                 587.2201                        9.3047169
              2       1256.3857       1.0422993      0.02242956      0.11741744     0.048061849       3.0293603       0.9690509       1.2327202        1.003708       0.2995255      0.70039729      0.79745535     0.047819568      0.25033265      0.79682445       13.765607       147.71784       68.486907   2.0683997e-09       6.9828949        10.84663       1023.8003       13.143935       1406.1398      -14.822236       -14.822236       2542.4159                                 88.485246          13.143935             1406.1398           10.84663                      22.205559                      395.80327                                593.69304                        12.098423
              4       1255.8851       1.0423207      0.02244282      0.11744221     0.048144226       3.0293909      0.96923784       1.2345583       1.0007499      0.29951833      0.70040449      0.79757357     0.047833742       0.2503117      0.79693303       13.763673       147.69641       68.496998   2.0684631e-09        6.989212       10.847856       1024.9147       13.087708       1406.1413      -15.872006       -15.872006       2543.5142                                 88.522635          13.087708             1406.1413          10.847856                      22.549023                      395.79605                                596.10129                        10.468389
              1       1255.6534       1.0421199     0.022421629      0.11716778     0.053014908       3.0413359      0.96752672       1.2409044       1.0022439      0.29877376      0.70114908      0.80078248     0.047770273      0.24963113      0.79914423       13.770602       147.79413       68.510119   2.0933189e-09       7.4931793        10.67824       1023.5351       13.014784       1406.2969      -15.537463       -15.537463       2542.3816                                 88.856611          13.014784             1406.2969           10.67824                      22.998448                      395.81729                                595.17803                        9.5413456
              1       1254.5171       1.0421199     0.022421629      0.11716778     0.053014908       3.0413359      0.96752672        1.257693       1.0036139      0.29877376      0.70114908      0.80078248     0.047770273      0.24963113      0.79914423       13.770602       147.79413       68.510119   2.0933189e-09       7.4931793        10.67824        1019.776       13.014784       1406.2969      -14.920453       -14.920453       2538.8752                                 89.109289          13.014784             1406.2969           10.67824                      22.805646                      395.80482                                  591.055                        10.110495
              3       1255.1812       1.0422346     0.022375817      0.11761513     0.063572954       3.0575858      0.96674098       1.3141007       1.0009817      0.30107501      0.69884747      0.80892828     0.047902695      0.25179333      0.81037633       13.774217       147.72617       68.345429    2.127613e-09       8.5572662        11.47599       1019.8208       13.944886       1405.8282      -15.957967       -15.957967       2542.2783                                 91.208367          13.944886             1405.8282           11.47599                      23.305558                      398.84135                                588.87602                        8.7978689
              2       1255.2548       1.0423047     0.022426509      0.11744224     0.064984511       3.0603639      0.96691154       1.3120743       1.0013237      0.29965858      0.70026419      0.80934613     0.047826901      0.25045799      0.80888545        13.76589       147.71609       68.476999   2.1335321e-09       8.6772919       10.882749       1020.9429       13.199252       1406.1124      -15.874826       -15.874826       2542.2593                                 91.122015          13.199252             1406.1124          10.882749                      23.319815                      399.42643                                589.37677                        8.8199093
              1       1255.5301       1.0420924      0.02243607      0.11697399     0.065335137       3.0615181      0.96617365        1.288761       1.0015425      0.29774638      0.70217664      0.80770885     0.047697666      0.24867932      0.80466935       13.768941       147.83123       68.584318   2.1359959e-09       8.6990509       10.452645       1022.8091       12.606226        1406.518       -15.80188        -15.80188       2542.6639                                 90.278029          12.606226              1406.518          10.452645                      23.559541                        399.562                                590.93493                        8.7525999
              2       1256.6765        1.041928     0.022483816      0.11756636     0.063929504       3.0579583      0.96257661       1.2732147       1.0005815       0.3011017       0.6988208      0.80690587     0.048117902      0.25160527      0.80838612       13.771588       147.61887       68.356791   2.1284057e-09       8.5635834       11.906634       1023.6278       13.879686        1405.823      -15.910962       -15.910962       2545.1749                                 89.937818          13.879686              1405.823          11.906634                        24.3595                      399.09785                                591.59268                        8.5777541
              1       1258.4581       1.0419861     0.022503257      0.11792524     0.062114459       3.0617046      0.96094683       1.2838612       1.0036329       0.3027311      0.69719119      0.80914158     0.048290273      0.25305856      0.81281631        13.76947        147.5011       68.264178   2.1363944e-09        8.390213       12.995592       1023.3225       14.415587       1405.5135      -14.873032       -14.873032       2546.6623                                 90.415097          14.415587             1405.5135          12.995592                      24.758313                      398.39542                                591.85418                        8.3145503
              1       1258.9202       1.0420274     0.022560064      0.11778341     0.066376083       3.0702129      0.96120803       1.2981399         1.00312      0.30152315      0.69839941      0.81196849     0.048248081      0.25189748      0.81402712       13.761505        147.4763       68.380164   2.1546489e-09       8.7818756        12.22365       1025.3407       13.746046       1405.7413      -15.087194       -15.087194       2548.0148                                 90.963172          13.746046             1405.7413           12.22365                      25.041156                      400.35218                                591.75494                         8.192386
              4       1261.0202       1.0420274     0.022560064      0.11778341     0.066376083       3.0702129      0.96120803       1.2235361       1.0025274      0.30152315      0.69839941      0.81196849     0.048248081      0.25189748      0.81402712       13.761505        147.4763       68.380164   2.1546489e-09       8.7818756        12.22365       1026.1376       13.746046       1405.7413      -15.256558       -15.256558       2552.5534                                 94.704895          13.746046             1405.7413           12.22365                      25.149037                      400.35019                                592.43275                         8.205591
              3       1260.6712       1.0418219     0.022629448      0.11686715     0.071981261       3.0795219      0.96515583       1.2362255       1.0032281      0.29688002      0.70304327      0.81324502     0.047939175      0.24757628      0.80900512        13.75584       147.64511       68.705532   2.1748001e-09       9.2682953       10.502832       1026.5485       11.952806       1406.7102       -14.83242        -14.83242       2551.0072                                  95.29291          11.952806             1406.7102          10.502832                      24.283006                      403.10235                                591.02894                        8.1341673
              3        1259.616       1.0418374     0.022613277      0.11699854     0.070090107       3.0778543      0.96648555       1.2493958       1.0046399      0.29761908      0.70230408      0.81353364     0.047984718      0.24826752      0.81029894       13.757743       147.62765       68.648378   2.1711764e-09       9.1005402       10.649934       1022.1145       12.258738       1406.5459      -13.996726       -13.996726       2547.2254                                 95.656384          12.258738             1406.5459          10.649934                       23.78723                      401.89421                                 588.2388                        8.1942155
              1       1260.0729       1.0418079      0.02252343      0.11695526     0.067761061       3.0737744      0.96618305       1.2400774       1.0055969      0.29798487      0.70193812      0.81198721     0.047898272      0.24871678      0.80925552       13.768004       147.73903       68.573662   2.1623363e-09       8.9054108       10.678475        1021.816       12.664499        1406.466      -13.341758       -13.341758       2546.8294                                 95.204394          12.664499              1406.466          10.678475                      23.619476                      400.69678                                589.20786                        8.2919083
              1       1259.5039       1.0418079      0.02252343      0.11695526     0.067761061       3.0737744      0.96618305       1.2406056       1.0050557      0.29798487      0.70193812      0.81198721     0.047898272      0.24871678      0.80925552       13.768004       147.73903       68.573662   2.1623363e-09       8.9054108       10.678475       1021.6775       12.664499        1406.466      -13.803822       -13.803822       2546.6154                                 95.128948          12.664499              1406.466          10.678475                      23.704302                      400.70489                                589.02457                        8.2437554
              2       1258.3682       1.0417114     0.022484704      0.11842771      0.05262304       3.0448254      0.96503353        1.223068       1.0033725      0.30636108      0.69356055       0.8051537     0.048662095      0.25630492        0.813645        13.78198       147.38685       67.974839   2.1006364e-09       7.4580841       16.839609       1014.9567        16.15521        1404.889      -14.951679       -14.951679       2546.6397                                  93.79917           16.15521              1404.889          16.839609                      23.485328                      395.77812                                587.07858                        8.6146784
              3       1256.8305       1.0420117     0.022437338      0.11856761     0.053761582       3.0448479      0.96621409       1.2409822       1.0028845      0.30648735       0.6934343      0.80646365     0.048547865      0.25654576       0.8151367       13.778727       147.40224       67.983044   2.1006836e-09       7.5872345       16.338099       1012.6004       16.104517       1404.8688      -15.265641       -15.265641       2544.1922                                 94.280374          16.104517             1404.8688          16.338099                      23.156902                      395.92919                                584.67987                        8.8344168
              1       1256.9522       1.0419118     0.022424533      0.11843213     0.053676567       3.0441048      0.96724119       1.2425161       1.0022818      0.30613447      0.69378719      0.80597912     0.048515082      0.25622581      0.81417785       13.782454       147.45255         67.9866   2.0991232e-09       7.5795135       16.054998       1013.5898       16.082567       1404.9253      -15.524771       -15.524771       2544.9539                                  94.30121          16.082567             1404.9253          16.054998                      22.993328                      395.95896                                585.83358                        8.8039353
              2        1257.027       1.0419118     0.022424533      0.11843213     0.053676567       3.0441048      0.96724119       1.3731781       1.0027797      0.30613447      0.69378719      0.80597912     0.048515082      0.25622581      0.81417785       13.782454       147.45255         67.9866   2.0991232e-09       7.5795135       16.054998       1012.7008       16.082567       1404.9253      -15.404609       -15.404609       2544.8631                                 95.099379          16.082567             1404.9253          16.054998                      22.922715                      395.95265                                584.92169                        8.9037788
              1       1258.7628       1.0418029     0.022426454      0.11856405     0.061286526       3.0591682      0.96639922       1.4102947        1.002774      0.30716484      0.69275662      0.81215496     0.048636537      0.25713136        0.821796       13.786106       147.41595       67.904567   2.1309824e-09        8.338974       17.428856       1013.1039        16.59267       1404.7627      -15.383185       -15.383185        2548.292                                 96.403894           16.59267             1404.7627          17.428856                      23.332399                       397.9759                                583.28962                        8.5059418
              2       1258.9063       1.0419198     0.022318567      0.11798045     0.065203131       3.0652222      0.96657319       1.4082963       1.0024447      0.30429979      0.69562203      0.81320544     0.048186343      0.25472274      0.81901239       13.791453       147.69233       68.056744   2.1439224e-09       8.7341461       13.896711       1017.8261        15.65271       1405.2326      -15.540144       -15.540144       2548.8929                                 96.284752           15.65271             1405.2326          13.896711                      23.416686                      399.63419                                586.32967                        8.4455151
              4        1258.863       1.0419862     0.022334155      0.11763213     0.066291269       3.0693485       0.9696161       1.4276547        1.004059      0.30214218         0.69778      0.81460382     0.047991397      0.25276667      0.81750703       13.786159       147.76838       68.218642   2.1527873e-09       8.8274994       12.215924       1017.7662       14.682798       1405.6233       -14.68344        -14.68344       2547.0929                                 96.804723          14.682798             1405.6233          12.215924                      22.777987                      399.98433                                586.51982                        8.4840574
              1       1256.1074       1.0423325     0.022439827      0.11764297     0.061748632        3.057135      0.97139764       1.4047261         1.00242      0.30056593      0.69935673      0.81010015     0.047927195      0.25126298      0.81086389       13.764592       147.64713        68.42562    2.126654e-09       8.3656464       11.258042       1016.8081       13.487989       1405.9288      -15.526889       -15.526889       2543.2686                                 95.785667          13.487989             1405.9288          11.258042                       22.34542                      397.89662                                587.63751                        8.9285738
              4       1256.8554       1.0423365     0.022515126      0.11786309      0.06569893       3.0660359      0.97151495       1.4332939       1.0026249      0.30129052      0.69863212      0.81420683     0.048102969      0.25181137      0.81595619       13.757472       147.50486       68.414986   2.1456678e-09       8.7306366       11.740155       1016.4664       13.548139       1405.7863      -15.344918       -15.344918       2544.4006                                 96.859582          13.548139             1405.7863          11.740155                      22.493857                      399.54827                                585.82459                        8.5996877
              1       1255.6181       1.0423365     0.022515126      0.11786309      0.06569893       3.0660359      0.97151495       1.3623187        1.002855      0.30129052      0.69863212      0.81420683     0.048102969      0.25181137      0.81595619       13.757472       147.50486       68.414986   2.1456678e-09       8.7306366       11.740155       1016.5139       13.548139       1405.7863      -15.294226       -15.294226       2541.8246                                 94.236146          13.548139             1405.7863          11.740155                      22.463468                      399.54827                                585.88051                         8.621645
              6       1253.6718       1.0421898     0.022565478      0.11732067     0.063417297       3.0599489      0.97275313       1.3309116       1.0023547      0.29856028      0.70136279      0.80987208      0.04794095      0.24925084      0.80792643       13.753897       147.59379       68.607082   2.1326468e-09       8.4905853       10.718226       1016.6599       12.482186       1406.3423      -15.431193       -15.431193        2538.206                                 92.003406          12.482186             1406.3423          10.718226                      22.193404                      398.41228                                587.17318                        8.8810241
              5       1254.5938       1.0421898     0.022565478      0.11732067     0.063417297       3.0599489      0.97275313        1.352407       1.0014711      0.29856028      0.70136279      0.80987208      0.04794095      0.24925084      0.80792643       13.753897       147.59379       68.607082   2.1326468e-09       8.4905853       10.718226        1018.599       12.482186       1406.3423      -15.704286       -15.704286       2540.5963                                 92.454526          12.482186             1406.3423          10.718226                        22.3057                      398.42922                                589.16076                        8.7033444
              1       1253.9597       1.0421645     0.022555989      0.11732101     0.065375971       3.0626085      0.97274594       1.3596738       1.0017031      0.29869002      0.70123301      0.81096501     0.047944737      0.24937611      0.80919249       13.755663       147.60443       68.589947   2.1383262e-09       8.6793976       10.759779       1016.8806       12.575494       1406.3147      -15.659321       -15.659321        2539.238                                 92.707382          12.575494             1406.3147          10.759779                      22.256512                      399.28566                                586.58606                        8.7523621
              3       1254.2448       1.0421941     0.022593765       0.1172988      0.06690392       3.0665417      0.97218993       1.3619711       1.0021853      0.29827141      0.70165173      0.81217515     0.047952413       0.2489519       0.8098319       13.750647       147.56855       68.641864   2.1467533e-09       8.8141632       10.658486       1017.1565       12.293849       1406.4042      -15.446898       -15.446898       2539.3834                                 92.870439          12.293849             1406.4042          10.658486                      22.425498                      400.01311                                586.09744                         8.620439
              2       1255.8859       1.0422374     0.022699428      0.11637853     0.068569447       3.0652259      0.97614548       1.3449748          1.0013      0.29273396      0.70719017      0.80917135     0.047557931      0.24382649      0.79931217       13.733636       147.69824       69.086944   2.1439305e-09        8.925766       10.792956       1022.3836       10.010196       1407.7028      -15.465687       -15.465687       2542.7031                                 91.813447          10.010196             1407.7028          10.792956                      21.742669                      400.45212                                 590.8575                        9.3313504
              2       1258.0775       1.0425725     0.022661152      0.11647284      0.06975945       3.0671957      0.97682319       1.3612873      0.99990515      0.29247712       0.7074471      0.81097404     0.047417066      0.24371224      0.80074139       13.728216       147.71557       69.131129   2.1481577e-09       9.0485992       11.060806       1026.4054       9.7962768       1407.7684      -15.691766       -15.691766       2547.5385                                 92.507589          9.7962768             1407.7684          11.060806                      21.803802                      401.11008                                 594.5006                        8.9909331
              4       1257.4005       1.0425596     0.022675013      0.11639363     0.068613074       3.0640883      0.97726429       1.3527603       1.0003592      0.29202647      0.70789784      0.80949758      0.04739512      0.24328498      0.79866754       13.726734       147.72134       69.168277   2.1414929e-09       8.9369965       11.238697       1025.2939        9.618218       1407.8844      -15.650843       -15.650843       2546.1027                                 92.067443           9.618218             1407.8844          11.238697                      21.611272                      400.44167                                593.76056                        9.4804385
              3       1257.7953       1.0423764     0.022633292       0.1163331     0.073539705       3.0677102      0.97610249       1.3524523      0.99730926      0.29246483      0.70745931      0.81039919     0.047413631      0.24370183      0.80015698        13.73632       147.78458       69.091123   2.1492632e-09       9.3995514       11.004108       1025.0108       9.9898625       1407.7715      -15.174664       -15.174664         2545.94                                 92.163728          9.9898625             1407.7715          11.004108                       21.93603                      403.25883                                590.67473                        9.1412237
              3       1258.4226       1.0423793     0.022636015      0.11632619     0.073532031       3.0676262      0.97628975       1.3532966      0.99685469      0.29240551      0.70751864      0.81038957      0.04741114      0.24364523      0.80006633       13.735909        147.7834       69.097095   2.1490828e-09       9.3981476        11.02683       1025.7955       9.9608456       1407.7867      -14.956732       -14.956732       2546.7586                                 92.188749          9.9608456             1407.7867           11.02683                      21.955639                      403.24409                                591.56487                         9.030916
              2        1258.547        1.042611     0.022506444      0.11696601     0.059526399        3.036403      0.97497386       1.2978046      0.99493424      0.29580049      0.70412306      0.80044834     0.047513411      0.24692724      0.79482612       13.745957       147.75429        68.82486   2.0830181e-09       8.1220856       10.322706       1026.3049       11.326537        1406.957      -13.884532       -13.884532        2544.863                                 89.951898          11.326537              1406.957          10.322706                      21.694939                      396.93066                                596.27707                        11.402253
             22       1257.4714        1.042611     0.022506444      0.11696601     0.059526399        3.036403      0.97497386       1.1804083      0.99486863      0.29580049      0.70412306      0.80044834     0.047513411      0.24692724      0.79482612       13.745957       147.75429        68.82486   2.0830181e-09       8.1220856       10.322706        1026.386       11.326537        1406.957      -13.638433       -13.638433       2542.2197                                  87.22747          11.326537              1406.957          10.322706                      21.702365                      396.93066                                596.38892                        11.364042
              8       1258.3771        1.042611     0.022506444      0.11696601     0.059526399        3.036403      0.97497386       1.2346371       0.9967652      0.29580049      0.70412306      0.80044834     0.047513411      0.24692724      0.79482612       13.745957       147.75429        68.82486   2.0830181e-09       8.1220856       10.322706       1029.9818       11.326537        1406.957       -15.02209        -15.02209       2546.7984                                  88.21037          11.326537              1406.957          10.322706                      21.493343                      396.93609                                598.98636                        12.565972
              2       1258.4132       1.0424871     0.022565042      0.11727278     0.058655705       3.0345993      0.97452548       1.2362361      0.99581395       0.2974414      0.70248192      0.80031231     0.047776796      0.24830078      0.79689221       13.744868       147.60667       68.724179   2.0792646e-09       8.0280304       10.376994       1025.5035       11.853832       1406.5851      -14.380568       -14.380568       2545.5875                                 91.268095          11.853832             1406.5851          10.376994                      21.622303                      396.71653                                595.25555                        11.909097
              1       1256.1931       1.0423826     0.022557967      0.11730261     0.058271711       3.0365715       0.9727511       1.2287752        0.995787      0.29794354      0.70197968      0.80059966     0.047834696      0.24874293      0.79785094       13.748873        147.6065       68.671806   2.0833692e-09       7.9922333       10.484916       1020.8625       12.132865       1406.4751      -14.360423       -14.360423        2541.107                                 91.151627          12.132865             1406.4751          10.484916                       22.05641                      396.64753                                591.39879                         10.75981
              3       1257.1552       1.0421253     0.022469497      0.11721002     0.057360414       3.0360925      0.97643477       1.2591152       0.9968853      0.29870981       0.7012131      0.80136026     0.047831275      0.24950735      0.79963523       13.765533       147.72975       68.539463   2.0823716e-09       7.9199371       10.700862       1022.8127       12.852426       1406.3105      -15.157672       -15.157672       2544.6257                                 91.949218          12.852426             1406.3105          10.700862                      21.362546                      396.41772                                594.21954                        10.812909
              2       1256.5985       1.0421513     0.022456167      0.11729235     0.054980004       3.0320903      0.97611637       1.2506516      0.99814237      0.29914566      0.70077718      0.80002664     0.047849122      0.24992403      0.79888667       13.766579       147.72231       68.506351   2.0740541e-09       7.6869049       10.814578       1022.8522       13.035706       1406.2187      -15.656794       -15.656794       2544.5107                                 91.589459          13.035706             1406.2187          10.814578                      21.258174                      395.97258                                593.90627                        11.715182
              6       1256.6289       1.0422001     0.022430329      0.11693013     0.056181388       3.0341144      0.97612948       1.2418701      0.99841529      0.29723295      0.70269017       0.7997264       0.0476201      0.24824534      0.79602973       13.766133       147.84859       68.631371   2.0782564e-09       7.8069305       10.350569       1024.0447       12.350517       1406.6312      -15.736077       -15.736077       2544.7299                                 91.352847          12.350517             1406.6312          10.350569                      21.266217                       396.1403                                 594.6291                        12.009097
              2       1257.2096       1.0421551     0.022407464      0.11714739     0.057007472       3.0356007      0.97655227       1.2597642       0.9983164      0.29864308      0.70127978      0.80126554     0.047730973      0.24954001       0.7994514       13.770969       147.81579       68.516664   2.0813476e-09       7.8981781       10.614183       1024.0457       12.978485       1406.3246       -15.74798        -15.74798       2545.9152                                 91.952274          12.978485             1406.3246          10.614183                       21.19783                      396.30731                                594.93226                        11.608271
              5       1257.4905       1.0423081     0.022521474      0.11726831     0.063442034       3.0475861      0.97563332       1.2809716      0.99609115      0.29818749      0.70173562      0.80587502     0.047820511      0.24899927      0.80343691        13.75482       147.65677       68.626413   2.1064436e-09       8.5025177       10.534916       1021.9717       12.377338       1406.4222      -14.682068       -14.682068       2544.3451                                 93.038894          12.377338             1406.4222          10.534916                      21.708786                      398.29939                                592.24334                        9.7202009
              2       1256.2067       1.0423805     0.022543036      0.11757843     0.060013511       3.0427715      0.97382885       1.2660361      0.99675872      0.29949105       0.7004319      0.80444081     0.047962269      0.25015833      0.80375815       13.751841       147.54941       68.557716   2.0963262e-09       8.1712189       10.914982       1020.2246       12.751951        1406.147      -15.018318       -15.018318       2542.4501                                 92.411592          12.751951              1406.147          10.914982                      21.930403                      397.14832                                591.26138                        9.8844966
              3       1255.7402        1.042098     0.022600971      0.11772494     0.062707662       3.0512769      0.97241945       1.2795545      0.99937667      0.30076752      0.69915522       0.8074519     0.048220441      0.25117278      0.80848413       13.754758       147.44618       68.461744   2.1142324e-09       8.4210968        11.78338       1018.8433       13.284655       1405.8888      -15.749193       -15.749193       2542.9788                                 93.178679          13.284655             1405.8888           11.78338                      22.107468                      398.14922                                589.15315                        9.4334582
              1       1254.2606       1.0420708     0.022604091      0.11705667     0.059346164       3.0496163      0.97354799       1.2559695       1.0022271      0.29729658      0.70262669      0.80475211     0.047896538      0.24803516      0.80111794       13.752053       147.62125       68.697584   2.1107244e-09        8.082077       10.486204       1017.9419       11.995119       1406.6171       -15.34904        -15.34904       2539.2193                                 92.178968          11.995119             1406.6171          10.486204                      21.850942                      396.89201                                 589.2845                        9.9144143
              2       1254.5154       1.0421444      0.02262292      0.11714252     0.053765308       3.0409841      0.97015796       1.2090578       1.0015213      0.29742745      0.70249585      0.80053569     0.047921786       0.2481412      0.79709593       13.748266       147.57682       68.708084   2.0925827e-09       7.5254669       10.502306       1020.0778       11.939238       1406.5882      -15.442908       -15.442908       2539.9166                                 90.809015          11.939238             1406.5882          10.502306                      22.542963                      395.83271                                591.87638                        9.8257838
              1       1253.7469       1.0421444      0.02262292      0.11714252     0.053765308       3.0409841      0.97015796       1.2914426       1.0025271      0.29742745      0.70249585      0.80053569     0.047921786       0.2481412      0.79709593       13.748266       147.57682       68.708084   2.0925827e-09       7.5254669       10.502306       1018.4378       11.939238       1406.5882      -15.238728       -15.238728       2537.9714                                 90.503795          11.939238             1406.5882          10.502306                      22.410945                      395.83359                                589.91969                        10.273607
              1       1254.2551       1.0422897     0.022537414      0.11766968     0.049492378       3.0307741       0.9698894       1.2906167       1.0007332      0.30027359      0.69964921      0.79869129     0.048046369      0.25085402       0.7990554       13.755573       147.53034       68.489147   2.0713261e-09        7.114151       11.292433       1019.2669       13.131443       1405.9874      -15.849658       -15.849658       2540.2095                                 90.531375          13.131443             1405.9874          11.292433                      22.383284                      395.71209                                590.58738                        10.584109
              1       1255.0035       1.0424047     0.022563852      0.11740234     0.051368018       3.0317225      0.97044435       1.2842985       1.0009341      0.29837129      0.70155187      0.79830148     0.047879881      0.24912457      0.79613153       13.748064       147.57266       68.648348   2.0732913e-09       7.2987518        10.57997       1022.0562       12.258897       1406.3827      -15.778261       -15.778261       2541.5636                                 90.285785          12.258897             1406.3827           10.57997                      22.178607                       395.7108                                592.50807                        11.658763
              3       1255.9406       1.0425376     0.022598246      0.11792287     0.056707373       3.0444263      0.96789703       1.3160035      0.99907113      0.30053354      0.69938937      0.80438897       0.0481105      0.25105171      0.80510394       13.742895       147.39583       68.535791   2.0997981e-09       7.8385162        11.33587       1021.7883       12.872691       1405.9353       -15.74438        -15.74438       2543.3699                                 91.437716          12.872691             1405.9353           11.33587                      23.182182                      396.38435                                 593.1361                        9.0856606
              1       1255.3516       1.0424618     0.022603772      0.11805752     0.053867362       3.0369845      0.96784821       1.3021673      0.99971816      0.30143924      0.69848351       0.8017646     0.048219407      0.25184574      0.80368552       13.745189       147.35356        68.46672   2.0842298e-09       7.5549469       11.885395       1020.3814       13.256768       1405.7575      -15.788542       -15.788542       2542.2802                                 90.999156          13.256768             1405.7575          11.885395                      22.850588                      395.91811                                591.51687                         10.09578
              1       1254.5476       1.0422548     0.022660061      0.11769002     0.055174363       3.0405221      0.96968931       1.3074026       1.0008562      0.29978022      0.70014278      0.80205951      0.04817955      0.25023112      0.80176567       13.743619       147.38929       68.580266   2.0916162e-09       7.6679535       11.260667       1019.3325       12.628366       1406.0875      -15.623841       -15.623841       2540.3429                                 91.033848          12.628366             1406.0875          11.260667                      22.497653                      396.02252                                590.66526                        10.147052
              2       1255.4749       1.0422957     0.022658477      0.11748403     0.061989036       3.0486627      0.97219908       1.3395131      0.99721954      0.29858186      0.70134134      0.80542185     0.048054348      0.24916142      0.80351593       13.741598       147.44668       68.667148   2.1087127e-09       8.3340607       10.769438       1019.8638       12.157837       1406.3377      -15.080191       -15.080191       2541.1102                                 91.981351          12.157837             1406.3377          10.769438                      22.385933                      397.87532                                590.31121                        9.2913647
              1       1256.2183       1.0423949     0.022731292      0.11766993     0.062080477       3.0503685      0.97258706       1.3505619      0.99838976      0.29885499      0.70106828      0.80666428     0.048164365      0.24932579       0.8051234       13.731767       147.31644       68.698799   2.1123126e-09       8.3291473       10.890409       1021.5347       11.988645       1406.2799      -15.308609       -15.308609       2543.0538                                 92.360146          11.988645             1406.2799          10.890409                      22.263466                      397.87532                                592.04563                        9.3502954
              1       1255.7971       1.0423949     0.022731292      0.11766993     0.062080477       3.0503685      0.97258706        1.288336       0.9985058      0.29885499      0.70106828      0.80666428     0.048164365      0.24932579       0.8051234       13.731767       147.31644       68.698799   2.1123126e-09       8.3291473       10.890409       1021.6617       11.988645       1406.2799      -15.309308       -15.309308       2542.2129                                  91.39225          11.988645             1406.2799          10.890409                      22.248688                      397.87532                                592.14952                        9.3881661
              1       1254.6887       1.0423864     0.022740679      0.11736121     0.060409671       3.0492885      0.97162057       1.2640933      0.99944887      0.29720457      0.70271896      0.80479956     0.048020068      0.24782432      0.80104119       13.729562        147.3883       68.816143   2.1100327e-09       8.1599884       10.462847       1021.2248       11.371717       1406.6377      -15.410692       -15.410692       2540.1988                                 90.501766          11.371717             1406.6377          10.462847                      22.445852                       397.2364                                592.05779                        9.4847602
              2       1253.9693       1.0421157     0.022672348       0.1174864      0.05711072       3.0421077      0.97095646       1.2501838      0.99862084       0.2990432      0.70087989      0.80220111     0.048152506      0.24952265      0.80092084       13.745486       147.43023       68.618118   2.0949352e-09       7.8539581       11.048582       1019.1335       12.422273       1406.2402      -15.441665       -15.441665       2538.8219                                 89.977324          12.422273             1406.2402          11.048582                      22.482142                      396.40452                                590.67602                        9.5708237
              1       1253.4146       1.0420937     0.022652591      0.11757609     0.059629926       3.0470057       0.9694023       1.2550391      0.99924914      0.29969471      0.70022825      0.80406512     0.048191424      0.25013294      0.80365589       13.748671       147.42839       68.560514   2.1052212e-09       8.1080475       11.316532       1017.6029       12.736584        1406.105      -15.600817       -15.600817       2538.0308                                 90.269766          12.736584              1406.105          11.316532                      22.753814                       397.1172                                588.33503                         9.396864
              2        1253.427        1.042091      0.02260364       0.1171552     0.062186157       3.0492432      0.97097289       1.2582839      0.99835312      0.29775931      0.70216389      0.80417288      0.04793662      0.24845664      0.80116408       13.751973       147.59559       68.668172   2.1099369e-09       8.3600311       10.577369        1018.324       12.152345       1406.5152      -15.532868       -15.532868       2537.9197                                 90.350762          12.152345             1406.5152          10.577369                      22.494593                       397.9485                                588.32149                        9.5594622
              1       1254.0591       1.0421744      0.02255413      0.11732618     0.060334611       3.0458173      0.97047516        1.255653      0.99751576      0.29869891      0.70122412      0.80352438     0.047941081      0.24938865      0.80178005       13.755591       147.60464       68.589735   2.1027209e-09       8.1950836       10.757629       1018.9093        12.57665       1406.3128      -15.335285       -15.335285       2538.7888                                   90.2324           12.57665             1406.3128          10.757629                      22.629195                      397.33379                                589.53004                        9.4162348
              3       1253.4643        1.042323     0.022551101      0.11761199     0.055886134       3.0403599      0.97026463       1.2523729      0.99905091      0.29979167      0.70013123      0.80241123     0.048013388      0.25040686      0.80213257       13.752851       147.53111       68.533466   2.0912768e-09       7.7620087       11.075749       1018.3508       12.885525       1406.0852      -15.756766       -15.756766       2538.4421                                  90.04483          12.885525             1406.0852          11.075749                      22.525383                      396.18869                                589.89028                        9.7464804
              2       1253.2947       1.0420361     0.022569277      0.11797899     0.053029117       3.0368667      0.96946951       1.2521213       1.0004082      0.30248566      0.69743676      0.80171187     0.048351628      0.25275405      0.80502632       13.761177       147.41266       68.320852   2.0839843e-09       7.4749298       12.914979        1015.574        14.08644        1405.559      -15.787223       -15.787223       2538.1638                                 90.029408           14.08644              1405.559          12.914979                      22.496514                      395.79153                                587.48321                        9.8027252
              4       1255.4648       1.0420148     0.022600328      0.11804068     0.048196713       3.0260374      0.96515292       1.1903611      0.99982659      0.30269742        0.697225      0.79614033     0.048420241      0.25289714      0.79971153       13.758781       147.36139       68.319377   2.0615379e-09       6.9709625       13.176425       1020.8273       14.094961       1405.5198      -15.627259       -15.627259       2542.1841                                 88.565609          14.094961             1405.5198          13.176425                       23.21498                      395.76953                                 591.0601                        10.782732
              1       1255.4283       1.0420144     0.022600389      0.11804224     0.048166888       3.0260267      0.96514502       1.1903348      0.99874232      0.30270653      0.69721589      0.79613845     0.048421274       0.2529052      0.79972167       13.758794       147.36091        68.31874   2.0615158e-09        6.967453       13.184176       1020.4965       14.098636       1405.5181       -15.50295        -15.50295       2541.8626                                 88.565205          14.098636             1405.5181          13.184176                      23.381059                      395.75689                                 591.1314                        10.227119
              1       1254.7247       1.0422131     0.022431702      0.11761513     0.047273944       3.0242185      0.96679356       1.1905367       1.0002561      0.30081737       0.6991052      0.79532112     0.047962181      0.25147794      0.79640384       13.768887       147.66239       68.388275   2.0577916e-09        6.901474       11.452981       1021.5781       13.699823       1405.8789      -15.829321       -15.829321       2541.1081                                 88.498314          13.699823             1405.8789          11.452981                      22.803987                        395.857                                591.42299                        11.494095
              3        1254.436       1.0422131     0.022431702      0.11761513     0.047273944       3.0242185      0.96679356       1.2128608       1.0002131      0.30081737       0.6991052      0.79532112     0.047962181      0.25147794      0.79640384       13.768887       147.66239       68.388275   2.0577916e-09        6.901474       11.452981       1021.5777       13.699823       1405.8789      -15.879909       -15.879909       2540.6318                                 88.022329          13.699823             1405.8789          11.452981                      22.809934                        395.857                                591.44245                        11.468359
              1       1255.9947       1.0423686     0.022537396      0.11742611     0.057270894        3.047603      0.97071401       1.2897059       1.0037787      0.29875303      0.70117003      0.80490735     0.047885841      0.24949858      0.80323279       13.752074        147.5962       68.603821   2.1064791e-09       7.9002838       10.672855       1021.7804       12.499916       1406.3014      -14.749587       -14.749587       2541.4886                                 90.234132          12.499916             1406.3014          10.672855                      22.183167                      396.45664                                592.85993                        10.280646
              5       1255.1596       1.0423686     0.022537396      0.11742611     0.057270894        3.047603      0.97071401       1.2284376       1.0022377      0.29875303      0.70117003      0.80490735     0.047885841      0.24949858      0.80323279       13.752074        147.5962       68.603821   2.1064791e-09       7.9002838       10.672855       1017.5835       12.499916       1406.3014      -15.408894       -15.408894       2541.1369                                  94.07931          12.499916             1406.3014          10.672855                      22.379224                       396.4712                                589.09607                        9.6369892
              5       1255.4993       1.0418853     0.022585241      0.11767504     0.056008027       3.0478773      0.97012882       1.2329642       1.0033132      0.30122223      0.69870036      0.80508397     0.048282209        0.251563       0.8067223       13.762537       147.47636       68.394125   2.1070571e-09        7.766922       12.215948       1014.8103       13.666529       1405.7995      -14.865411       -14.865411       2540.7295                                 94.237176          13.666529             1405.7995          12.215948                      22.445048                      396.19355                                 586.9925                         9.179216
              3       1255.9414       1.0419033      0.02260457      0.11771535     0.056243669       3.0484765      0.97034249       1.2367835       1.0023554      0.30127182      0.69865078      0.80546645     0.048311039      0.25158412      0.80717199       13.760127       147.44416       68.402966   2.1083199e-09       7.7865753        12.26999       1016.3902       13.616292       1405.7899       -15.27169        -15.27169       2542.4261                                 94.359795          13.616292             1405.7899           12.26999                      22.549116                      396.23816                                588.72029                         8.882597
              2       1255.8626       1.0418553     0.022585798      0.11776646       0.0568806       3.0495616      0.96979514       1.2384488       1.0023981       0.3017947      0.69812779       0.8059483     0.048343606      0.25207236      0.80835544       13.763803       147.45139       68.351523    2.110609e-09         7.85466        12.63194       1015.6268       13.909897       1405.6892      -15.291862       -15.291862       2542.3089                                 94.451078          13.909897             1405.6892           12.63194                       22.64129                      396.41365                                587.74905                        8.8227774
              5       1254.6662       1.0418553     0.022585798      0.11776646       0.0568806       3.0495616      0.96979514       1.3334096       1.0035193       0.3017947      0.69812779       0.8059483     0.048343606      0.25207236      0.80835544       13.763803       147.45139       68.351523    2.110609e-09         7.85466        12.63194       1014.7951       13.909897       1405.6892      -14.851074       -14.851074       2539.0346                                 92.008489          13.909897             1405.6892           12.63194                      22.491664                      396.39337                                586.80575                        9.1042981
              1       1254.7884       1.0418349     0.022595476      0.11788239     0.054504215       3.0455705      0.97018334       1.3308535       1.0028381       0.3024173       0.6975051      0.80480589     0.048420959      0.25261599      0.80804181       13.763922       147.40951       68.311536   2.1022022e-09       7.6167145       13.140559       1015.4004       14.140286       1405.5718      -15.179829       -15.179829       2539.9364                                 91.683383          14.140286             1405.5718          13.140559                      22.472139                      395.95189                                587.96153                        9.0148722
              1        1254.731       1.0418408     0.022599502      0.11787702     0.054358902        3.045208      0.97012424       1.3289751       1.0028163      0.30234763      0.69757479      0.80461195     0.048418893      0.25254869      0.80775403        13.76329       147.40646        68.31908   2.1014401e-09       7.6012726       13.089612       1015.4395       14.096674       1405.5848      -15.181863       -15.181863       2539.8258                                 91.615181          14.096674             1405.5848          13.089612                       22.47922                      395.94343                                587.97455                        9.0423424
              1       1256.9529       1.0418899     0.022622091      0.11774245     0.055311446       3.0468564      0.97128505       1.3354291       1.0015377      0.30135433      0.69856828      0.80511434     0.048346425       0.2516313      0.80692962       13.758781       147.41741       68.404425    2.104907e-09       7.6897125       12.373341        1021.546       13.608013       1405.7739        -15.5859         -15.5859       2545.0776                                 91.776376          13.608013             1405.7739          12.373341                      22.467243                      396.05708                                594.25788                        8.7637465
              4       1254.8625       1.0418743     0.022642016      0.11782313     0.056264066       3.0486289      0.97112074       1.3408904       1.0029303      0.30171466      0.69820791      0.80596116     0.048412322      0.25192507      0.80826113       13.757497       147.37387        68.38795   2.1086413e-09       7.7823639       12.679762       1015.7376       13.701669       1405.7045      -15.048041       -15.048041       2539.8212                                 91.997599          13.701669             1405.7045          12.679762                      22.331814                      396.26163                                588.14891                        8.9952688
              1       1254.3911       1.0420241     0.022603299      0.11768563     0.051945399       3.0355897      0.97297868       1.3188834       1.0010192      0.30076394      0.69915878      0.80111112      0.04823749       0.2511518      0.80213047       13.756526       147.45315        68.45317   2.0813247e-09       7.3527985        11.85136       1018.1075       13.332775       1405.8895      -15.722429       -15.722429       2540.2271                                 91.045868          13.332775             1405.8895           11.85136                      21.868791                      395.72294                                590.37133                        10.144482
              2       1254.1787       1.0420241     0.022603299      0.11768563     0.051945399       3.0355897      0.97297868       1.3083442       1.0009062      0.30076394      0.69915878      0.80111112      0.04823749       0.2511518      0.80213047       13.756526       147.45315        68.45317   2.0813247e-09       7.3527985        11.85136       1018.2637       13.332775       1405.8895      -15.734161       -15.734161       2539.8256                                 90.488303          13.332775             1405.8895           11.85136                      21.881914                      395.72294                                590.56348                         10.09535
              4       1255.2259        1.041992     0.022673905      0.11714093     0.052662782       3.0369298      0.97435079       1.2954979       1.0008482      0.29757508       0.7023482      0.79985015     0.048036725       0.2481737      0.79661098       13.747355       147.52053        68.70312   2.0841158e-09       7.4026337       10.633486         1022.53       11.965637       1406.5556      -15.584324       -15.584324       2541.6205                                 89.935757          11.965637             1406.5556          10.633486                       21.75067                      395.71559                                594.81471                        10.249029
              1       1255.8377       1.0421009     0.022752336      0.11712882     0.062510099       3.0530526      0.97575872         1.34249       0.9996268      0.29675107      0.70317246      0.80647707     0.048046723      0.24734411      0.80209821       13.735701        147.4377       68.814682     2.11799e-09       8.3551178        10.47757       1022.3048         11.3793       1406.7393      -15.444256       -15.444256        2542.564                                 91.663046            11.3793             1406.7393           10.47757                      21.746447                      397.87719                                593.35451                        9.3266483
              1       1255.9019       1.0421009     0.022752336      0.11712882     0.062510099       3.0530526      0.97575872       1.3153025       1.0006987      0.29675107      0.70317246      0.80647707     0.048046723      0.24734411      0.80209821       13.735701        147.4377       68.814682     2.11799e-09       8.3551178        10.47757        1022.815         11.3793       1406.7393      -15.407857       -15.407857       2542.6195                                 91.208338            11.3793             1406.7393           10.47757                      21.626174                      397.87999                                593.60332                        9.7055403
              1       1255.8072       1.0420731     0.022646922      0.11794009     0.061709356       3.0527766      0.97391679        1.340603       1.0005906      0.30171793      0.69820471      0.80905885     0.048381555      0.25196028      0.81137205       13.751598       147.33774       68.417103   2.1174055e-09        8.317215       12.490701       1018.7929       13.536159       1405.7039      -15.696471       -15.696471       2543.0073                                 92.483625          13.536159             1405.7039          12.490701                      21.870293                      397.69021                                590.06759                        9.1648382
              2       1256.1613       1.0420094     0.022577142      0.11770005     0.063808857       3.0546824      0.97405051       1.3404004       1.0005122      0.30103456      0.69888809      0.80926567     0.048229036      0.25142953      0.81065985       13.759823       147.47938       68.419546   2.1214447e-09       8.5319977       11.969335       1020.1695       13.522333       1405.8362      -15.836924       -15.836924       2543.9964                                 92.499005          13.522333             1405.8362          11.969335                       21.78882                      398.54234                                590.47648                        9.3618225
              5       1256.1635       1.0420645     0.022575931      0.11766839     0.065424771       3.0599395      0.97352641       1.3482174       1.0015188      0.30071054      0.69921217      0.81117494     0.048185782      0.25114992        0.812135       13.758164       147.48933       68.448411   2.1326267e-09       8.6857147       11.733255       1019.7105       13.359524       1405.9001      -15.676027       -15.676027        2543.679                                 92.975583          13.359524             1405.9001          11.733255                      21.932342                      399.26735                                589.43317                        9.0776578
             11       1255.3092       1.0422405     0.022579791      0.11803182     0.065603566       3.0619886      0.97216492       1.3574862       1.0007608       0.3020981      0.69782445      0.81299666     0.048290508         0.25243      0.81583462       13.754213       147.38805       68.379996   2.1370012e-09       8.7088776       12.447169       1016.8511       13.747007       1405.6317      -15.807454       -15.807454       2542.2332                                 93.556233          13.747007             1405.6317          12.447169                      22.347414                       399.4509                                586.35881                         8.694019
              2       1256.6323       1.0422405     0.022579791      0.11803182     0.065603566       3.0619886      0.97216492       1.4214788      0.99986989       0.3020981      0.69782445      0.81299666     0.048290508         0.25243      0.81583462       13.754213       147.38805       68.379996   2.1370012e-09       8.7088776       12.447169       1017.3188       13.747007       1405.6317      -15.815028       -15.815028       2544.8947                                 95.750034          13.747007             1405.6317          12.447169                      22.463852                       399.4634                                586.78751                        8.6040103
              3       1256.2466       1.0420868     0.022636728      0.11779206     0.059993825       3.0546174      0.97365376       1.4015741       1.0026743      0.30095039      0.69897236      0.80926149     0.048290856       0.2512854      0.81054234       13.751587       147.38835       68.465908   2.1213068e-09       8.1508636       11.965226        1016.729       13.261317       1405.8528      -15.154959       -15.154959       2542.8032                                 94.994838          13.261317             1405.8528          11.965226                      21.947201                      397.13841                                588.68655                         8.956845
              5       1258.8653       1.0422267     0.022559752      0.11828747     0.054194317       3.0443414      0.97322833       1.3975562       1.0012591      0.30361837      0.69630393      0.80714334     0.048409706      0.25382645      0.81199632       13.757948        147.3411       68.265446   2.0996199e-09       7.6005707       13.580959       1020.9565       14.408177       1405.3527      -15.742794       -15.742794       2549.2162                                 94.917842          14.408177             1405.3527          13.580959                      22.032968                      395.87818                                594.09877                        8.9466042
              2       1257.7467       1.0423794     0.022672758      0.11779513     0.050030558       3.0297773      0.97165308       1.3196446       1.0010709      0.29989553      0.70002751      0.79878525      0.04818483      0.25034177      0.79864616        13.73905       147.34676       68.595719   2.0692624e-09       7.1443329       11.251351       1024.3889       12.544027        1406.064      -15.567992       -15.567992       2546.6293                                 92.381012          12.544027              1406.064          11.251351                      21.942514                      395.70254                                595.15535                        11.588526
              1       1256.8048       1.0423411      0.02267268      0.11783234      0.04989387        3.029459      0.97132103       1.3177864       1.0005713      0.30020557      0.69971741      0.79865211     0.048221789      0.25061379       0.7989257       13.740372       147.33691       68.569309   2.0686038e-09       7.1302948       11.424567       1022.4089       12.688343       1406.0011      -15.632952       -15.632952       2544.8756                                 92.352647          12.688343             1406.0011          11.424567                      22.045966                      395.67363                                593.40444                        11.284862
              3        1261.902       1.0421665     0.022797079      0.11698799     0.056723297       3.0426975      0.97385178        1.328798      0.99797871      0.29557154      0.70435224      0.80110111      0.04798267      0.24623311      0.79516639        13.72831       147.42534       68.928274   2.0961711e-09       7.7802582        10.35986       1033.2099       10.797423       1407.0104      -14.986833       -14.986833       2553.7778                                 92.400152          10.797423             1407.0104           10.35986                      22.210796                      396.22915                                605.41516                        9.3547674
              2       1258.0842       1.0420842     0.022791995      0.11689254     0.058123244       3.0449961      0.97385789       1.3310085      0.99894508      0.29533944      0.70458435      0.80163579     0.047968638      0.24601513      0.79538463       13.730838       147.45664       68.930667   2.1009948e-09       7.9171295       10.361604       1025.9804       10.785329       1407.0649      -15.241818       -15.241818        2546.652                                 92.459788          10.785329             1407.0649          10.361604                      22.102648                          396.5                                597.76901                        9.6087089
              1       1257.8498       1.0420856     0.022805446      0.11679696      0.05800715       3.0447442      0.97410698       1.3275122      0.99924108      0.29476108      0.70516281      0.80121774     0.047931006      0.24547627      0.79419108       13.728903       147.46732       68.978066   2.1004658e-09       7.9016876       10.367225       1025.7318       10.547173       1407.2024      -15.239608       -15.239608       2546.1788                                 92.330255          10.547173             1407.2024          10.367225                      22.033953                      396.45751                                597.43587                        9.8044418
              8       1255.6869       1.0420856     0.022805446      0.11679696      0.05800715       3.0447442      0.97410698       1.2362068       1.0005749      0.29476108      0.70516281      0.80121774     0.047931006      0.24547627      0.79419108       13.728903       147.46732       68.978066   2.1004658e-09       7.9016876       10.367225       1023.3561       10.547173       1407.2024       -15.16721        -15.16721       2541.7083                                 90.235385          10.547173             1407.2024          10.367225                      21.875131                      396.44713                                594.62414                        10.409734
