#        weight    minuslogpost     theta_s_100         omega_b       omega_cdm        tau_reio            logA             n_s       shmr_beta        A_planck         Omega_m    Omega_Lambda          sigma8         Omega_b       Omega_cdm              S8             age         rs_drag              H0             A_s          z_reio       chi2__BAO       chi2__CMB        chi2__H0        chi2__SN   minuslogprior minuslogprior__0            chi2 chi2__jwst_likelihood_uvlf.UVLFLikelihood chi2__H0.riess2020 chi2__sn.pantheonplus chi2__bao.desi_dr2 chi2__planck_2018_lowl.TT_clik chi2__planck_2018_lowl.EE_clik chi2__planck_2018_highl_plik.TTTEEE_lite chi2__planck_2018_lensing.native
              1       1317.3351       1.0405643     0.022717303      0.11638488     0.049701943        3.048625      0.96399485            1.35       1.0047589      0.29750488      0.70241803      0.79729775     0.048362694      0.24777089      0.79397523       13.781621       147.67497       68.536692    2.108633e-09       7.0769501       11.514938       1124.5677       12.867716        1406.571      -13.742487       -13.742487       2662.1552                                 106.63381          12.867716              1406.571          11.514938                      24.507289                      395.66814                                696.35045                        8.0418563
              2       1299.9874       1.0405491     0.022712537      0.11636206     0.049814858       3.0487082      0.96446512            1.35       1.0068404      0.29745526      0.70246765      0.79739985      0.04835403      0.24772989      0.79401068       13.782473       147.68641       68.535643   2.1088085e-09       7.0888824       11.495606       1086.6553       12.873508       1406.5819      -11.823706       -11.823706       2623.6223                                 106.01598          12.873508             1406.5819          11.495606                      24.040186                      395.65864                                658.74256                        8.2138757
              4       1286.8493       1.0405491     0.022712537      0.11636206     0.049814858       3.0487082      0.96446512       1.2737899        1.009229      0.29745526      0.70246765      0.79739985      0.04835403      0.24772989      0.79401068       13.782473       147.68641       68.535643   2.1088085e-09       7.0888824       11.495606       1061.2104       12.873508       1406.5819      -8.7100277       -8.7100277       2591.1186                                 98.957132          12.873508             1406.5819          11.495606                      23.661104                      395.65321                                633.18599                        8.7101367
              2       1283.5704       1.0403641     0.022665116      0.11693084     0.050206421       3.0494252      0.96505158       1.2737899       1.0106839      0.30129973      0.69862247      0.79990334     0.048695015      0.25122082      0.80163424       13.795854       147.58638       68.223928    2.110321e-09       7.1471405       14.200377       1054.6384       14.651652       1405.7844      -6.5097219       -6.5097219       2580.1603                                 90.885508          14.651652             1405.7844          14.200377                      23.195063                      395.67183                                626.96039                        8.8110995
              2       1282.8776       1.0403641     0.022665116      0.11693084     0.050206421       3.0494252      0.96505158       1.2300781       1.0108956      0.30129973      0.69862247      0.79990334     0.048695015      0.25122082      0.80163424       13.795854       147.58638       68.223928    2.110321e-09       7.1471405       14.200377       1054.6532       14.651652       1405.7844      -6.0808349       -6.0808349       2577.9168                                 88.627183          14.651652             1405.7844          14.200377                      23.164255                      395.67183                                626.94505                        8.8720892
              1       1281.6712       1.0403242     0.022648996      0.11642636     0.053663167         3.04989         0.96751       1.2300781       1.0094695       0.2988138      0.70110875      0.79909516     0.048438715      0.24899749      0.79751379       13.796301       147.74011       68.379854   2.1113021e-09       7.4945831       12.311591       1059.4351       13.747816       1406.2883      -8.4403866       -8.4403866       2580.2232                                 88.440363          13.747816             1406.2883          12.311591                      22.597826                      395.80748                                631.35128                        9.6785622
              2       1279.0408       1.0403233     0.022649459      0.11642473     0.053741206       3.0499017      0.96744732       1.2300781       1.0082954      0.29880538      0.70111718      0.79907226     0.048438743      0.24898907      0.79747969       13.796273       147.74004       68.380532   2.1113269e-09       7.5023041       12.308238       1057.5191       13.743946       1406.2901      -10.108097       -10.108097       2578.2978                                 88.436369          13.743946             1406.2901          12.308238                      22.762643                       395.8263                                 629.6822                        9.2479895
              6       1280.9878        1.040349     0.022701269      0.11615964     0.054155213       3.0494966      0.96848612       1.2300781        1.008936      0.29702943      0.70289346      0.79809195     0.048334776      0.24732319      0.79413081       13.788655       147.75378       68.532286   2.1104717e-09       7.5289764        11.43498       1060.8395       12.892045       1406.6765      -9.1017813       -9.1017813       2580.1792                                 88.336123          12.892045             1406.6765           11.43498                      22.460025                      395.85458                                632.53244                        9.9924699
              1       1279.7622       1.0404224     0.022787588      0.11633148     0.053010229       3.0508589      0.97087534       1.2300781       1.0081689      0.29724084      0.70268215       0.7996724     0.048463413      0.24740751      0.79598653       13.778088       147.61156       68.571268   2.1133487e-09       7.3984222       11.620602       1059.5913        12.67761       1406.6294      -9.9028777       -9.9028777       2579.3302                                 88.811238           12.67761             1406.6294          11.620602                      22.311512                      395.71903                                632.64468                        8.9160535
              1       1272.1355       1.0408442     0.022694491      0.11655847     0.054631719       3.0518956      0.96940027       1.2300781       1.0095257      0.29773545      0.70218748      0.80119449     0.048299462      0.24806511      0.79816486       13.776553       147.65407       68.547099   2.1155409e-09       7.5851288       11.370187       1040.9033        12.81035       1406.5203      -8.2481693       -8.2481693       2560.7673                                 89.163123           12.81035             1406.5203          11.370187                      22.283795                      395.91349                                 612.9113                        9.7947321
              2       1268.4752       1.0408442     0.022694491      0.11655847     0.054631719       3.0518956      0.96940027       1.2721951       1.0067743      0.29773545      0.70218748      0.80119449     0.048299462      0.24806511      0.79816486       13.776553       147.65407       68.547099   2.1155409e-09       7.5851288       11.370187       1040.4661        12.81035       1406.5203      -11.897496       -11.897496       2560.7454                                 89.578363           12.81035             1406.5203          11.370187                      22.642536                      395.92118                                613.07874                        8.8236843
              1       1267.6011       1.0409891     0.022747701      0.11638947     0.054120247       3.0513183      0.96915548       1.2721951       1.0079524      0.29612108      0.70380221      0.80018978     0.048190091      0.24656641      0.79499983       13.765716       147.64032       68.705244   2.1143199e-09       7.5205536       10.781205       1036.3258       11.954339       1406.8828      -10.365372       -10.365372       2555.9329                                 89.988713          11.954339             1406.8828          10.781205                      22.594151                      395.82829                                608.57361                        9.3297845
              5       1265.3207       1.0410674     0.022719013      0.11747142     0.053162733       3.0500206      0.97107331       1.2721951        1.007223      0.30179175      0.69813065      0.80425223     0.048684145       0.2517273      0.80665036       13.771673       147.38221       68.312622   2.1115779e-09       7.4468536       13.859765        1028.954       14.134001       1405.6897      -11.331193       -11.331193       2553.3037                                 90.666142          14.134001             1405.6897          13.859765                      22.201857                      395.76763                                602.17921                        8.8053427
              2        1265.647       1.0411492     0.022730286      0.11782724       0.0518329       3.0491072       0.9704635       1.2721951       1.0070438      0.30338359       0.6965386      0.80496115     0.048837924      0.25316169      0.80948785       13.769701       147.27474       68.221908   2.1096502e-09       7.3148956       15.281603       1027.7123       14.663553       1405.3947      -11.504848       -11.504848       2554.3037                                 91.251528          14.663553             1405.3947          15.281603                      22.378654                      395.69476                                601.03517                        8.6037094
              2       1265.1414       1.0413891     0.022754816      0.11748471     0.054292304       3.0490006      0.96902283       1.2721951       1.0074622       0.3007026      0.69922011      0.80339326      0.04856796      0.25075979      0.80433347       13.758317       147.33915       68.448152   2.1094253e-09        7.554245       12.716955       1030.5142       13.360979       1405.9017      -10.948925       -10.948925       2552.1806                                 89.686797          13.360979             1405.9017          12.716955                      22.402445                      395.87954                                602.62477                        9.6074827
              1       1259.8447       1.0413891     0.022754816      0.11748471     0.054292304       3.0490006      0.96902283       1.2783368       1.0045628       0.3007026      0.69922011      0.80339326      0.04856796      0.25075979      0.80433347       13.758317       147.33915       68.448152   2.1094253e-09        7.554245       12.716955       1025.1384       13.360979       1405.9017      -13.744983       -13.744983       2547.1794                                  90.06138          13.360979             1405.9017          12.716955                      22.789553                      395.89714                                597.73442                        8.7173157
              2        1260.716       1.0413359     0.022799885      0.11686978     0.056086919       3.0490768      0.97360166       1.2783368       1.0049978      0.29734911      0.70257415      0.80243407     0.048316882       0.2476672      0.79888093       13.752153       147.45381       68.693695    2.109586e-09       7.7128754       11.035694       1028.5965        12.01585       1406.6055      -13.271619       -13.271619       2547.9753                                 89.721788           12.01585             1406.6055          11.035694                      21.812267                      396.08054                                601.09267                         9.611003
              5       1260.7076       1.0411978     0.022718521      0.11699419     0.058090797       3.0483014       0.9739117       1.2783368       1.0030956      0.29887205      0.70105085      0.80287491       0.0483762      0.24912424      0.80136415       13.765555        147.5108       68.528961   2.1079508e-09       7.9304657       11.687913       1029.8295       12.910415       1406.2762       -14.74641        -14.74641        2550.908                                 90.204022          12.910415             1406.2762          11.687913                      21.711553                      396.53391                                601.89742                        9.6866483
              1       1260.3856       1.0412952     0.022713278      0.11748834     0.056093607       3.0495349      0.97205897       1.2783368       1.0046783       0.3012391      0.69868345       0.8046412     0.048578867      0.25128256      0.80630121       13.765571       147.38429       68.377972   2.1105525e-09       7.7430573       13.117639       1024.7161       13.758553       1405.7963       -13.77616        -13.77616       2548.3235                                 90.934871          13.758553             1405.7963          13.117639                      22.041943                      396.14965                                597.41736                        9.1071919
              1       1256.7647       1.0415328     0.022738797      0.11759265     0.056970799       3.0484255      0.97033371       1.2783368       1.0021716        0.300943       0.6989797      0.80413173     0.048540901      0.25102705      0.80539457       13.756256       147.32829       68.443124   2.1082125e-09        7.825882       12.698737       1021.6147       13.389274       1405.8542      -15.079691       -15.079691       2543.6887                                 90.131754          13.389274             1405.8542          12.698737                      22.530729                      396.34678                                593.80145                        8.9357783
              3       1255.4862       1.0416241     0.022642611      0.11741272     0.059524214       3.0488291       0.9700677       1.2783368        1.001572      0.30027014      0.69965258       0.8040628     0.048322143      0.25057333      0.80442474       13.762949       147.48312       68.452633   2.1090634e-09       8.0961151       11.971028       1020.6619       13.335797        1405.988       -15.49864        -15.49864       2541.9696                                 90.012858          13.335797              1405.988          11.971028                      22.427107                      397.09446                                591.62226                        9.5180465
              3       1254.6988       1.0417579     0.022650206      0.11747636     0.059161934       3.0489736      0.97158758       1.2783368       1.0000676      0.30016966      0.69975312      0.80489634     0.048297726      0.25049843      0.80512391       13.758454       147.45764       68.481417   2.1093682e-09        8.060318       11.812704       1019.0277       13.174572       1406.0083      -15.679518       -15.679518       2540.7567                                  90.73341          13.174572             1406.0083          11.812704                      22.387815                      396.95144                                590.71858                        8.9698979
              1       1253.9235       1.0419161     0.022677933      0.11744562     0.058751101       3.0499133      0.97211629       1.2783368       1.0013902      0.29938229       0.7005407      0.80535346     0.048231037      0.24978131       0.8045239       13.750638       147.43508       68.570677   2.1113513e-09       8.0132904       11.331062       1017.6139       12.680848       1406.1695      -15.461671       -15.461671       2538.7704                                 90.975156          12.680848             1406.1695          11.331062                      22.246003                      396.79301                                589.43995                        9.1349196
              1       1255.1162        1.041768     0.022751786      0.11724221     0.058981578       3.0502039       0.9719503       1.2783368       1.0020149      0.29832171      0.70160147      0.80426685     0.048261106      0.24869427      0.80201405       13.746202       147.40767       68.660839    2.111965e-09       8.0153961       11.075717       1020.6324       12.191703       1406.3934      -15.094653       -15.094653       2540.4218                                 90.128549          12.191703             1406.3934          11.075717                      22.229823                      396.81607                                592.23054                        9.3560022
              3       1256.0419        1.041768     0.022751786      0.11724221     0.058981578       3.0502039       0.9719503       1.3009572        1.002666      0.29832171      0.70160147      0.80426685     0.048261106      0.24869427      0.80201405       13.746202       147.40767       68.660839    2.111965e-09       8.0153961       11.075717       1021.8566       12.191703       1406.3934      -14.871047       -14.871047        2541.826                                 90.308577          12.191703             1406.3934          11.075717                      22.148524                      396.78075                                593.33564                         9.591711
              1       1256.0904        1.041768     0.022751786      0.11724221     0.058981578       3.0502039       0.9719503       1.2968266       1.0027124      0.29832171      0.70160147      0.80426685     0.048261106      0.24869427      0.80201405       13.746202       147.40767       68.660839    2.111965e-09       8.0153961       11.075717       1022.0007       12.191703       1406.3934      -14.847971       -14.847971       2541.8767                                 90.215262          12.191703             1406.3934          11.075717                      22.142796                      396.78075                                593.46772                        9.6094052
              3       1255.2338       1.0418062     0.022751336      0.11725793     0.058796218       3.0502621      0.97106882       1.2968266       1.0023987      0.29829527      0.70162793      0.80410933     0.048250635      0.24867856      0.80182142       13.745188       147.40395        68.66761   2.1120879e-09       7.9978485       11.041575       1020.6375       12.155359        1406.399      -14.977532       -14.977532       2540.4228                                 90.189288          12.155359              1406.399          11.041575                      22.365196                       396.8117                                592.04213                        9.4184617
              2        1255.434       1.0419584     0.022786739      0.11708511     0.057421729       3.0503013      0.97180649       1.2968266        1.002494      0.29674214      0.70318138      0.80372765     0.048121114      0.24726074      0.79935169       13.736064       147.41087       68.813437   2.1121708e-09       7.8525543       10.549067       1021.7265       11.385762       1406.7413      -14.831854       -14.831854       2540.5318                                 90.129115          11.385762             1406.7413          10.549067                      22.396262                       396.4236                                593.75852                        9.1481262
              3       1254.0243       1.0420676     0.022727678      0.11711328     0.057303374       3.0482359      0.97177216       1.2968266       1.0025973      0.29690569      0.70301778      0.80332911       0.0480334      0.24751095      0.79917545       13.739245        147.4687       68.786921   2.1078128e-09         7.85466       10.499899       1019.1181       11.523827       1406.7045      -14.965461       -14.965461       2537.9795                                  90.13321          11.523827             1406.7045          10.499899                      22.253479                      396.40195                                590.79238                        9.6702818
              2        1254.772       1.0420676     0.022727678      0.11711328     0.057303374       3.0482359      0.97177216       1.2930945       1.0026463      0.29690569      0.70301778      0.80332911       0.0480334      0.24751095      0.79917545       13.739245        147.4687       68.786921   2.1078128e-09         7.85466       10.499899        1019.133       11.523827       1406.7045      -14.941887       -14.941887       2539.4277                                 91.566539          11.523827             1406.7045          10.499899                      22.247292                      396.40195                                590.79416                        9.6895969
              1       1254.5771       1.0420467     0.022726573      0.11706891     0.056990767       3.0482717      0.97171224       1.2930945       1.0018279      0.29673973      0.70318375      0.80315518     0.048019765      0.24735895      0.79877909       13.739771       147.48178       68.795014   2.1078882e-09       7.8230743       10.476338       1020.9306       11.481598       1406.7418      -15.237866       -15.237866       2539.6299                                 89.999558          11.481598             1406.7418          10.476338                      22.400319                      396.31815                                592.94047                        9.2716497
              1       1253.8542       1.0420033     0.022716945       0.1170632      0.05805385       3.0482585      0.97090693       1.2930945       1.0018965      0.29689029      0.70303315      0.80288387      0.04802902      0.24749942      0.79871181        13.74206       147.49407       68.773812   2.1078604e-09       7.9297638       10.510425       1019.2845        11.59239       1406.7079      -15.243566       -15.243566       2538.1956                                 90.100385           11.59239             1406.7079          10.510425                      22.430074                      396.59399                                590.60873                        9.6516895
              5       1254.9317       1.0419121     0.022785249      0.11715615     0.059323471       3.0492236      0.97155866       1.2930945       1.0004493      0.29725812      0.70266531      0.80343402      0.04817779      0.24771835      0.79975406       13.737938       147.39369       68.770701   2.1098957e-09       8.0399628       10.686337        1021.564       11.608693       1406.6257       -15.31503        -15.31503       2540.4934                                 90.008627          11.608693             1406.6257          10.686337                      22.438368                      396.91108                                 592.9188                         9.295796
             10       1256.5043       1.0418868     0.022758294      0.11727749     0.059126656       3.0494315      0.97110869       1.2930945       1.0024348      0.29812312      0.70180014      0.80389732     0.048228447      0.24852965      0.80137868       13.742143       147.39106       68.693907   2.1103344e-09       8.0287323       10.939306       1023.4414       12.014718       1406.4362      -14.939945       -14.939945       2542.8885                                 90.056935          12.014718             1406.4362          10.939306                      22.273309                      396.87159                                594.46407                        9.8324082
              3       1254.8693       1.0420046     0.022676158      0.11726406     0.060757093       3.0506297      0.97300443       1.2930945       1.0015486      0.29817422      0.70174897        0.805362     0.048095293      0.24871274      0.80290757       13.747329       147.48578       68.664688   2.1128646e-09       8.2063141       10.799984       1020.6045       12.171038       1406.4251      -15.442695       -15.442695        2540.624                                 90.623342          12.171038             1406.4251          10.799984                      21.952324                      397.34546                                591.47186                        9.8348456
              4       1255.9426       1.0420046     0.022676158      0.11726406     0.060757093       3.0506297      0.97300443       1.3278025       1.0014907      0.29817422      0.70174897        0.805362     0.048095293      0.24871274      0.80290757       13.747329       147.48578       68.664688   2.1128646e-09       8.2063141       10.799984       1020.3846       12.171038       1406.4251      -15.477086       -15.477086       2542.8394                                  93.05868          12.171038             1406.4251          10.799984                      21.959245                      397.34546                                591.26854                         9.811386
              3       1254.0698       1.0420701     0.022688132      0.11693058     0.060355622       3.0507812      0.97342804       1.3278025       1.0011492      0.29616216      0.70376138      0.80438349      0.04790553      0.24689655      0.79922178       13.742504       147.56177       68.818713   2.1131846e-09       8.1592865        10.37458       1019.1628        11.35839       1406.8734       -15.52016        -15.52016         2539.18                                 91.410793           11.35839             1406.8734           10.37458                      22.015961                       397.1751                                590.31027                        9.6615045
              1       1255.4533       1.0420377     0.022702574      0.11698078     0.060578597       3.0510801      0.97397409       1.3278025      0.99987895      0.29643875      0.70348475      0.80476102      0.04795869      0.24711934      0.79997016       13.742174        147.5323       68.802449   2.1138164e-09       8.1782379       10.418891       1022.1695       11.442872       1406.8101      -15.588198       -15.588198       2542.0831                                 91.241665          11.442872             1406.8101          10.418891                      22.070054                      397.23181                                 593.6689                        9.1987711
              6       1255.2276       1.0419522     0.022649933      0.11675202     0.061756266       3.0518926      0.97267935       1.3278025      0.99954126       0.2957815      0.70414202      0.80402423      0.04783733      0.24658374      0.79835125       13.749219       147.65224       68.809752   2.1155344e-09       8.3003693       10.354053       1021.3843       11.404899       1406.9614      -15.697989       -15.697989       2541.8511                                 91.746467          11.404899             1406.9614          10.354053                      22.287606                      397.69963                                592.12438                        9.2726825
              1       1253.8421       1.0420015     0.022511898       0.1172361     0.061873532       3.0506538      0.97315252       1.3278025       1.0004355       0.2989699      0.70095299      0.80600356     0.047939864      0.24965832      0.80461859        13.76482       147.67592       68.526358   2.1129153e-09       8.3530121       10.888408       1018.1945       12.924809       1406.2555      -15.932478       -15.932478       2539.5491                                  91.28581          12.924809             1406.2555          10.888408                      21.910168                      397.82367                                588.71854                        9.7421728
              6       1253.7407       1.0420015     0.022511898       0.1172361     0.061873532       3.0506538      0.97315252       1.2973254       1.0004055       0.2989699      0.70095299      0.80600356     0.047939864      0.24965832      0.80461859        13.76482       147.67592       68.526358   2.1129153e-09       8.3530121       10.888408       1018.1312       12.924809       1406.2555      -15.917621       -15.917621       2539.3165                                 91.116594          12.924809             1406.2555          10.888408                      21.913729                      397.82367                                588.66321                        9.7305855
              3       1254.1037       1.0420668     0.022511037      0.11736834     0.061484171       3.0505843      0.97326075       1.2973254       1.0008176      0.29948392      0.70043891      0.80653397     0.047975555      0.25013558      0.80583995       13.763601       147.64139       68.499554   2.1127685e-09       8.3179169       11.046809        1018.139       13.073489       1406.1484      -15.878316       -15.878316        2539.964                                 91.556287          13.073489             1406.1484          11.046809                      21.867749                      397.64733                                588.87214                        9.7518219
              1       1255.6099        1.042351     0.022534604      0.11619512     0.060835348       3.0486475      0.97316193       1.2973254       1.0009464      0.29236224       0.7075618      0.80171744     0.047270466      0.24374058       0.7914461       13.746901        147.9306       69.044648   2.1086805e-09       8.2294769       11.133546        1023.343        10.21713       1407.7977      -15.830389       -15.830389       2542.8806                                 90.389113           10.21713             1407.7977          11.133546                      21.979842                      397.33587                                593.06113                        10.966198
              2        1255.613       1.0424586     0.022530146      0.11631726     0.059516918       3.0482937      0.97520092       1.2973254        1.001781      0.29271566      0.70720835      0.80275345     0.047278326      0.24408565      0.79294768       13.744782       147.90249       69.032081   2.1079346e-09       8.1038361       11.039834       1023.5609       10.279025       1407.7074       -15.65421        -15.65421       2542.5344                                 89.947191          10.279025             1407.7074          11.039834                      21.629555                       396.8951                                 594.1888                        10.847466
             12       1255.6758       1.0424095     0.022503096      0.11694828      0.05781157       3.0488549      0.97471776       1.2973254       1.0019672       0.2963103      0.70361311      0.80514535      0.04759538      0.24735254      0.80017879       13.752222       147.76264       68.760455   2.1091179e-09       7.9536285       10.295116        1023.075       11.662462       1406.8394      -15.631304       -15.631304       2542.6143                                 90.742367          11.662462             1406.8394          10.295116                       21.78163                      396.50168                                595.15916                        9.6324923
              1       1258.2393       1.0424095     0.022503096      0.11694828      0.05781157       3.0488549      0.97471776       1.2926443       1.0012675       0.2963103      0.70361311      0.80514535      0.04759538      0.24735254      0.80017879       13.752222       147.76264       68.760455   2.1091179e-09       7.9536285       10.295116       1027.0816       11.662462       1406.8394      -15.808564       -15.808564       2548.0957                                 92.217223          11.662462             1406.8394          10.295116                       21.86229                      396.52135                                599.30943                         9.388479
              5         1255.51       1.0425996     0.022550036      0.11689587      0.05785149       3.0488505      0.97473267       1.2926443       1.0026017      0.29522151      0.70470217      0.80493005     0.047521264      0.24634282      0.79849374       13.741306       147.72442       68.885788   2.1091087e-09       7.9459076       10.376251       1022.6912       11.013267       1407.0927      -15.335059       -15.335059       2541.6902                                 90.516692          11.013267             1407.0927          10.376251                      21.734544                      396.47215                                594.40749                        10.077042
              4       1256.1349       1.0425262     0.022598756      0.11693801     0.057135829       3.0490566      0.97596534       1.2926443        1.003065      0.29538158      0.70454211      0.80527539     0.047618872      0.24640542      0.79905285       13.738502       147.65882       68.889449   2.1095435e-09       7.8651886       10.337994       1022.9054       10.994585        1407.055      -15.045173       -15.045173       2542.3602                                 91.067185          10.994585              1407.055          10.337994                      21.567415                      396.33105                                595.12161                        9.8853466
              6        1257.452       1.0426347     0.022638265      0.11688554     0.058025311       3.0486479      0.97591158       1.2926443       1.0036859      0.29457315      0.70535075      0.80483513     0.047575964      0.24564348      0.79752237       13.730812       147.62904       68.980727   2.1086813e-09          7.9431       10.456458       1025.2916       10.533882       1407.2476      -14.632327       -14.632327       2544.1686                                 90.639063          10.533882             1407.2476          10.456458                      21.438568                      396.46378                                596.53109                        10.858172
              1       1257.2244        1.042709     0.022630647        0.116726     0.057561211       3.0489869       0.9757852       1.2926443       1.0026535      0.29357062      0.70635344      0.80446154     0.047454684      0.24476524      0.79579455       13.728642       147.68031       69.057196   2.1093964e-09       7.8967743       10.738224       1026.1198        10.15552       1407.4928      -15.171737       -15.171737       2544.7923                                 90.286003           10.15552             1407.4928          10.738224                      21.641493                      396.36525                                597.96329                        10.149743
              2       1258.4032        1.042709     0.022630647        0.116726     0.057561211       3.0489869       0.9757852        1.309189        1.001965      0.29357062      0.70635344      0.80446154     0.047454684      0.24476524      0.79579455       13.728642       147.68031       69.057196   2.1093964e-09       7.8967743       10.738224       1028.8884        10.15552       1407.4928      -15.438134       -15.438134       2547.6827                                 90.407824           10.15552             1407.4928          10.738224                      21.718243                      396.38026                                600.93382                        9.8560647
             11       1258.8099       1.0426525     0.022653334      0.11621639     0.057785447       3.0485907      0.97727674        1.309189       1.0027068      0.29096325      0.70896123      0.80279627     0.047244681      0.24237519      0.79061269       13.725409       147.79217       69.245189   2.1085608e-09       7.9051971       11.896571       1028.2958       9.2547527        1408.164      -15.112501       -15.112501       2547.8448                                 90.233651          9.2547527              1408.164          11.896571                      21.422314                      396.38654                                599.83226                        10.654731
              1        1258.593       1.0427178      0.02264313      0.11626397     0.059234343       3.0489304      0.97690235        1.309189        1.002877       0.2910797      0.70884477       0.8030857     0.047229645       0.2425065      0.79105599       13.724789       147.79085       69.240611   2.1092771e-09       8.0504913       11.889215         1027.75         9.27619        1408.133      -15.058726       -15.058726       2547.3035                                 90.255105            9.27619              1408.133          11.889215                      21.357351                      396.75946                                 598.1924                        11.440778
              1       1257.4926       1.0426381     0.022575523      0.11671748     0.057762626       3.0487423      0.97437182        1.309189       1.0016477       0.2940364      0.70588751       0.8040669     0.047435766      0.24524717      0.79603489       13.736579       147.74398       68.986792   2.1088805e-09       7.9290619       10.616474       1027.3293       10.503621       1407.3779      -15.631746       -15.631746       2546.2487                                 90.421396          10.503621             1407.3779          10.616474                      21.935267                      396.44102                                599.16375                        9.7892893
              3       1256.1284        1.042661     0.022589427      0.11695231     0.057293653       3.0489095      0.97481239        1.309189       1.0027824      0.29511907       0.7048047      0.80506586     0.047555224      0.24620781      0.79848988       13.735558       147.66537       68.921305   2.1092331e-09       7.8834381       10.387298       1023.7718        10.83268        1407.117       -15.20598        -15.20598       2542.6687                                 90.559891           10.83268              1407.117          10.387298                       21.76406                      396.35766                                595.70405                        9.9460299
              1       1255.7043       1.0425981     0.022640205      0.11691102      0.05754698       3.0485588      0.97467623        1.309189        1.002213      0.29480068      0.70512318      0.80446744      0.04760748      0.24583872      0.79746583       13.731815          147.62       68.960847   2.1084935e-09       7.8960724       10.409432        1023.405       10.633386       1407.1929       -15.33531        -15.33531       2542.0792                                 90.438553          10.633386             1407.1929          10.409432                      21.825151                      396.43381                                595.22364                        9.9223854
              6       1256.2238       1.0425981     0.022640205      0.11691102      0.05754698       3.0485588      0.97467623       1.2612964       1.0022026      0.29480068      0.70512318      0.80446744      0.04760748      0.24583872      0.79746583       13.731815          147.62       68.960847   2.1084935e-09       7.8960724       10.409432       1023.4326       10.633386       1407.1929       -15.29312        -15.29312       2543.0337                                 91.365474          10.633386             1407.1929          10.409432                      21.826353                      396.43381                                595.25436                        9.9180399
              2       1257.0585        1.042591     0.022637141      0.11698168     0.057254186       3.0487547      0.97451833       1.2612964       1.0019428      0.29520737      0.70471641      0.80475482     0.047643733      0.24620795      0.79830079       13.732694       147.60443        68.92994   2.1089066e-09       7.8686981       10.354381       1025.0072       10.788999       1407.0961      -15.385746       -15.385746       2544.8885                                  91.64186          10.788999             1407.0961          10.354381                      21.912429                      396.32732                                597.15746                        9.6099453
              3       1255.9372       1.0426156     0.022643266      0.11691449     0.056899909        3.048696      0.97385242       1.2612964       1.0032894       0.2947513      0.70517257      0.80428237     0.047603723      0.24579339      0.79721559       13.730987       147.61561       68.968229   2.1087827e-09       7.8314972       10.419118       1022.5023       10.596382       1407.2047      -14.809083       -14.809083       2541.4925                                 90.769974          10.596382             1407.2047          10.419118                       21.90383                      396.27035                                594.25983                        10.068288
              2       1257.3962       1.0425986     0.022492156      0.11672256     0.056211617       3.0484023      0.97349725       1.2612964       1.0051959      0.29464088      0.70528283      0.80399777     0.047384265      0.24589961      0.79678421       13.746665       147.83541       68.896708   2.1081636e-09       7.7935944       10.506245       1023.0834       10.957588       1407.2312      -13.755267       -13.755267       2542.3029                                 90.524481          10.957588             1407.2312          10.506245                      21.760967                      396.17583                                   594.44                        10.706613
              3       1257.0081       1.0425482     0.022421463      0.11675317     0.056131921       3.0483469      0.97227756       1.2612964       1.0046367      0.29534078      0.70458273      0.80396369     0.047361113      0.24661905      0.79769618       13.755849       147.90615       68.805163   2.1080467e-09       7.8020172       10.395417       1023.3979       11.428752       1407.0645      -14.250272       -14.250272       2542.5168                                 90.230178          11.428752             1407.0645          10.395417                        22.0106                      396.19328                                594.90296                        10.291073
              3       1257.2987       1.0425582     0.022420923      0.11676129     0.056011294       3.0483567      0.97226086       1.2612964       1.0050005      0.29535755      0.70456595      0.80400224     0.047360095      0.24663684      0.79775709       13.755649       147.90455       68.805073   2.1080674e-09       7.7900848       10.394767       1023.4035        11.42922       1407.0606      -13.970031       -13.970031       2542.5375                                 90.249411           11.42922             1407.0606          10.394767                      21.981158                      396.17962                                 594.8361                        10.406664
              1       1255.2968       1.0425932     0.022474996       0.1171346     0.055285684       3.0451396      0.97091345       1.2612964       1.0028521      0.29691431      0.70300903      0.80341389     0.047579112      0.24797157       0.7992714       13.750652       147.74369       68.729257   2.1012964e-09       7.7114716       10.291575       1022.4817       11.826948       1406.7025      -15.280987       -15.280987       2541.1556                                 89.852888          11.826948             1406.7025          10.291575                      22.329252                      396.06395                                594.07781                        10.010738
              2       1255.3626       1.0421045     0.022488471      0.11738432     0.056246841       3.0459562      0.97406355       1.2612964       1.0024005      0.29958653      0.70033626      0.80510387     0.047946131      0.25026708      0.80454887       13.764963       147.66175       68.486217   2.1030132e-09       7.8076324       11.039709         1017.64        13.14778       1406.1272      -15.457818       -15.457818       2541.6409                                 93.686152           13.14778             1406.1272          11.039709                      21.743233                      396.19826                                590.08013                        9.6183844
              1       1253.7277        1.042057     0.022521735      0.11730984     0.057729485       3.0462333      0.97284296       1.2612964       1.0018516      0.29914158      0.70078131      0.80439726     0.047959802      0.24981009      0.80324558        13.76247       147.64482        68.52708   2.1035958e-09       7.9466095       10.934133       1016.7374       12.920818       1406.2196      -15.606841       -15.606841        2538.669                                 91.857114          12.920818             1406.2196          10.934133                      21.906146                      396.52517                                588.40126                         9.904813
              2       1254.7604        1.042057     0.022521735      0.11730984     0.057729485       3.0462333      0.97284296        1.273614       1.0001113      0.29914158      0.70078131      0.80439726     0.047959802      0.24981009      0.80324558        13.76247       147.64482        68.52708   2.1035958e-09       7.9466095       10.934133       1020.1649       12.920818       1406.2196      -15.895163       -15.895163       2541.3112                                 91.071774          12.920818             1406.2196          10.934133                      22.115515                      396.55601                                592.21599                        9.2773905
              9       1253.6468       1.0421675     0.022547811      0.11721304     0.058549987       3.0468012      0.97390976        1.273614       1.0006779      0.29815753      0.70176557      0.80460227     0.047881489      0.24890818       0.8021277       13.755931       147.64183        68.62279   2.1047909e-09       8.0203094        10.60095       1018.0943       12.396952       1406.4287      -15.824199       -15.824199        2538.942                                 91.421084          12.396952             1406.4287           10.60095                      21.850244                      396.72634                                589.77618                        9.7415292
              2        1253.497       1.0421499      0.02251837      0.11712679     0.059803033       3.0462033      0.97369592        1.273614      0.99955216      0.29792055      0.70200255      0.80410012     0.047820363      0.24873229      0.80130846       13.759184       147.69785       68.621789   2.1035327e-09        8.148056       10.527379       1018.4025       12.402374         1406.48      -15.884289       -15.884289       2538.7625                                  90.95022          12.402374               1406.48          10.527379                      21.868696                      397.08171                                589.48999                        9.9621114
              2        1253.804        1.042162     0.022521308      0.11721277     0.059504489       3.0460224      0.97403424        1.273614      0.99984627      0.29832271      0.70160033      0.80443196     0.047860827      0.24909301      0.80218003       13.758923       147.67148        68.59725   2.1031523e-09       8.1199799       10.623199       1018.3857       12.535686       1406.3931      -15.894798       -15.894798       2539.3975                                 91.459848          12.535686             1406.3931          10.623199                      21.786357                      396.94716                                589.65942                        9.9927727
              1       1255.6068        1.042162     0.022521308      0.11721277     0.059504489       3.0460224      0.97403424       1.2681026      0.99996378      0.29832271      0.70160033      0.80443196     0.047860827      0.24909301      0.80218003       13.758923       147.67148        68.59725   2.1031523e-09       8.1199799       10.623199       1018.4156       12.535686       1406.3931      -15.890131       -15.890131       2542.9939                                 95.026343          12.535686             1406.3931          10.623199                      21.772872                      396.95904                                589.64117                        10.042503
              3        1255.818       1.0420798     0.022586373      0.11696334     0.055050322       3.0449625      0.97097536       1.2681026       1.0016141      0.29687891      0.70304441      0.80184716     0.047829615      0.24768525      0.79766519       13.753224       147.66562        68.71868   2.1009244e-09       7.6595306       10.405441        1024.488       11.882976       1406.7104      -15.584936       -15.584936       2542.8058                                 89.319029          11.882976             1406.7104          10.405441                      22.511659                      396.00277                                596.67149                        9.3020429
              1       1253.3309        1.041969     0.022571352      0.11704925     0.054951215       3.0446159      0.97031291       1.2681026       1.0037136      0.29773941      0.70218373      0.80177437     0.047912122      0.24845998      0.79874785        13.75854       147.65926       68.636651   2.1001962e-09       7.6539154       10.594179       1017.3235       12.321983       1406.5195      -14.715209       -14.715209       2536.0923                                 89.333123          12.321983             1406.5195          10.594179                      22.327195                      396.01538                                588.91698                        10.063904
              2       1254.3177        1.041969     0.022571352      0.11704925     0.054951215       3.0446159      0.97031291       1.2469919       1.0020575      0.29773941      0.70218373      0.80177437     0.047912122      0.24845998      0.79874785        13.75854       147.65926       68.636651   2.1001962e-09       7.6539154       10.594179       1020.6917       12.321983       1406.5195      -15.450944       -15.450944       2539.5373                                 89.409933          12.321983             1406.5195          10.594179                      22.543077                      396.01665                                 592.7314                        9.4005484
              4       1253.6363       1.0419761     0.022569263      0.11706236     0.055055225       3.0446596      0.97015285       1.2469919       1.0038674      0.29779974      0.70212339      0.80180375     0.047913629      0.24851863      0.79885804       13.758615       147.65808       68.632395   2.1002881e-09       7.6651459       10.604504       1017.6206        12.34498       1406.5063      -14.596405       -14.596405       2536.4654                                 89.388923           12.34498             1406.5063          10.604504                      22.327787                      396.01165                                589.11661                        10.164596
              1       1254.0254       1.0419654     0.022610266      0.11729634     0.055151792       3.0446628      0.97039584       1.2469919       1.0036015       0.2988345      0.70108851      0.80251878     0.048073227      0.24939173      0.80095837       13.755683       147.54979       68.580587   2.1002948e-09       7.6693573       10.977417       1017.5229       12.626616       1406.2841      -14.683471       -14.683471       2537.4177                                 90.006583          12.626616             1406.2841          10.977417                       22.29326                       396.0397                                589.19084                        9.9991424
              3       1253.5379        1.041857     0.022605853      0.11741364     0.054647657       3.0450906      0.96864071       1.2469919       1.0030387      0.29979939      0.70012343       0.8024867     0.048180337      0.25024619      0.80221834       13.759942       147.52326       68.497629   2.1011935e-09       7.6216278       11.465086       1016.8529       13.084198       1406.0836      -14.990756       -14.990756       2537.0573                                 89.571504          13.084198             1406.0836          11.465086                      22.761007                      395.97756                                588.77744                         9.336946
              2       1255.4319       1.0418154     0.022655528      0.11718343     0.054505981       3.0433371      0.96688157       1.2469919       1.0013438      0.29841957      0.70150351      0.80019792     0.048125739      0.24892553      0.79808737       13.754775        147.5297       68.611733   2.0975122e-09       7.5928497       10.963538       1023.2235       12.456918       1406.3723      -15.483147       -15.483147       2541.8302                                 88.813908          12.456918             1406.3723          10.963538                      23.304722                      395.96199                                 594.7545                        9.2022412
              1       1255.5115       1.0418059     0.022654137      0.11718959     0.054523156       3.0433343      0.96690561       1.2469919       1.0013234      0.29848787      0.70143519      0.80022331     0.048132165      0.24898714      0.79820403       13.755236        147.5296       68.605046   2.0975063e-09       7.5949554       10.992737       1023.3492       12.493255       1406.3577      -15.490604       -15.490604       2542.0042                                 88.811314          12.493255             1406.3577          10.992737                      23.297755                      395.95306                                594.90623                        9.1921416
              2       1254.5149       1.0417984      0.02265821      0.11716623     0.054455202       3.0433466       0.9668804       1.2469919       1.0023614      0.29836321      0.70155987      0.80011532     0.048127323      0.24886771      0.79792963       13.754912       147.53133       68.614666   2.0975322e-09       7.5872345       10.955802       1020.7814       12.441001       1406.3844      -15.175507       -15.175507       2539.3809                                 88.818302          12.441001             1406.3844          10.955802                      23.162473                      395.94423                                592.12397                         9.550686
              1       1256.5801       1.0417773     0.022755385      0.11760268     0.050713705       3.0390685      0.96694745       1.2469919       1.0035277      0.30017817      0.69974474      0.79952706     0.048443712      0.25036317      0.79976444       13.747249       147.30675       68.536732   2.0885779e-09       7.1934662       11.999951       1022.2422       12.867499       1406.0066      -14.372751       -14.372751       2541.9057                                 88.789365          12.867499             1406.0066          11.999951                      23.058907                      395.69938                                593.89104                        9.5928865
              3       1256.0194       1.0418153     0.022789983      0.11746363     0.051900401        3.039026      0.96987511       1.2469919        1.002808      0.29913353      0.70078959       0.7998094     0.048384365      0.24938163      0.79865354       13.741776       147.30571       68.630866   2.0884891e-09       7.3057709       11.460871        1022.424       12.353248       1406.2213      -14.630746       -14.630746       2541.3003                                 88.840832          12.353248             1406.2213          11.460871                      22.479321                      395.68972                                594.33308                        9.9218849
              6       1256.0953       1.0418211     0.022770324      0.11743744     0.050674425       3.0395108      0.96896481       1.2469919        1.003692      0.29909047      0.70083264      0.79972076     0.048351402      0.24937128      0.79850755       13.743574       147.33433       68.624638   2.0895018e-09       7.1843414        11.40531       1021.8829       12.386945       1406.2303      -14.232811       -14.232811       2540.6563                                 88.750806          12.386945             1406.2303           11.40531                      22.695975                      395.64804                                593.90197                        9.6368816
              2       1256.5739       1.0418211     0.022770324      0.11743744     0.050674425       3.0395108      0.96896481       1.2437424       1.0038362      0.29909047      0.70083264      0.79972076     0.048351402      0.24937128      0.79850755       13.743574       147.33433       68.624638   2.0895018e-09       7.1843414        11.40531       1021.7066       12.386945       1406.2303      -14.140973       -14.140973       2541.4297                                 89.700566          12.386945             1406.2303           11.40531                      22.676425                      395.64804                                593.68784                        9.6942559
              3         1259.96        1.041724     0.022764755      0.11717706     0.051368972       3.0386839      0.96964886       1.2332524       1.0052066      0.29803357      0.70188966      0.79862844      0.04825988      0.24840816      0.79600673        13.74582       147.41009       68.681278   2.0877749e-09       7.2524261       11.011374       1028.1815       12.082159       1406.4555      -13.149221       -13.149221       2546.2185                                  88.48799          12.082159             1406.4555          11.011374                      22.266744                      395.65797                                599.22311                        11.033661
              3       1257.3255       1.0416426      0.02276419      0.11744422     0.051227892       3.0380933      0.96879627        1.237285       1.0035824      0.29968605       0.7002369      0.79899701     0.048434413      0.24988114      0.79857883       13.749572       147.33934        68.55657   2.0865422e-09       7.2418976       11.846574       1023.9272        12.75825       1406.1068      -14.299802       -14.299802       2543.2506                                 88.611779           12.75825             1406.1068          11.846574                      22.573185                      395.68428                                595.54291                        10.126826
              1       1259.3995       1.0416885     0.022706105      0.11773693     0.050678011       3.0400827      0.96554525       1.2393635       1.0019734       0.3014368      0.69848583      0.80009806     0.048512248      0.25154834      0.80201174       13.755784       147.32545       68.414101   2.0906972e-09        7.201889       12.820121        1028.331       13.553153        1405.758      -15.181794       -15.181794       2549.1626                                 88.700316          13.553153              1405.758          12.820121                      23.632544                       395.6762                                600.27836                        8.7439227
              1       1259.7185       1.0417188     0.022692487       0.1177307     0.050184615       3.0402465      0.96602565       1.2433936       1.0024247      0.30139241      0.69853022      0.80037145      0.04848283      0.25153338      0.80222671       13.756305       147.34212       68.414328   2.0910397e-09       7.1534576       12.725523       1028.7245        13.55187       1405.7665      -15.064211       -15.064211       2549.5654                                 88.797058           13.55187             1405.7665          12.725523                      23.526306                      395.68091                                600.79684                        8.7204051
              3       1258.7496       1.0417118     0.022696563      0.11769028     0.050070843       3.0402041      0.96599772       1.2415701       1.0058247      0.30117482      0.69874785      0.80018306      0.04846902      0.25133023      0.80174832       13.755888       147.34839       68.430219   2.0909511e-09       7.1408234       12.587842        1022.513       13.462017       1405.8088      -12.807196       -12.807196       2543.1137                                 88.741961          13.462017             1405.8088          12.587842                      23.045459                      395.66943                                593.98707                        9.8110738
              1       1255.3552       1.0417401     0.022723351      0.11720641     0.052825196       3.0420984      0.96877889       1.2422201       1.0030299      0.29837662      0.70154652      0.80001538      0.04823169      0.24877771       0.7978479       13.749898        147.4482       68.638842   2.0949157e-09       7.4089508       11.079267       1021.6755       12.310154       1406.3816      -14.717606       -14.717606       2540.1456                                 88.699079          12.310154             1406.3816          11.079267                      22.781599                      395.76738                                593.60907                        9.5174669
              1       1255.6478       1.0417352     0.022735467       0.1172413     0.052835724       3.0422322      0.96889298       1.2448518       1.0029753      0.29850589      0.70141724      0.80017124     0.048262175      0.24887636      0.79817618       13.748916       147.42546       68.635451    2.095196e-09       7.4082489        11.15113       1022.1361       12.328465       1406.3539      -14.714399       -14.714399       2540.7244                                  88.75477          12.328465             1406.3539           11.15113                      22.772953                      395.76738                                594.13804                         9.457727
              2       1257.1609       1.0419341     0.022771843      0.11729025     0.052322141       3.0422663      0.97120563       1.2600309       1.0024919        0.297975      0.70194831      0.80108586     0.048224163      0.24838675      0.79837762       13.739352       147.37208       68.717404   2.0952676e-09       7.3499908       10.879995       1025.5822       11.889744       1406.4683      -14.840447       -14.840447       2544.0028                                   89.1826          11.889744             1406.4683          10.879995                      22.464703                      395.68602                                598.19913                        9.2323162
              1       1255.7108       1.0419341     0.022771843      0.11729025     0.052322141       3.0422663      0.97120563       1.2750177       1.0037842        0.297975      0.70194831      0.80108586     0.048224163      0.24838675      0.79837762       13.739352       147.37208       68.717404   2.0952676e-09       7.3499908       10.879995       1020.9911       11.889744       1406.4683      -14.209901       -14.209901       2539.8415                                 89.612326          11.889744             1406.4683          10.879995                      22.298503                       395.7001                                593.29256                        9.6999639
              2       1255.3333       1.0419729      0.02279189      0.11698792     0.053622449       3.0421621       0.9720685       1.2649035       1.0026609      0.29616148      0.70376214      0.80019489     0.048069294      0.24673367      0.79505914       13.734617       147.43084         68.8583   2.0950492e-09       7.4721222       10.450816       1022.5651       11.154056       1406.8736      -14.713846       -14.713846       2540.0943                                 89.050661          11.154056             1406.8736          10.450816                      22.194811                      395.76694                                594.61926                        9.9841127
              1       1256.0545       1.0423703      0.02266083      0.11647389     0.053668424       3.0449979      0.97313824       1.2608433        1.005257      0.29306282      0.70686126       0.8007284     0.047511098      0.24420122      0.79141626       13.734264       147.71416       69.062194   2.1009988e-09       7.4973907       10.756786       1021.5134        10.13103       1407.6197      -13.424507       -13.424507       2538.9579                                 88.937022           10.13103             1407.6197          10.756786                      21.905997                      395.79093                                593.05142                        10.765101
              1       1254.7124       1.0423476     0.022696746      0.11676405     0.055954007       3.0470397      0.97381274       1.2821921       1.0034424      0.29444058      0.70548332      0.80261466     0.047698841      0.24538804       0.7951431        13.73253       147.59648       68.980746   2.1052929e-09        7.722702       10.413179       1020.8489       10.533789       1407.2796      -14.625858       -14.625858       2538.6766                                 89.601076          10.533789             1407.2796          10.413179                      21.895152                      396.06069                                592.74449                        10.148607
              1       1256.8488       1.0423476     0.022696746      0.11676405     0.055954007       3.0470397      0.97381274       1.3254119       1.0024255      0.29444058      0.70548332      0.80261466     0.047698841      0.24538804       0.7951431        13.73253       147.59648       68.980746   2.1052929e-09        7.722702       10.413179       1024.0049       10.533789       1407.2796      -15.132789       -15.132789       2543.9632                                 91.731799          10.533789             1407.2796          10.413179                      22.015848                      396.06305                                596.21145                        9.7145087
              2       1255.8256       1.0423354     0.022700437      0.11667162     0.056007736       3.0468545      0.97360161       1.3194957       1.0032205       0.2939734      0.70595057      0.80212041     0.047661091      0.24495991      0.79402278       13.732053       147.61719       69.013669   2.1049031e-09       7.7262115       10.490175        1021.353       10.370038       1407.3934      -14.761914       -14.761914        2541.175                                 91.568342          10.370038             1407.3934          10.490175                       21.95073                      396.08637                                593.14331                         10.17261
              1       1256.6244       1.0424444     0.022670113      0.11646371     0.055343369       3.0454957      0.97476835       1.3125061       1.0038418      0.29274642      0.70717773      0.80141717     0.047479547      0.24391782      0.79166932       13.731023       147.70671       69.099285   2.1020449e-09       7.6630402       10.885833       1022.6621       9.9502138       1407.6997      -14.481613       -14.481613        2542.212                                 91.014181          9.9502138             1407.6997          10.885833                       21.68909                      395.97977                                594.19569                         10.79752
              1       1255.2764       1.0419402     0.022597642      0.11743585     0.052266778       3.0423015      0.97167743       1.3287572       1.0047253      0.29971911      0.70020374      0.80248446     0.048145147       0.2502016      0.80210868       13.758446       147.52623        68.51021   2.0953411e-09       7.3829803       11.354936       1016.2128        13.01428          1406.1      -14.033434       -14.033434       2538.6197                                 91.937696           13.01428                1406.1          11.354936                      22.037176                      395.69375                                588.60079                        9.8810547
              2       1255.2238       1.0421448     0.022475733      0.11796916     0.052931142       3.0419311      0.96733454       1.3211749       1.0036562      0.30265272       0.6972696       0.8035397     0.048213115      0.25305786      0.80708449       13.767886       147.51914       68.276985   2.0945653e-09       7.4854584       12.717438       1015.7399       14.340875        1405.528      -14.913706       -14.913706        2540.275                                 91.948739          14.340875              1405.528          12.717438                      22.806694                       395.8083                                587.49108                        9.6338422
              3       1254.5433       1.0421448     0.022475733      0.11796916     0.052931142       3.0419311      0.96733454        1.309968        1.003177      0.30265272       0.6972696       0.8035397     0.048213115      0.25305786      0.80708449       13.767886       147.51914       68.276985   2.0945653e-09       7.4854584       12.717438       1015.0806       14.340875        1405.528      -15.169965       -15.169965       2539.4266                                 91.759698          14.340875              1405.528          12.717438                      22.873305                      395.80245                                586.94298                        9.4618414
              4       1254.5761       1.0421215     0.022488806      0.11801426     0.052828757       3.0417921      0.96739992        1.311826        1.003456      0.30288727      0.69703502      0.80358462     0.048258648      0.25324638      0.80744231       13.767397       147.49256       68.264612    2.094274e-09       7.4728241       12.944167       1015.1028       14.413052       1405.4848      -15.010371       -15.010371        2539.173                                 91.228136          14.413052             1405.4848          12.944167                      22.819225                      395.79618                                586.94998                        9.5374454
              1        1254.103       1.0422712     0.022528173      0.11789298     0.053739079       3.0409136      0.97007517       1.3163327       1.0008553      0.30156732      0.69835527      0.80360122     0.048160401      0.25202989      0.80569765       13.758161       147.48129        68.39399    2.092435e-09       7.5549469       11.983878       1017.5152       13.667295       1405.7328      -15.864173       -15.864173       2539.9343                                 91.035147          13.667295             1405.7328          11.983878                      22.531511                      395.86764                                589.76471                        9.3513478
              1       1253.7755       1.0423413     0.022629582      0.11743788     0.054064831       3.0410938      0.96981123       1.2949402       1.0020101      0.29836998      0.70155324      0.80164969     0.047984585      0.24901954      0.79946888       13.743106       147.49037       68.673217   2.0928122e-09       7.5591583       10.660137       1018.8004       12.125304        1406.383      -15.415878       -15.415878       2538.3828                                 90.413967          12.125304              1406.383          10.660137                      22.502767                      395.86551                                590.28948                         10.14266
              1       1254.4476       1.0423413     0.022629582      0.11743788     0.054064831       3.0410938      0.96981123       1.3084807       1.0022304      0.29836998      0.70155324      0.80164969     0.047984585      0.24901954      0.79946888       13.743106       147.49037       68.673217   2.0928122e-09       7.5591583       10.660137       1019.0409       12.125304        1406.383      -15.350803       -15.350803       2539.5969                                 91.387553          12.125304              1406.383          10.660137                      22.473817                      395.86112                                590.46242                        10.243536
              4       1254.2408       1.0424186     0.022611775      0.11746289     0.055372921       3.0416317      0.96927757        1.306197       1.0004856      0.29837717      0.70154605      0.80192927      0.04794553      0.24906583      0.79975734       13.742828       147.50357       68.674146   2.0939381e-09       7.6953278       10.614833       1019.6065       12.120327       1406.3815      -15.763697       -15.763697       2540.0091                                 91.285983          12.120327             1406.3815          10.614833                      22.708231                      396.06476                                590.92151                        9.9119543
              2       1253.8563       1.0423841      0.02255564      0.11746456     0.054511881       3.0410099      0.96970367        1.308173       1.0012398      0.29880651      0.70111656      0.80202155     0.047913865      0.24952434      0.80042462       13.749847       147.56539       68.611509   2.0926366e-09       7.6209259       10.699488       1018.5895       12.458136         1406.29      -15.756671       -15.756671       2539.2259                                 91.188743          12.458136               1406.29          10.699488                      22.549646                      395.94481                                590.10439                        9.9906554
              1        1253.725       1.0422349     0.022564705      0.11787928     0.054671772       3.0395685       0.9690964       1.3159667      0.99990993      0.30139112      0.69853153      0.80252973     0.048202509      0.25181261      0.80438827       13.755278       147.44448       68.419517   2.0896224e-09       7.6412811       11.974414       1016.4646       13.522494       1405.7668      -15.869447       -15.869447       2539.1888                                 91.460527          13.522494             1405.7668          11.974414                      22.671369                      396.02387                                 588.1026                        9.6667404
              1       1253.9835       1.0422349     0.022564705      0.11787928     0.054671772       3.0395685       0.9690964       1.3212914      0.99976924      0.30139112      0.69853153      0.80252973     0.048202509      0.25181261      0.80438827       13.755278       147.44448       68.419517   2.0896224e-09       7.6412811       11.974414       1016.5739       13.522494       1405.7668      -15.868307       -15.868307       2539.7037                                 91.866049          13.522494             1405.7668          11.974414                      22.690576                      396.02387                                588.24536                        9.6141219
              1       1255.8489        1.042268     0.022557717      0.11786499     0.054386027       3.0393141       0.9685184       1.3163297      0.99876423      0.30125727      0.69866539      0.80225936     0.048173449      0.25170823      0.80393871        13.75497       147.45602       68.429553    2.089091e-09       7.6139069       11.855066       1020.3308       13.465778       1405.7928      -15.758888       -15.758888       2543.2156                                 91.771227          13.465778             1405.7928          11.855066                      22.961592                       395.9991                                592.12282                        9.2472834
              4       1256.6331       1.0421129     0.022559126      0.11797782     0.053308039       3.0391618      0.96698848       1.3138294      0.99934274      0.30230982      0.69761264      0.80197874     0.048305659      0.25262488       0.8050602       13.759968       147.42425       68.337979   2.0887727e-09       7.5058136       12.683978       1020.6016       13.987721       1405.5919      -15.843062       -15.843062       2544.9523                                 92.087138          13.987721             1405.5919          12.683978                      23.282003                      395.80587                                592.50494                        9.0088188
              1       1257.5931       1.0420926     0.022570015      0.11810889     0.053071177       3.0387334      0.96671612       1.3160981       1.0025042      0.30300562      0.69691674      0.80211257     0.048391553        0.253233      0.80612064       13.760018       147.37721       68.293779   2.0878782e-09       7.4812469       13.257961       1020.7278       14.243199       1405.4632      -15.360053       -15.360053       2545.9062                                 92.214071          14.243199             1405.4632          13.257961                      22.859462                      395.80317                                 591.9599                        10.105228
              3        1258.214       1.0420896     0.022561492       0.1181481     0.052938583       3.0386863      0.96633319       1.3154783        1.002694      0.30327343      0.69664888      0.80214414     0.048405523      0.25348592      0.80650853       13.761199       147.37619       68.271029   2.0877798e-09       7.4700165       13.457674       1021.5193       14.375596       1405.4146      -15.294258       -15.294258       2547.0164                                 92.249285          14.375596             1405.4146          13.457674                      22.913319                      395.80537                                592.68614                        10.114477
              1       1255.3889       1.0418555     0.022533099       0.1180109     0.053876101        3.037247      0.96682261       1.3070139       1.0004229      0.30340471      0.69651747      0.80115581     0.048422259      0.25359825      0.80568916       13.770571       147.44435       68.216266    2.084777e-09        7.568985       13.771103       1017.0156        14.69681       1405.3909      -15.896607       -15.896607       2542.5711                                 91.696655           14.69681             1405.3909          13.771103                      22.925051                      395.92792                                588.29725                         9.865365
              3        1256.085       1.0419755     0.022586347      0.11811747     0.053866885        3.037276      0.96583184       1.3041731      0.99834796       0.3033057       0.6966166      0.80111739     0.048465986      0.25345752      0.80551905       13.761802       147.35689       68.266003   2.0848376e-09       7.5584564       13.681015       1018.0121       14.404927       1405.4088      -15.609138       -15.609138       2543.3884                                 91.881581          14.404927             1405.4088          13.681015                      23.454158                      395.93179                                589.46529                        9.1608479
              1       1256.7653       1.0419755     0.022586347      0.11811747     0.053866885        3.037276      0.96583184       1.2680101      0.99767516       0.3033057       0.6966166      0.80111739     0.048465986      0.25345752      0.80551905       13.761802       147.35689       68.266003   2.0848376e-09       7.5584564       13.681015       1020.7168       14.404927       1405.4088      -15.360897       -15.360897       2544.2525                                 90.041036          14.404927             1405.4088          13.681015                      23.557657                       395.9331                                592.25762                        8.9683921
              1       1254.5636       1.0419252     0.022640509      0.11778135     0.056688228       3.0380779      0.96748324       1.2633147      0.99726968      0.30135018      0.69857246      0.80051437     0.048365458       0.2516087      0.80231374       13.755945       147.38672       68.418798     2.08651e-09       7.8237762       12.374168       1018.3638       13.526564       1405.7747      -15.086838       -15.086838       2539.3009                                 89.261586          13.526564             1405.7747          12.374168                      23.065391                      396.40846                                589.18816                        9.7018263
              1       1256.4845       1.0419626     0.022549557      0.11851448     0.058525547       3.0405624      0.96645112       1.2957844      0.99590147       0.3056868      0.69423509      0.80412156     0.048642939      0.25565436      0.81170725       13.767949       147.29237       68.086201   2.0917003e-09        8.038559       15.897306       1015.2326        15.47393       1404.9983      -14.536009       -14.536009        2542.041                                 90.438831           15.47393             1404.9983          15.897306                      23.322928                      396.93129                                585.94754                        9.0308611
              1       1256.6937       1.0419423     0.022552689      0.11853399     0.058486873        3.040572       0.9663354       1.2961118      0.99582774      0.30583428      0.69408758      0.80412582     0.048665389      0.25577894      0.81190732       13.768308        147.2837       68.075221   2.0917204e-09       8.0343475       16.100769       1015.2827       15.540448       1404.9741      -14.482883       -14.482883       2542.3532                                 90.455144          15.540448             1404.9741          16.100769                      23.360465                      396.93129                                586.00375                        8.9871994
              3       1256.4861       1.0419423     0.022552689      0.11853399     0.058486873        3.040572       0.9663354       1.2672664      0.99636563      0.30583428      0.69408758      0.80412582     0.048665389      0.25577894      0.81190732       13.768308        147.2837       68.075221   2.0917204e-09       8.0343475       16.100769       1015.6192       15.540448       1404.9741       -14.78966        -14.78966       2542.5515                                 90.317046          15.540448             1404.9741          16.100769                      23.279528                      396.92932                                586.28057                        9.1297416
              1       1258.7311       1.0419192     0.022528927      0.11859787     0.058360242       3.0401645      0.96598109       1.2665159      0.99761288      0.30638804       0.6935337      0.80414845      0.04868836      0.25630761      0.81266491       13.771829       147.29303       68.023298   2.0908682e-09       8.0287323       16.683726       1020.5198       15.856947       1404.8847      -15.422683       -15.422683       2548.3076                                 90.362401          15.856947             1404.8847          16.683726                      23.135019                      396.88852                                590.96623                        9.5300756
              1       1256.9041       1.0419199     0.022528772      0.11859767     0.058353997       3.0401648      0.96597836       1.2664978      0.99654186      0.30638559      0.69353616      0.80414845     0.048687753      0.25630577      0.81266165       13.771822       147.29325       68.023488   2.0908688e-09       8.0280304        16.67909       1015.8707       15.855786       1404.8851      -14.922032       -14.922032       2543.6523                                 90.361665          15.855786             1404.8851           16.67909                      23.295573                      396.90593                                586.48361                         9.185564
              1       1259.1475       1.0418385     0.022599973      0.11847702     0.055527263       3.0374101      0.96886185       1.2712498      0.99953888      0.30556196      0.69435997      0.80314901      0.04872733      0.25544582      0.81055995       13.766086       147.24625       68.103222   2.0851171e-09       7.7283173       16.121865       1022.7763       15.371094       1405.0189      -15.755927       -15.755927       2549.8069                                 90.518788          15.371094             1405.0189          16.121865                      22.430801                      396.14729                                594.19934                        9.9988371
              2       1257.6188        1.041878     0.022709446       0.1171457      0.05377397       3.0340458      0.96388573       1.1730282       0.9989389      0.29773206      0.70219121      0.79527658      0.04812359      0.24824348       0.7922648       13.746984       147.47993       68.694863    2.078114e-09       7.5072174       10.762245       1028.8554       12.009621       1406.5212      -15.253421       -15.253421       2545.7445                                 87.595986          12.009621             1406.5212          10.762245                      23.749164                      395.87841                                598.40493                        10.822913
              2       1257.8648       1.0419214     0.022740168      0.11734524      0.05204265       3.0340414         0.96297       1.1777369      0.99969123      0.29848174      0.70144146      0.79560262     0.048230988      0.24888457      0.79358685       13.743366       147.39241       68.664736   2.0781047e-09       7.3289337       11.032475       1029.1516       12.170782       1406.3591      -15.263921       -15.263921       2546.2575                                 87.543598          12.170782             1406.3591          11.032475                      24.039318                      395.70676                                599.14114                        10.264334
              1        1258.919        1.042062     0.022837093      0.11678709     0.052934135       3.0340978      0.96633175       1.1721896      0.99855321      0.29460056      0.70532339      0.79440416     0.047963935      0.24528377       0.7872228       13.726185       147.43451       69.002212   2.0782219e-09       7.3907013        10.37816       1031.9424       10.426879        1407.241      -14.779178       -14.779178       2547.3963                                 87.407913          10.426879              1407.241           10.37816                      23.476686                      395.76843                                602.04674                        10.650528
              1       1257.5846       1.0420692     0.022814285      0.11678315     0.052290093        3.033739      0.96659609       1.1731836       1.0002974      0.29468689      0.70523702      0.79443027     0.047939212      0.24539416      0.78736401       13.728382       147.46075       68.985527   2.0774764e-09       7.3303375       10.371952       1029.6565       10.509933       1407.2202      -15.021417       -15.021417        2545.212                                 87.453404          10.509933             1407.2202          10.371952                       23.19715                      395.67026                                599.37607                        11.413018
              1       1258.1389       1.0420359     0.022817818      0.11676855     0.052345942       3.0339875      0.96693118       1.1758443       1.0009352      0.29468684      0.70523707      0.79453671     0.047950414       0.2453828      0.78746944       13.728923       147.46075        68.98281   2.0779927e-09       7.3352509       10.374127       1030.5922       10.523489       1407.2202      -14.953404       -14.953404       2546.1846                                 87.474608          10.523489             1407.2202          10.374127                      23.044599                      395.69004                                 600.1476                        11.709928
              4       1257.8702       1.0420359     0.022817818      0.11676855     0.052345942       3.0339875      0.96693118       1.1961369      0.99930481      0.29468684      0.70523707      0.79453671     0.047950414       0.2453828      0.78746944       13.728923       147.46075        68.98281   2.0779927e-09       7.3352509       10.374127       1030.1194       10.523489       1407.2202      -15.033942       -15.033942       2545.8082                                 87.571034          10.523489             1407.2202          10.374127                      23.283933                      395.67421                                  600.416                         10.74521
              1        1256.859       1.0420206     0.022760611      0.11704784     0.051888115       3.0336981      0.96603047       1.2021802       1.0008927      0.29651298      0.70341057      0.79535605     0.048050498      0.24710263      0.79072018       13.736817       147.44928       68.824492   2.0773915e-09       7.3043671       10.469979       1027.8052       11.328444       1406.7932      -15.205874       -15.205874       2544.1297                                 87.732861          11.328444             1406.7932          10.469979                      23.212544                      395.65137                                597.70177                        11.239476
              6       1255.5374       1.0418465     0.022753369      0.11683366     0.052999848        3.031524      0.97002637       1.2076807      0.99879977      0.29593616      0.70398742      0.79483871     0.048017461      0.24655935      0.78943686       13.741737       147.51474        68.83721   2.0728799e-09       7.4152679       10.434043       1025.0814       11.262684       1406.9255      -15.187716       -15.187716       2541.4502                                 87.746515          11.262684             1406.9255          10.434043                      22.440134                      395.75381                                595.36713                         11.52032
              1       1255.8012       1.0417269     0.022708274      0.11672873     0.051037669        3.030237      0.97319053       1.2211928       1.0010518      0.29598559       0.7039379      0.79501037     0.047981631      0.24664292      0.78967329       13.749596       147.59274       68.794633   2.0702139e-09       7.2229462       10.446189       1025.4009       11.483585       1406.9141      -15.366997       -15.366997       2542.3365                                  88.09177          11.483585             1406.9141          10.446189                       21.71484                      395.66131                                595.86506                        12.159651
              1       1256.4833       1.0417083     0.022687932      0.11667803     0.051414376       3.0302022      0.97314543       1.2184138       1.0013476      0.29588704      0.70403643      0.79487352     0.047947006      0.24657877      0.78940591       13.752069       147.62898       68.788637   2.0701418e-09       7.2650604       10.427999       1026.7204       11.514867       1406.9369      -15.356586       -15.356586       2543.6797                                 88.079564          11.514867             1406.9369          10.427999                      21.652642                      395.67472                                596.75977                        12.633253
              1       1256.1715       1.0424724     0.022551101      0.11651956     0.051188747        3.033014      0.97497808       1.2312014       1.0026218      0.29361516      0.70630874       0.7972208     0.047391867      0.24486962      0.78869164       13.743137       147.82388       68.981394   2.0759709e-09       7.2699738       10.700188       1025.3762       10.530556       1407.4817      -15.245021       -15.245021       2542.8331                                 88.744495          10.530556             1407.4817          10.700188                      21.430797                      395.68225                                595.51514                        12.748038
              2       1256.1031        1.042467     0.022554681       0.1165227     0.051416907       3.0331354      0.97522803        1.233039       1.0015895       0.2936272       0.7062967      0.79733719     0.047399056      0.24487448      0.78882294       13.742931       147.81906       68.981638   2.0762228e-09       7.2924347       10.692078       1025.8794       10.529338       1407.4787      -15.590717       -15.590717       2543.3875                                 88.808002          10.529338             1407.4787          10.692078                      21.489738                      395.65399                                596.60106                        12.134648
              1       1257.7872       1.0423668     0.022422874      0.11704963     0.049592919       3.0306034      0.97721943       1.2602874       1.0028939      0.29741994      0.70250319       0.7992555     0.047596132      0.24845653      0.79581121       13.762543       147.82422       68.637239   2.0709726e-09       7.1387177       10.339345       1026.4584       12.318809       1406.5898      -15.298118       -15.298118       2546.1706                                 90.464242          12.318809             1406.5898          10.339345                      21.023736                      395.73096                                597.39428                        12.309437
              5       1258.3887        1.042345     0.022427746       0.1170204      0.04975317       3.0307335      0.97760438       1.2618694       1.0016546      0.29730184      0.70262131      0.79928419     0.047595841      0.24833902      0.79568175       13.762531       147.82664       68.644905   2.0712419e-09       7.1541595       10.332721       1028.5115       12.277448       1406.6159      -15.748483       -15.748483       2548.2744                                 90.536761          12.277448             1406.6159          10.332721                      21.083945                      395.75364                                  600.088                        11.585935
              1       1256.8683       1.0423664     0.022488672      0.11730936     0.049818877       3.0311774      0.97676898       1.2698498       1.0014631      0.29842009      0.70150296      0.79997792     0.047785302      0.24926609      0.79786865       13.756783       147.68109       68.601677   2.0721616e-09       7.1527557       10.547381       1025.3877        12.51158       1406.3722      -15.758016       -15.758016       2545.2526                                 90.433711           12.51158             1406.3722          10.547381                      21.220593                       395.7018                                597.22799                        11.237342
              2       1255.8372       1.0423274     0.022475329      0.11737661     0.047704126       3.0299156       0.9745824       1.2574583       1.0034401      0.29896576      0.70095718      0.79905909      0.04782592      0.24976917      0.79768054       13.759689       147.67774       68.552194   2.0695486e-09       6.9351654       10.698003       1022.1503       12.782306       1406.2564      -14.979594       -14.979594       2541.6336                                 89.746593          12.782306             1406.2564          10.698003                      21.425688                      395.93143                                593.22527                        11.567884
              1       1255.5213       1.0423462     0.022476531      0.11733633     0.047949371       3.0297367      0.97435513       1.2531072       1.0028675      0.29869072      0.70123227      0.79878945     0.047797771      0.24952316      0.79704448       13.758808       147.68722       68.574211   2.0691784e-09        6.960434       10.613617       1022.3482       12.661492       1406.3145      -15.261328       -15.261328       2541.5652                                 89.627428          12.661492             1406.3145          10.613617                      21.493223                      395.84821                                593.51276                        11.493962
              1       1255.4143       1.0423462     0.022476531      0.11733633     0.047949371       3.0297367      0.97435513       1.2723148       1.0031527      0.29869072      0.70123227      0.79878945     0.047797771      0.24952316      0.79704448       13.758808       147.68722       68.574211   2.0691784e-09        6.960434       10.613617       1022.1915       12.661492       1406.3145       -15.14875        -15.14875       2541.1262                                    89.345          12.661492             1406.3145          10.613617                      21.463475                      395.86016                                593.20485                        11.663036
              1       1256.1934       1.0418408     0.022592459       0.1169719     0.050113016       3.0293781      0.97520552        1.260382      0.99999111      0.29758633      0.70233681      0.79671547     0.047951496      0.24826768      0.79350398       13.759736       147.65614       68.640537   2.0684364e-09       7.1555634       10.626624       1025.6117       12.301009       1406.5531      -15.772913       -15.772913       2543.9327                                 88.840199          12.301009             1406.5531          10.626624                      21.504202                      395.71494                                 597.2837                        11.108888
              1       1256.5102       1.0419421     0.022606697      0.11663467     0.050117145       3.0303658      0.97488611       1.2480592       1.0004447       0.2954366      0.70448692      0.79585773     0.047745091       0.2463311      0.78978151       13.753556       147.73088       68.810418   2.0704806e-09       7.1485443       10.336635       1027.2363       11.401438        1407.042       -15.71368        -15.71368       2544.4478                                 88.431495          11.401438              1407.042          10.336635                      21.599175                      395.69385                                598.65279                        11.290437
              1       1257.6929       1.0419421     0.022606697      0.11663467     0.050117145       3.0303658      0.97488611       1.2905713       1.0003872       0.2954366      0.70448692      0.79585773     0.047745091       0.2463311      0.78978151       13.753556       147.73088       68.810418   2.0704806e-09       7.1485443       10.336635       1027.5387       11.401438        1407.042      -15.768246       -15.768246       2546.9223                                   90.6036          11.401438              1407.042          10.336635                      21.605414                      395.68914                                598.98711                         11.25699
              1        1256.446       1.0420436     0.022594022      0.11659643     0.050981792       3.0321658      0.97683809       1.3067868       1.0017912      0.29501347      0.70491013      0.79717707     0.047667327      0.24598719      0.79052406         13.7517       147.75535       68.847215   2.0742108e-09       7.2397919       10.346616       1024.5086       11.211089        1407.142      -15.559074       -15.559074       2544.0102                                 90.801853          11.211089              1407.142          10.346616                      21.207789                      395.67612                                595.65166                        11.973041
              8        1256.382       1.0420653     0.022563489      0.11666724     0.049940069       3.0320058      0.97622245        1.306962       1.0029367      0.29549283      0.70443067      0.79732096     0.047666527      0.24646553      0.79130886       13.754657       147.77022       68.801257   2.0738789e-09       7.1401215       10.323469       1023.4269       11.449077       1407.0288      -15.176918       -15.176918       2543.1179                                 90.889631          11.449077             1407.0288          10.323469                      21.241196                      395.71197                                594.42492                        12.048849
              1       1255.9794       1.0419128     0.022592971      0.11694301     0.048978299        3.031442      0.97413511       1.3055222       1.0029636      0.29722087      0.70270235      0.79717084     0.047903389      0.24795174      0.79346985       13.757395       147.66323       68.675772   2.0727101e-09       7.0376434       10.517217       1021.5842       12.111618       1406.6339      -15.114155       -15.114155       2542.1871                                 91.340123          12.111618             1406.6339          10.517217                      21.561863                      395.77595                                592.82699                        11.419409
              9       1257.0602       1.0419619     0.022603345      0.11709885     0.048614025       3.0322163      0.97449194       1.3176074       1.0043453      0.29784082      0.70208233      0.79813296      0.04796847      0.24850538      0.79525559       13.755577       147.60986       68.644923   2.0743155e-09       7.0004425         10.6526       1021.5365       12.277355       1406.4974      -14.294315       -14.294315        2542.709                                 91.745083          12.277355             1406.4974            10.6526                      21.426045                      395.80224                                592.65214                        11.656093
              2       1257.6107       1.0415311      0.02258905      0.11770825     0.049348903        3.031294      0.97110319       1.3202404       1.0015605       0.3024291      0.69749319       0.7985253     0.048471098      0.25257583      0.80175162       13.772848        147.4627       68.266487   2.0724031e-09       7.0874786       13.485271       1020.6409       14.402098       1405.5695      -15.636962       -15.636962       2546.4953                                 92.397544          14.402098             1405.5695          13.485271                      22.070456                       395.7227                                592.65323                        10.194485
              2       1256.1719       1.0420165     0.022535099      0.11735937     0.047540462       3.0296706      0.97133022       1.2997409       1.0019054      0.29944664       0.7004762      0.79738951     0.048015702      0.25005847      0.79665377       13.762485       147.61582       68.507496   2.0690416e-09       6.9049835       11.097447       1021.8857       13.029344       1406.1561      -15.612755       -15.612755       2543.5693                                 91.400703          13.029344             1406.1561          11.097447                      22.117956                      395.88481                                593.35649                         10.52647
              5       1255.9118       1.0420978     0.022509402      0.11744511     0.046649732       3.0301111      0.96902056       1.2921831        1.004087      0.29980907      0.70011371       0.7973362     0.047998489      0.25043704      0.79708243       13.763217       147.62137         68.4807   2.0699533e-09       6.8172455       11.167723       1018.9194       13.178573       1406.0816      -14.593221       -14.593221       2541.0101                                  91.66286          13.178573             1406.0816          11.167723                      22.363109                      395.97047                                589.55395                        11.031867
              1       1255.7037       1.0418807     0.022446311       0.1172557     0.048256233        3.029926      0.96870657       1.2813662       1.0030113      0.29980298      0.70011967      0.79658419     0.047949097       0.2504779      0.79632258       13.775522       147.74257       68.419874   2.0695702e-09       6.9962311       11.214735       1019.9403       13.520475       1406.0828      -15.252885       -15.252885       2541.9132                                 91.154886          13.520475             1406.0828          11.214735                      22.370329                      395.76997                                590.52722                        11.272799
              2       1254.8806       1.0418001     0.022513127      0.11722934      0.05041853       3.0296107      0.97058629       1.2869905       1.0009229      0.29951871      0.70040403      0.79659002     0.048032382      0.25011205      0.79595078       13.770659       147.67537         68.4622   2.0689176e-09       7.2075043       11.233804       1019.8755       13.282099       1406.1412       -15.85233        -15.85233       2541.4659                                 90.933374          13.282099             1406.1412          11.233804                      22.078616                      395.68051                                590.65567                        11.460669
              2       1255.2666        1.041961     0.022484845        0.116931     0.049618954       3.0276683      0.96970038       1.2610683       1.0012413      0.29762762      0.70229543      0.79476773     0.047780321      0.24847851        0.791619       13.767445       147.78693       68.599416   2.0649029e-09       7.1260834       10.505607       1022.4071       12.523892        1406.544      -15.798851       -15.798851       2542.1308                                 90.150204          12.523892              1406.544          10.505607                      22.191442                      395.71849                                592.12693                        12.370251
              5       1255.8073       1.0418676     0.022521042      0.11705038     0.049064286       3.0269683      0.96748934       1.2507253      0.99989291       0.2983271      0.70159585       0.7940041     0.047916491      0.24904012      0.79178719       13.766941       147.71447        68.55699   2.0634579e-09        7.062912       10.754964       1023.0117       12.755941       1406.3921      -15.866365       -15.866365       2543.3472                                 90.432507          12.755941             1406.3921          10.754964                      22.787728                      395.70167                                593.17486                        11.347439
              2       1254.4649        1.042052      0.02251812      0.11735725     0.050237269       3.0272796       0.9686272       1.2684379      0.99918539      0.29942816      0.70049468      0.79570685     0.047983083      0.25007251      0.79494813       13.763232       147.63549       68.504955   2.0641005e-09       7.1899567       11.045971       1019.9019       13.043458       1406.1599      -15.841507       -15.841507       2540.6127                                 90.461446          13.043458             1406.1599          11.045971                      22.531359                      395.68785                                590.23415                        11.448572
              1       1254.9774        1.042123      0.02250528      0.11737467     0.050513916       3.0280254      0.96768769       1.2658935      0.99969834      0.29938496      0.70053789       0.7958928     0.047947242      0.25006539      0.79507653        13.76257       147.64514       68.511014   2.0656404e-09       7.2215424       10.972586       1021.0419       13.009817       1406.1689      -15.899362       -15.899362       2541.7536                                 90.560427          13.009817             1406.1689          10.972586                      22.664248                       395.6696                                591.05402                        11.653983
              4       1255.4742       1.0420522     0.022493898      0.11706531     0.050799179       3.0295654      0.96795645       1.2617915      0.99927472      0.29801992       0.7019031      0.79549969     0.047813622      0.24883711      0.79287009        13.76441       147.74084       68.589327   2.0688239e-09       7.2489166       10.567958       1022.5104       12.578881       1406.4584      -15.871769       -15.871769       2542.6919                                 90.576283          12.578881             1406.4584          10.567958                       22.77435                      395.64744                                593.02745                        11.061154
              3       1259.0408       1.0418444     0.022485605      0.11713485     0.051254741        3.028985      0.96931283       1.2712402        1.001644      0.29904423      0.70087856      0.79577815     0.047939329      0.24973161       0.7945095       13.771827       147.73145       68.486712   2.0676235e-09       7.2980499       10.973692       1028.6512       13.145022       1406.2399      -15.717757       -15.717757       2549.5172                                 90.507361          13.145022             1406.2399          10.973692                      22.101058                      395.69774                                597.98818                        12.864191
              4       1255.8037       1.0420647       0.0224716      0.11693527     0.051862823        3.031044      0.97196278       1.2857188      0.99902222      0.29742224      0.70250086      0.79695737     0.047722282      0.24833203      0.79352604       13.765788       147.80075       68.620898   2.0718851e-09       7.3612213       10.427739       1023.4668       12.407203       1406.5893      -15.885975       -15.885975       2543.3794                                 90.488439          12.407203             1406.5893          10.427739                      22.058774                      395.70187                                594.70618                        10.999985
              1       1255.6446       1.0420834     0.022394088       0.1167286     0.054106262        3.030602      0.97270976       1.2768678      0.99822007      0.29671257      0.70321056      0.79662552     0.047540661      0.24780446      0.79224874       13.772498       147.94322       68.633173   2.0709696e-09       7.6026764       10.313046       1023.5965       12.340773       1406.7478      -15.746917       -15.746917        2542.783                                 89.784888          12.340773             1406.7478          10.313046                      21.804794                      395.85161                                593.81372                        12.126328
              3       1255.0581       1.0419258     0.022424123      0.11689629     0.056448621       3.0346466      0.97278158       1.2932656      0.99816351       0.2978893      0.70203363      0.79858359     0.047725702      0.24879267      0.79576935       13.774806       147.86466       68.545913   2.0793627e-09       7.8343048       10.527356       1021.4864       12.816877       1406.4868      -15.733339       -15.733339       2541.5828                                 90.265434          12.816877             1406.4868          10.527356                      21.799414                       396.2506                                591.89058                        11.545773
              5       1255.0868       1.0421823     0.022485838      0.11790017     0.051926827       3.0335253      0.96449615       1.2579253       1.0002205      0.30211479      0.69780764      0.79906016     0.048169164      0.25256576      0.80187162       13.765369       147.52626       68.323481   2.0770326e-09       7.3794708       12.329814       1020.3927       14.071264       1405.6285      -15.913039       -15.913039       2541.9998                                 89.577472          14.071264             1405.6285          12.329814                      23.421039                      395.74011                                590.92334                        10.308241
              2       1256.9796       1.0421743     0.022487664      0.11788611     0.051838477       3.0334498      0.96452394       1.2572506       1.0012374        0.302053      0.69786944      0.79897561     0.048167403      0.25250589      0.80170477       13.765346       147.52798       68.327504   2.0768756e-09       7.3696442       12.299944       1023.9988       14.048058       1405.6402      -15.791687       -15.791687       2545.5426                                 89.555591          14.048058             1405.6402          12.299944                      23.269167                      395.73314                                594.19057                        10.805934
              2       1254.8796       1.0421106     0.022458045      0.11788165     0.051216938       3.0327902      0.96423431       1.2535077      0.99975539      0.30238989      0.69753244      0.79867655     0.048169251      0.25283906      0.80185149       13.770386       147.56204       68.281181   2.0755063e-09        7.312088       12.527674       1019.7707       14.316436       1405.5768      -15.930739       -15.930739       2541.6208                                 89.429119          14.316436             1405.5768          12.527674                      23.564665                      395.68467                                590.57643                        9.9449226
              2       1256.9268       1.0419957     0.022509598      0.11748845     0.050902905       3.0310113      0.96712366       1.2550489      0.99821983      0.30033899      0.69958368      0.79717629     0.048068864      0.25089458      0.79762655       13.766445       147.60989       68.430851   2.0718174e-09       7.2622528       11.485108       1024.8321        13.45845       1405.9742      -15.633793       -15.633793       2545.1213                                 89.371419           13.45845             1405.9742          11.485108                      23.133152                      395.69585                                596.16744                        9.8356727
              2       1255.2114       1.0421536     0.022494346      0.11712005     0.051412337       3.0320236      0.96827453       1.2528427       1.0016997      0.29801039      0.70191267      0.79685022     0.047794231      0.24884755      0.79420345       13.761607        147.7257       68.603923   2.0739158e-09       7.3127899       10.530016       1023.0103       12.499365       1406.4605      -15.669994       -15.669994       2541.7628                                 89.262605          12.499365             1406.4605          10.530016                      22.486977                      395.71435                                592.89846                        11.910515
              5        1254.217       1.0421723     0.022547033      0.11714432     0.052046728       3.0338532      0.96726302       1.2489359        1.000884      0.29778494      0.70213822      0.79715169     0.047843685      0.24857443      0.79420333       13.755538       147.66056       68.648711   2.0777137e-09       7.3675385       10.512955       1021.4246       12.256942       1406.5096      -15.767174       -15.767174       2539.9683                                  89.26424          12.256942             1406.5096          10.512955                      22.870061                      395.71953                                591.74544                        11.089548
              1       1254.0907       1.0423266     0.022546546      0.11719225     0.053147486       3.0355188      0.96800511       1.2609065       1.0004178       0.2975902      0.70233304      0.79834317     0.047795204      0.24842953      0.79513029       13.751229       147.64834       68.682777   2.0811772e-09        7.480545       10.429189       1021.2532       12.074142       1406.5523      -15.833264       -15.833264        2539.848                                  89.53918          12.074142             1406.5523          10.429189                      22.790526                      395.78737                                591.78127                        10.894044
              2       1253.9511       1.0423266     0.022546546      0.11719225     0.053147486       3.0355188      0.96800511       1.2078232      0.99974162       0.2975902      0.70233304      0.79834317     0.047795204      0.24842953      0.79513029       13.751229       147.64834       68.682777   2.0811772e-09        7.480545       10.429189       1021.6944       12.074142       1406.5523      -15.751084       -15.751084       2539.4043                                 88.654274          12.074142             1406.5523          10.429189                      22.884926                      395.81325                                 592.4582                        10.538055
              1       1254.8154       1.0423138     0.022510677      0.11720555     0.052174176        3.034361       0.9669125       1.1977388      0.99982028       0.2979008      0.70202234      0.79773401     0.047776656      0.24875703      0.79493811       13.755501       147.68462       68.641442    2.078769e-09       7.3892975       10.467278       1023.3974       12.296124       1406.4843      -15.778677       -15.778677       2541.1882                                  88.54316          12.296124             1406.4843          10.467278                      23.108711                      395.73858                                594.10436                        10.445708
              1       1254.0024       1.0421636     0.022445628      0.11702397     0.052473216       3.0302553      0.97059016        1.214061      0.99882494      0.29774869      0.70217436      0.79672749     0.047698084      0.24868179      0.79373239       13.766042       147.80595       68.598626   2.0702518e-09       7.4307098       10.441282       1021.3813       12.528189       1406.5175      -15.766484       -15.766484       2539.5378                                 88.669515          12.528189             1406.5175          10.441282                      22.205645                      395.72693                                591.87952                        11.569232
              3       1253.9749       1.0421544     0.022450116      0.11700672      0.05224148       3.0300168      0.97072533       1.2134271      0.99894829      0.29765907      0.70226399      0.79658708     0.047697603      0.24859294      0.79347307       13.765753       147.80555       68.605829   2.0697581e-09       7.4054413       10.430856       1021.4036       12.488998       1406.5371      -15.783973       -15.783973       2539.5177                                 88.657157          12.488998             1406.5371          10.430856                      22.176869                      395.71897                                591.89733                        11.610451
              9       1254.7613        1.042166      0.02246223      0.11703696     0.051896799       3.0288533      0.97027359       1.2086019      0.99801449      0.29771677       0.7022063      0.79605117     0.047718165      0.24863022      0.79301611       13.764263       147.78387       68.609549   2.0673512e-09       7.3682404       10.445102       1022.6704       12.468782       1406.5245      -15.537766       -15.537766       2540.5981                                 88.489348          12.468782             1406.5245          10.445102                       22.33795                      395.70796                                593.28829                        11.336187
              4       1254.6653       1.0421695     0.022480678      0.11722141     0.051421712       3.0282288      0.97020164       1.2124681      0.99990058      0.29857732      0.70134564      0.79634841     0.047826159       0.2493808      0.79445792        13.76308       147.71371       68.560181   2.0660606e-09       7.3184052       10.655787       1022.6764       12.738415       1406.3386      -15.843963       -15.843963       2541.0185                                 88.609357          12.738415             1406.3386          10.655787                      22.104777                      395.70299                                592.46634                        12.402263
              1       1254.8959       1.0421408     0.022701541      0.11652797     0.052077428       3.0366563      0.97304396       1.2142635       1.0022647      0.29377762      0.70614633      0.79719313     0.047680207      0.24474453       0.7888824       13.737018       147.65422       69.001511   2.0835458e-09       7.3282318       10.494077       1022.9074       10.430362       1407.4415      -15.049095       -15.049095       2539.8901                                  88.61666          10.430362             1407.4415          10.494077                      21.919463                      395.70595                                 593.9941                        11.287923
              1         1254.88       1.0420426     0.022696774      0.11664458     0.052695056        3.037624      0.97269981       1.2188075       1.0015654      0.29469577        0.705228      0.79782225     0.047780977      0.24555876      0.79073773       13.741016       147.62824       68.921474   2.0855632e-09       7.3935089       10.366598       1023.1329       10.831825        1407.218      -15.284496       -15.284496       2540.3289                                 88.779617          10.831825              1407.218          10.366598                       22.04176                      395.69618                                594.69353                         10.70139
              6       1255.3065       1.0419675     0.022639198      0.11689554     0.050761013       3.0308138      0.97356775       1.2221521      0.99983521      0.29655099       0.7033724      0.79643463     0.047893639      0.24729467      0.79184321       13.750602        147.6247       68.752991   2.0714083e-09       7.2124176       10.418198       1024.1428       11.701708       1406.7845      -15.618498       -15.618498         2541.85                                 88.802822          11.701708             1406.7845          10.418198                      21.826658                      395.67988                                595.60485                         11.03138
              1       1253.9236       1.0420356     0.022556484      0.11693814     0.050307189       3.0313208      0.97283365       1.2205623       1.0019768       0.2970432      0.70288005      0.79696514      0.04781154      0.24786632      0.79302796       13.757606       147.70524       68.686175   2.0724587e-09       7.1829376        10.42465       1020.5664       12.055984       1406.6736      -15.454782       -15.454782       2538.7567                                 89.036074          12.055984             1406.6736           10.42465                      21.748291                      395.70603                                591.34969                         11.76242
              5         1255.34       1.0420356     0.022556484      0.11693814     0.050307189       3.0313208      0.97283365       1.2368556       1.0002989       0.2970432      0.70288005      0.79696514      0.04781154      0.24786632      0.79302796       13.757606       147.70524       68.686175   2.0724587e-09       7.1829376        10.42465       1024.5466       12.055984       1406.6736      -15.789473       -15.789473       2542.2589                                 88.558103          12.055984             1406.6736           10.42465                      21.941889                      395.70452                                 596.1065                        10.793714
              1       1253.8958       1.0422927      0.02260387      0.11714513     0.053113167       3.0324662      0.97349647       1.2558485      0.99882055      0.29711672      0.70280664      0.79837119     0.047837007      0.24791652      0.79452539       13.745897       147.59724       68.739979    2.074834e-09       7.4636993       10.396353       1021.3389       11.770288       1406.6572      -15.634784       -15.634784       2539.0612                                 88.898465          11.770288             1406.6572          10.396353                      21.823541                      395.77286                                592.51263                        11.229855
              1       1254.0611       1.0422962     0.022604963      0.11713086     0.053122121       3.0325768      0.97389429       1.2583256      0.99985463      0.29702527      0.70289811      0.79848578     0.047829088      0.24783327      0.79451711       13.745607       147.59985       68.747333   2.0750634e-09       7.4644012       10.383935       1021.8526       11.731507       1406.6776      -15.745753       -15.745753       2539.6137                                 88.968054          11.731507             1406.6776          10.383935                      21.650301                      395.75728                                592.62334                        11.821661
              1        1255.178       1.0422457       0.0226497      0.11677521     0.055014366       3.0326968      0.97568812        1.261064      0.99821382      0.29505501      0.70486871      0.79760421     0.047711523      0.24598662      0.79100333       13.740621       147.64568       68.900058   2.0753124e-09       7.6398773       10.345389       1023.9337       10.940531       1407.1322       -15.40524        -15.40524       2541.1665                                 88.814689          10.940531             1407.1322          10.345389                       21.44233                      395.95482                                594.35825                        12.178271
              1       1255.2731       1.0422123     0.022547683      0.11642442     0.054462135       3.0298285      0.97313413       1.2274345       0.9980039      0.29388431      0.70603947      0.79484353       0.0474616      0.24506684      0.78670012       13.750771       147.85359       68.925476   2.0693684e-09       7.6005707        10.55345       1024.7468       10.811573       1407.4152      -15.474437       -15.474437       2541.4951                                 87.968045          10.811573             1407.4152           10.55345                      21.763353                      395.88138                                593.91445                         13.18763
              1       1255.0486       1.0420609     0.022563224      0.11666389     0.053638359       3.0282266      0.97180696       1.2221208      0.99677475      0.29548923      0.70443427      0.79445178     0.047666619      0.24646182      0.78845651       13.754798       147.77173       68.800786    2.066056e-09        7.517746       10.323616       1023.2377       11.451528       1407.0296      -14.927845       -14.927845       2539.9528                                 87.910425          11.451528             1407.0296          10.323616                      22.078597                      395.80884                                593.15544                         12.19479
              4       1256.0276       1.0421717     0.022495786      0.11704079     0.051705716       3.0216406       0.9731487       1.2342892       0.9956658      0.29753079      0.70239235      0.79393761     0.047746861      0.24841676      0.79066353       13.760531        147.7454       68.640142   2.0524937e-09        7.341568       10.431319        1023.347       12.303141       1406.5653      -14.367547       -14.367547       2540.7903                                 88.143476          12.303141             1406.5653          10.431319                       21.72007                      395.72368                                592.89826                        13.005008
              1       1256.4969       1.0422618     0.022521587      0.11703062     0.051227215       3.0202142      0.97354918       1.2331357      0.99554036      0.29706858      0.70285469      0.79342887     0.047722042      0.24798165       0.7895429       13.755042       147.71934       68.697351   2.0495681e-09       7.2868195       10.358845       1024.3947       11.996362       1406.6679      -14.247406       -14.247406       2541.4886                                 88.070798          11.996362             1406.6679          10.358845                      21.647064                      395.65387                                593.65707                        13.436648
              3       1256.6381       1.0422802     0.022516652      0.11707049     0.051687885       3.0207189      0.97340874       1.2354538      0.99565549      0.29725301      0.70267023      0.79376086     0.047729316       0.2481583      0.79011842       13.755215       147.71417       68.684589   2.0506027e-09       7.3359528       10.374972       1024.7526       12.064458       1406.6268      -14.338562       -14.338562       2541.9534                                 88.134602          12.064458             1406.6268          10.374972                      21.639831                      395.72535                                593.79535                        13.592028
              4       1257.3261       1.0422849     0.022410188       0.1174399     0.049430619        3.017121      0.97312352       1.2401073      0.99558975      0.29979762       0.7001251      0.79396861     0.047820622      0.25060249      0.79370077       13.768212       147.73354        68.45657   2.0432381e-09       7.1302948       10.930812       1024.7529       13.313685       1406.0839      -14.388448       -14.388448       2543.4291                                 88.347841          13.313685             1406.0839          10.930812                      21.624118                      395.74421                                594.09961                        13.284988
              1       1257.6532       1.0422827     0.022405226      0.11744832     0.049552306       3.0173157      0.97372617       1.2454175       0.9954448      0.29987717      0.70004554      0.79427647     0.047821539      0.25068079      0.79411385       13.768847       147.73683       68.448334   2.0436361e-09       7.1443329       10.956384       1025.0366       13.359956       1406.0676      -14.295001       -14.295001       2543.8965                                 88.475889          13.359956             1406.0676          10.956384                      21.545175                      395.73753                                594.60364                        13.150257
              2       1257.2765       1.0422597     0.022531953      0.11771775     0.047480789       3.0157484      0.97443484       1.2501854      0.99665092       0.3006487      0.69927403      0.79425553     0.048080189      0.25119401      0.79511378       13.757278        147.5234       68.456759   2.0404356e-09       6.9049835        11.48905       1025.1673       13.312622       1405.9124      -14.955114       -14.955114       2544.4633                                 88.581964          13.312622             1405.9124           11.48905                      21.418183                      395.93843                                594.57748                         13.23322
              1       1258.9434       1.0422597     0.022531953      0.11771775     0.047480789       3.0157484      0.97443484       1.2384862      0.99685826       0.3006487      0.69927403      0.79425553     0.048080189      0.25119401      0.79511378       13.757278        147.5234       68.456759   2.0404356e-09       6.9049835        11.48905       1025.6313       13.312622       1405.9124      -15.044491       -15.044491       2547.9758                                 91.630546          13.312622             1405.9124           11.48905                      21.396934                      395.93843                                594.90875                        13.387141
              2       1258.9048       1.0420911     0.022453712      0.11848033     0.044867271       3.0116514      0.97169561       1.2375671      0.99676434      0.30568135      0.69424046      0.79455882     0.048479795      0.25581081      0.80204715        13.77421       147.40659       68.055572   2.0320929e-09       6.6515961       15.405535       1022.8915       15.659845       1404.9992      -15.076682       -15.076682       2547.9629                                 89.006885          15.659845             1404.9992          15.405535                       21.71919                      396.25912                                592.27117                         12.64201
              2       1258.8215       1.0420158     0.022490028      0.11849987      0.04399703       3.0110964      0.97194089        1.236295      0.99683598      0.30579927      0.69412255      0.79426545     0.048557778      0.25585075      0.80190564       13.772662       147.36104        68.05587   2.0309654e-09       6.5512238       15.756852       1022.4102       15.658029       1404.9798      -15.078907       -15.078907       2547.8008                                 88.995894          15.658029             1404.9798          15.756852                      21.720759                      396.44431                                591.92784                        12.317313
              1       1258.8104       1.0420158     0.022490028      0.11849987      0.04399703       3.0110964      0.97194089       1.2501664      0.99723539      0.30579927      0.69412255      0.79426545     0.048557778      0.25585075      0.80190564       13.772662       147.36104        68.05587   2.0309654e-09       6.5512238       15.756852       1023.4149       15.658029       1404.9798      -15.290249       -15.290249       2548.2013                                 88.391725          15.658029             1404.9798          15.756852                      21.676608                      396.48445                                592.67067                        12.583158
              2       1258.4375        1.041958     0.022449011       0.1183277     0.039911514       3.0032959      0.96779611       1.1954352      0.99676032      0.30528896      0.69463287      0.78946624     0.048461279      0.25543717      0.79639492       13.777977       147.45212       68.061446   2.0151846e-09       6.1062164       15.179644       1023.3929       15.624102       1405.0642      -14.994877       -14.994877       2546.8647                                 87.603903          15.624102             1405.0642          15.179644                      22.373268                      397.50289                                590.26204                        13.254662
              6       1263.7227       1.0416791     0.022381156      0.11862659     0.039820625       3.0026413        0.967928       1.2079054      0.99473525      0.30814911      0.69177212       0.7902735     0.048687902      0.25805995      0.80093496       13.794942       147.44789       67.800161   2.0138658e-09       6.1111298       18.750065       1026.2483       17.253409       1404.6139      -13.676732       -13.676732       2554.7988                                 87.933103          17.253409             1404.6139          18.750065                       22.50591                      397.49301                                594.68397                        11.565452
              1       1260.0409       1.0417672     0.022401985      0.11841069      0.03891038       3.0010368      0.96861132       1.2001571      0.99660157      0.30658934      0.69333217      0.78911937     0.048553404      0.25663986       0.7977386       13.789088        147.4822       67.925588   2.0106372e-09       6.0023346       16.733232       1024.2162       16.461194       1404.8526      -14.947137       -14.947137        2549.976                                 87.712756          16.461194             1404.8526          16.733232                      22.173073                      397.84424                                 590.9915                        13.207386
              1       1259.9219       1.0418024     0.022395238       0.1184757     0.037993842       3.0008098      0.96598527       1.1816169      0.99742239      0.30687391      0.69304756      0.78851979     0.048563833      0.25691328      0.79750232       13.789058       147.47231       67.908067    2.010181e-09       5.9005585       16.986866       1024.5751       16.570744       1404.8079      -15.298319       -15.298319       2550.4404                                 87.499824          16.570744             1404.8079          16.986866                      22.622313                      398.09998                                590.59236                        13.260431
              1       1257.5031       1.0422523     0.022432469      0.11817513     0.042586234       3.0104929      0.96714986       1.2017538      0.99670384      0.30368443      0.69623771      0.79192567      0.04822873      0.25407084      0.79677382       13.770263        147.5114       68.200197   2.0297402e-09       6.4045258       13.299878       1023.7785       14.791735       1405.3409      -14.990464       -14.990464       2544.9872                                  87.77624          14.791735             1405.3409          13.299878                      22.724891                      396.67976                                592.36807                        12.005761
              2       1257.1195       1.0419163       0.0224294      0.11856459      0.04675386       3.0169882      0.96820881       1.2415255      0.99677805      0.30680676       0.6931148      0.79585177     0.048585023      0.25682645      0.80482975       13.782409       147.41128       67.945019   2.0429669e-09       6.8593597       16.836562       1017.6898       16.340134       1404.8184      -15.106494       -15.106494        2544.452                                 88.767057          16.340134             1404.8184          16.836562                      22.428003                      395.91912                                588.08938                        11.253346
              2       1257.2772       1.0419037      0.02240883      0.11857389     0.046934922       3.0173433       0.9671812       1.2359392      0.99633471       0.3070169       0.6929046      0.79578594     0.048577578      0.25704298      0.80503873       13.785028       147.43169       67.919058   2.0436925e-09       6.8832245       17.031496       1017.2988       16.501978       1404.7856      -14.863414       -14.863414       2544.2812                                 88.663293          16.501978             1404.7856          17.031496                      22.678885                      395.87411                                587.80844                        10.937373
              2       1255.6486       1.0419357     0.022435876      0.11771056     0.049334473       3.0199697      0.97035572       1.2350577      0.99724717      0.30212428      0.69779802      0.79477931     0.048145429      0.25259659      0.79758823       13.777162       147.63234       68.264354   2.0490671e-09       7.1183624       12.466443       1021.0377        14.41456       1405.6267      -15.316128       -15.316128       2541.9294                                 88.383968           14.41456             1405.6267          12.466443                      22.016803                      395.71375                                590.86921                        12.437963
              4       1255.1086       1.0418834     0.022631101      0.11765812     0.048565353       3.0236026      0.96740146       1.2097732      0.99784302      0.30087342      0.69904927       0.7943006     0.048314301      0.25118398      0.79545603       13.757614       147.42937       68.440786   2.0565246e-09       6.9976349       12.091577       1021.4611       13.402434       1405.8679      -15.240786       -15.240786       2540.6988                                 87.875778          13.402434             1405.8679          12.091577                       22.87262                      395.72965                                591.88249                         10.97635
              1       1254.4464       1.0419212     0.022624672      0.11755782     0.048210621       3.0245007      0.96791019       1.2104322      0.99964542      0.30026671      0.69965608      0.79452535     0.048239712      0.25065359      0.79487845       13.756704       147.46328       68.483949   2.0583725e-09        6.960434       11.694312       1021.3884       13.160437       1405.9887      -15.617346       -15.617346       2540.1275                                 87.895632          13.160437             1405.9887          11.694312                      22.637884                      395.78836                                591.41777                        11.544385
              3       1254.6209       1.0419212     0.022624672      0.11755782     0.048210621       3.0245007      0.96791019       1.1875536       0.9990951      0.30026671      0.69965608      0.79452535     0.048239712      0.25065359      0.79487845       13.756704       147.46328       68.483949   2.0583725e-09        6.960434       11.694312       1021.0318       13.160437       1405.9887       -15.51079        -15.51079       2540.2634                                 88.388117          13.160437             1405.9887          11.694312                      22.712756                      395.77555                                591.32594                        11.217515
              2       1256.3931       1.0423168     0.022657974      0.11723401     0.046076103       3.0202472      0.96834275       1.1676509       1.0001799       0.2972077      0.70271572      0.79205155     0.047917391      0.24792808      0.78835685       13.739836       147.51276       68.764446   2.0496357e-09        6.725296       10.434758       1027.1218         11.6415       1406.6369      -15.452085       -15.452085       2543.6904                                 87.855384            11.6415             1406.6369          10.434758                      22.503413                      396.06212                                595.36262                        13.193631
              2       1256.0086        1.042326     0.022655674      0.11726047     0.046272631       3.0204042      0.96830822       1.1690963      0.99886161      0.29733285      0.70259055      0.79221235     0.047924462      0.24804582      0.78868291       13.739933       147.50825       68.755884   2.0499575e-09       6.7470551       10.451823       1026.1238       11.686492       1406.6091      -15.360038       -15.360038       2542.7372                                 87.865954          11.686492             1406.6091          10.451823                      22.671729                      395.98804                                595.16535                        12.298667
              5        1255.817       1.0423221     0.022651759      0.11720289     0.046431288       3.0203605      0.96847772       1.1685807      0.99894925      0.29706388      0.70285956      0.79205935     0.047893789      0.24780816      0.78817385       13.740192       147.52802       68.771955   2.0498679e-09       6.7639008       10.407812        1025.889        11.60212        1406.669      -15.382689       -15.382689       2542.3993                                 87.831392           11.60212              1406.669          10.407812                      22.613601                      395.99122                                594.75844                        12.525714
              2       1256.2133       1.0422811     0.022655539      0.11723714     0.046438918       3.0205127      0.96812559       1.1673944      0.99985779      0.29734176      0.70258163       0.7920813     0.047933615      0.24804531      0.78856425       13.741171       147.51465       68.749113     2.05018e-09       6.7639008       10.466482        1026.712       11.722125       1406.6072      -15.457821       -15.457821       2543.3422                                 87.834414          11.722125             1406.6072          10.466482                      22.562522                      395.99122                                595.12004                         13.03822
              1       1256.8647       1.0420826     0.022470569      0.11706192     0.043160935       3.0159879      0.96687469       1.1435394       1.0004891      0.29804533      0.70187768      0.78990662     0.047777208      0.24889855      0.78732906        13.76598       147.76716       68.579868   2.0409244e-09       6.4452362       10.546193       1027.3519       12.630542       1406.4529      -15.659517       -15.659517       2545.0484                                 88.066839          12.630542             1406.4529          10.546193                      22.712105                      396.57807                                594.96265                        13.099128
              1       1256.2659       1.0419151     0.022429733      0.11763881      0.04347794       3.0176877      0.96840343       1.1798021       1.0017305      0.30183778      0.69808455      0.79304824     0.048113223      0.25234284      0.79547361       13.778095       147.65794       68.277848   2.0443964e-09       6.4943695       12.284006       1022.4799       14.335844       1405.6809      -15.569989       -15.569989       2543.6718                                  88.89115          14.335844             1405.6809          12.284006                      22.246269                      396.55643                                591.04698                        12.630176
              2       1255.8269       1.0419457     0.022441764      0.11719124     0.045408974       3.0236265      0.97022467       1.1885384       1.0031542      0.29929515      0.70062759      0.79439286     0.047881722       0.2500391       0.7934591       13.773759       147.76473        68.46106   2.0565738e-09       6.6944122       10.961192       1022.1255       13.288494       1406.1875      -15.027551       -15.027551        2541.709                                  89.14628          13.288494             1406.1875          10.961192                      21.984247                      396.17282                                591.51586                        12.452582
              4       1255.8907        1.041968       0.0224473      0.11711094     0.044986879        3.022733      0.96982576       1.1804236       1.0030435       0.2987721      0.70115073      0.79363585      0.04783533      0.24956411      0.79201001       13.772115       147.78009       68.502697   2.0547371e-09       6.6473846       10.772767       1022.8378       13.056011       1406.2972      -15.058737       -15.058737       2541.8988                                 88.934993          13.056011             1406.2972          10.772767                      22.064532                      396.26991                                591.88547                        12.617849
              1       1255.8437       1.0419571     0.022464192       0.1171355     0.044370325       3.0225033      0.96992018       1.1798664       1.0025539      0.29883857      0.70108427      0.79357917     0.047867823      0.24959819      0.79204153       13.770756        147.7546       68.505204   2.0542652e-09       6.5778961       10.817897       1023.0759       13.042079       1406.2832      -15.263521       -15.263521       2542.2145                                 88.995486          13.042079             1406.2832          10.817897                       22.15545                      396.39672                                592.55349                        11.970207
              1       1254.8049       1.0422318     0.022616319      0.11708634     0.046958089       3.0226726      0.97242325       1.1978847       1.0003363      0.29691451      0.70300888       0.7938394     0.047846573      0.24770522      0.78974654       13.746098       147.59866       68.752033    2.054613e-09       6.8242645        10.39064       1023.5383       11.706754       1406.7025       -15.60779        -15.60779       2540.8253                                 88.487148          11.706754             1406.7025           10.39064                      21.827201                      395.97566                                593.10237                        12.633104
              1       1255.5097       1.0422686     0.022620063      0.11711848      0.04634932       3.0226056        0.972074       1.1950813       1.0000224      0.29695516      0.70296824      0.79383477     0.047848813      0.24774379        0.789796       13.744758       147.58583       68.756114   2.0544754e-09       6.7596893       10.389391       1024.9465       11.685277       1406.6933      -15.603097       -15.603097       2542.2256                                 88.511177          11.685277             1406.6933          10.389391                      21.975062                      396.07325                                594.83666                        12.061494
              2       1255.0985       1.0421877     0.022611854      0.11717057     0.045915664        3.022302      0.97204925       1.1956082       1.0005102      0.29751152      0.70241176      0.79385266     0.047906087      0.24824075      0.79055333       13.748292       147.58097        68.70253   2.0538517e-09       6.7161713       10.498691       1023.7415       11.968778       1406.5696      -15.599468       -15.599468       2541.3959                                 88.617312          11.968778             1406.5696          10.498691                       21.93186                      396.10334                                593.59896                        12.107335
              1       1256.1725       1.0420736     0.022704549      0.11673903     0.046506408       3.0228061      0.97154331       1.1753398       1.0014979      0.29505694      0.70486679      0.79191009     0.047821001      0.24587924       0.7853589       13.739726       147.59376       68.904424   2.0548873e-09        6.754776       10.347779       1026.3711       10.918328       1407.1317      -15.182783       -15.182783       2542.7106                                  87.94164          10.918328             1407.1317          10.347779                       21.93793                       396.0363                                595.05867                        13.338191
              1       1256.8512       1.0420979     0.022673065      0.11667402     0.044446367       3.0181329      0.97015591       1.1529182       1.0002665      0.29482217      0.70510157      0.78956687     0.047749582      0.24571603      0.78272348       13.742038       147.64603       68.908109   2.0453069e-09       6.5413971       10.358422       1028.3316       10.899605       1407.1877      -15.372862       -15.372862       2544.4481                                 87.670776          10.899605             1407.1877          10.358422                      22.242861                      396.40594                                596.30022                        13.382539
              2       1256.3886       1.0420764     0.022604325      0.11696022     0.045825039       3.0213941      0.96635421       1.1455958        1.000426      0.29677101      0.70315234      0.79097115     0.047845172      0.24756243       0.7867029       13.751394       147.64574       68.734806   2.0519879e-09       6.7049408       10.402494       1027.0028       11.797608       1406.7347      -15.487245       -15.487245       2543.7518                                 87.814139          11.797608             1406.7347          10.402494                      22.963952                      396.08007                                595.43758                        12.521205
              1       1256.3726       1.0420343     0.022594059       0.1170544     0.045579184       3.0214864      0.96608927       1.1470043       1.0010457      0.29744764      0.70247559      0.79126218     0.047903808      0.24817813      0.78788901       13.754198       147.63187       68.677126   2.0521773e-09        6.681778       10.523937       1026.4924       12.104371       1406.5837      -15.437219       -15.437219       2543.6196                                 87.915241          12.104371             1406.5837          10.523937                      22.945553                      396.11526                                594.83075                         12.60084
              2       1255.7874       1.0422706     0.022563037      0.11703464      0.04647364       3.0257148      0.96725585       1.1635916       1.0017856      0.29683041      0.70309295      0.79355086     0.047756053        0.247711      0.78934768       13.750378       147.67174       68.736049    2.060873e-09       6.7828522       10.349671       1025.1393       11.791041       1406.7213      -15.369195       -15.369195       2542.3132                                 88.311905          11.791041             1406.7213          10.349671                      22.813791                      395.96634                                594.45022                        11.908905
              1       1255.4948       1.0422009     0.022714344      0.11728902      0.04777355       3.0295363      0.96830099       1.1842923       1.0016259      0.29751568      0.70240772      0.79558336     0.048048303      0.24810482      0.79228237        13.73754       147.43568       68.756074   2.0687636e-09       6.8937531       10.572153       1023.9508       11.685491       1406.5687      -15.147611       -15.147611       2541.2847                                 88.507573          11.685491             1406.5687          10.572153                      22.765009                      395.79599                                594.47554                        10.914235
              1       1255.3125       1.0421892     0.022714997      0.11725569     0.047878092       3.0296423      0.96851653       1.1849563       1.0021313      0.29737112       0.7025523      0.79556226     0.048037494      0.24797141      0.79206886        13.73766       147.44388       68.764797    2.068983e-09       6.9035797       10.544553       1023.3251       11.639658       1406.6007       -14.99558        -14.99558       2540.6162                                 88.506144          11.639658             1406.6007          10.544553                      22.655159                      395.82195                                 593.6213                        11.226718
              3       1255.9943       1.0421892     0.022714997      0.11725569     0.047878092       3.0296423      0.96851653       1.1849044       1.0028334      0.29737112       0.7025523      0.79556226     0.048037494      0.24797141      0.79206886        13.73766       147.44388       68.764797    2.068983e-09       6.9035797       10.544553       1024.1279       11.639658       1406.6007      -14.716596       -14.716596       2541.4219                                 88.509112          11.639658             1406.6007          10.544553                      22.561073                      395.81951                                594.09871                        11.648563
              1       1255.3333       1.0421449     0.022705931      0.11722834      0.04723786       3.0281909      0.96900002       1.1841697       1.0021645      0.29740778      0.70251561      0.79503718     0.048036685      0.24800836      0.79159487       13.739813       147.46119       68.751653   2.0659824e-09       6.8383026       10.561785       1023.3156        11.70875       1406.5926      -15.006108       -15.006108       2540.6787                                 88.500004           11.70875             1406.5926          10.561785                      22.523422                      395.89397                                593.46263                        11.435618
              1       1257.8784       1.0419423     0.022776404      0.11706884     0.048069982       3.0287411      0.96954785       1.1826125       1.0002511      0.29676197      0.70316154       0.7943997      0.04811161      0.24728972      0.79010091       13.737566       147.42588       68.804625   2.0671193e-09        6.908493        10.55285        1029.127        11.43155       1406.7368      -15.170685       -15.170685       2546.0983                                  88.25008           11.43155             1406.7368           10.55285                      22.652078                      395.80761                                600.05932                        10.607946
              2        1255.994       1.0418876     0.022755312      0.11718572     0.048375494       3.0288667      0.96879137       1.1828588       1.0008977      0.29765463       0.7022687      0.79466825     0.048178796      0.24811204      0.79155584       13.741999       147.41799       68.724791    2.067379e-09       6.9463959       10.783775       1024.8708       11.850587       1406.5382      -15.175936       -15.175936         2542.34                                 88.296653          11.850587             1406.5382          10.783775                      22.662493                      395.77074                                595.49656                         10.94097
              3       1255.5797       1.0418864     0.022744454      0.11694121     0.050075585       3.0304542       0.9703943       1.1915584       1.0013446      0.29643465      0.70348885      0.79497568     0.048045707      0.24702827      0.79023763       13.742019       147.49557        68.80349   2.0706636e-09       7.1204681       10.487957       1024.4237       11.437455        1406.811      -15.148438       -15.148438       2541.4563                                 88.296203          11.437455              1406.811          10.487957                       22.25742                      395.67567                                  594.797                        11.693562
              1       1256.4808       1.0424156     0.022750198      0.11707378     0.052422492       3.0341751      0.96837914       1.1926153      0.99905015      0.29556191      0.70436189      0.79673145     0.047869169       0.2463374      0.79081621       13.726311       147.45391       68.938947   2.0783827e-09       7.3619232       10.324688       1027.1061       10.743536       1407.0127      -15.206696       -15.206696        2543.375                                 88.187888          10.743536             1407.0127          10.324688                      22.984063                      395.69292                                597.80271                        10.626461
              1       1256.1307       1.0425657     0.022518711      0.11771091     0.048066402       3.0227375        0.968136       1.1956254      0.99897804      0.29978637      0.70013657      0.79541386     0.047920938      0.25049468       0.7951306       13.749552       147.53999        68.55026   2.0547463e-09       6.9695587       10.904502       1025.3038       12.792947       1406.0863      -15.683251       -15.683251       2543.6279                                 88.540428          12.792947             1406.0863          10.904502                      22.572702                      395.80179                                594.70649                        12.222776
              6       1256.3656       1.0424087     0.022511845      0.11852973     0.048432975       3.0240733      0.96565502       1.2106642      0.99780388      0.30464911      0.69527302      0.79788228     0.048404413      0.25485969      0.80404092        13.75876       147.32924       68.196653   2.0574929e-09       7.0207977       14.141729       1020.2614        14.81271       1405.1725      -15.421926       -15.421926        2543.575                                 89.186661           14.81271             1405.1725          14.141729                      23.151584                       395.7177                                590.83761                        10.554551
              2       1256.3338       1.0423793     0.022516536      0.11855772     0.048312971       3.0238646      0.96587498        1.212563      0.99792907      0.30485941      0.69506269       0.7979159     0.048436747      0.25503702      0.80435227        13.75926       147.31659        68.18099   2.0570635e-09       7.0081635       14.385358       1019.9254       14.905596       1405.1366      -15.462923       -15.462923       2543.5935                                  89.24053          14.905596             1405.1366          14.385358                      23.079429                      395.74657                                590.49968                         10.59974
              7       1255.3368       1.0419875     0.022462868      0.11737418     0.049267733       3.0208188      0.96891034       1.1896867      0.99666165      0.30002343      0.69989923      0.79345795     0.047973591      0.25067417      0.79348894       13.771135        147.6924       68.427629   2.0508077e-09       7.1008148       11.268438       1021.4818       13.476643       1406.0379      -14.918844       -14.918844       2540.5112                                 88.246433          13.476643             1406.0379          11.268438                      22.460222                      395.70983                                591.36189                        11.949878
              4       1256.1931       1.0422484     0.022472791      0.11713819      0.04698469       3.0170436      0.96810773       1.1650122      0.99772752        0.297951      0.70197207      0.79108923     0.047740082      0.24884255      0.78838304       13.761169       147.74449       68.609922   2.0430802e-09       6.8565521       10.472873       1025.8296       12.466753       1406.4734      -15.325717       -15.325717       2543.0375                                 87.794911          12.466753             1406.4734          10.472873                       22.50946                      395.90273                                593.95889                        13.458529
              1       1257.0549       1.0421619     0.022476729      0.11736117       0.0460482       3.0167866      0.96646099       1.1588165       0.9970781       0.2993622      0.70056063      0.79116993     0.047897108      0.25009246      0.79032847       13.764398       147.68019       68.503366    2.042555e-09       6.7589874       10.910869       1026.1627       13.052293       1406.1736      -15.035022       -15.035022       2544.1798                                 87.880353          13.052293             1406.1736          10.910869                      22.975089                      396.03446                                594.96701                        12.186142
              1       1257.0152       1.0422702     0.022463278      0.11713625     0.044227969       3.0169288       0.9670886       1.1517798       1.0006863      0.29793091      0.70199217      0.79078886     0.047720549      0.24884197      0.78805711       13.761526       147.75541       68.609437   2.0428455e-09        6.563858        10.45696       1027.9288       12.469392       1406.4778      -15.671865       -15.671865       2545.3742                                 88.041296          12.469392             1406.4778           10.45696                      22.592421                      396.38586                                595.24333                        13.707155
              1       1257.2585       1.0421651     0.022439381      0.11734508     0.040612841       3.0100138      0.96839191       1.1519354      0.99973251       0.2994804      0.70044237      0.78918059     0.047854603       0.2502521      0.78849686       13.768213       147.72573       68.476819   2.0287679e-09       6.1750031        10.91132       1027.5115       13.200257       1406.1491      -15.721966       -15.721966        2545.961                                 88.188753          13.200257             1406.1491           10.91132                      22.360844                      397.34969                                 594.2582                        13.542792
              6       1257.5315       1.0419233     0.022419882      0.11794587     0.043099753       3.0168324       0.9717545       1.2134036      0.99993382      0.30351352      0.69640854      0.79481684     0.048257165       0.2538699      0.79945764       13.780352       147.58671        68.16097   2.0426485e-09       6.4592743       13.498916       1023.1604       15.024746       1405.3713      -15.890834       -15.890834       2546.8447                                  89.78928          15.024746             1405.3713          13.498916                      21.841086                      396.66508                                593.25199                        11.402281
              1       1257.0907       1.0416903       0.0224157      0.11728649     0.043580568       3.0174596      0.97115848       1.1866234        1.000989       0.3007037      0.69921871      0.79244517     0.048027505      0.25129608      0.79337403       13.784623        147.7681       68.317369   2.0439301e-09       6.5034943       11.759798       1024.9156       14.106557       1405.9013      -15.755586       -15.755586       2545.6926                                 89.009321          14.106557             1405.9013          11.759798                      21.860701                      396.53336                                594.21843                        12.303075
              1       1256.6207       1.0417264      0.02242087      0.11726998     0.043994964        3.018158      0.97090574       1.1859623       1.0010989      0.30047906       0.6994434      0.79259863     0.048006576      0.25109329      0.79323122        13.78291        147.7668        68.34014   2.0453582e-09       6.5470123       11.617008       1024.2135       13.975287       1405.9461      -15.733059       -15.733059       2544.7074                                 88.955534          13.975287             1405.9461          11.617008                      21.896671                       396.4677                                 593.4658                        12.383374
              2       1260.9102       1.0414931     0.022256906      0.11810842      0.04644412        3.023433      0.96779203       1.2115069       1.0021316      0.30663779      0.69328346      0.79708048     0.048399648      0.25683741      0.80585033       13.811407       147.72525        67.81274    2.056176e-09       6.8537445        16.70988       1023.7746       17.173117       1404.8449      -15.510012       -15.510012       2552.8405                                 90.337978          17.173117             1404.8449           16.70988                      22.233497                      395.93272                                594.31016                        11.298245
              6       1258.5559       1.0415356      0.02233815      0.11776392     0.045378279       3.0209231      0.97060453       1.2109714       1.0016239      0.30417176      0.69574998      0.79546749      0.04827579       0.2545039      0.80097922       13.799816       147.72673       68.023489   2.0510215e-09        6.718277       14.330365       1023.0958       15.855782       1405.2549       -15.69258        -15.69258       2548.4969                                 89.960027          15.855782             1405.2549          14.330365                      21.828808                      396.17786                                593.35026                        11.738891
              3       1256.6274       1.0416672     0.022411113      0.11818705     0.046728905       3.0242744      0.96939751       1.2235741       1.0005062      0.30563007      0.69429157       0.7976923      0.04849475      0.25574149      0.80514261       13.790058        147.5323         67.9805   2.0579067e-09       6.8544464       15.836208       1017.7931       16.120223       1405.0075      -15.894664       -15.894664       2545.0441                                 90.286985          16.120223             1405.0075          15.836208                      22.226785                      395.92217                                589.13335                         10.51081
              6       1256.2465       1.0419507     0.022503425      0.11815675     0.045315894       3.0257023      0.97072137       1.2285921       1.0029733      0.30407451      0.69584756      0.79843602     0.048425402      0.25426299       0.8038398       13.771588        147.4377       68.169121   2.0608472e-09       6.6859894       14.172941       1017.7492       14.976177        1405.272      -15.144814       -15.144814       2542.7827                                 90.612407          14.976177              1405.272          14.172941                      21.971273                      396.17878                                588.74389                        10.855247
              1       1255.7332        1.042056     0.022528073      0.11802707      0.04792066       3.0316153      0.97199918       1.2462841       1.0023381      0.30292215      0.69700016      0.80073715     0.048330646      0.25320961       0.8046275       13.765209       147.44513       68.273273   2.0730692e-09       6.9562225       13.135224       1018.0813       14.362511       1405.4785      -15.414326       -15.414326       2542.2951                                 91.237604          14.362511             1405.4785          13.135224                      21.961792                      395.84224                                590.26954                        10.007765
              5       1256.1245        1.041977      0.02254256      0.11783903     0.049502283       3.0317912      0.97385075       1.2558372       1.0026305      0.30207007      0.69785236      0.80059715     0.048285038      0.25240533      0.80335456       13.765136       147.47937       68.327468   2.0734339e-09       7.1155548       12.615248       1019.3434       14.048266       1405.6369      -15.292479       -15.292479       2542.8339                                 91.190035          14.048266             1405.6369          12.615248                      21.523398                       395.7358                                591.21147                        10.872783
              8       1256.0015        1.041977      0.02254256      0.11783903     0.049502283       3.0317912      0.97385075       1.3441889       1.0022092      0.30207007      0.69785236      0.80059715     0.048285038      0.25240533      0.80335456       13.765136       147.47937       68.327468   2.0734339e-09       7.1155548       12.615248        1018.763       14.048266       1405.6369      -15.520898       -15.520898       2543.0448                                 91.981293          14.048266             1405.6369          12.615248                       21.56811                      395.74276                                590.79158                        10.660569
              1       1256.8346        1.041977      0.02254256      0.11783903     0.049502283       3.0317912      0.97385075       1.3833299       1.0013047      0.30207007      0.69785236      0.80059715     0.048285038      0.25240533      0.80335456       13.765136       147.47937       68.327468   2.0734339e-09       7.1155548       12.615248       1019.5239       14.048266       1405.6369      -15.767201       -15.767201       2545.2035                                 93.379191          14.048266             1405.6369          12.615248                      21.666103                      395.73955                                591.87988                        10.238354
              4       1260.7156        1.041775     0.022668174      0.11788402     0.055300751       3.0372425      0.97126729       1.3828568      0.99980099      0.30218204      0.69774046      0.80144627     0.048513408      0.25229008      0.80435564       13.757946       147.32857       68.356116   2.0847677e-09       7.6805878       13.198521         1022.16       13.883559       1405.6158      -15.666135       -15.666135       2552.7634                                  97.90553          13.883559             1405.6158          13.198521                      22.071632                      396.02248                                593.71312                        10.352753
              1       1259.4517       1.0417786     0.022680222       0.1179605     0.054927708         3.03752      0.97092817       1.3824834      0.99843887      0.30250863      0.69741384      0.80167143     0.048561205      0.25256824      0.80501628       13.756907       147.29483       68.340621   2.0853463e-09        7.641983       13.487569       1018.9587       13.972523       1405.5548      -15.445982       -15.445982       2549.7955                                  97.82192          13.972523             1405.5548          13.487569                      22.349454                      396.02658                                591.04989                        9.5327448
              3       1256.1585       1.0417786     0.022680222       0.1179605     0.054927708         3.03752      0.97092817       1.3147435      0.99937526      0.30250863      0.69741384      0.80167143     0.048561205      0.25256824      0.80501628       13.756907       147.29483       68.340621   2.0853463e-09        7.641983       13.487569       1019.4845       13.972523       1405.5548      -15.608339       -15.608339       2543.5336                                 91.034235          13.972523             1405.5548          13.487569                      22.230251                      396.00965                                591.35296                        9.8916154
              1       1256.2398       1.0417676     0.022682687      0.11802342     0.054802181       3.0365759      0.97031827       1.3110149      0.99852249      0.30286253      0.69705988      0.80130353     0.048600808      0.25288157      0.80511738       13.757265       147.27534       68.316484   2.0833785e-09       7.6300507       13.806124       1019.0102       14.111674       1405.4894      -15.456905       -15.456905       2543.3934                                 90.975947          14.111674             1405.4894          13.806124                      22.393966                      396.00114                                590.88403                        9.7310723
              1       1255.4704       1.0419987     0.022720321      0.11725979     0.057527911        3.038255      0.97172938       1.3004356      0.99751976      0.29791843      0.70200486      0.79980155     0.048133963      0.24841984      0.79702198       13.742778       147.43769       68.703904   2.0868796e-09       7.8806305       10.770558       1020.9713       11.961465       1406.4805      -15.035862       -15.035862       2541.0125                                 90.828712          11.961465             1406.4805          10.770558                      22.227891                      396.43183                                591.79587                        10.515676
              1       1257.0488       1.0424279     0.022718623      0.11778791     0.056022818       3.0403284      0.96703771       1.2863133      0.99761683       0.2994518      0.70047137      0.80141582     0.048197666       0.2498876      0.80068326       13.732687       147.29846       68.655922    2.091211e-09       7.7416534       11.088023       1024.2425       12.218134       1406.1552      -15.066382       -15.066382       2544.2304                                 90.526586          12.218134             1406.1552          11.088023                      23.405373                      396.22696                                595.26928                        9.3409174
              4       1256.1393       1.0423627     0.022703024      0.11785808     0.057205383       3.0423228      0.96618719       1.2885012      0.99813744      0.30010343      0.69981961      0.80220598     0.048250724      0.25048372      0.80234426       13.736615       147.29711       68.594601   2.0953859e-09       7.8630829       11.402139       1022.2281       12.550119       1406.0218      -15.286351       -15.286351       2542.8513                                 90.649117          12.550119             1406.0218          11.402139                      23.509707                       396.5209                                592.83278                        9.3647226
              1       1254.8785       1.0422779     0.022660936      0.11781224     0.056601067        3.042191      0.96684863       1.2911638      0.99961141      0.30035329      0.69956964       0.8022981     0.048231408      0.25075091      0.80277036       13.743411       147.35584       68.544711   2.0951097e-09       7.8118439       11.523589       1020.1653         12.8235       1405.9714      -15.656234       -15.656234       2541.0694                                 90.585672            12.8235             1405.9714          11.523589                      23.193328                      396.35999                                590.94202                        9.6699171
              1       1254.8273       1.0422822     0.022658455      0.11780988     0.056660479       3.0421774       0.9668804       1.2914885      0.99873086      0.30034226      0.69958066      0.80230819     0.048226013      0.25074528      0.80276573       13.743536       147.35923       68.544792   2.0950811e-09        7.818161       11.510769       1019.8414       12.823052       1405.9736      -15.545352       -15.545352       2540.7453                                  90.59645          12.823052             1405.9736          11.510769                       23.30875                      396.37521                                590.78752                        9.3699117
              1       1255.3149       1.0423424     0.022733734      0.11717081     0.060439589       3.0480432      0.97186843       1.3180692      0.99856692      0.29637436      0.70354927       0.8036947     0.047938521      0.24707756      0.79882343       13.730705       147.44688       68.864131   2.1074067e-09       8.1613922       10.360231       1021.7657       11.124117       1406.8248      -15.337381       -15.337381       2541.3045                                 91.229674          11.124117             1406.8248          10.360231                       22.45063                       397.2364                                592.54463                        9.5340091
              2       1255.8162       1.0423225     0.022732766      0.11714491     0.060680136       3.0482665      0.97171985        1.316887       1.0000705      0.29630187      0.70362178      0.80363388     0.047933916      0.24700974      0.79866528       13.731275        147.4549       68.865972   2.1078773e-09       8.1845551        10.35729       1023.1107       11.114674       1406.8414      -15.503424       -15.503424       2542.6392                                 91.215185          11.114674             1406.8414           10.35729                      22.276078                      397.34162                                593.30103                         10.19193
              1       1255.7806       1.0424456     0.022756886      0.11723053     0.060834069       3.0505235      0.97367512       1.3370089       1.0003459       0.2962565      0.70366721      0.80545452     0.047939993      0.24695956      0.80041338       13.725456       147.40532        68.89813   2.1126402e-09       8.1950836       10.342107       1022.5759       10.950345       1406.8518      -15.431549       -15.431549       2542.4243                                 91.704091          10.950345             1406.8518          10.342107                      22.025081                      397.32116                                593.45768                        9.7719747
              1       1256.0651       1.0423137     0.022666383      0.11760211     0.056502675       3.0462341      0.97284848       1.3318114       1.0031588      0.29910675      0.70081639      0.80504466     0.048112563      0.24962692      0.80384525       13.740779       147.40588       68.637564   2.1035976e-09       7.7978058       10.952677        1020.968       12.317056       1406.2269      -14.880761       -14.880761       2541.8916                                 91.426993          12.317056             1406.2269          10.952677                      21.890485                      396.24793                                592.74674                        10.082814
              4       1254.6704       1.0423915     0.022672928      0.11774031     0.055771854       3.0440694      0.97264065       1.3307086       1.0015315      0.29956972      0.70035337      0.80463366     0.048151489      0.25005025      0.80405643       13.738417       147.36167        68.61972   2.0990488e-09       7.7255096       11.099784       1019.2489       12.413587       1406.1308      -15.475771       -15.475771       2540.2923                                  91.39932          12.413587             1406.1308          11.099784                      22.046901                      396.08566                                591.37174                        9.7445679
              1       1255.4479       1.0424201     0.022673789      0.11808011     0.055784997       3.0445897      0.97155539       1.3361926       1.0005096      0.30127669      0.69864615      0.80571158     0.048311026      0.25159321      0.80742417       13.739058       147.27017       68.507626   2.1001412e-09       7.7325287       11.948115        1019.741       13.028622        1405.789      -15.641935       -15.641935       2542.1797                                 91.672903          13.028622              1405.789          11.948115                      22.349512                      396.15322                                592.04444                        9.1938676
              3       1258.2292         1.04169     0.022664225      0.11851159     0.057070382       3.0509712      0.96833483       1.3401578       1.0014558      0.30581558      0.69410633      0.80817163     0.048872342      0.25555425      0.81596734       13.763799       147.16614       68.098707   2.1135861e-09       7.8679962        16.87365       1018.1595        15.39834       1404.9772      -15.516153       -15.516153       2547.4908                                 92.082112           15.39834             1404.9772           16.87365                      23.042719                      396.49633                                590.12931                        8.4911289
              5       1256.4547       1.0417943     0.022671791      0.11815493     0.063399101       3.0577162      0.96785912        1.346597      0.99964801      0.30354816      0.69637414      0.80957932     0.048645922      0.25352014      0.81435277       13.758244       147.25315       68.268395   2.1278904e-09       8.4772491        14.34962       1017.7045       14.390962       1405.3652      -15.658836       -15.658836        2544.227                                 92.416701          14.390962             1405.3652           14.34962                      23.279033                      398.63711                                587.34031                        8.4480515
              1       1260.5463       1.0413876     0.022635089      0.11844222     0.061645448       3.0535737      0.96567537       1.3325467      0.99865693      0.30652855      0.69339312      0.80801409     0.048957312      0.25617804      0.81675871       13.775617       147.21719       67.995837   2.1190939e-09       8.3214264       18.163171       1021.2459       16.025629       1404.8623      -15.603623       -15.603623       2552.2998                                 92.002817          16.025629             1404.8623          18.163171                      23.713263                      398.02547                                591.12762                         8.379541
              6       1263.8914       1.0413829      0.02263813      0.11843141     0.061694348       3.0536212      0.96575437       1.3327976       1.0013892      0.30646651      0.69345518      0.80800357     0.048956664      0.25611685      0.81666542       13.775383        147.2167       68.000854   2.1191947e-09       8.3256378       18.104295       1027.9775       15.994743       1404.8722      -15.587236       -15.587236       2558.9573                                 92.008596          15.994743             1404.8722          18.104295                      23.275589                      398.01542                                597.98648                        8.7000192
              1       1262.3723       1.0413412     0.022622214      0.11844442     0.062267053       3.0537065      0.96698029       1.3438442       1.0004508      0.30675714      0.69316447      0.80848628     0.048969643      0.25639316      0.81754068        13.77839       147.23091       67.967936   2.1193754e-09       8.3845978       18.492664        1024.379       16.197924       1404.8262      -15.759855       -15.759855       2556.2643                                  92.36846          16.197924             1404.8262          18.492664                      23.084898                      398.20692                                594.45152                        8.6357036
              2       1261.5104       1.0413239     0.022622088      0.11827904     0.063318667       3.0534397      0.96672872       1.3378364      0.99906716      0.30591878      0.69400296      0.80771728      0.04889264      0.25563398       0.8156462       13.778159       147.27512       68.021249   2.1188101e-09       8.4828644       17.460086       1023.9546       15.869506       1404.9603      -15.705932       -15.705932       2554.4327                                 92.188194          15.869506             1404.9603          17.460086                      23.233611                      398.63536                                593.47574                        8.6099277
              3       1264.1469       1.0413239     0.022622088      0.11827904     0.063318667       3.0534397      0.96672872       1.2646179      0.99637647      0.30591878      0.69400296      0.80771728      0.04889264      0.25563398       0.8156462       13.778159       147.27512       68.021249   2.1188101e-09       8.4828644       17.460086       1025.9385       15.869506       1404.9603      -14.672325       -14.672325       2557.6384                                 93.410004          15.869506             1404.9603          17.460086                      23.645561                      398.69382                                595.22914                        8.3699516
              1       1261.5856       1.0412999      0.02263281      0.11818313     0.063463868          3.0535      0.96730652        1.265307      0.99726437      0.30541163      0.69451019      0.80752278      0.04886413      0.25515681      0.81477359       13.777284       147.28879       68.057213   2.1189378e-09        8.492691       16.931057       1023.2125       15.649858       1405.0437      -15.103163       -15.103163       2553.3774                                   92.5403          15.649858             1405.0437          16.931057                      23.384391                       398.7295                                592.68355                         8.415059
              2       1261.7776       1.0413101     0.022633941      0.11816848     0.064065128       3.0537507      0.96750449       1.2678189      0.99680099      0.30529545      0.69462639      0.80763817     0.048852652       0.2550525        0.814735       13.776791       147.29149       68.066908    2.119469e-09       8.5495453        16.78104       1023.3691       15.590909       1405.0631      -14.883924       -14.883924        2553.323                                  92.51883          15.590909             1405.0631           16.78104                      23.366412                      399.00947                                592.57554                        8.4176952
              4       1260.7495        1.041737     0.022715304      0.11796824     0.062188321       3.0512253      0.96959934       1.2660556       1.0002867      0.30247012      0.69745237      0.80661439     0.048615395      0.25247615      0.80992831       13.754439       147.25465       68.355328   2.1141232e-09       8.3473969       13.589729       1027.3324       13.888077       1405.5619       -15.50094        -15.50094        2552.501                                 92.128857          13.888077             1405.5619          13.589729                      22.537272                      397.98876                                597.48768                        9.3186661
              2       1257.1039        1.041737     0.022715304      0.11796824     0.062188321       3.0512253      0.96959934       1.3017721      0.99822966      0.30247012      0.69745237      0.80661439     0.048615395      0.25247615      0.80992831       13.754439       147.25465       68.355328   2.1141232e-09       8.3473969       13.589729        1019.556       13.888077       1405.5619      -15.291706       -15.291706       2544.7911                                 92.195317          13.888077             1405.5619          13.589729                      22.818924                      398.01795                                589.95168                        8.7674951
              3       1255.0102       1.0419325     0.022679172      0.11788708     0.061772457       3.0492055      0.96890674       1.2913069      0.99770217      0.30166682      0.69825582      0.80562806     0.048449366      0.25184139      0.80786302       13.752095       147.31616       68.417869   2.1098575e-09       8.3144073       12.664699       1018.1106       13.531819       1405.7137      -15.203404       -15.203404       2540.4271                                 90.406338          13.531819             1405.7137          12.664699                      22.951747                      397.89633                                588.31649                        8.9460149
              1       1254.9411       1.0419361     0.022683917      0.11785477     0.061912795       3.0493119      0.96898745       1.2910188      0.99764565        0.301457      0.69846568       0.8055667     0.048435252      0.25164637      0.80752051        13.75133       147.31954       68.434995   2.1100819e-09       8.3263397       12.524191       1018.1335       13.435071       1405.7541      -15.170625       -15.170625       2540.2235                                  90.37667          13.435071             1405.7541          12.524191                      22.943425                      397.94521                                588.28413                        8.9607219
              1       1256.0242       1.0419746     0.022596846      0.11674531     0.068964352       3.0605873      0.97208606       1.3058539      0.99939198      0.29597869      0.70394474      0.80755903     0.047777426      0.24683934      0.80212837       13.754179       147.71381        68.77214   2.1340087e-09       8.9952545       10.343416       1023.9804       11.601152       1406.9156      -15.780492       -15.780492       2543.6094                                 90.768763          11.601152             1406.9156          10.343416                      22.276758                      400.94349                                591.18088                        9.5792893
              6       1254.7904       1.0419235     0.022542253      0.11668001     0.066788322       3.0581911      0.97323367        1.305118       1.0002099      0.29608943      0.70383391       0.8069033     0.047720702      0.24700513      0.80162697       13.761206       147.79196       68.729826   2.1289013e-09       8.8043365       10.339954       1021.4958       11.823939       1406.8901      -15.893611       -15.893611        2541.368                                   90.8182          11.823939             1406.8901          10.339954                      22.006748                      399.82418                                589.98014                        9.6847377
              2       1254.4372       1.0417735      0.02253012      0.11690564      0.06481143       3.0558649      0.97285476       1.3033754      0.99923159      0.29778483      0.70213819      0.80657004     0.047895011       0.2485205      0.80358671       13.768072       147.74462        68.58618   2.1239547e-09       8.6239471       10.645944       1019.9552       12.596056       1406.5096      -15.865221       -15.865221       2540.6049                                 90.898151          12.596056             1406.5096          10.645944                       22.18963                      399.01342                                589.68053                        9.0716075
              4       1255.4601       1.0417103     0.022473372      0.11671929     0.064867248        3.050627      0.97267217       1.2895519       0.9982253      0.29730402      0.70261899      0.80393077     0.047780154      0.24815438      0.80031032       13.775111       147.85807       68.582032   2.1128588e-09        8.639389       10.511254       1022.4882       12.618715       1406.6154      -15.712444       -15.712444        2542.345                                 90.111467          12.618715             1406.6154          10.511254                      22.026753                      399.03204                                591.35683                        10.072575
              3       1256.2767       1.0417103     0.022473372      0.11671929     0.064867248        3.050627      0.97267217       1.2665858      0.99819077      0.29730402      0.70261899      0.80393077     0.047780154      0.24815438      0.80031032       13.775111       147.85807       68.582032   2.1128588e-09        8.639389       10.511254       1022.4147       12.618715       1406.6154      -15.678107       -15.678107       2543.9096                                 91.749617          12.618715             1406.6154          10.511254                      22.030968                      399.03204                                591.29447                        10.057182
              1       1256.9973        1.041888     0.022541796      0.11573062     0.062872203       3.0471374      0.97599445       1.2430976      0.99863621      0.29122299       0.7087011      0.79989371      0.04725635      0.24261628      0.78810572       13.757585       148.04829       69.065979   2.1054986e-09       8.4147797       11.418287       1026.5713       10.112503       1408.0948      -15.679354       -15.679354       2545.3532                                 89.156347          10.112503             1408.0948          11.418287                      21.562514                      397.96445                                595.72981                        11.314479
              4       1254.5814       1.0418896     0.022644875      0.11625429     0.059367991       3.0465528      0.97355251       1.2335606       1.0013527      0.29338414      0.70653972      0.80034943     0.047609932      0.24441994      0.79147524       13.749177       147.79153       68.966181   2.1042682e-09       8.0610199        10.55278         1022.12       10.606639       1407.5391      -15.482785       -15.482785       2540.1284                                 89.309874          10.606639             1407.5391           10.55278                      21.865629                      396.84524                                592.54339                        10.865762
              1       1254.4736       1.0419046     0.022655843      0.11653082     0.059162481       3.0465525       0.9718326       1.2306597      0.99988614      0.29472625      0.70519742      0.80077182      0.04775251      0.24561608      0.79370216       13.748924       147.70488       68.879821   2.1042676e-09       8.0434723       10.364668       1022.2123       11.043758       1407.2107      -15.599014       -15.599014       2540.1453                                 89.313915          11.043758             1407.2107          10.364668                      22.334944                      396.88981                                593.07551                        9.9120527
              2       1254.9636       1.0418181     0.022647362      0.11697284     0.056668421       3.0499689      0.97141611       1.2434601       1.0036134      0.29734702      0.70257622      0.80354169     0.048010248      0.24797126      0.79998083       13.754555       147.59539       68.681827   2.1114688e-09       7.8069305       10.623201       1019.0365       12.079221       1406.6059      -14.595593       -14.595593       2539.1184                                   90.7735          12.079221             1406.6059          10.623201                       22.33412                      396.29126                                591.18561                        9.2255008
              4       1254.7981       1.0417811     0.022641713      0.11694893     0.057265343       3.0509342      0.97111665       1.2431865       1.0041113      0.29736065      0.70256256      0.80374431     0.048010593       0.2479842       0.8002009       13.756143       147.60813       68.673014    2.113508e-09       7.8665924       10.636637       1018.0702        12.12639       1406.6029      -14.299594       -14.299594       2538.1954                                 90.759292           12.12639             1406.6029          10.636637                      22.327653                      396.43581                                589.96051                        9.3461971
              2       1254.9245       1.0418385     0.022644873      0.11693571     0.057894172       3.0513879      0.97151566       1.2475291       1.0044436      0.29710593      0.70281734      0.80403892     0.047979599      0.24776155      0.80015128       13.754033       147.60822       68.699984   2.1144671e-09         7.92836       10.557282       1017.9854       11.982335       1406.6596      -14.072124       -14.072124       2537.9932                                 90.808626          11.982335             1406.6596          10.557282                      22.186329                      396.54494                                589.62528                        9.6288117
              1       1254.2528       1.0418385     0.022644873      0.11693571     0.057894172       3.0513879      0.97151566       1.2988262       1.0032208      0.29710593      0.70281734      0.80403892     0.047979599      0.24776155      0.80015128       13.754033       147.60822       68.699984   2.1144671e-09         7.92836       10.557282       1018.8427       11.982335       1406.6596       -14.88022        -14.88022       2538.2661                                 90.224194          11.982335             1406.6596          10.557282                      22.341293                      396.58588                                590.72037                        9.1951361
              1       1253.8421       1.0418179     0.022587695      0.11696644     0.057077395       3.0487543      0.97170195       1.2974421       1.0035782      0.29765127      0.70227185      0.80336932     0.047955342      0.24832838      0.80021831       13.760899       147.66349       68.630548   2.1089058e-09       7.8609772       10.646817        1017.553       12.354966       1406.5388      -14.795942       -14.795942       2537.2761                                 90.182524          12.354966             1406.5388          10.646817                      22.151393                      396.35854                                589.40643                        9.6366035
              2       1254.0247       1.0418364     0.022532417      0.11741998     0.057185767       3.0512283      0.97061364       1.3115866       1.0036178      0.30031428      0.69960837      0.80586941     0.048129256      0.25080915      0.80629141       13.768429       147.60337        68.42256   2.1141295e-09       7.8911591       11.625652       1015.8304       13.505288       1405.9791        -14.8675         -14.8675       2537.7844                                 90.843871          13.505288             1405.9791          11.625652                        22.4243                      396.44661                                588.00249                         8.957008
              2       1254.0389       1.0419213     0.022526824      0.11724901     0.056731813       3.0512768      0.97113794       1.3083801       1.0047444      0.29918867      0.70073418      0.80554973     0.047997238      0.24981899      0.80445971       13.765677       147.65538        68.50809   2.1142322e-09       7.8448334       11.035302       1015.3554       13.026046       1406.2097      -14.119276       -14.119276       2536.3164                                 90.689979          13.026046             1406.2097          11.035302                      22.254359                      396.33474                                587.54229                        9.2239895
              2       1255.9111       1.0418093     0.022455729      0.11808522       0.0564047       3.0508449      0.96625596       1.3047001       1.0045975      0.30439343      0.69552849      0.80698252     0.048414298      0.25459039      0.81287008       13.780572       147.51067        68.10465   2.1133193e-09       7.8420258       14.509478       1014.4329        15.36248       1405.2164       -14.30005        -14.30005       2540.4223                                 90.900978           15.36248             1405.2164          14.509478                      23.102692                      396.40453                                586.07972                          8.84595
              3       1255.5034       1.0417463     0.022432632      0.11792298     0.057590101        3.052177      0.96641226       1.3048517       1.0027944      0.30384582      0.69607615      0.80704707     0.048340946       0.2541168      0.81220352       13.784163       147.57982        68.12124   2.1161362e-09       7.9627533        14.02048       1016.2827       15.262605       1405.3122      -15.382329       -15.382329       2541.7714                                 90.893428          15.262605             1405.3122           14.02048                      23.308314                      396.67344                                587.74704                        8.5538908
              2       1254.3996       1.0420893     0.022518293      0.11784938     0.063083157       3.0586227      0.96616391       1.3191789       1.0015717      0.30193221      0.69799025      0.80926202     0.048215806       0.2523372      0.81186395       13.764432       147.50475       68.339693   2.1298203e-09       8.4793549       12.353378       1016.8891       13.977861        1405.663      -15.738951       -15.738951       2540.2772                                 91.393829          13.977861              1405.663          12.353378                      23.487974                      398.57469                                586.21861                        8.6078236
              2       1254.4428       1.0423402     0.022459389      0.11733024     0.064398655       3.0601415      0.96834886       1.3226155       1.0013278      0.29877362      0.70114934      0.80919865     0.047782474      0.24962074      0.80754298       13.760788       147.70941       68.559028   2.1330575e-09        8.610611       10.619814       1019.5473       12.744748        1406.297      -15.856736       -15.856736       2540.5991                                 91.390237          12.744748              1406.297          10.619814                      23.086237                       399.0605                                588.61199                        8.7885926
              3       1254.4813       1.0423852     0.022467636      0.11739806     0.062885494       3.0601534      0.96889142       1.3255641       1.0026452      0.29895371      0.70096924      0.80961574     0.047802941      0.24978029      0.80820268       13.758893       147.68188       68.556934   2.1330829e-09       8.4646149       10.659597       1018.6416       12.756249        1406.259      -15.432289       -15.432289       2539.8272                                 91.510794          12.756249              1406.259          10.659597                       22.94384                      398.38909                                588.54528                        8.7633826
              4       1255.6935       1.0421018     0.022452317      0.11720254     0.059771098       3.0484671      0.97662737       1.3510352       1.0016701      0.29883667      0.70108619      0.80641676     0.047823405      0.24964126       0.8048517       13.768032       147.75114       68.518892   2.1083002e-09       8.1613922       10.732411       1020.9087       12.966137       1406.2836      -15.785655       -15.785655       2542.9584                                 92.067543          12.966137             1406.2836          10.732411                      21.282078                      397.04251                                592.48488                        10.099222
              1       1255.8942       1.0420632     0.022452576      0.11726633     0.058921904       3.0472916      0.97644855       1.3485779       1.0005956      0.29928691      0.70063587      0.80607647     0.047874156      0.25003931      0.80511789       13.769463       147.73365        68.48296   2.1058232e-09       8.0792694       10.903412       1021.5115       13.165955       1406.1892      -15.980204       -15.980204       2543.7487                                 91.978605          13.165955             1406.1892          10.903412                       21.41619                      396.82152                                593.64463                        9.6291879
              3       1256.0739       1.0421607     0.022403454      0.11735294     0.058539542       3.0452097      0.97659473       1.3505687       1.0009944      0.29973987      0.70018282      0.80587743     0.047828936      0.25053577      0.80552796       13.772217       147.76518       68.440335   2.1014437e-09       8.0547028       10.963977       1021.5457       13.404979       1406.0957      -15.957481       -15.957481       2544.0628                                 92.052484          13.404979             1406.0957          10.963977                      21.263575                      396.69388                                593.37103                        10.217169
              4       1255.4431       1.0422191     0.022433026      0.11767913     0.059168281       3.0480309      0.97477174        1.354016       1.0002444      0.30113271      0.69878981       0.8075175      0.04799301      0.25176164      0.80904054       13.768871       147.64478       68.368325   2.1073807e-09       8.1157684       11.609772       1019.3139       13.813661        1405.817      -16.016955       -16.016955       2542.9201                                 92.365875          13.813661              1405.817          11.609772                       21.69637                      396.93336                                591.31184                        9.3722895
              1       1255.9582       1.0418661     0.022586845       0.1173114     0.061195714       3.0473237      0.97572552       1.3460486      0.99970437      0.29933934      0.70058353      0.80528781     0.048107421      0.24985999      0.80440062       13.761213       147.57232       68.520693    2.105891e-09       8.2701874       11.211443       1021.4215       12.956161       1406.1784      -15.835043       -15.835043       2543.5866                                 91.819103          12.956161             1406.1784          11.211443                      21.457935                      397.46885                                592.41725                        10.077466
              4       1257.2936       1.0417634     0.022568712      0.11746997     0.061026759       3.0474197      0.97539219       1.3496689      0.99779282      0.30058747      0.69933516      0.80576274     0.048221043      0.25099015      0.80655129       13.766967          147.55       68.412441    2.106093e-09       8.2610626       11.899534       1022.1576       13.562558       1405.9245      -15.482589       -15.482589       2545.5523                                 92.008131          13.562558             1405.9245          11.899534                      21.711181                      397.46279                                593.78506                        9.1985331
              6       1254.9846       1.0418615     0.022584663      0.11729471     0.060827666       3.0480853       0.9751848       1.3418705      0.99913137      0.29927679      0.70064609      0.80537448      0.04809918      0.24980578      0.80440314       13.761502       147.57918       68.523253   2.1074953e-09       8.2350922       11.184145       1019.5346       12.941989       1406.1914      -15.785057       -15.785057       2541.5394                                 91.687257          12.941989             1406.1914          11.184145                      21.676247                      397.35441                                590.99846                        9.5054915
              2       1255.9608       1.0419453     0.022581749      0.11734533     0.060982644        3.048239      0.97535723       1.3456907       1.0005863      0.29931537      0.70060752      0.80575293     0.048082851      0.24986098      0.80483301       13.759559       147.56888       68.530466   2.1078193e-09       8.2519379       11.143491       1021.5052       12.902101       1406.1833      -15.823233       -15.823233        2543.568                                 91.833884          12.902101             1406.1833          11.143491                      21.485716                      397.38654                                592.51036                        10.122611
              5       1260.3219       1.0419453     0.022581749      0.11734533     0.060982644        3.048239      0.97535723       1.3973104       1.0014645      0.29931537      0.70060752      0.80575293     0.048082851      0.24986098      0.80483301       13.759559       147.56888       68.530466   2.1078193e-09       8.2519379       11.143491       1026.3341       12.902101       1406.1833      -15.662737       -15.662737       2551.9692                                 95.406179          12.902101             1406.1833          11.143491                      21.393417                      397.37678                                  597.041                        10.522878
              2       1256.4598       1.0419631     0.022539808      0.11720428     0.063170651       3.0496133      0.97292904       1.3825236      0.99866295       0.2987551      0.70116784      0.80525239     0.047966151      0.24941819      0.80357989        13.76283       147.65351       68.550034   2.1107181e-09       8.4702301       10.864053       1018.9918       12.794193       1406.3009      -15.764605       -15.764605       2544.4487                                 95.497758          12.794193             1406.3009          10.864053                      21.992029                      398.29823                                588.85624                        9.8453398
              1       1254.0567       1.0419631     0.022539808      0.11720428     0.063170651       3.0496133      0.97292904       1.3277684      0.99836322       0.2987551      0.70116784      0.80525239     0.047966151      0.24941819      0.80357989        13.76283       147.65351       68.550034   2.1107181e-09       8.4702301       10.864053       1018.4127       12.794193       1406.3009      -15.697466       -15.697466       2539.5084                                 91.136622          12.794193             1406.3009          10.864053                      22.028405                       398.3039                                588.35403                        9.7263508
              1       1253.2049       1.0421091     0.022522967      0.11727602      0.06022701       3.0460014      0.97082215       1.3044954      0.99848385      0.29880237      0.70112058      0.80360299     0.047919158      0.24951277      0.80199736       13.760622       147.65274       68.558011   2.1031081e-09       8.1908722       10.789697       1017.5485       12.750332       1406.2909      -15.738546       -15.738546       2537.8869                                 90.507411          12.750332             1406.2909          10.789697                      22.444898                      397.31901                                588.13615                        9.6484771
              2       1256.5355       1.0418725     0.022530177       0.1161371     0.058947303       3.0457021      0.97306567       1.2750121       1.0027303      0.29345392       0.7064698      0.79991411     0.047458917      0.24463816      0.79113881       13.761332       147.95103       68.900661   2.1024788e-09       8.0441742       10.585525       1025.2023       10.937463       1407.5216       -15.29052        -15.29052        2543.652                                 89.405103          10.937463             1407.5216          10.585525                      21.767287                      396.76054                                594.95246                        11.722029
              3       1256.2321       1.0418968     0.022559359      0.11588651     0.058642066       3.0450154      0.97451127       1.2737493       1.0008862      0.29191458      0.70800942      0.79908446     0.047346362      0.24321634      0.78824268        13.75624       147.98611        69.02717   2.1010355e-09       8.0034637       11.082087       1025.4307       10.303258       1407.9133       -15.78111        -15.78111       2544.0263                                 89.296944          10.303258             1407.9133          11.082087                      21.770361                      396.63402                                596.06858                        10.957745
              1       1255.1884       1.0418505     0.022592828      0.11611568      0.05790438       3.0435145      0.97420388        1.275311       1.0008691       0.2930596      0.70686425      0.79902844     0.047512878       0.2441921      0.78973172       13.755202       147.88679       68.957202   2.0978844e-09       7.9269562       10.647515       1023.5581        10.65168       1407.6204      -15.729981       -15.729981       2541.8368                                 89.359136           10.65168             1407.6204          10.647515                      21.773589                      396.44554                                594.37099                        10.967964
              2       1255.2095       1.0421086     0.022557742      0.11609901     0.057768138       3.0405065      0.97444007       1.2731561      0.99978898      0.29242677      0.70749721      0.79820871     0.047354238      0.24372033      0.78806928       13.751171       147.93043       69.018955   2.0915834e-09       7.9220428       10.969032       1023.6781       10.343868       1407.7812      -15.842169       -15.842169       2542.1033                                 89.331115          10.343868             1407.7812          10.969032                      21.705778                      396.42148                                593.84424                        11.706652
              2       1257.1601       1.0420993     0.022496468      0.11631734      0.05398082       3.0368148      0.97370352        1.264275       1.0001164      0.29393298      0.70599069      0.79754011     0.047415398      0.24515995      0.78943444       13.759072       147.93962       68.880687   2.0838763e-09        7.561264       10.541582       1028.1615       11.039329       1407.4032      -15.913237       -15.913237       2546.1467                                 89.001075          11.039329             1407.4032          10.541582                        21.8699                      395.87191                                599.45104                        10.968677
              2       1254.8093       1.0420985     0.022491087      0.11632889     0.053982523       3.0370141       0.9736221       1.2645472       1.0018957      0.29402551      0.70589815      0.79765765     0.047416881      0.24525063      0.78967504       13.759726       147.94252       68.871372   2.0842915e-09       7.5626678       10.523128       1022.8846       11.086995       1407.3805      -15.632815       -15.632815       2540.8841                                 89.008948          11.086995             1407.3805          10.523128                      21.688931                      395.82913                                593.42653                        11.939992
              2       1255.4483       1.0416952     0.022599347      0.11734133     0.054256312       3.0416629      0.97464186       1.3127932       1.0025036      0.29992966      0.69999309      0.80258541     0.048214415      0.25034102      0.80249131       13.765114        147.5498       68.463563   2.0940036e-09       7.5823212        11.64466       1019.9408       13.274456        1406.057      -15.308277       -15.308277       2541.5132                                 90.596329          13.274456              1406.057           11.64466                      21.586863                      395.88223                                 592.5893                        9.8824401
              2        1256.227       1.0417475     0.022594084      0.11760755     0.049388096       3.0363809      0.97265389       1.2906247       1.0034254      0.30122038      0.69870217      0.80085451     0.048320931      0.25152187      0.80248177       13.765382       147.48403       68.380098   2.0829722e-09       7.0895844       12.365626       1020.3613       13.746421       1405.7999      -14.864683       -14.864683       2542.1834                                 89.910155          13.746421             1405.7999          12.365626                       21.91343                       395.7389                                593.01232                        9.6966586
              1       1254.4809       1.0418181     0.022698804      0.11740139     0.052747307       3.0380477      0.97101281       1.2779758       1.0018354      0.29931733      0.70060565      0.79992953     0.048272959      0.24967451      0.79901887        13.75112       147.42325       68.572428   2.0864471e-09       7.4096527        11.40412       1019.7558       12.671258        1406.183      -15.294816       -15.294816       2539.5515                                 89.537386          12.671258              1406.183           11.40412                      22.227878                      395.72241                                591.67002                        10.135489
              1       1255.6454       1.0418379     0.022745568      0.11681532     0.053623174       3.0393226      0.97344928         1.27505        1.002746      0.29590874      0.70401483      0.79895251     0.048005502      0.24654377      0.79348595       13.742736       147.52836       68.833981   2.0891086e-09       7.4791412       10.428784       1023.0026       11.279361       1406.9319      -14.830761       -14.830761       2540.9523                                 89.309612          11.279361             1406.9319          10.428784                      21.775505                      395.79766                                594.46083                        10.968643
              2       1255.6657       1.0420172     0.022770317      0.11688542     0.053231795       3.0425931      0.97252859         1.28033       1.0040767      0.29561753      0.70430617      0.80027558     0.047977984      0.24628232      0.79440876       13.735104       147.48213       68.891167   2.0959523e-09       7.4363251        10.37713       1021.4784       10.985821       1406.9997      -14.036322       -14.036322       2539.4041                                 89.563105          10.985821             1406.9997           10.37713                      22.012522                      395.75561                                593.32288                         10.38736
              4       1255.1883       1.0419843     0.022730567      0.11676778     0.056088147       3.0481212      0.97248655       1.2902237        1.003167      0.29531973      0.70460396      0.80219776     0.047899714      0.24606264      0.79591566       13.739747       147.55795       68.887223    2.107571e-09       7.7283173         10.3574       1021.4407       11.005946       1407.0695      -14.689223       -14.689223       2539.7551                                 89.881514          11.005946             1407.0695            10.3574                       22.19756                      396.10234                                593.59468                        9.5460803
              2       1254.1916       1.0420036     0.022642989      0.11663169     0.055222023       3.0451724      0.97287108       1.2824117       1.0037287      0.29504057      0.70488308       0.8010378     0.047746263      0.24593604      0.79438905       13.747842       147.69171       68.864784   2.1013654e-09       7.6588287       10.345995       1019.3706       11.120768       1407.1356      -14.587469       -14.587469       2537.5581                                 89.585116          11.120768             1407.1356          10.345995                      21.953634                       396.0093                                591.08836                        10.319319
              3        1256.773       1.0420472     0.022610241      0.11786995     0.044686539       3.0244309      0.97267165       1.2876292       1.0016243      0.30163447      0.69828813      0.79719023     0.048326382      0.25193133      0.79935892        13.75596       147.39567       68.400685   2.0582288e-09       6.5940399       12.392091       1023.0926       13.629247       1405.7199      -15.559839       -15.559839       2544.6658                                 89.831979          13.629247             1405.7199          12.392091                      21.857327                       396.3364                                594.27637                        10.622459
              1       1256.7795       1.0418681     0.022573408      0.11809908     0.041815833       3.0180971      0.96727825       1.2300372       1.0025244      0.30360391      0.69631829      0.79381236     0.048496593      0.25372346      0.79856617         13.7663       147.37518       68.224907   2.0452336e-09       6.2922211       14.046955       1021.6617       14.645891       1405.3552      -15.248505       -15.248505       2544.0559                                 88.346157          14.645891             1405.3552          14.046955                      22.539302                      396.95382                                590.50258                        11.666005
              3       1256.6775       1.0418681     0.022573408      0.11809908     0.041815833       3.0180971      0.96727825       1.2396411       1.0022965      0.30360391      0.69631829      0.79381236     0.048496593      0.25372346      0.79856617         13.7663       147.37518       68.224907   2.0452336e-09       6.2922211       14.046955       1021.2279       14.645891       1405.3552      -15.352754       -15.352754       2544.0604                                 88.784482          14.645891             1405.3552          14.046955                      22.569376                      396.95009                                590.18039                        11.528013
              3       1255.5295       1.0419481     0.022568736      0.11783141     0.042747324       3.0169993      0.96855053       1.2332458       1.0003414      0.30196388      0.69795859      0.79293721     0.048317757      0.25226709      0.79552837       13.763166       147.45184       68.343975   2.0429895e-09       6.3918915       12.629373       1021.8638       13.953242        1405.657      -15.762131       -15.762131       2542.5833                                 88.479892          13.953242              1405.657          12.629373                      22.453869                      396.73388                                591.05736                        11.618692
              2       1255.3487        1.041934     0.022566675      0.11779903     0.043261172       3.0179617      0.96845354       1.2332895       1.0003607      0.30184512      0.69807737      0.79317478     0.048306138      0.25216014      0.79561021       13.763654       147.46281       68.349073   2.0449566e-09       6.4473419       12.555207       1021.5911       13.923961       1405.6796        -15.7644         -15.7644       2542.2261                                 88.476296          13.923961             1405.6796          12.555207                      22.480905                      396.60213                                590.97117                        11.536878
              3       1257.5626       1.0418048     0.022589351      0.11748905     0.042518252       3.0209748      0.96471005       1.1936012       1.0033694      0.30044808      0.69947461      0.79197142     0.048229142      0.25084368      0.79256264       13.763618       147.52044       68.437968   2.0511277e-09       6.3582001       11.830639       1025.6749       13.418311       1405.9523      -14.748636       -14.748636       2544.6226                                  87.74642          13.418311             1405.9523          11.830639                      23.136599                      396.69407                                594.07066                        11.773527
              1       1260.7409       1.0417869     0.022583574      0.11759062     0.044287167       3.0239715      0.96419242       1.2006678       1.0003491      0.30107433      0.69884825      0.79335969     0.048284442       0.2514127      0.79477898       13.765252       147.49982        68.39002   2.0572835e-09       6.5519257       12.214505       1033.2076       13.689886       1405.8284      -15.673079       -15.673079       2552.8279                                 87.887496          13.689886             1405.8284          12.214505                      23.701809                      396.31169                                603.30199                        9.8921372
              1       1260.0932       1.0418805     0.022611836      0.11708263     0.048849588       3.0334845      0.96631246       1.2209416       1.0009509      0.29794487      0.70197825       0.7959824       0.0480059      0.24857144      0.79325131       13.757016       147.60479       68.631045   2.0769477e-09       7.0229034       10.725823       1033.5989        12.35228       1406.4747      -15.601101       -15.601101       2551.3886                                 88.236871           12.35228             1406.4747          10.725823                      23.405484                      395.69493                                604.92598                        9.5725428
              2       1255.4978       1.0418805     0.022611836      0.11708263     0.048849588       3.0334845      0.96631246       1.1841681        1.003512      0.29794487      0.70197825       0.7959824       0.0480059      0.24857144      0.79325131       13.757016       147.60479       68.631045   2.0769477e-09       7.0229034       10.725823       1022.5523        12.35228       1406.4747      -14.606524       -14.606524       2540.2087                                 88.103515           12.35228             1406.4747          10.725823                      23.028314                      395.73623                                 593.0157                        10.772085
              1       1253.6983        1.041885     0.022641058      0.11687974     0.057727042       3.0481785      0.96997334       1.2440808        1.001674      0.29669723      0.70322611      0.80213463     0.047925962      0.24740778      0.79770697       13.752783       147.62747       68.732626   2.1076918e-09       7.9115143       10.462235       1019.9739       11.809131       1406.7514      -15.430465       -15.430465       2538.2575                                 89.260857          11.809131             1406.7514          10.462235                      22.653978                      396.56375                                591.34463                        9.4115038
              9       1253.3747       1.0418184     0.022635034      0.11727143     0.056823843       3.0473817      0.96980269       1.2606927       1.0021633      0.29899283      0.70093014      0.80310851     0.048151433      0.24947113      0.80175926       13.757296       147.52909       68.562394   2.1060129e-09       7.8300934       11.161531       1017.5875       12.726267       1406.2508      -15.316929       -15.316929       2537.3832                                 89.657165          12.726267             1406.2508          11.161531                      22.604539                      396.33816                                589.36075                        9.2840344
              1       1255.4777       1.0423359     0.022468303      0.11787781     0.050592711       3.0352698      0.96778386       1.2436137       1.0005482      0.30164087      0.69828166      0.80089007     0.048069698      0.25219308      0.80307735       13.762559       147.55161       68.367459    2.080659e-09       7.2454071        11.86855       1022.0064       13.818611       1405.7186      -15.888156       -15.888156       2542.7318                                 89.319594          13.818611             1405.7186           11.86855                      22.961874                      395.67983                                593.85697                        9.5077252
              4       1254.3044       1.0423359     0.022468303      0.11787781     0.050592711       3.0352698      0.96778386       1.2483659       1.0011099      0.30164087      0.69828166      0.80089007     0.048069698      0.25219308      0.80307735       13.762559       147.55161       68.367459    2.080659e-09       7.2454071        11.86855       1019.6042       13.818611       1405.7186      -15.820967       -15.820967       2540.2508                                 89.240788          13.818611             1405.7186           11.86855                      22.882794                      395.70179                                591.30402                        9.7156336
              4       1253.8226       1.0419365     0.022497063      0.11794656     0.054420335       3.0341567      0.96881323       1.2495218      0.99779916      0.30302896      0.69689326      0.80052344       0.0483193      0.25332619      0.80455455       13.771712        147.5016       68.234278   2.0783445e-09       7.6314545        13.27297          1015.8       14.590768       1405.4589      -15.505867       -15.505867        2538.657                                 89.534361          14.590768             1405.4589           13.27297                      22.621418                      395.98943                                587.20828                        9.9808655
              3       1253.8457       1.0419524     0.022527476      0.11784981     0.054812582       3.0347698      0.96894864       1.2462319      0.99745206      0.30228802      0.69763436      0.80036582     0.048289016      0.25261826       0.8034121       13.767531       147.49369        68.30179    2.079619e-09       7.6623383       12.760244       1016.3724       14.196723       1405.5959      -15.332985       -15.332985       2538.3573                                 89.432037          14.196723             1405.5959          12.760244                      22.666149                      396.02509                                587.79206                        9.8891048
              2       1254.1923       1.0418888      0.02251388      0.11800544      0.05347557       3.0323438      0.96776827       1.2367651      0.99763597      0.30338838      0.69653379      0.79957128     0.048386813      0.25361719      0.80407403       13.771611       147.46712       68.212138   2.0745799e-09        7.532486       13.667399       1016.1581       14.721164       1405.3938      -15.407011       -15.407011       2539.1987                                 89.258152          14.721164             1405.3938          13.667399                      22.820442                      395.85216                                587.48993                        9.9955918
             12        1254.069       1.0418771     0.022479147      0.11801148      0.05203984        3.030321      0.96835834       1.2403325      0.99855583      0.30365821      0.69626388      0.79909638     0.048364963      0.25390736      0.80395372       13.775702       147.50397       68.174896   2.0703878e-09       7.3935089       13.823537       1016.2602       14.941819       1405.3455      -15.730304       -15.730304       2539.5986                                 89.227577          14.941819             1405.3455          13.823537                      22.578679                       395.7239                                587.58405                        10.373536
              1       1253.8714       1.0419148     0.022474992      0.11791342     0.053058776       3.0350804      0.96915621       1.2590388        1.000597      0.30304483      0.69687736       0.8009566     0.048293322      0.25336741      0.80501097       13.774564       147.53487       68.219139   2.0802651e-09       7.4973907       13.257184       1016.5393       14.679867        1405.456      -15.900256       -15.900256       2539.5434                                 89.611038          14.679867              1405.456          13.257184                      22.381035                      395.80959                                588.03175                        10.316919
              4       1253.3421          1.0419     0.022501666      0.11789734     0.052294796       3.0342482      0.96901944       1.2544539        1.000056      0.30284796      0.69707429      0.80040394     0.048315599      0.25314927      0.80419415       13.772078       147.50946       68.243872   2.0785345e-09       7.4131622       13.182394       1015.8485       14.534443        1405.492      -15.895241       -15.895241       2538.4746                                 89.417266          14.534443              1405.492          13.182394                      22.509727                      395.75424                                 587.5751                        10.009414
              1       1254.1427       1.0419087     0.022470059      0.11796283     0.049237393       3.0348319      0.96681573       1.2461022       1.0028756      0.30335591      0.69656622      0.80033118     0.048317046      0.25365379      0.80479514       13.775502       147.52683       68.194904   2.0797481e-09       7.1043243       13.507578       1015.9299       14.823071       1405.3997      -15.253032       -15.253032       2538.7915                                 89.131346          14.823071             1405.3997          13.507578                      22.907949                      395.68764                                587.65195                        9.6823121
              4       1256.1236       1.0418532     0.022432426      0.11800364     0.049821788       3.0359083      0.96703397       1.2548116       1.0043494      0.30395983      0.69596215      0.80107448     0.048331064      0.25424096      0.80634401       13.781371       147.55782        68.12789    2.081988e-09       7.1738129       13.994639       1017.2218       15.222661       1405.2921      -14.441785       -14.441785       2541.1308                                 89.399669          15.222661             1405.2921          13.994639                      22.649398                      395.67436                                588.75072                         10.14729
              3       1256.7892       1.0421703     0.022372846      0.11815602     0.049014692       3.0341155      0.96732578         1.26135       1.0042811      0.30417572      0.69574625      0.80149249     0.048205229      0.25458262      0.80705123       13.778995        147.5834       68.126102   2.0782588e-09       7.1043243       13.646901       1018.8766       15.233395       1405.2543      -14.520759       -14.520759       2542.6199                                 89.608716          15.233395             1405.2543          13.646901                      22.551787                      395.73795                                590.13992                        10.446977
              1       1254.6993       1.0421687     0.022375606      0.11798628     0.050153293       3.0359493      0.96697192       1.2538219       1.0022836       0.3032548      0.69666732      0.80152463      0.04812213      0.25374736      0.80586091       13.777957        147.6258       68.189104   2.0820733e-09       7.2208405       12.917057       1017.8539       14.857444       1405.4179      -15.559043       -15.559043       2540.5166                                 89.470341          14.857444             1405.4179          12.917057                      22.919359                      395.70828                                589.61455                        9.6117095
              3       1254.6096       1.0422844     0.022457476      0.11792601     0.054457161       3.0456875      0.96870801       1.2905046       1.0023032      0.30211313      0.69780929       0.8055206     0.048109004      0.25262424      0.80835258       13.765475       147.55109       68.323057    2.102448e-09       7.6440887       12.179874       1017.9231       14.073711       1405.6288      -15.554285       -15.554285       2540.3279                                 90.522356          14.073711             1405.6288          12.179874                      22.825925                      396.01123                                590.11679                        8.9691782
              6       1254.2189       1.0422844     0.022457476      0.11792601     0.054457161       3.0456875      0.96870801       1.2701965       1.0038247      0.30211313      0.69780929       0.8055206     0.048109004      0.25262424      0.80835258       13.765475       147.55109       68.323057    2.102448e-09       7.6440887       12.179874       1015.4324       14.073711       1405.6288      -14.787475       -14.787475       2538.0128                                 90.697955          14.073711             1405.6288          12.179874                      22.617746                      396.01187                                587.40029                        9.4025265
              1       1255.6405       1.0421217     0.022524673      0.11775926     0.059327912       3.0546769      0.96424432       1.2375938       1.0019043      0.30131946      0.69860311      0.80676763     0.048160187      0.25178204      0.80853985       13.762361        147.5214       68.388828    2.121433e-09       8.1108551       11.950969       1020.0275        13.69667       1405.7806      -15.552017       -15.552017        2542.385                                 90.929184           13.69667             1405.7806          11.950969                      24.029275                      397.23187                                590.28311                         8.483228
              2       1255.5447        1.041973     0.022561388      0.11796262     0.058406082       3.0550894      0.96415378       1.2490782       1.0033981      0.30263188      0.69729049      0.80733051     0.048366402       0.2528846      0.81086411       13.763822       147.42625       68.298476   2.1223082e-09       8.0146942       13.071939       1017.1423       14.215942       1405.5319      -14.884709       -14.884709       2540.8589                                 90.896817          14.215942             1405.5319          13.071939                      23.922779                      396.95345                                587.79236                        8.4737075
              2       1253.5059       1.0423137     0.022537692      0.11755448     0.060341919       3.0546058      0.96959042       1.2772993       1.0021927      0.29959114      0.70033177      0.80778254     0.047976907      0.25024303       0.8072319       13.754284       147.56179       68.539131   2.1212822e-09       8.2042084       10.982441       1016.5251       12.854258       1406.1263      -15.494633       -15.494633        2538.001                                  91.51291          12.854258             1406.1263          10.982441                      22.741387                      397.40067                                587.42762                        8.9554012
              2       1256.5988       1.0425439     0.022549417      0.11783501     0.057895711       3.0518982      0.96832312        1.271941       1.0040995      0.30033109      0.69959179      0.80743347     0.048020703      0.25093865      0.80787891       13.747508       147.47355       68.525687   2.1155463e-09       7.9662628       11.170997        1020.911       12.928521       1405.9758      -14.512266       -14.512266       2542.2221                                 91.235697          12.928521             1405.9758          11.170997                      22.782348                       396.6797                                592.06366                        9.3852908
              1       1256.1943       1.0425463     0.022544296      0.11784835     0.060483734       3.0585125      0.96856927       1.2939156       1.0024488      0.30042403      0.69949883       0.8102529     0.048021859      0.25103009      0.81082531       13.748045       147.47591       68.517081   2.1295857e-09        8.221756       11.202931       1021.0455       12.976169       1405.9572      -15.406158       -15.406158       2543.2009                                 92.019023          12.976169             1405.9572          11.202931                      23.156422                      397.47591                                591.86654                        8.5466725
              2        1255.344       1.0425463     0.022544296      0.11784835     0.060483734       3.0585125      0.96856927       1.3161929       1.0037926      0.30042403      0.69949883       0.8102529     0.048021859      0.25103009      0.81082531       13.748045       147.47591       68.517081   2.1295857e-09        8.221756       11.202931       1018.4739       12.976169       1405.9572      -14.749994       -14.749994        2540.188                                 91.577848          12.976169             1405.9572          11.202931                      22.961969                      397.47031                                589.28702                        8.7545765
              1       1255.1717       1.0422686     0.022482278      0.11768256     0.061059137       3.0604074      0.97141417       1.3465382       1.0048457      0.30072152      0.69920114        0.811336     0.048014731      0.25133113      0.81231108       13.762154        147.5892       68.427853   2.1336248e-09       8.2891388       11.437497       1015.1344       13.475377       1405.8979      -14.104591       -14.104591       2538.5526                                  92.60742          13.475377             1405.8979          11.437497                      22.312892                      397.62027                                586.41323                        8.7879715
              2       1255.3698       1.0422936     0.022480046      0.11801369     0.060588953       3.0594281      0.97129374       1.3585036       1.0039287      0.30242242      0.69749999      0.81208977     0.048168998       0.2528732      0.81536187         13.7632       147.50313       68.314798   2.1315364e-09       8.2498322       12.416638       1014.9859       14.121418       1405.5708      -14.749965       -14.749965       2540.2396                                 93.144826          14.121418             1405.5708          12.416638                      22.398012                      397.47682                                586.42762                        8.6834416
              1        1256.536       1.0423164     0.022464463      0.11816704     0.057032122       3.0564382      0.96999218       1.3504297       1.0057362      0.30326363      0.69665864      0.81109391     0.048222429      0.25365849      0.81549383       13.764901       147.47918       68.253273   2.1251729e-09       7.9051971       12.968147       1014.2392       14.479351       1405.4163      -13.366884       -13.366884       2539.8058                                 92.702738          14.479351             1405.4163          12.968147                      22.541845                      396.48088                                 586.5174                        8.6990641
              1       1260.7687       1.0427251     0.022526234       0.1178242     0.050793984       3.0432801      0.97504832       1.3455063        1.006905      0.29987292      0.70005006      0.80625879     0.047909699      0.25059325      0.80608802       13.744538       147.50157       68.569751   2.0973928e-09       7.2545319       10.863805       1024.2763       12.685919       1406.0686      -12.119123       -12.119123       2545.7757                                 91.881145          12.685919             1406.0686          10.863805                      21.429723                      395.70203                                596.87685                         10.26765
              4       1260.5681       1.0427007     0.022554046      0.11780002     0.050956214       3.0439274      0.97523818       1.3471715       1.0049203      0.29965751      0.70026553      0.80635704      0.04793316       0.2503554      0.80589663       13.742185       147.47716       68.595275   2.0987508e-09       7.2650604       10.828949       1027.6382       12.546446       1406.1127       -13.95813        -13.95813       2549.0524                                 91.926076          12.546446             1406.1127          10.828949                      21.639019                      395.64576                                600.91485                        9.4385833
              2       1260.0249       1.0424452     0.022564792      0.11802492     0.046036554        3.034865      0.97354313       1.3192033       1.0072182      0.30154081      0.69838188      0.80270038     0.048176877      0.25198867      0.80475908       13.749689       147.40482       68.437848   2.0798171e-09       6.7498627       11.893348       1021.5695       13.418989       1405.7379      -11.703351       -11.703351       2543.4566                                 90.836794          13.418989             1405.7379          11.893348                      21.551667                      396.08521                                593.29089                        10.641753
              3       1258.6001       1.0424449     0.022567848      0.11798001     0.045923861       3.0348202      0.97360233       1.3176192       1.0059359      0.30128584      0.69863689      0.80253287     0.048156929       0.2517544       0.8042509       13.749163        147.4134       68.456657   2.0797238e-09       6.7372284       11.751783       1021.6725       13.313198       1405.7872      -13.047154       -13.047154       2543.2945                                 90.769769          13.313198             1405.7872          11.751783                      21.694224                      396.11886                                593.80061                        10.058795
              1        1257.551       1.0423754     0.022581286      0.11785039     0.045517886       3.0330055      0.97316877       1.3010166       1.0057541      0.30072639      0.69919642      0.80110805     0.048135738      0.25121756      0.80207732       13.749191       147.43306       68.492105   2.0759532e-09       6.6894989       11.523579       1020.7598       13.114956        1405.897      -13.185125       -13.185125       2541.4723                                 90.176929          13.114956              1405.897          11.523579                      21.732701                      396.15939                                  592.504                        10.363753
              4       1257.0417       1.0424488     0.022585501      0.11811596     0.046230543       3.0308947      0.97327041       1.3046351       1.0038075      0.30189377      0.69802889      0.80125602     0.048239367      0.25227862      0.80378103       13.747796       147.35761       68.424883   2.0715758e-09       6.7681122       12.144422       1021.7937       13.492155       1405.6704      -14.669496       -14.669496       2543.4225                                 90.321746          13.492155             1405.6704          12.144422                      21.722495                      396.09091                                  593.558                        10.422338
              1       1256.9424       1.0424488     0.022585501      0.11811596     0.046230543       3.0308947      0.97327041       1.2982879       1.0037563      0.30189377      0.69802889      0.80125602     0.048239367      0.25227862      0.80378103       13.747796       147.35761       68.424883   2.0715758e-09       6.7681122       12.144422       1021.8567       13.492155       1405.6704      -14.695889       -14.695889       2543.2766                                  90.11289          13.492155             1405.6704          12.144422                       21.72815                      396.09091                                593.63867                           10.399
              2       1256.1899       1.0423118     0.022604771      0.11824545     0.049454989        3.037666      0.97259911       1.3152787       1.0036891      0.30287746      0.69704502         0.80401     0.048386918      0.25311173      0.80785664       13.750412       147.30203       68.349616   2.0856507e-09       7.1050262       13.003714       1018.4627       13.920846       1405.4867      -14.712286       -14.712286       2541.8043                                  90.93036          13.920846             1405.4867          13.003714                      21.916476                      395.71048                                591.20989                         9.625879
              2       1255.8641       1.0423118     0.022604771      0.11824545     0.049454989        3.037666      0.97259911       1.3018009        1.003548      0.30287746      0.69704502         0.80401     0.048386918      0.25311173      0.80785664       13.750412       147.30203       68.349616   2.0856507e-09       7.1050262       13.003714       1018.6954       13.920846       1405.4867      -14.785705       -14.785705       2541.2996                                 90.192967          13.920846             1405.4867          13.003714                       21.93296                      395.71048                                591.47417                         9.577774
              1       1256.1894       1.0422317     0.022556666       0.1185338     0.049840659       3.0365024      0.97157127       1.3025055       1.0031279      0.30493848      0.69498361      0.80433999     0.048530107      0.25502253      0.81093332       13.759258       147.27861       68.176049   2.0832252e-09        7.158371       14.768443       1016.5957       14.934961       1405.1232      -15.091642       -15.091642        2542.562                                 91.139811          14.934961             1405.1232          14.768443                      21.996808                      395.71748                                589.19871                        9.6826561
              1       1256.1617       1.0421263     0.022547032      0.11825779     0.050722455       3.0367038      0.97328108       1.3061186       1.0031391      0.30383423      0.69608799      0.80394586     0.048431322       0.2540193      0.80906707       13.762158       147.36281       68.230967   2.0836448e-09       7.2475128       13.854689       1017.5529       14.610233       1405.3143      -15.102705       -15.102705       2542.5288                                 91.196661          14.610233             1405.3143          13.854689                      21.680188                      395.66079                                590.20377                        10.008172
              3         1255.73       1.0421324      0.02254635      0.11826096     0.050641418       3.0364901      0.97330783       1.3059306       1.0022221       0.3038369      0.69608532      0.80388738      0.04842943      0.25402387      0.80901177       13.762064       147.36272       68.231267   2.0831997e-09       7.2397919       13.847871       1017.4974       14.608464       1405.3139      -15.496835       -15.496835       2542.4537                                 91.186159          14.608464             1405.3139          13.847871                       21.77283                      395.69197                                590.33695                        9.6956131
              3       1257.1959       1.0421258      0.02257305       0.1184415     0.054340282       3.0428387       0.9745127       1.3405308       1.0018201      0.30466589      0.69525623      0.80731727     0.048547947      0.25473259      0.81357113       13.760238       147.28539       68.188272   2.0964671e-09       7.6146088       14.690402       1018.2416       14.862375       1405.1696      -15.599651       -15.599651       2545.5911                                 92.627139          14.862375             1405.1696          14.690402                      21.636531                      395.91285                                591.36591                        9.3263482
              2       1257.0219       1.0421258      0.02257305       0.1184415     0.054340282       3.0428387       0.9745127       1.3411143        1.001898      0.30466589      0.69525623      0.80731727     0.048547947      0.25473259      0.81357113       13.760238       147.28539       68.188272   2.0964671e-09       7.6146088       14.690402       1018.2131       14.862375       1405.1696      -15.576558       -15.576558       2545.1969                                 92.261461          14.862375             1405.1696          14.690402                       21.62801                      395.90727                                591.33042                        9.3474113
              3       1257.9002        1.041832     0.022540896      0.11854778     0.055940998       3.0445457      0.97261951       1.3326596       1.0001073      0.30631105      0.69361069      0.80765199     0.048715082      0.25620387        0.816103        13.77292       147.29287         68.0227   2.1000489e-09       7.7837677       16.780522       1017.4614       15.860611        1404.897      -15.910788       -15.910788        2547.622                                 92.622552          15.860611              1404.897          16.780522                      22.066662                      396.19393                                590.32383                        8.8769427
              1       1258.9296       1.0418562     0.022553003      0.11855216     0.055566177       3.0428356       0.9730346       1.3308709       1.0018913      0.30618993      0.69373185      0.80707703     0.048716307      0.25608224      0.81536077       13.770924       147.27827       68.040111   2.0964606e-09       7.7437592       16.643498       1019.2563       15.754115       1404.9164      -15.607649       -15.607649       2549.0744                                 92.504077          15.754115             1404.9164          16.643498                      21.726247                      396.09949                                591.91868                        9.5118905
              1       1257.1355       1.0417655     0.022512926      0.11849129      0.05470135        3.039744      0.97249603       1.3152613      0.99982078      0.30637345      0.69354823      0.80553951     0.048693563      0.25628667      0.81405131       13.777639       147.33879       67.995504   2.0899893e-09        7.664444       16.864253        1016.383        16.02768        1404.887      -15.938582       -15.938582       2546.1482                                 91.986354           16.02768              1404.887          16.864253                      21.948022                      396.03235                                589.16198                        9.2406078
              3       1260.2341       1.0417123     0.022449136      0.11862914     0.057074995       3.0434508      0.97438861       1.3521611       1.0003587      0.30765715      0.69226424      0.80829654     0.048733555      0.25752527      0.81854695       13.786681       147.37306       67.871238   2.0977508e-09       7.9192352       18.298823       1019.1039       16.802193       1404.6875      -16.000803       -16.000803       2552.4697                                 93.577312          16.802193             1404.6875          18.298823                      21.550724                      396.43373                                 591.8046                        9.3148543
              3       1260.3442       1.0417078     0.022433442      0.11864098      0.05543958       3.0393963      0.97455709       1.3438014      0.99937415      0.30782829      0.69209306      0.80681228     0.048727903      0.25770125      0.81727109        13.78855       147.38717       67.851445   2.0892627e-09       7.7584991       18.469273       1019.4746       16.927246       1404.6617      -15.989978       -15.989978       2552.6684                                 93.135605          16.927246             1404.6617          18.469273                      21.543698                      396.11894                                 592.4456                        9.3663494
              2       1262.1844       1.0417161     0.022195875      0.11881363     0.056233763       3.0402318      0.96647202       1.2828632       1.0002748      0.31016058      0.68976013      0.80623629     0.048599427      0.26015077      0.81977565       13.814534       147.60574        67.58037    2.091009e-09       7.8953705       20.677603       1020.2102       18.686534         1404.33      -15.920891       -15.920891       2556.2106                                 92.306266          18.686534               1404.33          20.677603                      22.740656                      396.44178                                591.61562                        9.4121919
              1       1259.5856       1.0420683     0.022436903      0.11905367     0.045527095       3.0228141      0.96102852         1.18733      0.99852223      0.30894447      0.69097682      0.79775092     0.048768925      0.25877545        0.809556       13.779291       147.27282       67.828133   2.0549038e-09       6.7337189       19.317629       1019.9199       17.075124       1404.4985       -15.64902        -15.64902       2550.4692                                 89.658137          17.075124             1404.4985          19.317629                      24.207607                      395.97502                                590.26363                         9.473604
              1       1259.1025       1.0417093     0.022457456      0.11833481     0.044163948       3.0232706       0.9612798        1.161239       1.0014846      0.30602712      0.69389453      0.79519186     0.048591385      0.25604201      0.80313999       13.784528       147.44116       67.983049    2.055842e-09       6.5722809       16.369827       1022.6861       16.104483       1404.9427      -15.564996       -15.564996       2549.3349                                 89.231808          16.104483             1404.9427          16.369827                      23.988412                      396.24515                                592.40492                        10.047613
              4       1260.2912       1.0417219     0.022442559      0.11844928     0.044557297       3.0253694      0.96057439       1.1671349       1.0028955      0.30669494      0.69322659      0.79627314     0.048630879      0.25666828      0.80510911       13.786275       147.42722       67.932895   2.0601614e-09       6.6193085        17.07319       1023.1847       16.415617        1404.836      -15.097707       -15.097707       2550.7778                                 89.268354          16.415617              1404.836           17.07319                      24.024458                      396.17237                                592.85284                        10.134992
              1       1258.9442       1.0417504     0.022469492      0.11837052     0.045586025       3.0274619      0.96074176       1.1691574       1.0018764      0.30602491      0.69389676      0.79680467     0.048600669        0.256031      0.80476602       13.782182       147.41839        67.99477   2.0644768e-09       6.7238922       16.342799       1022.2288       16.032203       1404.9431      -15.471322       -15.471322       2548.8311                                 89.284221          16.032203             1404.9431          16.342799                      24.215703                      395.98778                                592.43589                        9.5894745
              1       1257.0619        1.041965     0.022479028      0.11852295     0.043730317       3.0262336      0.96396575       1.2069748       1.0027642      0.30614159      0.69378014       0.7979552     0.048584217      0.25616519      0.80608168       13.775458       147.36708        68.02071   2.0619425e-09       6.5245514       16.172595       1018.5496       15.872808       1404.9242      -15.223675       -15.223675       2544.5711                                 89.051852          15.872808             1404.9242          16.172595                      23.457189                      396.41432                                589.01903                        9.6591087
              2       1257.4451       1.0420383     0.022457645      0.11836771     0.043068614       3.0251492      0.96382311       1.1962641       1.0040998      0.30521184      0.69471003      0.79710583     0.048451005      0.25537115           0.804       13.774846        147.4321        68.08175   2.0597078e-09        6.454361       15.013661       1019.3451       15.500878       1405.0771      -14.485237       -14.485237       2543.8606                                 88.923901          15.500878             1405.0771          15.013661                      23.310003                      396.54043                                589.11929                        10.375405
              1       1257.7061       1.0419837     0.022534413      0.11751801     0.040280892       3.0204726      0.96748191       1.1783355       1.0043307      0.30038886      0.69953382      0.79309019     0.048111247      0.25090238      0.79360403        13.76429       147.57356       68.438395   2.0500979e-09       6.1230621       11.563591       1024.7023       13.415904       1405.9642      -14.204446       -14.204446       2543.8212                                   88.1752          13.415904             1405.9642          11.563591                      22.650496                      397.41547                                593.36151                        11.274802
              1        1257.178       1.0418422     0.022558313      0.11734311     0.041926869       3.0208016      0.96722271       1.1644399       1.0031439       0.2997406      0.70018217      0.79231897     0.048109969      0.25025689      0.79197636       13.765122       147.59394       68.475588   2.0507725e-09       6.2978363       11.378017        1025.039       13.207141       1406.0956      -14.843148       -14.843148       2544.0423                                 88.322622          13.207141             1406.0956          11.378017                      22.722287                      396.94387                                593.94551                        11.427281
              2        1256.922       1.0418422     0.022558313      0.11734311     0.041926869       3.0208016      0.96722271       1.1824042       1.0030002       0.2997406      0.70018217      0.79231897     0.048109969      0.25025689      0.79197636       13.765122       147.59394       68.475588   2.0507725e-09       6.2978363       11.378017       1025.4903       13.207141       1406.0956      -14.960683       -14.960683       2543.7653                                 87.594292          13.207141             1406.0956          11.378017                      22.741834                       396.9356                                 594.4713                        11.341582
              2        1259.016       1.0417505     0.022635056      0.11766213     0.039496489       3.0181742      0.96644548       1.1826404       1.0033071       0.3012655       0.6986571      0.79174719     0.048382983      0.25150566      0.79341536       13.761172       147.42324       68.398168   2.0453913e-09       6.0191803       12.484448       1027.9449       13.643542       1405.7911      -14.668118       -14.668118       2547.3682                                 87.504183          13.643542             1405.7911          12.484448                      22.924839                      397.64643                                596.39468                        10.978989
              8       1259.6154       1.0417505     0.022635056      0.11766213     0.039496489       3.0181742      0.96644548       1.2610489       1.0040682       0.3012655       0.6986571      0.79174719     0.048382983      0.25150566      0.79341536       13.761172       147.42324       68.398168   2.0453913e-09       6.0191803       12.484448       1025.8227       13.643542       1405.7911      -14.367717       -14.367717       2547.9662                                  90.22437          13.643542             1405.7911          12.484448                      22.819355                      397.64643                                593.93857                         11.41838
              6        1259.666        1.041727     0.022608021      0.11756103     0.041541243       3.0205179      0.96823308       1.2794491        1.004029      0.30095323      0.69896938      0.79295824      0.04831903      0.25125751      0.79421703       13.764283       147.48039        68.40253   2.0501907e-09        6.248703       12.242616       1023.5094       13.618766       1405.8522      -14.468461       -14.468461        2548.269                                 93.046013          13.618766             1405.8522          12.242616                      22.418536                      397.06354                                592.38542                        11.641935
              2       1260.0899       1.0416243     0.022575266      0.11757601     0.040380773        3.016701      0.96703583       1.2593483       1.0027034      0.30152609      0.69839636       0.7911831     0.048346971      0.25179964       0.7931929       13.770917       147.51267       68.333206   2.0423802e-09       6.1265717       12.662216       1025.8073       14.015195       1405.7407      -15.216225       -15.216225       2550.6123                                 92.386922          14.015195             1405.7407          12.662216                      22.672006                       397.3602                                594.14968                          11.6254
              2       1260.5936       1.0416195     0.022576982      0.11752784     0.040536442       3.0168359      0.96721812       1.2591789        1.003787      0.30127358       0.6986489      0.79111522     0.048326099      0.25156871       0.7927927       13.770647       147.52365       68.350559   2.0426557e-09       6.1427155       12.494568       1025.9053       13.915428       1405.7895      -14.650516       -14.650516       2550.4882                                 92.383449          13.915428             1405.7895          12.494568                      22.491638                      397.32269                                593.68892                        12.402019
              1       1259.2278       1.0417116     0.022560132       0.1177559     0.044339579        3.019904      0.96772911       1.2794446      0.99942137      0.30231377      0.69760856      0.79341205     0.048384155      0.25254816       0.7964658       13.770778       147.48167       68.284044   2.0489325e-09       6.5645599       13.117843       1024.5143       14.299776       1405.5911      -15.822154       -15.822154       2550.0999                                  92.57688          14.299776             1405.5911          13.117843                      22.747602                      396.29378                                594.79181                         10.68116
              2       1258.1415       1.0417025     0.022579037       0.1177558      0.04417277       3.0193798      0.96773494       1.2780544       1.0009757       0.3022309      0.69769147      0.79312025      0.04840497      0.25244503      0.79606375        13.76903       147.46071        68.29796   2.0478587e-09       6.5428009       13.109079       1022.1934       14.218932       1405.6066      -15.740991       -15.740991        2547.765                                 92.636999          14.218932             1405.6066          13.109079                      22.526168                      396.39726                                591.57666                         11.69328
              1       1258.4635       1.0417056     0.022655497      0.11769376      0.04884627       3.0277657      0.96475403       1.2640918       1.0002891      0.30144869      0.69847389      0.79502194     0.048438225      0.25163328      0.79693919       13.760474       147.39283       68.390013   2.0651041e-09       7.0222015       12.697474       1024.0504       13.689927       1405.7556       -15.64489        -15.64489       2548.2168                                   92.0234          13.689927             1405.7556          12.697474                      23.332589                      395.68102                                594.30318                        10.733562
              4       1259.2756       1.0422171     0.022628815       0.1178962     0.043515398        3.013173      0.96452252       1.2245326      0.99720556      0.30116308      0.69875967      0.79041403     0.048275161      0.25151375      0.79194474       13.749041       147.36798       68.465067   2.0351873e-09       6.4655914       11.975276       1027.1435       13.266029       1405.8111      -15.021961       -15.021961        2548.595                                 90.399077          13.266029             1405.8111          11.975276                      23.377545                      396.48932                                595.14162                         12.13503
              3       1259.8381       1.0422981     0.022625127      0.11825951     0.043468413       3.0151202      0.96393568       1.2409899      0.99735656      0.30287457      0.69704793      0.79232975     0.048418251      0.25307786      0.79611672       13.748712       147.27528       68.358255   2.0391542e-09       6.4655914       13.066798       1026.6496       13.871297       1405.4872      -15.123652       -15.123652       2549.9235                                 90.848551          13.871297             1405.4872          13.066798                      23.577148                      396.50559                                595.38428                        11.182617
              1       1259.4573       1.0421185     0.022778706      0.11776042     0.044892127       3.0203582      0.96821101       1.2768183      0.99952121      0.29987258       0.7000505      0.79320883     0.048381864      0.25012258      0.79304037       13.735354       147.23851       68.615657   2.0498632e-09       6.5835114       11.590097       1026.5274       12.435624       1406.0687      -15.317825       -15.317825       2549.5503                                   92.9285          12.435624             1406.0687          11.590097                      22.697587                      396.21662                                596.17004                        11.443144
              3       1259.0209       1.0420489     0.022763709      0.11704576     0.050953621       3.0241456      0.97113999       1.2782693      0.99640787      0.29640233      0.70352125      0.79312171     0.048038756      0.24700424      0.78835171       13.735635       147.44633       68.837586   2.0576416e-09       7.2089081       10.447188       1025.7375       11.260741       1406.8184      -14.351588       -14.351588       2546.7449                                 92.481037          11.260741             1406.8184          10.447188                      22.266305                      395.64175                                595.79879                        12.030635
              1       1258.5227        1.042255     0.022762621      0.11688279     0.051135846       3.0258049      0.97223203       1.2831125      0.99811778      0.29495943      0.70496444      0.79372206     0.047858516      0.24574661      0.78702579       13.728843       147.49118       68.965442   2.0610587e-09       7.2257538       10.350044       1026.7493       10.610346        1407.155       -15.10869        -15.10869       2547.2628                                 92.398183          10.610346              1407.155          10.350044                      21.981044                      395.64422                                596.25783                        12.866156
              1       1256.7389       1.0422128     0.022643193      0.11748001     0.060149159       3.0448508      0.97397909       1.3806334       0.9986023      0.29889087      0.70103224      0.80441538     0.048078225      0.24944495        0.802927       13.745675       147.46454       68.626938   2.1006897e-09       8.1592865       10.899609       1019.9722       12.374495       1406.2723      -15.569842       -15.569842       2544.6175                                 95.098942          12.374495             1406.2723          10.899609                      21.830036                      397.13286                                590.91935                        10.089977
              4       1255.4009       1.0422128     0.022643193      0.11748001     0.060149159       3.0448508      0.97397909       1.3363428      0.99896372      0.29889087      0.70103224      0.80441538     0.048078225      0.24944495        0.802927       13.745675       147.46454       68.626938   2.1006897e-09       8.1592865       10.899609       1020.9823       12.374495       1406.2723      -15.645778       -15.645778       2542.0933                                  91.56472          12.374495             1406.2723          10.899609                      21.788346                      397.13286                                591.81137                         10.24968
              1       1254.9974        1.042176     0.022637148      0.11752703     0.060092769       3.0453185      0.97294361       1.3301086      0.99913845      0.29928178      0.70064126      0.80444149     0.048114247      0.24979845      0.80347796       13.747638       147.45867       68.592086   2.1016723e-09        8.155777       11.062346       1020.1699        12.56383       1406.1904      -15.683572       -15.683572       2541.3619                                 91.375445           12.56383             1406.1904          11.062346                      21.963445                      397.14137                                590.97104                        10.094006
              2       1254.2976       1.0421329     0.022638633      0.11747509     0.060224203       3.0454909      0.97313311       1.3306009        0.998512      0.29912544       0.7007976      0.80434359     0.048109505      0.24964708      0.80317033       13.748516       147.47092       68.597716   2.1020347e-09       8.1670074       11.027007       1018.5441       12.533147        1406.223      -15.562843       -15.562843       2539.7209                                 91.393656          12.533147              1406.223          11.027007                       22.00982                      397.20882                                589.49333                         9.832093
              1       1254.7454       1.0421094      0.02261743      0.11755264     0.056320368       3.0386469      0.97299365       1.3168325      0.99954534      0.29972622       0.7001967      0.80189294     0.048141711      0.25021345      0.80152695       13.751849       147.47337       68.542646   2.0876975e-09       7.7893829       11.270698       1019.9183       12.834878       1406.0986      -15.761146       -15.761146       2541.0132                                 90.890689          12.834878             1406.0986          11.270698                      21.841184                      396.21139                                 591.2287                        10.637055
              1       1255.0387       1.0421211     0.022613001      0.11775011     0.056876857       3.0407876      0.97424916       1.3452631      0.99894632      0.30076342      0.69915934      0.80385295     0.048232724      0.25115678       0.8048751       13.752904       147.42558       68.471242   2.0921715e-09       7.8490448       11.786462       1018.6225       13.231453       1405.8896      -15.705415       -15.705415       2541.4881                                 91.958067          13.231453             1405.8896          11.786462                      21.757332                      396.30633                                590.68066                        9.8781906
              2       1255.1902       1.0421352     0.022609547      0.11773437     0.056818361       3.0401708      0.97452386       1.3452979        0.998986      0.30065822      0.69926456      0.80366181     0.048215049      0.25106955      0.80454298       13.752779       147.43361        68.47856   2.0908813e-09       7.8434296       11.710336       1019.0683        13.19053       1405.9105      -15.718574       -15.718574       2541.8175                                 91.937845           13.19053             1405.9105          11.710336                      21.681187                      396.30587                                591.02035                        10.060907
              2       1256.1862       1.0419549     0.022368014      0.11809376     0.059782278       3.0443991      0.97187097       1.3502826      0.99862369      0.30451555      0.69540631      0.80662491       0.0482716      0.25485386      0.81267283        13.78565       147.60636       68.071899    2.099741e-09       8.1978912       14.185055       1016.9398       15.560602       1405.1953      -15.894304       -15.894304        2544.161                                 92.280254          15.560602             1405.1953          14.185055                      22.021716                      397.21507                                588.16299                        9.5400227
              5       1255.9703       1.0419549     0.022368014      0.11809376     0.059782278       3.0443991      0.97187097       1.3368825      0.99858776      0.30451555      0.69540631      0.80662491       0.0482716      0.25485386      0.81267283        13.78565       147.60636       68.071899    2.099741e-09       8.1978912       14.185055       1016.8749       15.560602       1405.1953      -15.885016       -15.885016       2543.7107                                 91.894828          15.560602             1405.1953          14.185055                      22.026074                      397.21507                                588.10547                        9.5282928
              2       1256.9959       1.0419574     0.022366207      0.11810218     0.059990758       3.0447254      0.97187473       1.3380794      0.99925203      0.30456393      0.69535792      0.80679615     0.048273106      0.25490058      0.81290991       13.785808       147.60614       68.068087   2.1004262e-09       8.2189484        14.22102       1019.0198       15.583744        1405.187      -16.000261       -16.000261       2545.9923                                 91.980694          15.583744              1405.187           14.22102                      21.944735                      397.29202                                590.03537                        9.7476867
              3       1256.5366       1.0419354     0.022371064      0.11813029     0.060059498       3.0447551      0.97181753       1.3391951      0.99734252      0.30475275      0.69516906       0.8068473     0.048302239      0.25505974      0.81321343       13.786076       147.59322       68.054945   2.1004886e-09       8.2252655       14.438013       1016.7567       15.663664       1405.1547      -15.479568       -15.479568       2544.0323                                 92.019275          15.663664             1405.1547          14.438013                      22.181191                      397.34334                                588.07046                        9.1617393
              1       1255.9523       1.0419251     0.022354229      0.11787424     0.057951761       3.0397509        0.971241       1.3079978      0.99709292      0.30350565      0.69641633      0.80383729     0.048161492      0.25395639      0.80852026       13.786982        147.6803       68.128665   2.0900037e-09        8.016098       13.317626       1017.9165        15.21801       1405.3727      -15.357825       -15.357825       2542.6203                                 90.795415           15.21801             1405.3727          13.317626                      22.226866                      396.72619                                589.42935                        9.5340991
              2       1256.7949       1.0419194     0.022364905      0.11773344     0.058706042        3.039005      0.97293122        1.315427      0.99631921      0.30270594      0.69721618      0.80352037     0.048101964      0.25321858      0.80713602       13.785348       147.70617       68.187086   2.0884453e-09       8.0862885       12.734902       1019.4434       14.869413       1405.5181      -14.953516       -14.953516       2543.4968                                 90.930934          14.869413             1405.5181          12.734902                       21.92668                      396.84861                                590.88432                        9.7837953
              2       1255.8803       1.0418175      0.02240408      0.11764374     0.059218212       3.0399995      0.97274081       1.3128813      0.99779684       0.3023024      0.69761979      0.80329893     0.048139262      0.25277909      0.80637556       13.783774       147.68655       68.220335   2.0905233e-09       8.1255951       12.632157       1019.3446        14.67282       1405.5932       -15.63784        -15.63784       2543.0362                                 90.793468           14.67282             1405.5932          12.632157                       21.81269                      396.94688                                 590.2785                        10.306536
              1       1256.5442       1.0420494     0.022433973      0.11801244     0.058173356       3.0390842       0.9718337       1.3158345      0.99592129      0.30341121      0.69651091      0.80400739     0.048243621       0.2537824      0.80856554       13.775394       147.55447       68.191956   2.0886107e-09       8.0224152       13.297862       1017.9541       14.840536       1405.3897      -14.681767       -14.681767       2542.4519                                 90.969735          14.840536             1405.3897          13.297862                      22.225231                      396.73505                                589.54715                         9.446646
              1       1254.0403       1.0420358     0.022438495      0.11792538     0.058377302       3.0422513      0.97110027       1.3136996      0.99846263      0.30295951      0.69696269      0.80472538     0.048209713      0.25336586      0.80868496       13.774908       147.57273       68.222808   2.0952361e-09       8.0399628       12.969906       1015.6654       14.658249       1405.4716      -15.819598       -15.819598       2539.7197                                  90.95454          14.658249             1405.4716          12.969906                      22.227265                      396.81157                                586.99682                        9.6297674
              1       1254.0596       1.0420374        0.022443      0.11790078     0.058707636       3.0427706      0.97110375        1.313696      0.99815061      0.30279728      0.69712495      0.80483304     0.048200439      0.25321344      0.80857657       13.774266       147.57432       68.236219   2.0963243e-09       8.0708466       12.856401       1015.6883       14.579359       1405.5013       -15.73207        -15.73207       2539.5832                                 90.957832          14.579359             1405.5013          12.856401                      22.272045                      396.92718                                586.97106                        9.5180263
              3       1254.2596       1.0420758     0.022461849      0.11750758     0.049197245       3.0225674      0.96834834       1.2136929      0.99800409      0.30047816      0.69944446      0.79452169      0.04799889      0.25110281      0.79515461        13.76925       147.65777       68.408041    2.054397e-09       7.0959015       11.424617       1020.6565       13.587496       1405.9463      -15.545221       -15.545221       2539.6096                                 87.994692          13.587496             1405.9463          11.424617                      22.502002                      395.72036                                  590.458                        11.976115
              1        1256.002       1.0421953      0.02233655      0.11757543      0.05083801        3.024621      0.96691026       1.2058084      0.99759499      0.30120534      0.69871706      0.79575638     0.047866206      0.25195878      0.79735337       13.779396       147.77951       68.311457     2.05862e-09       7.2938385       11.515603       1023.1258       14.140742       1405.8028      -15.429859       -15.429859       2542.8637                                 88.278742          14.140742             1405.8028          11.515603                      22.760938                      395.69859                                592.88828                         11.77803
              2       1256.1562       1.0421953      0.02233655      0.11757543      0.05083801        3.024621      0.96691026       1.2067444      0.99702014      0.30120534      0.69871706      0.79575638     0.047866206      0.25195878      0.79735337       13.779396       147.77951       68.311457     2.05862e-09       7.2938385       11.515603       1022.9635       14.140742       1405.8028      -15.184211       -15.184211       2542.6809                                 88.258299          14.140742             1405.8028          11.515603                      22.841019                      395.72675                                592.96794                        11.427763
              3        1257.081       1.0423976     0.022418045      0.11710059     0.056123715       3.0328698      0.96731401       1.2031293      0.99737109      0.29762626      0.70229685      0.79735253     0.047603217      0.24865526      0.79419175       13.762385       147.81646       68.624741   2.0756715e-09       7.8076324       10.354709       1027.1775       12.386387       1406.5443      -15.317676       -15.317676       2544.7974                                 88.334428          12.386387             1406.5443          10.354709                      22.824364                      396.26673                                596.13662                        11.949803
              6       1254.2023       1.0423177     0.022534147      0.11713035     0.058294302        3.039104      0.96896495       1.2386583      0.99710483      0.29736023      0.70256302      0.79989341     0.047757284      0.24823781      0.79636641        13.75252       147.67919       68.691145   2.0886521e-09       7.9971466       10.388559       1021.0207       12.029454        1406.603      -15.160922       -15.160922       2538.7265                                 88.684772          12.029454              1406.603          10.388559                      22.763833                      396.73644                                590.97255                        10.547835
              1       1254.3399        1.042211     0.022519057      0.11707454     0.057796517       3.0356244      0.97102824       1.2489645      0.99636248       0.2974623      0.70246089      0.79891007     0.047765823      0.24833018      0.79552391       13.757036       147.71093       68.662003    2.081397e-09        7.950119       10.422021       1020.3464       12.185452       1406.5804      -14.808615       -14.808615       2538.2971                                 88.762799          12.185452             1406.5804          10.422021                      22.278378                       396.5983                                590.34914                        11.120563
              1       1256.1997       1.0422666     0.022462297       0.1177906     0.067686554       3.0613422      0.97382496       1.3805197      0.99910717      0.30141674       0.6985058      0.81291959     0.048052908      0.25198585      0.81483682       13.764854       147.58316       68.370262   2.1356203e-09       8.9306793       11.775061       1018.9996       13.802586       1405.7618       -15.93031        -15.93031       2544.2599                                  93.92094          13.802586             1405.7618          11.775061                      22.017723                      400.40938                                587.68418                         8.888282
              5       1256.3894       1.0422666     0.022462297       0.1177906     0.067686554       3.0613422      0.97382496         1.39591       0.9990804      0.30141674       0.6985058      0.81291959     0.048052908      0.25198585      0.81483682       13.764854       147.58316       68.370262   2.1356203e-09       8.9306793       11.775061       1018.9746       13.802586       1405.7618      -15.917727       -15.917727       2544.6144                                 94.300309          13.802586             1405.7618          11.775061                       22.02098                      400.40938                                587.66075                        8.8834852
              3       1255.2681       1.0421706     0.022472015      0.11763071     0.067446338       3.0613374      0.97291972       1.3804832      0.99909734      0.30079457      0.69912804      0.81194997     0.048025656      0.25139231      0.81302451       13.765925       147.61511        68.40445   2.1356101e-09       8.9026031       11.525374       1017.7477       13.607868       1405.8834      -15.920597       -15.920597       2542.3773                                 93.613018          13.607868             1405.8834          11.525374                      22.216132                       400.3343                                586.39959                        8.7976329
              1       1254.8331       1.0421495     0.022456814      0.11764363     0.065887253       3.0572205      0.97203191       1.3615063      0.99846103      0.30101296       0.6989096      0.81009675     0.048028791      0.25160654      0.81146325       13.768237       147.62842       68.379079    2.126836e-09       8.7587128       11.632818       1017.2687       13.752236       1405.8404      -15.814905       -15.814905        2541.296                                 92.801852          13.752236             1405.8404          11.632818                      22.338129                       399.6117                                 586.4166                        8.9022256
              3       1255.2615       1.0420997     0.022457234        0.117805     0.066309369        3.057795       0.9716361       1.3674179      0.99815676      0.30201789      0.69790449      0.81072397     0.048134705      0.25250255      0.81344598       13.770437       147.58481       68.304446   2.1280581e-09       8.8015289       12.275904       1016.7829       14.181328       1405.6468      -15.730983       -15.730983       2541.9851                                 93.098186          14.181328             1405.6468          12.275904                      22.426818                      399.89362                                585.65717                        8.8052645
              1       1257.2062       1.0421883      0.02241852      0.11801073     0.065508487       3.0567404      0.97123811       1.3699133      0.99974019      0.30307728      0.69684493      0.81113026     0.048163189      0.25353025      0.81527976       13.772896       147.57283       68.225363    2.125815e-09       8.7390594       12.850522       1020.2439       14.643205       1405.4501      -16.021547       -16.021547       2546.4556                                 93.267863          14.643205             1405.4501          12.850522                      22.272021                       399.5244                                589.31533                        9.1320992
              2        1255.218       1.0422922     0.022496094      0.11812255     0.065255408        3.059226      0.96873333        1.355057      0.99878513      0.30291398      0.69700837      0.81152174     0.048239043       0.2532937      0.81545348       13.762035       147.45669       68.289545   2.1311056e-09        8.698349       12.796591       1016.8325       14.267793         1405.48      -15.850812       -15.850812       2542.1376                                 92.760743          14.267793               1405.48          12.796591                      23.115806                      399.51249                                585.62622                        8.5779766
              1        1256.026       1.0419953     0.022411339      0.11795341     0.063559843       3.0523598      0.96913923       1.3373633      0.99712687      0.30338836      0.69653373      0.80836931     0.048219228      0.25378324      0.81292157       13.779152       147.59596       68.174785   2.1165232e-09       8.5530548       13.280546       1017.2224       14.942475       1405.3938      -15.371715       -15.371715       2542.7953                                 91.956073          14.942475             1405.3938          13.280546                      22.926536                      398.74814                                586.83633                        8.7114362
              1       1254.4287       1.0421681     0.022376482      0.11768851     0.057898199       3.0437349      0.97211325       1.3323856        1.000053      0.30165964      0.69826273      0.80518963     0.047971879      0.25230683      0.80741376       13.776478       147.70523       68.297143   2.0983469e-09       8.0027618       11.849085       1017.6516       14.223674        1405.715      -16.041947       -16.041947       2540.9412                                 91.501843          14.223674              1405.715          11.849085                      22.002281                      396.64867                                589.20534                        9.7953319
              1       1254.2336       1.0421681     0.022376482      0.11768851     0.057898199       3.0437349      0.97211325       1.3134271      0.99983236      0.30165964      0.69826273      0.80518963     0.047971879      0.25230683      0.80741376       13.776478       147.70523       68.297143   2.0983469e-09       8.0027618       11.849085       1017.6933       14.223674        1405.715      -16.032325       -16.032325       2540.5318                                 91.050702          14.223674              1405.715          11.849085                      22.028926                      396.64867                                589.30281                         9.712938
              1       1254.2576       1.0421682     0.022376519      0.11768813     0.057901684       3.0437363      0.97211576       1.3134319      0.99976785      0.30165693      0.69826543      0.80518963     0.047971648      0.25230436      0.80741015       13.776468       147.70529       68.297364   2.0983499e-09       8.0034637       11.847462       1017.7396        14.22239       1405.7155      -16.030257       -16.030257       2540.5757                                 91.050761           14.22239             1405.7155          11.847462                      22.035759                      396.64839                                589.36368                        9.6917379
              5       1253.6855       1.0421261     0.022410901      0.11754453     0.057554037       3.0433216      0.97222104       1.3069928      0.99983871      0.30081839      0.69910413      0.80437675     0.047949017      0.25149122      0.80547317       13.773368       147.70538       68.365942   2.0974797e-09       7.9585419       11.478292       1017.5021       13.827289       1405.8787       -16.01772        -16.01772       2539.4064                                 90.720048          13.827289             1405.8787          11.478292                       22.03995                      396.55592                                589.16782                         9.738413
              2       1256.8231       1.0420838     0.022388967      0.11750725     0.056256676       3.0401602      0.97154944       1.2908468      0.99812926      0.30087091      0.69905156      0.80282591     0.047930639       0.2515613      0.80399038       13.776797       147.73974       68.345578   2.0908592e-09        7.832901       11.501596       1023.6265       13.944034       1405.8683      -15.735627       -15.735627       2545.1174                                 90.177007          13.944034             1405.8683          11.501596                      22.294874                      396.28273                                595.62451                        9.4243624
              2       1255.1387       1.0420838     0.022388967      0.11750725     0.056256676       3.0401602      0.97154944       1.2760255      0.99887603      0.30087091      0.69905156      0.80282591     0.047930639       0.2515613      0.80399038       13.776797       147.73974       68.345578   2.0908592e-09        7.832901       11.501596       1019.7938       13.944034       1405.8683      -15.899942       -15.899942       2542.0772                                 90.969515          13.944034             1405.8683          11.501596                      22.200068                      396.27187                                591.63396                        9.6878706
              5        1253.896       1.0420954     0.022363812      0.11764765     0.056682756       3.0423634      0.97036881       1.2770373       1.0003017      0.30173025      0.69819206      0.80395026     0.047974192      0.25237428      0.80626533       13.779808        147.7302        68.27616    2.095471e-09         7.88414        11.92771        1017.273       14.345684       1405.7015      -15.999676       -15.999676       2539.7913                                  90.54352          14.345684             1405.7015           11.92771                      22.308794                      396.40785                                588.82239                        9.7339503
              1       1256.8464       1.0418455     0.022609993      0.11791336     0.050112361       3.0407534      0.97282747       1.3196913       1.0050252      0.30246664      0.69745577      0.80373988     0.048444359      0.25264215      0.80703734         13.7622       147.38478       68.316971      2.0921e-09       7.1660919       13.205379       1017.3973       14.108859       1405.5626      -13.773148       -13.773148        2541.239                                 90.964921          14.108859             1405.5626          13.205379                      21.864584                      395.71355                                590.41525                          9.40393
              3       1258.0532       1.0418455     0.022609993      0.11791336     0.050112361       3.0407534      0.97282747       1.3472285       1.0058848      0.30246664      0.69745577      0.80373988     0.048444359      0.25264215      0.80703734         13.7622       147.38478       68.316971      2.0921e-09       7.1660919       13.205379       1017.0011       14.108859       1405.5626       -13.02966        -13.02966       2542.1657                                 92.287792          14.108859             1405.5626          13.205379                      21.767011                      395.69177                                589.84248                        9.6998764
              4       1256.5582        1.041839     0.022560646      0.11833685     0.056136049       3.0517294      0.96886565       1.3546169       1.0046276      0.30503956       0.6948824      0.80860096     0.048620958      0.25503041      0.81536433        13.76963       147.32713       68.118333   2.1151893e-09       7.7957001        15.42938       1012.9521        15.28008        1405.106      -14.171665       -14.171665       2541.4597                                 92.692078           15.28008              1405.106           15.42938                      22.658315                      396.27835                                585.28353                        8.7319182
              2       1256.0547       1.0420859     0.022314089      0.11849844      0.04840518       3.0262639      0.96780156       1.2799895      0.99972553      0.30661825      0.69330326      0.79982419     0.048367511      0.25685452      0.80859846        13.78938       147.55736       67.922351   2.0620051e-09       7.0572968       15.961988       1017.0206        16.48141       1404.8481      -16.000037       -16.000037       2544.1095                                 89.797399           16.48141             1404.8481          15.961988                      22.538393                      395.77605                                588.34152                        10.364682
              2       1255.9706       1.0422265     0.022329529      0.11845023     0.047354552        3.024483      0.96817318       1.2747253      0.99969382      0.30584268      0.69407901      0.79912477     0.048289738      0.25615994      0.80686897       13.783313       147.55294       68.000539    2.058336e-09       6.9421844       14.998962       1018.3751       15.996682       1404.9727      -15.996087       -15.996087       2543.9334                                 89.589931          15.996682             1404.9727          14.998962                      22.485292                      395.85981                                589.44599                        10.584047
              1       1257.6606        1.041902     0.022430067      0.11675274     0.046415557       3.0270837      0.96708333       1.1939191        1.004339      0.29716567      0.70275737      0.79330172     0.047669254      0.24812748      0.78954537        13.77418       147.89583       68.595576    2.063696e-09       6.7982941       10.407175       1026.8379       12.544807       1406.6462      -14.337251       -14.337251       2543.9956                                 87.559554          12.544807             1406.6462          10.407175                      22.574971                      395.99124                                595.65896                        12.612757
              6       1257.8954       1.0418878     0.022466443      0.11649118     0.049728289       3.0257701      0.96676994       1.1700669       1.0010194      0.29562304      0.70430028      0.79160602     0.047575317      0.24668369      0.78581009       13.769436       147.92593       68.718917   2.0609871e-09       7.1352081        10.31946       1030.6949       11.881716       1406.9982      -15.674908       -15.674908       2547.1407                                 87.246396          11.881716             1406.9982           10.31946                      22.692783                      395.67271                                598.74689                        13.582482
              2       1255.6133        1.041973     0.022516781      0.11631085     0.055017937       3.0348983      0.96862399        1.200723      0.99985172      0.29414938      0.70577425      0.79501071     0.047488443      0.24530244      0.78722037       13.760631       147.91875       68.858758   2.0798863e-09       7.6609344       10.462917        1026.189       11.151708       1407.3502      -15.778858       -15.778858       2542.7842                                 87.630419          11.151708             1407.3502          10.462917                      22.598784                       396.0029                                595.37377                        12.213543
              1       1255.4593       1.0418912     0.022565117      0.11630503     0.053569587       3.0316333      0.97003127       1.2074506      0.99871323      0.29408629      0.70583738      0.79384924     0.047565678      0.24516281      0.78598596       13.757883       147.86625       68.876639   2.0731064e-09       7.5044098       10.446468       1025.5672        11.06003       1407.3656      -15.595257       -15.595257        2542.109                                 87.669667           11.06003             1407.3656          10.446468                      22.419058                       395.8029                                 595.3612                        11.984063
              2       1254.4337       1.0419546     0.022564288        0.116377     0.052866001       3.0345651      0.97066122       1.2262464       1.0011243      0.29428565      0.70563801       0.7955176     0.047571918      0.24535571      0.78790473       13.756441       147.84772       68.870857   2.0791933e-09       7.4349213       10.423423       1023.2982       11.089632        1407.317      -15.664918       -15.664918       2540.1972                                 88.068936          11.089632              1407.317          10.423423                      22.243224                      395.72575                                593.56601                        11.763187
              2       1256.6309       1.0418721     0.022559199      0.11616447     0.054281933       3.0365531      0.97038256       1.2189062       1.0023703      0.29343806      0.70648569      0.79542171     0.047498254      0.24458359      0.78667444       13.758385       147.91083       68.916468   2.0833309e-09       7.5753021       10.574265       1027.0182       10.857187       1407.5256      -15.310617       -15.310617        2543.883                                 87.907768          10.857187             1407.5256          10.574265                      22.151846                      395.84804                                596.31447                        12.703837
              6       1255.7387       1.0418918     0.022486499      0.11639645       0.0636541       3.0550179      0.97187424       1.2923133      0.99984839      0.29500143        0.704922      0.80440756     0.047543094      0.24609645      0.79767794       13.766709        147.9303       68.772879   2.1221565e-09        8.515152       10.349768       1024.2638        11.59728       1407.1448      -15.952526       -15.952526       2543.3824                                 90.026736           11.59728             1407.1448          10.349768                      22.421541                      398.52131                                594.05501                        9.2659216
              1       1254.6284       1.0418983     0.022488841      0.11641074     0.063993579        3.055539      0.97198516       1.2952532       1.0015904      0.29504457      0.70487887      0.80469767     0.047549331      0.24613331      0.79802396       13.766335       147.92386       68.771949   2.1232627e-09       8.5474396       10.346395       1021.5522       11.602151       1407.1346      -15.752103       -15.752103        2540.761                                   90.1257          11.602151             1407.1346          10.346395                      22.176496                      398.61158                                590.83518                        9.9288945
              1       1254.5428       1.0420589     0.022451665      0.11649028     0.064334851       3.0581005      0.97142293       1.2985391       1.0015922      0.29520576      0.70471765      0.80613584     0.047482248      0.24636126      0.79966856       13.765909         147.944       68.763606   2.1287084e-09       8.5909576       10.344436       1021.2303       11.645913       1407.0963      -15.786879       -15.786879       2540.6594                                 90.342356          11.645913             1407.0963          10.344436                      22.400498                      398.84273                                590.59885                        9.3882653
              1       1255.4879        1.042076      0.02236649      0.11737092     0.056946973       3.0457286      0.97230936       1.3214246       1.0032817      0.30029642      0.69962612      0.80490966     0.047845155      0.25107336      0.80530721       13.778779        147.8015        68.37226   2.1025344e-09       7.9051971        11.19772        1019.281       13.791169       1405.9827      -15.178441       -15.178441       2541.3328                                 91.080147          13.791169             1405.9827           11.19772                      21.818618                      396.36852                                590.88049                        10.213401
              2       1253.8622       1.0420817     0.022378191      0.11791325     0.056200837       3.0438076      0.96831989       1.3014839       1.0014522      0.30310836      0.69681375      0.80474953     0.048128492      0.25359454      0.80890788       13.779934       147.64298       68.188534   2.0984994e-09       7.8364105       12.898533       1015.6431       14.860822       1405.4444      -15.857999       -15.857999       2539.4404                                 90.593466          14.860822             1405.4444          12.898533                       22.66567                      396.31666                                587.17153                        9.4892581
              2       1255.1458       1.0419034     0.022500794      0.11792599     0.058775475       3.0570872      0.96795743       1.3381611       1.0042401      0.30299589      0.69692633      0.80937132     0.048327806      0.25328459       0.8134026       13.772202       147.50333        68.23393   2.1265525e-09       8.0645294       13.289585       1013.9409       14.592811        1405.465      -14.524655       -14.524655       2539.3409                                 92.052657          14.592811              1405.465          13.289585                      23.034381                      396.96335                                585.42464                        8.5185292
              4       1255.6263       1.0419097     0.022574149      0.11752358     0.058211532       3.0537078      0.97161895       1.3457657       1.0028809        0.300409      0.69951371      0.80743098     0.048183796      0.25085031      0.80798118       13.762279       147.52936       68.447121   2.1193781e-09       7.9852142       11.689862       1018.5075       13.366781       1405.9602       -15.19941        -15.19941       2541.6514                                 92.127055          13.366781             1405.9602          11.689862                      22.398923                      396.71053                                590.71452                        8.6835391
              3       1254.8246       1.0419355     0.022629117      0.11690117     0.064698143       3.0656321      0.97119753        1.339504       1.0041212      0.29673043      0.70319291      0.80971075     0.047902803      0.24746408      0.80528633       13.752657       147.63563       68.731107   2.1448014e-09       8.5888519       10.444296       1017.5497       11.817161       1406.7439      -14.402948       -14.402948       2538.4552                                 91.900197          11.817161             1406.7439          10.444296                      22.555226                       398.9578                                587.41452                        8.6221093
              1       1254.4449       1.0419071     0.022588896      0.11721955     0.063350592       3.0629407        0.970418       1.3410734       1.0040872      0.29872091      0.70120207      0.80965558     0.048043086      0.24930785      0.80792771       13.759331       147.59485       68.569669   2.1390367e-09       8.4758453        10.93883       1015.9451       12.686368       1406.3081      -14.501567       -14.501567       2537.8929                                 92.014402          12.686368             1406.3081           10.93883                      22.609349                      398.45787                                586.22285                        8.6550686
              4       1255.5501       1.0419071     0.022588896      0.11721955     0.063350592       3.0629407        0.970418       1.3757984       1.0040538      0.29872091      0.70120207      0.80965558     0.048043086      0.24930785      0.80792771       13.759331       147.59485       68.569669   2.1390367e-09       8.4758453        10.93883        1015.955       12.686368       1406.3081      -14.518981       -14.518981       2540.1381                                 94.249782          12.686368             1406.3081           10.93883                      22.613858                      398.46684                                586.22562                        8.6487031
              3       1254.6384       1.0420261      0.02262526      0.11723834     0.059158717       3.0498154      0.97257226       1.3609974       1.0012185       0.2982649      0.70165823      0.80504328      0.04802811      0.24886944      0.80271186       13.751997       147.54902       68.635537   2.1111448e-09       8.0624237        10.76493       1017.3225       12.328002       1406.4055      -15.650622       -15.650622       2540.5781                                 93.757159          12.328002             1406.4055           10.76493                      22.152803                       396.8798                                588.96344                        9.3264495
              1       1255.9746       1.0418841     0.022669755      0.11708976     0.061520899       3.0543234      0.97273546       1.3685736         1.00078        0.297644      0.70227924      0.80607338     0.048057987       0.2482205      0.80290196       13.750765       147.53962       68.681636   2.1206832e-09       8.2786102       10.691978       1019.6946       12.080247       1406.5405      -15.622376       -15.622376        2543.194                                 94.186725          12.080247             1406.5405          10.691978                      22.259054                      397.65472                                590.83424                        8.9465654
              1       1254.9574       1.0418841     0.022669755      0.11708976     0.061520899       3.0543234      0.97273546       1.3237562        1.000487        0.297644      0.70227924      0.80607338     0.048057987       0.2482205      0.80290196       13.750765       147.53962       68.681636   2.1206832e-09       8.2786102       10.691978       1020.7835       12.080247       1406.5405      -15.649533       -15.649533       2541.2139                                 91.117722          12.080247             1406.5405          10.691978                      22.296454                      397.65826                                591.95664                        8.8721259
              1        1254.038        1.041934     0.022724107      0.11685445      0.06040304       3.0483562      0.97176075       1.2837789      0.99974874      0.29595578      0.70396779      0.80235662     0.047961784      0.24663447      0.79693009       13.742353       147.54226       68.832849   2.1080663e-09       8.1536713       10.399684        1020.784       11.285211        1406.921      -15.498381       -15.498381       2539.0727                                 89.682814          11.285211              1406.921          10.399684                      22.346056                      397.24422                                591.43386                        9.7598278
              1       1255.1947       1.0419305     0.022713159      0.11690136     0.061030749       3.0493188      0.97136681       1.2844213       1.0008991      0.29627369      0.70364982      0.80283025     0.047977868      0.24693519      0.79782867       13.743852       147.54188        68.80473   2.1100965e-09       8.2175446       10.430672       1022.8867       11.431007       1406.8478      -15.468868       -15.468868       2541.3272                                    89.731          11.431007             1406.8478          10.430672                      22.263599                      397.46211                                592.95009                        10.210933
              1       1254.4523       1.0419236       0.0227137      0.11699008     0.060983136       3.0482202      0.97182587       1.2902828      0.99854389      0.29675665      0.70316678      0.80283601     0.048026657      0.24736801      0.79848441       13.744428        147.5175       68.770592   2.1077797e-09       8.2147369       10.508967       1020.8844       11.609264        1406.738      -15.367912       -15.367912       2539.6404                                 89.899776          11.609264              1406.738          10.508967                      22.404153                      397.45583                                591.53865                        9.4857301
              6       1255.1887       1.0422523     0.022596741       0.1168229     0.049097838       3.0230011      0.97012523       1.1959021      0.99910548      0.29558223      0.70434135       0.7924494     0.047686813      0.24653607        0.786593       13.746304        147.6913       68.837289   2.0552881e-09       7.0488739       10.317759       1025.4906       11.262278       1407.0079      -15.585021       -15.585021       2541.5475                                 87.469038          11.262278             1407.0079          10.317759                      22.205286                      395.76903                                594.13175                        13.384537
              1        1255.376       1.0424003     0.022502825       0.1175322     0.043836571       3.0225196      0.96918205       1.2236518       1.0024404      0.29941828      0.70050465      0.79495446     0.047894494      0.25015282      0.79418335       13.755326       147.60515       68.544991   2.0542987e-09       6.5196381        10.83929       1023.5828       12.821955        1406.162      -15.367187       -15.367187       2541.4863                                 88.080229          12.821955              1406.162           10.83929                       22.35473                      396.50895                                592.95556                        11.763579
              1       1256.6501       1.0424003     0.022502825       0.1175322     0.043836571       3.0225196      0.96918205       1.2697154       1.0029939      0.29941828      0.70050465      0.79495446     0.047894494      0.25015282      0.79418335       13.755326       147.60515       68.544991   2.0542987e-09       6.5196381        10.83929       1023.3264       12.821955        1406.162      -15.196996       -15.196996       2543.6941                                 90.544474          12.821955              1406.162           10.83929                       22.28461                      396.52182                                592.40403                        12.115927
              1       1255.7547       1.0420642     0.022521815      0.11810675     0.047706347       3.0255742      0.96813016       1.2973626       1.0005023      0.30335984       0.6965624      0.79745015     0.048361886      0.25361478      0.80190323       13.766004        147.4308       68.241738   2.0605834e-09       6.9358673        13.46253       1018.2236       14.546957        1405.399      -15.898533       -15.898533       2543.3064                                  91.67438          14.546957              1405.399           13.46253                      22.512498                      395.80182                                588.92136                        10.987914
              1       1258.0773       1.0420687       0.0223158      0.11851423     0.046613105       3.0225158      0.96296984       1.2575833      0.99887769      0.30674536      0.69317613      0.79689822     0.048385289      0.25696345      0.80580736       13.789782       147.55109       67.912476    2.054291e-09       6.8663788       16.135119        1020.519       16.543142        1404.828      -15.878818       -15.878818       2547.9123                                 89.887056          16.543142              1404.828          16.135119                      23.596402                      395.91752                                590.70692                        10.298148
              1       1258.0607       1.0420738     0.022306063      0.11853723     0.047360697       3.0243297        0.963223       1.2660697      0.99884595      0.30691185       0.6930096      0.79781912      0.04838589      0.25712871      0.80695745       13.790778       147.55587       67.897236   2.0580205e-09       6.9485016       16.279933       1020.0475       16.638642       1404.8019      -15.881328       -15.881328       2547.8841                                 90.116082          16.638642             1404.8019          16.279933                      23.587074                      395.82804                                590.59566                        10.036733
              2       1259.0257       1.0421741     0.022335811      0.11884571     0.047091966       3.0258115      0.96182382       1.2696604      0.99901586      0.30809991      0.69182142       0.7989936     0.048521978      0.25817862      0.80970805       13.786012       147.44051       67.847151   2.0610723e-09       6.9183197       17.627424       1020.3924       16.954434       1404.6212      -15.921069       -15.921069       2549.8936                                  90.29808          16.954434             1404.6212          17.627424                      24.000856                      395.79058                                 591.0606                         9.540375
              2       1258.6359       1.0421695     0.022344278      0.11877327     0.048178237       3.0277941      0.96169224       1.2696462       1.0001457      0.30767171      0.69224969      0.79946325     0.048494785      0.25777893      0.80962081       13.784916       147.45047       67.879033   2.0651627e-09       7.0313263       17.143376       1020.4065       16.753072       1404.6853      -15.997452       -15.997452       2549.2667                                 90.278427          16.753072             1404.6853          17.143376                      23.886906                       395.7364                                590.90517                         9.878048
              1       1255.3887       1.0421356     0.022556116      0.11748571     0.049156915       3.0226882      0.96981669       1.2724376      0.99821339      0.29964578      0.70027709      0.79460222     0.048042071      0.25023177      0.79413298       13.757297       147.55875       68.520623   2.0546451e-09       7.0720367       11.135982       1021.0597       12.956552       1406.1151      -15.592011       -15.592011       2541.9615                                 90.694229          12.956552             1406.1151          11.135982                      22.253584                       395.7367                                590.85636                        12.213007
              3       1256.4349       1.0422639     0.022485566       0.1170934     0.044318591       3.0173161      0.97118134       1.2547431       1.0002584      0.29759706      0.70232608      0.79193406     0.047721367      0.24850864      0.78875607       13.759129       147.74207       68.642876   2.0436369e-09       6.5687714       10.413492       1025.3874        12.28839       1406.5508      -15.907451       -15.907451       2544.6848                                  90.04471           12.28839             1406.5508          10.413492                      21.937058                      396.42258                                593.77994                        13.247872
              2       1256.4905        1.042388     0.022532546      0.11728163     0.045743113       3.0228288        0.972597       1.2914816       1.0011818      0.29796136      0.70196183      0.79511527     0.047799436      0.24879548      0.79240907       13.751324       147.63936       68.658411    2.054934e-09       6.7147675       10.472299       1024.1385       12.204752       1406.4712      -15.788268       -15.788268       2544.5575                                 91.270731          12.204752             1406.4712          10.472299                      21.788991                      396.16402                                593.96253                        12.222954
              1       1256.1802       1.0423046       0.0225057      0.11723138     0.045072717       3.0231415      0.97123034        1.278226       1.0020352      0.29809227      0.70183084      0.79468899     0.047789694      0.24893478       0.7921582       13.756431       147.68267       68.624491   2.0555766e-09       6.6473846       10.507166       1023.3603       12.387739       1406.4428      -15.589031       -15.589031       2543.5384                                  90.84043          12.387739             1406.4428          10.507166                      21.987403                      396.26933                                592.98172                        12.121818
              3       1257.9095       1.0423046       0.0225057      0.11723138     0.045072717       3.0231415      0.97123034       1.1763609        1.000961      0.29809227      0.70183084      0.79468899     0.047789694      0.24893478       0.7921582       13.756431       147.68267       68.624491   2.0555766e-09       6.6473846       10.507166       1027.0138       12.387739       1406.4428      -15.661596       -15.661596       2547.1421                                 90.790658          12.387739             1406.4428          10.507166                      22.116148                      396.22853                                597.21789                        11.451201
              4       1257.3839       1.0423209     0.022491837      0.11716841     0.043168343       3.0194056      0.97178679       1.1695184        1.002857      0.29779118      0.70213197      0.79322924      0.04773814      0.24868588      0.79030367       13.757125       147.71486       68.640386   2.0479115e-09       6.4438324       10.434911       1025.0094       12.301825       1406.5082      -15.079636       -15.079636       2544.9271                                 90.672752          12.301825             1406.5082          10.434911                      21.764573                      396.70171                                593.30449                        13.238583
             22         1257.25       1.0423209     0.022491837      0.11716841     0.043168343       3.0194056      0.97178679       1.1237307       1.0013682      0.29779118      0.70213197      0.79322924      0.04773814      0.24868588      0.79030367       13.757125       147.71486       68.640386   2.0479115e-09       6.4438324       10.434911       1027.9173       12.301825       1406.5082      -15.445116       -15.445116       2545.3902                                  88.22791          12.301825             1406.5082          10.434911                      21.935374                      396.65343                                597.13601                        12.192516
              1       1257.2382       1.0423209     0.022491837      0.11716841     0.043168343       3.0194056      0.97178679       1.2606901       1.0032157      0.29779118      0.70213197      0.79322924      0.04773814      0.24868588      0.79030367       13.757125       147.71486       68.640386   2.0479115e-09       6.4438324       10.434911       1025.4178       12.301825       1406.5082      -15.087297       -15.087297        2544.651                                 89.988175          12.301825             1406.5082          10.434911                      21.724499                      396.70171                                593.48274                        13.508888
              3       1258.5635       1.0424192     0.022447184      0.11785282     0.041311872       3.0149929      0.97329038       1.2969711       1.0020759      0.30138276      0.69853981      0.79455962     0.047999118      0.25200628      0.79638866       13.762214       147.58106       68.385545   2.0388946e-09       6.2578278       11.627097       1026.4333       13.715374       1405.7684      -15.646986       -15.646986        2548.421                                 90.876866          13.715374             1405.7684          11.627097                      21.478058                      397.16517                                594.73158                        13.058454
              2       1256.9892       1.0422238     0.022409706      0.11801056     0.043962815       3.0184267      0.97192801       1.3017549       1.0002666      0.30302185      0.69690036      0.79602936     0.048138515      0.25349966      0.80002845        13.77278       147.58081       68.229429   2.0459078e-09       6.5561371        12.76764        1022.146       14.619275       1405.4602      -16.011108       -16.011108       2546.0007                                 91.007546          14.619275             1405.4602           12.76764                      21.797686                      396.48739                                592.18192                         11.67898
              5       1255.7441       1.0420585     0.022536792       0.1181329     0.057193909       3.0401342      0.97199313        1.361992      0.99797199      0.30342944      0.69649281      0.80447806     0.048391061      0.25365529      0.80906318       13.764697         147.408       68.243843   2.0908049e-09       7.9037933       13.558214       1015.9345       14.534609       1405.3865      -15.589503       -15.589503       2542.6672                                 93.253332          14.534609             1405.3865          13.558214                      22.116082                      396.43812                                587.80616                         9.574176
              1       1256.1883       1.0420024     0.022546982       0.1181147      0.05703747       3.0410556      0.97108714       1.3565695      0.99964701      0.30344027      0.69648196      0.80441606     0.048417415      0.25363964      0.80901527       13.765195       147.40154        68.24069   2.0927322e-09       7.8855438       13.659446       1017.4196        14.55311       1405.3845      -15.895024       -15.895024       2544.1666                                 93.149907           14.55311             1405.3845          13.659446                      22.142751                      396.42305                                 588.9962                         9.857584
              2       1256.0742       1.0420024     0.022546982       0.1181147      0.05703747       3.0410556      0.97108714       1.3200895      0.99724523      0.30344027      0.69648196      0.80441606     0.048417415      0.25363964      0.80901527       13.765195       147.40154        68.24069   2.0927322e-09       7.8855438       13.659446       1018.0603        14.55311       1405.3845      -15.291595       -15.291595       2542.7316                                 91.074237           14.55311             1405.3845          13.659446                      22.449217                      396.46103                                590.06944                        9.0806166
              1       1255.7913       1.0422424     0.022502414      0.11797606     0.048788745       3.0310408      0.97294087       1.3018823       1.0008969      0.30224433      0.69767811      0.80088976     0.048193745      0.25267103      0.80387995        13.76216       147.48731       68.331227   2.0718785e-09       7.0516815       12.395948       1021.0667       14.026598       1405.6041      -15.880703       -15.880703        2543.344                                 90.250641          14.026598             1405.6041          12.395948                      21.868643                      395.78007                                593.34143                        10.076588
              1       1254.9624        1.042208     0.022509548      0.11796865     0.048009608       3.0293326      0.97312589       1.2986689       1.0018845      0.30226583      0.69765661      0.80017788     0.048212546      0.25267363      0.80319398       13.762389        147.4813        68.32873   2.0683423e-09       6.9688568       12.457999        1019.018       14.040988       1405.6001      -15.650469       -15.650469       2541.2257                                 90.108644          14.040988             1405.6001          12.457999                      21.701827                      395.82758                                590.78513                        10.703462
              1       1256.1647       1.0423037     0.022567707      0.11816146     0.043058992        3.021008       0.9696375       1.2525904       1.0027096      0.30267039      0.69725209      0.79630047     0.048315889      0.25297545      0.79983667       13.754224       147.36497       68.343739   2.0511957e-09       6.4304962       12.777389        1021.731       13.954601       1405.5248      -15.216388       -15.216388       2542.7621                                 88.774394          13.954601             1405.5248          12.777389                      22.157387                      396.66083                                591.25772                        11.655021
              3       1257.4235       1.0422883       0.0226519       0.1183483     0.044264053       3.0271808      0.96984538       1.2741535       1.0022944      0.30321987      0.69670261      0.79910611     0.048491215      0.25334974      0.80338302       13.746551        147.2221       68.347209   2.0638966e-09       6.5477142       13.416107       1023.1412        13.93466       1405.4243      -15.250442       -15.250442       2545.3479                                 89.431553           13.93466             1405.4243          13.416107                      22.426647                      396.40354                                594.45899                        9.8520427
              1       1256.7962       1.0422428     0.022621233      0.11795017     0.047637605       3.0359752      0.97327267       1.3106518       1.0051308      0.30141742      0.69850529      0.80239239     0.048283874      0.25175867      0.80428571        13.74934       147.36231       68.447419   2.0821272e-09       6.9070892       12.092917       1019.1394       13.365104       1405.7617      -13.660839       -13.660839       2540.9141                                 90.554974          13.365104             1405.7617          12.092917                      21.751432                      395.89148                                591.49617                        10.000331
              6       1260.2077       1.0425282      0.02259757      0.11728547     0.043997467       3.0214815      0.97700745       1.2735969        1.001346      0.29720417      0.70271925       0.7957935      0.04779212      0.24804975      0.79207664       13.740237       147.56591       68.762668   2.0521672e-09       6.5161285       10.355396        1034.045       11.650838       1406.6377      -15.635065       -15.635065       2551.6855                                 88.996559          11.650838             1406.6377          10.355396                      21.228468                       396.5846                                604.22787                        12.004085
              3       1258.6423       1.0425741     0.022538443      0.11742434     0.043757549       3.0220873      0.97627616       1.2770644       1.0029357      0.29813624      0.70178697      0.79657685     0.047789445        0.248981      0.79409862        13.74584       147.59441       68.674572   2.0534108e-09       6.5027924       10.456387       1029.4848       12.118047       1406.4333      -15.188526       -15.188526       2547.6617                                 89.169178          12.118047             1406.4333          10.456387                      21.199154                      396.62141                                 599.1683                        12.495911
              2       1261.1315       1.0425185     0.022515992      0.11748746     0.042625095        3.019098      0.97644627       1.2748613       1.0011992      0.29875956      0.70116352      0.79570208     0.047827824      0.24956348      0.79405534       13.750189       147.60239       68.612814   2.0472816e-09       6.3848724        10.60021        1035.408       12.451049          1406.3      -15.789599       -15.789599       2553.8421                                 89.082854          12.451049                1406.3           10.60021                      21.274798                      396.92755                                605.33809                        11.867571
              1       1256.9846       1.0423758     0.022469494      0.11694522     0.049857549       3.0291135      0.97708717       1.2885948       1.0009067      0.29658103      0.70334229      0.79806856     0.047580182      0.24763686      0.79350791       13.756796       147.80026        68.72007   2.0678893e-09       7.1555634       10.296257       1027.3087       11.875603       1406.7777      -15.901214       -15.901214       2545.7716                                 89.513286          11.875603             1406.7777          10.296257                      21.154491                      395.73765                                 598.4125                        12.004106
              2       1257.4688       1.0425026     0.022376452      0.11722171     0.049136094       3.0278123      0.97512839       1.2833663       1.0007249      0.29819499      0.70172802      0.79841102     0.047578698      0.24924667      0.79600549       13.764284       147.82979       68.578715   2.0652002e-09       7.1036224       10.394973       1027.9411       12.636851       1406.4206      -15.969597       -15.969597       2546.8769                                 89.483345          12.636851             1406.4206          10.394973                      21.394509                       395.7649                                598.92507                         11.85665
              1       1258.0202       1.0426384     0.022409154      0.11706251      0.04886998       3.0275409      0.97556899       1.2765767       1.0012957      0.29677439      0.70314891      0.79786538     0.047464049      0.24794602      0.79356445       13.755982       147.83602       68.711645   2.0646398e-09       7.0671234       10.284197         1029.59       11.920316       1406.7339      -15.860076       -15.860076       2547.7605                                 89.232008          11.920316             1406.7339          10.284197                      21.312058                      395.78443                                600.03312                        12.460402
              3       1256.3877       1.0426619     0.022468747      0.11745938     0.053487559       3.0420648      0.97400898       1.3150018       1.0031054      0.29846052       0.7014626      0.80435777     0.047705244      0.24938766      0.80229129       13.750831       147.66336       68.628794   2.0948453e-09       7.5366974       10.451323       1023.2394        12.36445       1406.3636      -15.215002       -15.215002       2543.2054                                 90.786639           12.36445             1406.3636          10.451323                      21.717696                      395.80777                                595.49543                        10.218535
              3       1256.3071       1.0426638     0.022469686      0.11745682     0.053986913       3.0426242      0.97403517       1.3165331       1.0028518      0.29843617      0.70148695      0.80457936     0.047703895      0.24936475      0.80247957       13.750663       147.66304       68.631199   2.0960174e-09       7.5872345       10.446632       1023.2706       12.351446       1406.3688       -15.33581        -15.33581       2543.2859                                 90.848392          12.351446             1406.3688          10.446632                      21.729921                      395.86949                                 595.5125                        10.158682
              2       1262.0372       1.0424044     0.022515124      0.11729447     0.051649859        3.041253      0.97669136       1.3286165       1.0072148      0.29807996      0.70184319      0.80386417     0.047783049      0.24892989      0.80128763       13.752756       147.65578        68.64363   2.0931455e-09       7.3359528       10.478686       1027.3097       12.284323       1406.4455      -11.779751       -11.779751       2547.6338                                 91.115665          12.284323             1406.4455          10.478686                      21.038601                      395.65114                                599.02669                        11.593249
              1       1258.0765       1.0424391     0.022546054      0.11711154     0.052554391       3.0424695      0.97742378        1.328483       1.0055923      0.29684037      0.70308302      0.80383806     0.047701329      0.24777622       0.7995938       13.747545       147.67049       68.749578   2.0956932e-09       7.4194794       10.318184       1023.1418        11.71968       1406.7191      -13.401334       -13.401334       2542.9557                                 91.056921           11.71968             1406.7191          10.318184                      21.104626                      395.72055                                595.41975                        10.896857
              1       1257.2145          1.0421     0.022472108      0.11630316     0.057822767       3.0513836      0.97580671       1.3140153       1.0043942      0.29399157      0.70593207      0.80407112     0.047386591       0.2452467      0.79597839       13.761579       147.97103       68.864306   2.1144581e-09        7.950119       10.541438       1023.6887       11.123223       1407.3888       -14.43829        -14.43829       2543.3055                                 90.563362          11.123223             1407.3888          10.541438                      21.536119                      396.46177                                595.75514                        9.9356468
              2       1256.7636       1.0420149     0.022570869      0.11646026     0.060663333       3.0609824      0.97347837        1.323204       1.0069202      0.29451147      0.70541217      0.80728322     0.047591676      0.24556161      0.79986447       13.754353       147.81864         68.8666   2.1348519e-09       8.2077179        10.39741       1017.7369       11.111453       1407.2623      -12.032388       -12.032388       2537.5919                                 91.083851          11.111453             1407.2623           10.39741                      21.921564                      397.28962                                589.20848                        9.3172373
              2       1260.1034       1.0417071      0.02265578      0.11566303     0.071680936       3.0787748      0.97202045       1.3261727       1.0051365      0.29076517      0.70915906        0.810504     0.047404804      0.24201258      0.79793171       13.750492       147.94012       69.131873   2.1731761e-09       9.2093353       11.419495       1026.6159       9.7926954       1408.2169      -13.590651       -13.590651       2547.3881                                 91.343154          9.7926954             1408.2169          11.419495                      22.646535                      402.34161                                593.13437                        8.4934094
              1       1260.1737       1.0417071      0.02265578      0.11566303     0.071680936       3.0787748      0.97202045       1.2799765       1.0045803      0.29076517      0.70915906        0.810504     0.047404804      0.24201258      0.79793171       13.750492       147.94012       69.131873   2.1731761e-09       9.2093353       11.419495       1027.8856       9.7926954       1408.2169      -13.990902       -13.990902       2548.3293                                 91.014648          9.7926954             1408.2169          11.419495                      22.722778                      402.32868                                594.44603                        8.3880721
              2       1260.8151       1.0418263     0.022658737      0.11546996     0.071714542       3.0789972      0.97232981       1.2736565       1.0057947      0.28941005      0.71051443      0.81007094     0.047254682      0.24081202       0.7956448       13.745648       147.98905       69.246117   2.1736594e-09       9.2079315       12.289585       1026.5252       9.2504087       1408.5869      -12.969481       -12.969481       2547.5692                                 90.916983          9.2504087             1408.5869          12.289585                      22.549239                      402.28009                                 592.9844                        8.7115135
              3         1260.96       1.0418285     0.022658468      0.11547014     0.071715738        3.078783       0.9723582       1.2733228       1.0059191      0.28940618       0.7105183      0.80999677     0.047253518      0.24080933      0.79556663       13.745612        147.9893       69.246559   2.1731939e-09       9.2079315       12.294334       1026.5925        9.248342        1408.588      -12.853179       -12.853179       2547.6263                                  90.90317           9.248342              1408.588          12.294334                       22.51275                      402.27381                                593.01968                        8.7862298
              1       1260.2723       1.0419454     0.022653426      0.11590717     0.061856231       3.0639995      0.97704083       1.2882238       1.0067266      0.29136912      0.70855509      0.80720094     0.047415837      0.24260504      0.79550478       13.744876       147.87584        69.12024   2.1413027e-09       8.2940521       11.250003       1024.0908        9.848784       1408.0562      -12.062813       -12.062813       2544.6702                                 91.424333           9.848784             1408.0562          11.250003                      21.522741                      397.53995                                595.85892                        9.1692129
              1       1257.3263       1.0419496     0.022493197      0.11606349     0.057275415       3.0484754      0.97658434       1.2576763       1.0047477      0.29305168      0.70687208      0.80206843     0.047353665      0.24434195      0.79272564       13.762613       148.01213       68.920559   2.1083176e-09       7.8869476       10.741977       1023.2557       10.836457       1407.6223      -14.105811       -14.105811       2542.8642                                 90.407743          10.836457             1407.6223          10.741977                      21.305148                      396.31669                                594.77836                        10.855484
              1       1258.8313       1.0419496     0.022493197      0.11606349     0.057275415       3.0484754      0.97658434       1.2576919       1.0059163      0.29305168      0.70687208      0.80206843     0.047353665      0.24434195      0.79272564       13.762613       148.01213       68.920559   2.1083176e-09       7.8869476       10.741977       1024.2727       10.836457       1407.6223      -13.108939       -13.108939       2543.8804                                 90.406912          10.836457             1407.6223          10.741977                      21.190299                      396.26835                                595.29474                        11.519339
              1       1255.8807       1.0419655     0.022505426      0.11651623      0.05461326       3.0446855      0.97447381       1.2482055       1.0041703       0.2953126      0.70461083      0.80147435     0.047585995      0.24636463      0.79518831       13.763084       147.87602       68.770794   2.1003424e-09       7.6258392       10.329712       1021.4733       11.608204       1407.0711      -14.490812       -14.490812        2540.743                                  90.26073          11.608204             1407.0711          10.329712                      21.646103                      395.89998                                593.60379                        10.323406
              1       1255.6533        1.041984     0.022507902      0.11655966     0.055241707       3.0454116      0.97463959       1.2528803       1.0048882      0.29547358      0.70444984      0.80197542     0.047601526      0.24650978       0.7959023       13.762482       147.86161       68.763356   2.1018681e-09       7.6890106       10.322816       1019.8206       11.647224       1407.0333      -13.974619       -13.974619       2539.2558                                 90.431903          11.647224             1407.0333          10.322816                      21.524238                      396.02339                                591.53712                        10.735864
              1       1256.3943       1.0420155     0.022577353      0.11648144     0.056264423       3.0469272      0.97577781       1.2592593       1.0030925      0.29458464      0.70533901      0.80238958     0.047607743      0.24561864      0.79511455       13.753748       147.80531       68.864867   2.1050561e-09       7.7746429       10.386961       1023.5497        11.12034       1407.2447      -15.032254       -15.032254        2542.853                                 90.551368           11.12034             1407.2447          10.386961                      21.564823                      396.11044                                595.88962                        9.9847704
              1       1255.8452       1.0420296     0.022579765      0.11643321     0.056384975       3.0469201      0.97568131       1.2562474       1.0046525      0.29427811      0.70564559      0.80218732     0.047578892      0.24534193      0.79450044       13.752835       147.81563       68.889423   2.1050412e-09       7.7851715        10.42978       1020.6134       10.994718       1407.3189       -14.05751        -14.05751       2539.8054                                 90.448601          10.994718             1407.3189           10.42978                      21.411231                      396.15962                                592.21048                        10.832105
              6       1258.2891       1.0419091     0.022541493      0.11620323     0.059129797       3.0468747      0.97721088       1.2626199       1.0035979      0.29363255      0.70629116      0.80187774     0.047485261      0.24479038      0.79332224       13.759364       147.92056       68.898843   2.1049456e-09        8.060318       10.546361       1026.7821       10.946718       1407.4773      -14.821061       -14.821061       2546.2204                                 90.467899          10.946718             1407.4773          10.546361                      21.102636                       396.7306                                597.10411                        11.844768
              2       1254.6054       1.0419858     0.022446545      0.11700939     0.065461253       3.0613559      0.97225725       1.2968795       1.0014324       0.2981861      0.70173683      0.80950935     0.047774764      0.24904037      0.80705836       13.771173       147.81002       68.544952   2.1356496e-09       8.7088776       10.591396       1018.5357       12.822172       1406.4224       -15.82798        -15.82798       2540.8667                                 92.495033          12.822172             1406.4224          10.591396                      22.283172                      399.34931                                  588.059                        8.8442049
              1        1253.729       1.0419858     0.022446545      0.11700939     0.065461253       3.0613559      0.97225725       1.2711758       1.0017205       0.2981861      0.70173683      0.80950935     0.047774764      0.24904037      0.80705836       13.771173       147.81002       68.544952   2.1356496e-09       8.7088776       10.591396       1018.1714       12.822172       1406.4224      -15.730231       -15.730231       2538.9185                                 90.911071          12.822172             1406.4224          10.591396                      22.246292                      399.34931                                587.66384                        8.9119513
              1       1256.8786       1.0421994      0.02239175      0.11694218     0.061352462        3.047561      0.97044308        1.217769        1.000108      0.29751625      0.70240678      0.80357078     0.047592523      0.24855465      0.80023742       13.770332       147.88895       68.592187   2.1063907e-09       8.3263397       10.367536       1022.8509       12.563279       1406.5685      -15.910401       -15.910401       2545.5779                                 93.227725          12.563279             1406.5685          10.367536                      22.305279                      397.69104                                592.36069                        10.493897
              1       1256.0303       1.0422111      0.02238575      0.11725089     0.058626821       3.0428685      0.97026042       1.2165065      0.99979079      0.29915107      0.70077171      0.80274935     0.047737983      0.25003946      0.80161275       13.772118       147.81238        68.47843   2.0965296e-09       8.0659332       10.716948       1020.4401       13.191256       1406.2175       -15.90705        -15.90705       2543.8747                                 93.308845          13.191256             1406.2175          10.716948                      22.299738                      396.85411                                590.82206                        10.464211
              5       1256.6088       1.0420865     0.022322233      0.11724292     0.058073781       3.0412455      0.96994623       1.2138893      0.99952893       0.2998363      0.70008626      0.80213204     0.047735896      0.25072293      0.80191317       13.782577       147.88547       68.382705   2.0931296e-09       8.0252228       10.945295       1021.1024       13.731555       1406.0759      -15.889432       -15.889432       2544.9965                                 93.141308          13.731555             1406.0759          10.945295                      22.316791                      396.75906                                591.54748                        10.479049
              5        1257.569       1.0420865     0.022322233      0.11724292     0.058073781       3.0412455      0.96994623       1.3515246       1.0001305       0.2998363      0.70008626      0.80213204     0.047735896      0.25072293      0.80191317       13.782577       147.88547       68.382705   2.0931296e-09       8.0252228       10.945295       1022.6528       13.731555       1406.0759      -16.042832       -16.042832       2547.2236                                 93.817976          13.731555             1406.0759          10.945295                      22.239774                      396.75434                                592.87661                        10.782088
              3       1256.1919       1.0420865     0.022322233      0.11724292     0.058073781       3.0412455      0.96994623       1.2342797      0.99808185       0.2998363      0.70008626      0.80213204     0.047735896      0.25072293      0.80191317       13.782577       147.88547       68.382705   2.0931296e-09       8.0252228       10.945295       1022.3733       13.731555       1406.0759      -15.650819       -15.650819       2543.6854                                 90.559333          13.731555             1406.0759          10.945295                      22.506242                       396.7418                                593.29239                        9.8328419
              1       1254.0082       1.0419512     0.022437036      0.11702945     0.061704273       3.0526307      0.97081359       1.2587394        1.001355      0.29844764      0.70147523      0.80562408     0.047792809      0.24928276      0.80353701       13.773319       147.81489       68.517492   2.1170966e-09       8.3502045       10.667811       1018.1584       12.973893       1406.3663      -15.810869       -15.810869       2539.6381                                  91.47172          12.973893             1406.3663          10.667811                       22.35366                      397.86547                                588.46453                        9.4747478
              1       1254.1533       1.0420299     0.022434313      0.11716551     0.061703641        3.052549      0.97214356       1.2738554       1.0007922      0.29895356      0.70096924      0.80655955     0.047822506      0.24975797      0.80515164       13.771918       147.78136       68.492058   2.1169237e-09        8.353714       10.783972       1017.8891       13.115215        1406.259      -15.927978       -15.927978       2540.1626                                 92.115303          13.115215              1406.259          10.783972                       22.16126                      397.85476                                588.55141                        9.3217068
              4       1254.8149       1.0421492     0.022470119      0.11751734     0.066626457        3.063227      0.97116542       1.3051377       1.0011296      0.30026598       0.6996567      0.81176428     0.047976506      0.25091416      0.81212406       13.766226        147.6475       68.436593   2.1396493e-09        8.823288       11.277938        1016.867       13.426063       1405.9889      -15.877368       -15.877368       2541.3845                                 93.824612          13.426063             1405.9889          11.277938                      22.494053                      399.99816                                585.64262                        8.7322004
             11       1255.5229       1.0421492     0.022470119      0.11751734     0.066626457        3.063227      0.97116542       1.2674995      0.99987125      0.30026598       0.6996567      0.81176428     0.047976506      0.25091416      0.81212406       13.766226        147.6475       68.436593   2.1396493e-09        8.823288       11.277938       1018.6293       13.426063       1405.9889      -15.942661       -15.942661       2542.9311                                 93.608968          13.426063             1405.9889          11.277938                       22.66388                      400.03021                                587.38192                        8.5533002
              3       1257.3874       1.0421253     0.022479999      0.11741895     0.068666831       3.0651596       0.9708618        1.266104      0.99946461      0.29975739      0.70016537      0.81204408      0.04794648      0.25043707      0.81171567       13.765413       147.66307       68.473068   2.1437883e-09       9.0106964       11.081866       1018.0753       13.221236       1406.0921      -15.910313       -15.910313       2546.5954                                 98.124824          13.221236             1406.0921          11.081866                      22.722924                      401.06091                                585.72178                        8.5697196
              2        1257.153        1.042089     0.022544385       0.1172842     0.065566149       3.0556984      0.97372365       1.2563313      0.99818329      0.29878281      0.70114016      0.80832316     0.047951478      0.24946127      0.80668169       13.758974       147.62722       68.567481   2.1236012e-09       8.6997528       10.814015       1018.4142       12.698362        1406.295      -15.580094       -15.580094       2545.4663                                 97.244623          12.698362              1406.295          10.814015                      22.064839                      399.32632                                587.92181                        9.1012634
              1       1256.9787       1.0419033     0.022509174      0.11724022     0.065329084       3.0550845      0.97338304       1.2541212      0.99860758      0.29929577      0.70062703       0.8077992     0.047985833      0.24993674      0.80685051       13.768059       147.67818       68.489385   2.1222979e-09       8.6850128       11.063019        1018.228       13.130117       1406.1874      -15.731391       -15.731391       2545.4201                                 96.811568          13.130117             1406.1874          11.063019                      22.036963                        399.235                                587.77321                        9.1828788
              2       1256.9211       1.0418973     0.022512136      0.11724946      0.06532902       3.0551894      0.97326876       1.2537838       0.9988473      0.29934547      0.70057733      0.80782106     0.047995944      0.24997622      0.80693934       13.767965        147.6724       68.486675   2.1225206e-09       8.6843109       11.090806       1018.1951       13.145226       1406.1771      -15.776246       -15.776246       2545.3948                                 96.786535          13.145226             1406.1771          11.090806                      22.034048                        399.235                                 587.7005                        9.2255792
              3       1260.3303       1.0420892     0.022649493      0.11731389     0.059980904       3.0526974      0.97680881       1.2691583       1.0008724      0.29834069      0.70158247      0.80773525     0.048057638      0.24891633      0.80549835        13.74789       147.50196       68.651183   2.1172377e-09       8.1382294       10.783339       1024.9274        12.24363       1406.3893      -15.610202       -15.610202        2551.881                                 97.537346           12.24363             1406.3893          10.783339                      21.588034                      397.07067                                597.28524                        8.9834446
              1       1258.5966       1.0420642     0.022647493      0.11712714       0.0624642        3.058837      0.97686245       1.2785658       1.0033232      0.29744128      0.70248201      0.80955902     0.047972927      0.24810392      0.80609924       13.747957       147.55441       68.708736   2.1302767e-09        8.375473        10.54926       1019.8345       11.935773       1406.5851      -14.802567       -14.802567       2546.7983                                 97.893654          11.935773             1406.5851           10.54926                      21.457596                      397.83034                                591.38566                        9.1609368
              5       1258.7919       1.0422154     0.022559751      0.11709075     0.054590095       3.0479947      0.97427302       1.2297976       1.0061263      0.29730501      0.70261825      0.80475898     0.047807436      0.24813256      0.80113613       13.752642         147.661       68.694098   2.1073044e-09       7.6216278       10.419337       1017.5384       12.013702       1406.6153      -12.776958       -12.776958       2543.1377                                 96.550979          12.013702             1406.6153          10.419337                      21.610813                      395.89998                                589.93622                        10.091381
              3       1259.1595       1.0417626     0.022398279      0.11689542     0.053349834        3.043611      0.97280288       1.2117058       1.0047974      0.29850861      0.70141414       0.8021429     0.047778926      0.24935565      0.80014657       13.782435       147.89352       68.468236   2.0980868e-09       7.5268707       10.733611       1020.7334        13.24828       1406.3532      -14.055877       -14.055877       2546.4308                                 95.362309           13.24828             1406.3532          10.733611                      21.813622                       395.8228                                593.12905                         9.967952
              2       1259.3973       1.0417579     0.022409074      0.11682986     0.053995036       3.0447876      0.97316577       1.2146323       1.0056569      0.29811339      0.70180944      0.80244628     0.047757352      0.24898328      0.79991913       13.781101       147.89916         68.5002    2.100557e-09       7.5893402       10.632927        1019.964       13.069895       1406.4381      -13.338744       -13.338744       2545.4721                                 95.367206          13.069895             1406.4381          10.632927                      21.678744                      395.89025                                592.08717                        10.307814
              1       1260.0087       1.0415337      0.02244173      0.11712227     0.059238914       3.0570021      0.97027175       1.2364894       1.0045419      0.30014136      0.69978112      0.80716255     0.048040658      0.25072181       0.8073527       13.785722       147.78447       68.347667   2.1263715e-09       8.1094513       11.613451        1021.298       13.932035       1406.0139      -14.270653       -14.270653       2548.5586                                 95.701229          13.932035             1406.0139          11.613451                      22.532035                      397.07109                                593.06966                        8.6251904
              1       1258.1233       1.0415409     0.022461074      0.11695053     0.060987383       3.0562023      0.96963094       1.2215091       1.0033216      0.29909571      0.70082696      0.80596279     0.047966694      0.24975343      0.80474716       13.782607        147.8092       68.429816   2.1246716e-09        8.272995       11.139545       1020.2757       13.464295       1406.2291      -14.997233       -14.997233       2546.2411                                  95.13255          13.464295             1406.2291          11.139545                      22.621688                      397.61465                                591.14616                         8.893165
              1       1258.7237       1.0415409     0.022461074      0.11695053     0.060987383       3.0562023      0.96963094       1.2444983       1.0049951      0.29909571      0.70082696      0.80596279     0.047966694      0.24975343      0.80474716       13.782607        147.8092       68.429816   2.1246716e-09        8.272995       11.139545       1022.2551       13.464295       1406.2291      -13.923594       -13.923594       2545.2945                                 92.206484          13.464295             1406.2291          11.139545                      22.399646                       397.6133                                 592.8314                        9.4107838
              1       1256.6315       1.0415515     0.022454252      0.11696902     0.061355032       3.0567613      0.96967261       1.2472453       1.0037077       0.2992017      0.70072095      0.80630375     0.047965122      0.24986062      0.80523025       13.783111       147.81188       68.420543   2.1258596e-09       8.3108978        11.16828       1019.6988       13.516689       1406.2069      -14.829477       -14.829477        2542.922                                  92.33131          13.516689             1406.2069           11.16828                      22.557798                      397.70167                                590.44962                        8.9896994
              2       1256.4813       1.0420732     0.022699894      0.11816412       0.0586491       3.0524191      0.97077562       1.2750236        1.002049      0.30260099      0.69732157       0.8085041     0.048541448      0.25268212       0.8120014        13.74698       147.21923       68.384165   2.1166487e-09       8.0104828       13.268412       1016.8357       13.723233       1405.5377      -15.222454       -15.222454       2543.4075                                 94.042494          13.723233             1405.5377          13.268412                      22.495687                      396.81812                                588.74991                        8.7719618
              2       1256.5323       1.0420554     0.022644423      0.11827165     0.058642736       3.0544067      0.96997474       1.2808738       1.0023176      0.30355051      0.69637184      0.80964692      0.04855691      0.25361237      0.81442392       13.753928       147.25194       68.289685   2.1208599e-09       8.0245209       13.945666       1015.5707       14.266979       1405.3648      -15.265387       -15.265387       2543.5955                                 94.447274          14.266979             1405.3648          13.945666                      22.719147                       396.8775                                587.38925                        8.5848421
              1       1258.4821       1.0420536      0.02267772      0.11839451     0.057936491       3.0549825      0.96981667       1.2844651       1.0023889      0.30401666      0.69590565      0.81011778     0.048649318      0.25398552      0.81552303       13.750991       147.18242       68.274938   2.1220815e-09       7.9494171       14.466335       1018.5897       14.352803       1405.2822       -15.16644        -15.16644       2547.2971                                 94.606071          14.352803             1405.2822          14.466335                      22.840587                      396.68158                                590.55524                        8.5123096
              1       1258.1746       1.0418666     0.022680161      0.11782735     0.051782644       3.0450556       0.9725661       1.2596076       1.0051206      0.30153918      0.69838346      0.80481984     0.048451134      0.25171199       0.8068818       13.753672       147.33012       68.418114     2.10112e-09       7.3219147       12.649629        1018.426       13.530434       1405.7382      -13.490853       -13.490853       2543.3309                                 92.986664          13.530434             1405.7382          12.649629                       22.02421                      395.70274                                 591.6163                        9.0827383
              1       1258.8663       1.0418636     0.022682414       0.1178069     0.052005699       3.0455303      0.97257455       1.2600298       1.0045207      0.30142597      0.69849669      0.80493055     0.048443999      0.25160626      0.80684129       13.753421       147.33309        68.42655   2.1021177e-09       7.3436737       12.577721       1020.8164       13.482736       1405.7601      -13.948664       -13.948664       2545.6299                                 92.993045          13.482736             1405.7601          12.577721                       22.10579                      395.67913                                594.12167                         8.909797
              2        1258.398       1.0419332     0.022693182      0.11769743     0.049316412       3.0412495      0.97111951       1.2312696        1.006622      0.30057745      0.69934538      0.80240105     0.048364383      0.25084026      0.80317292        13.74969       147.35016       68.499101    2.093138e-09       7.0636139       11.985212       1017.7109       13.076006       1405.9266      -12.004532       -12.004532        2540.805                                 92.106335          13.076006             1405.9266          11.985212                      22.121284                      395.71212                                590.17918                        9.6982984
              3       1258.3973       1.0417749     0.022719044      0.11732806     0.053628937       3.0476591      0.97084914       1.2318988       1.0063709      0.29894113      0.70098192      0.80335311     0.048273487      0.24929898      0.80193412       13.749899       147.42052       68.602619   2.1065973e-09       7.4931793       11.289464       1019.3342       12.506458       1406.2617      -12.199348       -12.199348       2541.1933                                  91.80154          12.506458             1406.2617          11.289464                      22.219803                      395.80679                                591.72508                        9.5824931
              1       1257.2236       1.0417648     0.022720834      0.11733144     0.053579047       3.0473169      0.97095249       1.2320149       1.0051093      0.29897862      0.70094443      0.80324286     0.048281572      0.24932826      0.80187433       13.750027       147.41763       68.599577   2.1058765e-09       7.4875641       11.316259       1019.2777       12.523014       1406.2538       -13.35342        -13.35342       2541.1541                                 91.783405          12.523014             1406.2538          11.316259                      22.343195                      395.81062                                591.91899                        9.2048421
              1       1255.7433       1.0419078     0.022668021      0.11742373     0.049316328       3.0329713      0.96804303       1.1755798       1.0023038      0.29934744      0.70057554      0.79728117     0.048215236      0.24976211      0.79641357       13.751838       147.45112       68.566922   2.0758821e-09       7.0650177       11.309659       1020.4298       12.701429       1406.1767       -15.02804        -15.02804       2541.5427                                 90.925053          12.701429             1406.1767          11.309659                      22.738636                      395.67963                                591.56241                        10.449133
              2       1254.6687       1.0420175     0.022616493       0.1173641     0.063841558       3.0537468      0.96904294       1.2372885      0.99869098      0.29900433      0.70091867      0.80600682      0.04808848      0.24954625      0.80466818       13.753789       147.52552       68.579151   2.1194607e-09       8.5193634       11.017386       1018.0791       12.634465       1406.2484      -15.556602       -15.556602       2540.4507                                 92.471343          12.634465             1406.2484          11.017386                      22.946883                      398.72412                                587.36358                         9.044527
              1       1255.5913       1.0421665      0.02270959      0.11725816     0.064009395       3.0539502      0.97004097       1.2354183      0.99802761      0.29748091      0.70244248      0.80576207     0.048044797      0.24807337      0.80237196       13.738924       147.45059       68.751388   2.1198918e-09       8.5109406       10.569555       1020.2314       11.710148       1406.5764      -15.166434       -15.166434       2541.5155                                 92.427964          11.710148             1406.5764          10.569555                      22.893583                      398.70639                                589.62219                        9.0092433
              1       1256.4101       1.0421006     0.022734329      0.11742066     0.064896866       3.0562563      0.96877672       1.2375255       0.9978785      0.29838782      0.70153544       0.8067126     0.048179612      0.24884313      0.80454208       13.739018       147.37986       68.692517   2.1247863e-09       8.5923615       10.885057       1021.1845       12.022134       1406.3792      -15.053919       -15.053919        2542.928                                 92.457133          12.022134             1406.3792          10.885057                      23.233085                      399.14966                                590.09046                        8.7112662
              3        1256.863       1.0421006     0.022734329      0.11742066     0.064896866       3.0562563      0.96877672       1.2276216      0.99805249      0.29838782      0.70153544       0.8067126     0.048179612      0.24884313      0.80454208       13.739018       147.37986       68.692517   2.1247863e-09       8.5923615       10.885057       1020.9899       12.022134       1406.3792      -15.093354       -15.093354       2543.9127                                 93.636444          12.022134             1406.3792          10.885057                      23.207163                      399.15167                                589.88048                        8.7505955
              1         1257.12       1.0420494     0.022743761      0.11760598      0.06412721       3.0562281      0.96874971        1.234927      0.99962867      0.29946104      0.70046205      0.80726117     0.048306142       0.2497868      0.80653572       13.740409       147.31989       68.616722   2.1247264e-09       8.5200653        11.37167       1021.2059       12.429844       1406.1532      -15.371774       -15.371774       2544.9835                                 93.822868          12.429844             1406.1532           11.37167                      23.033647                      398.82023                                590.45172                        8.9003063
              1       1257.3547       1.0421226     0.022758344      0.11753404     0.062998196       3.0522886      0.97119517       1.2397867      0.99762702      0.29878328      0.70113995      0.80617875     0.048247343      0.24917038      0.80454227       13.736337       147.32285       68.680529   2.1163725e-09       8.4077606       11.049414       1021.1141       12.086166        1406.295      -14.897698       -14.897698       2544.5048                                 93.960135          12.086166              1406.295          11.049414                       22.67659                      398.23414                                591.30567                        8.8976586
              1       1256.9117       1.0422984     0.022680488      0.11777264     0.064417464       3.0568508      0.97145959       1.2649378      0.99850638      0.29997113      0.69995188      0.80941931     0.048218451      0.25038325      0.80938036       13.740531       147.34546       68.583489   2.1260497e-09        8.566391       11.346075       1019.1606       12.610756       1406.0486      -15.416124       -15.416124       2544.6556                                 95.489479          12.610756             1406.0486          11.346075                      22.626292                      398.87112                                 588.9367                        8.7265347
              1        1256.037       1.0422043      0.02261387      0.11775204     0.062457761        3.052553      0.97139996       1.2565809      0.99843363      0.30052295      0.69939988      0.80778725     0.048195053       0.2509551      0.80849099       13.750344       147.42461       68.499313    2.116932e-09       8.3944244       11.588358       1017.4771       13.074828       1405.9374      -15.531897       -15.531897       2543.1379                                 95.060178          13.074828             1405.9374          11.588358                      22.532627                      398.07936                                587.98071                        8.8843727
              1       1255.8774       1.0423488     0.022651503      0.11741827     0.055478424       3.0450005      0.97172805       1.2220868       1.0017154      0.29811989      0.70180339      0.80365261      0.04799002      0.24876518      0.80113039       13.740451       147.47141        68.70258   2.1010041e-09       7.6960297       10.608985       1019.4535       11.968512       1406.4369      -15.358583       -15.358583        2542.472                                 94.004141          11.968512             1406.4369          10.608985                      22.304485                       396.0709                                591.55471                        9.5234024
              5       1255.6847       1.0423975     0.022640205      0.11750783      0.05495909       3.0433813      0.97071145       1.2132303       1.0014563      0.29851333       0.7014099      0.80309263      0.04800269      0.24914491      0.80110026       13.740632       147.45996       68.676379   2.0976049e-09       7.6483002       10.686575       1019.1566        12.10837       1406.3524      -15.431406       -15.431406       2542.2322                                 93.928243           12.10837             1406.3524          10.686575                      22.463139                      396.00452                                591.04859                        9.6403882
             49       1253.0995       1.0423975     0.022640205      0.11750783      0.05495909       3.0433813      0.97071145       1.1832493       1.0019243      0.29851333       0.7014099      0.80309263      0.04800269      0.24914491      0.80110026       13.740632       147.45996       68.676379   2.0976049e-09       7.6483002       10.686575       1018.6747        12.10837       1406.3524      -15.237525       -15.237525       2536.6741                                 88.852048           12.10837             1406.3524          10.686575                      22.402239                      396.00342                                590.44536                        9.8237068
              1       1255.4318       1.0423975     0.022640205      0.11750783      0.05495909       3.0433813      0.97071145       1.3324202       1.0023239      0.29851333       0.7014099      0.80309263      0.04800269      0.24914491      0.80110026       13.740632       147.45996       68.676379   2.0976049e-09       7.6483002       10.686575        1018.861        12.10837       1406.3524      -15.305113       -15.305113       2541.4738                                 93.465544           12.10837             1406.3524          10.686575                      22.350747                      396.01415                                590.50619                         9.989911
              5       1255.3005       1.0424211     0.022637074      0.11778011     0.053793204       3.0426104      0.97071966       1.3412296       1.0020327      0.29989861       0.7000244      0.80376969     0.048126778      0.25040239      0.80363386       13.741548       147.39061       68.583043   2.0959886e-09       7.5359955       11.175475       1018.7998       12.613191       1406.0634      -15.414932       -15.414932       2541.4308                                 92.778917          12.613191             1406.0634          11.175475                      22.415852                      395.83478                                591.00837                        9.5408447
             11       1256.6623       1.0425199     0.022616804      0.11783082     0.050949526       3.0360605      0.96976952       1.3181798       1.0006964      0.29999213      0.69993088      0.80119797     0.048088302      0.25053425      0.80118746       13.741011       147.39932        68.57975    2.082305e-09       7.2510223       11.129482       1022.9872       12.631188       1406.0443      -15.740749       -15.740749       2544.8062                                 92.013969          12.631188             1406.0443          11.129482                      22.624717                      395.66314                                594.98023                        9.7190927
              1       1255.3907       1.0424701     0.022614747      0.11782311     0.050532755       3.0346878      0.96962182       1.3137983       1.0016093       0.3001101      0.69981287      0.80054156     0.048106167      0.25063372      0.80068844       13.742677       147.40362       68.563897   2.0794485e-09       7.2082062       11.209269       1020.0585       12.718021       1406.0204      -15.574144       -15.574144       2541.9296                                 91.923415          12.718021             1406.0204          11.209269                      22.482226                      395.68324                                591.58684                        10.306197
              4       1257.6188        1.042434     0.022604933      0.11728717     0.054820628       3.0394956      0.97285377         1.33184       1.0023855      0.29744595      0.70247741      0.80159957     0.047843502      0.24823913      0.79818007       13.742262       147.55815        68.73693   2.0894702e-09       7.6384735       10.410592       1024.8045       11.786385       1406.5841      -15.351992       -15.351992       2545.9415                                 92.355899          11.786385             1406.5841          10.410592                      21.765853                      395.92096                                595.64937                        11.468339
              4        1255.157       1.0423126     0.022583967      0.11705032      0.05478127       3.0428763      0.97228241       1.3289105       1.0018046      0.29667284      0.70325057      0.80193003      0.04776251      0.24754806      0.79747072       13.746973       147.64493       68.763273   2.0965459e-09        7.634964       10.335596       1020.3469       11.647659       1406.7569      -15.583271       -15.583271       2541.4806                                 92.393485          11.647659             1406.7569          10.335596                      22.145763                      395.93798                                592.30911                        9.9540935
              2       1254.6969       1.0422855      0.02248939      0.11733924     0.055032878       3.0441245      0.97032067       1.3327974       1.0031763      0.29881112      0.70111185      0.80321377     0.047839025       0.2496019      0.80162065        13.75926       147.67271       68.564243   2.0991645e-09       7.6855011       10.681331       1017.4444       12.716121        1406.289      -15.166775       -15.166775       2539.7274                                 92.596457          12.716121              1406.289          10.681331                      22.316983                      396.02685                                589.05266                        10.047945
              2       1254.9344        1.042226     0.022468763        0.117246     0.056784196       3.0459927       0.9712076       1.3428303       1.0029672       0.2986095      0.70131346      0.80394412     0.047801643      0.24943747      0.80207881       13.762786       147.72086       68.559584   2.1030897e-09       7.8637848        10.62999       1017.8405       12.741694       1406.3318      -15.290775       -15.290775       2540.4503                                 92.906292          12.741694             1406.3318           10.62999                      22.129501                      396.33346                                589.23744                         10.14012
              1       1254.4946       1.0421893     0.022457658      0.11725952     0.057233312       3.0473938       0.9712162       1.3480752       1.0026155      0.29885151      0.70107139      0.80457179      0.04781592      0.24966413      0.80303025       13.765128       147.72965       68.532406   2.1060386e-09       7.9115143       10.704157       1016.9309       12.891382       1406.2805      -15.457405       -15.457405        2539.904                                 93.097106          12.891382             1406.2805          10.704157                      22.208453                      396.44878                                588.53999                         9.733684
              1       1254.7914       1.0422159     0.022429611      0.11763063     0.059710755       3.0511508      0.96958857       1.3608943       1.0010838      0.30090348      0.69901908      0.80702038     0.047966864      0.25155909      0.80823467       13.769099       147.66163       68.381749   2.1139659e-09       8.1684113       11.486239       1016.7467       13.737007       1405.8619      -15.929024       -15.929024       2541.4408                                 93.608935          13.737007             1405.8619          11.486239                      22.665122                      397.19587                                587.83932                        9.0463491
              3       1254.7871       1.0422236     0.022416134      0.11763231     0.058960926       3.0502735      0.96905712       1.3548929       1.0015452      0.30096716      0.69895537      0.80657241     0.047952211      0.25163703      0.80787151       13.770318       147.67614       68.371646    2.112112e-09       8.0982208       11.492865       1016.6977       13.794676       1405.8494      -15.839853       -15.839853       2541.2538                                 93.419204          13.794676             1405.8494          11.492865                      22.720722                      397.02794                                 587.8206                        9.1284212
              1       1255.4606       1.0423212     0.022435503      0.11762181     0.059989067       3.0539913      0.96931971       1.3641983       1.0017683      0.30051183      0.69941083      0.80812154     0.047918015      0.25121806      0.80881062       13.765292       147.65745       68.425582    2.119979e-09       8.1943817       11.235169       1018.1004       13.488203       1405.9396      -15.768696       -15.768696       2542.4585                                 93.695134          13.488203             1405.9396          11.235169                      22.803694                      397.32717                                589.13133                        8.8382564
              2       1255.4169       1.0423212     0.022435503      0.11762181     0.059989067       3.0539913      0.96931971       1.3714763       1.0022015      0.30051183      0.69941083      0.80812154     0.047918015      0.25121806      0.80881062       13.765292       147.65745       68.425582    2.119979e-09       8.1943817       11.235169       1017.1128       13.488203       1405.9396      -15.629193       -15.629193       2542.0923                                 94.316548          13.488203             1405.9396          11.235169                      22.743597                      397.30106                                588.13131                        8.9367832
              1       1255.5562       1.0423266     0.022415104      0.11741756     0.058305751       3.0493532      0.97019357       1.3589836       1.0016917      0.29952841      0.70039438      0.80589705     0.047794088      0.25036088      0.80526338       13.766339       147.73481       68.483081   2.1101692e-09       8.0301361       10.816208       1018.7694       13.165283       1406.1392      -15.802002       -15.802002       2542.7164                                 93.826268          13.165283             1406.1392          10.816208                      22.517165                      396.79284                                590.16608                         9.293356
              1       1256.8006       1.0424475     0.022441568      0.11735541     0.057307845       3.0479703      0.96990674       1.3477998       1.0034988      0.29869357      0.70122942      0.80502965     0.047729273      0.24959433      0.80327488       13.759615       147.72187       68.570007    2.107253e-09       7.9241486       10.548076       1020.7211       12.684516       1406.3139       -15.03705        -15.03705       2543.6752                                 93.407648          12.684516             1406.3139          10.548076                      22.369397                      396.51912                                591.76443                        10.068113
              7       1256.5907        1.042359     0.022422243      0.11749301     0.054421986       3.0430306      0.96800128       1.3269969       1.0035139      0.29979232      0.70013045      0.80294499     0.047823316      0.25059516      0.80266701       13.764968       147.70626       68.473052   2.0968695e-09       7.6412811       10.902731       1020.1278       13.221325        1406.085      -15.036231       -15.036231       2543.2538                                 92.917037          13.221325              1406.085          10.902731                      22.668071                      395.98875                                591.28616                         10.18477
              7       1257.4065       1.0423714     0.022576267      0.11728408     0.043702467       3.0185881      0.96917135       1.2564476        1.001556      0.29777493      0.70214832      0.79220529      0.04784649      0.24856331      0.78926197       13.747167       147.58993       68.691187   2.0462381e-09       6.4880524         10.4696       1025.9298       12.029226       1406.5118      -15.601617       -15.601617       2546.0163                                 91.075843          12.029226             1406.5118            10.4696                      22.281596                      396.55127                                593.88842                        13.208542
              2       1255.2452       1.0419375     0.022513246      0.11704504      0.06134138       3.0533414      0.96805274       1.3375523       1.0012946       0.2981384       0.7017846      0.80478328     0.047874089      0.24889456      0.80228241       13.765663       147.72565       68.575471   2.1186017e-09       8.2975616       10.657735       1018.6752       12.654594       1406.4328      -15.814475       -15.814475       2542.1194                                 93.699071          12.654594             1406.4328          10.657735                      23.015865                      397.76263                                   588.74                        9.1567129
              2       1255.5763       1.0419972     0.022482094      0.11735496     0.060784806       3.0539735      0.96659929       1.3406912       1.0020667      0.29978291      0.70013982      0.80586349     0.047976156      0.25043218      0.80557186       13.768701       147.67714       68.455075   2.1199413e-09       8.2561493       11.176742       1018.0653       13.322079       1406.0869      -15.640957       -15.640957       2542.4346                                  93.78354          13.322079             1406.0869          11.176742                      23.271024                      397.63951                                588.15959                        8.9951783
              6       1255.2655       1.0420369     0.022483023      0.11715764      0.06014779       3.0516555      0.96790697       1.3366463       1.0010684      0.29861484      0.70130807      0.80467064     0.047858105      0.24938561      0.80281083       13.766473       147.72898       68.540869   2.1150331e-09       8.1901703       10.723797       1018.8482       12.844676       1406.3306      -15.889754       -15.889754       2542.3104                                 93.563142          12.844676             1406.3306          10.723797                      23.067698                      397.37749                                589.31759                        9.0854094
              3       1254.7895       1.0420208     0.022500349      0.11725935     0.060040831       3.0495462      0.96794143       1.3349454       1.0006181      0.29910227      0.70082059      0.80410289      0.04793249      0.24979758      0.80289888       13.765591       147.68238       68.514049   2.1105764e-09        8.177536       10.913295       1017.7852       12.992982       1406.2278      -15.932227       -15.932227       2541.4434                                 93.524115          12.992982             1406.2278          10.913295                      22.975382                      397.31574                                588.13612                        9.3580069
              2       1256.0869       1.0422512     0.022473721      0.11750137     0.060511714       3.0479634      0.97059586       1.3603779      0.99815744      0.29985998       0.7000628      0.80544063     0.047923528      0.25056288      0.80525264       13.762726       147.64719       68.479898   2.1072385e-09       8.2343903       11.046106       1019.3819       13.183057       1406.0712      -15.718724       -15.718724       2543.6112                                 93.929023          13.183057             1406.0712          11.046106                      22.601215                      397.43826                                590.18718                        9.1552338
              1       1255.5314       1.0423815     0.022597491       0.1171932     0.063058336       3.0508419       0.9708994       1.3507085      0.99832294      0.29714705      0.70277632      0.80520479     0.047814193      0.24796993      0.80136697       13.744168       147.59233       68.746674    2.113313e-09       8.4463654        10.37587        1019.896       11.734975       1406.6504      -15.598313       -15.598313       2542.2595                                  93.60227          11.734975             1406.6504           10.37587                      22.548785                      398.29929                                 589.4371                        9.6107731
              3       1256.4144       1.0423578     0.022576995      0.11691588     0.062466946       3.0474829      0.97162412       1.3378365      0.99845763      0.29587502      0.70404852      0.80316479     0.047667415      0.24684762      0.79762394       13.745722       147.68946       68.821205   2.1062262e-09       8.3895111       10.306535       1022.3771       11.345471       1406.9397      -15.667429       -15.667429       2544.1637                                 93.194897          11.345471             1406.9397          10.306535                       22.25599                      398.03153                                591.53235                        10.557262
              5       1255.4876       1.0422661     0.022585336      0.11678535     0.063790859       3.0543663      0.97089483       1.3453877       1.0002399      0.29540919      0.70451441      0.80512967     0.047651498      0.24639867       0.7989456       13.746926       147.71536       68.845411   2.1207742e-09       8.5116425       10.325454       1020.4956       11.220379       1407.0484       -15.83999        -15.83999       2542.6552                                 93.565314          11.220379             1407.0484          10.325454                      22.493663                      398.56443                                 589.6794                        9.7580853
              2       1256.2834       1.0420919     0.022569804      0.11639778     0.060419598       3.0466616      0.97124872       1.3152126      0.99907116      0.29396865       0.7059551      0.80068641     0.047523336      0.24508901      0.79259684       13.751867       147.83663       68.914472   2.1044971e-09       8.1838531       10.498976       1022.5481       10.867306       1407.3945        -15.7926         -15.7926       2544.1519                                 92.843065          10.867306             1407.3945          10.498976                      22.441715                      397.28439                                592.61655                        10.205461
              2       1255.7149       1.0421259     0.022592619       0.1163705     0.060511633       3.0478267      0.97205097       1.3221003       1.0001781      0.29360184        0.706322      0.80123453     0.047513536      0.24473365      0.79264444       13.748287       147.81856       68.956405   2.1069505e-09       8.1866608       10.577727        1021.391       10.655681       1407.4849      -15.823744       -15.823744       2543.0774                                 92.968021          10.655681             1407.4849          10.577727                      22.227479                      397.27718                                591.43348                        10.452851
              1       1255.8644       1.0421588     0.022612406      0.11648967     0.061282949       3.0474201      0.97239092        1.327326      0.99976696      0.29402039      0.70590342      0.80154427     0.047575592      0.24508956      0.79351586       13.745788        147.7645       68.941589   2.1060939e-09       8.2589569       10.484084       1021.6396       10.730215       1407.3818      -15.787394       -15.787394       2543.3037                                  93.06798          10.730215             1407.3818          10.484084                      22.111022                      397.50554                                 591.2602                        10.762824
              1       1255.7107       1.0419795     0.022620454      0.11687991     0.060508144       3.0480175      0.97139461       1.3383646       1.0007582      0.29653948       0.7033839      0.80267358     0.047863867      0.24731265       0.7980307       13.752169       147.65058       68.745895   2.1073525e-09       8.1887665        10.40241       1020.4057       11.739084       1406.7871      -15.732882       -15.732882       2542.8871                                 93.552745          11.739084             1406.7871           10.40241                      22.218019                      397.30324                                590.58148                        10.302961
              1       1254.8985       1.0419795     0.022620454      0.11687991     0.060508144       3.0480175      0.97139461       1.3148979      0.99872571      0.29653948       0.7033839      0.80267358     0.047863867      0.24731265       0.7980307       13.752169       147.65058       68.745895   2.1073525e-09       8.1887665        10.40241       1020.7324       11.739084       1406.7871      -15.640858       -15.640858       2541.0788                                  91.41772          11.739084             1406.7871           10.40241                      22.481204                      397.32518                                591.47967                        9.4463704
              1        1257.694       1.0423789     0.022328858      0.11803597     0.048341989       3.0253849      0.97320471       1.3250891      0.99972624      0.30316474      0.69675741      0.79974661     0.048006326      0.25377354      0.80395385       13.776913       147.66447       68.199945   2.0601933e-09       7.0418549       12.545129       1023.3941       14.793225       1405.4342       -16.03481        -16.03481       2547.4576                                 91.290896          14.793225             1405.4342          12.545129                      21.631764                      395.78504                                594.81881                        11.158525
              2       1256.4673       1.0424314     0.022485376      0.11723107     0.054591454       3.0317718      0.97564548        1.321371      0.99799399      0.29783542      0.70208774      0.79966546     0.047712407       0.2487562      0.79677533       13.754824       147.70616       68.649031   2.0733937e-09       7.6405792       10.408794       1024.0109       12.255218       1406.4986      -15.652105       -15.652105       2544.2389                                 91.065427          12.255218             1406.4986          10.408794                      21.383024                      395.91729                                594.84833                        11.862234
              2       1256.6323       1.0423983     0.022472879      0.11687848     0.057893288       3.0410572      0.97673557       1.3412121      0.99907879      0.29614548      0.70377792      0.80250552     0.047538971      0.24724391       0.7973334       13.755439       147.81512        68.75503   2.0927357e-09       7.9669647       10.296624       1024.4981       11.690983       1406.8772      -15.923419       -15.923419       2545.1115                                 91.748636          11.690983             1406.8772          10.296624                      21.352655                      396.50667                                595.80723                          10.8315
              2       1256.2571       1.0423881     0.022459163      0.11688298     0.058668717       3.0419987      0.97648882       1.3426795      0.99939092      0.29627571      0.70364765      0.80287138     0.047533975      0.24737844      0.79787227       13.757228        147.8293       68.737655   2.0947069e-09       8.0469818       10.293545       1023.7149       11.782558       1406.8473      -15.973431       -15.973431       2544.4611                                 91.822847          11.782558             1406.8473          10.293545                      21.338504                      396.69855                                594.64235                        11.035459
              1         1256.34       1.0423867     0.022453169      0.11680471      0.05794593       3.0405282      0.97637598       1.3350442      0.99972418      0.29590186      0.70402155      0.80199523     0.047489913      0.24704956      0.79649858       13.757529       147.85699       68.760359   2.0916289e-09       7.9753876       10.308201       1024.2233       11.662966       1406.9334      -16.000413       -16.000413       2544.6807                                  91.55284          11.662966             1406.9334          10.308201                      21.310299                      396.51962                                594.95995                        11.433465
              2       1256.3227       1.0423904     0.022455005      0.11681003     0.058033452       3.0405981      0.97642504       1.3357101      0.99942758      0.29590878      0.70401463      0.80205259     0.047492474      0.24705395      0.79656486       13.757248       147.85352       68.761315    2.091775e-09       7.9838104       10.307773       1024.1334       11.657943       1406.9318      -15.979034       -15.979034       2544.6035                                 91.572521          11.657943             1406.9318          10.307773                       21.32985                      396.53652                                 594.9796                        11.287457
              1       1257.8341       1.0424913      0.02252584      0.11630812     0.055795086       3.0354129      0.97742842       1.3053792       0.9996441      0.29259849      0.70732554      0.79830072     0.047254923      0.24399229      0.78839151       13.744226       147.90944       69.042573   2.0809569e-09        7.737442       11.109481       1027.9372       10.227335       1407.7373       -15.90924        -15.90924       2547.4866                                 90.475283          10.227335             1407.7373          11.109481                      21.158703                       396.0267                                597.89755                        12.854257
              1       1257.1806       1.0424913      0.02252584      0.11630812     0.055795086       3.0354129      0.97742842       1.2779502       0.9995971      0.29259849      0.70732554      0.79830072     0.047254923      0.24399229      0.78839151       13.744226       147.90944       69.042573   2.0809569e-09        7.737442       11.109481       1027.9121       10.227335       1407.7373      -15.882717       -15.882717       2546.1265                                 89.140346          10.227335             1407.7373          11.109481                      21.163203                       396.0267                                 597.9015                        12.820694
              2       1256.4988       1.0424843     0.022538908      0.11631103     0.056971245       3.0376596      0.97656026       1.2764935      0.99933275      0.29256156      0.70736249      0.79887895     0.047270955      0.24393965      0.78891276       13.743055       147.89417       69.050885   2.0856373e-09       7.8518524       11.107905       1026.4938       10.186483       1407.7467      -15.841108       -15.841108       2544.6798                                 89.144879          10.186483             1407.7467          11.107905                       21.33133                      396.28254                                596.50211                        12.377844
              4       1257.3672       1.0423734     0.022731846      0.11717696     0.046344518       3.0263486      0.97460718       1.2579286       1.0015375      0.29632708      0.70359657      0.79592625      0.04792544      0.24704361      0.79103896       13.730014       147.44616       68.870668   2.0621797e-09       6.7386322       10.351557       1028.3371       11.090601       1406.8356      -15.262684       -15.262684       2545.2598                                 88.644893          11.090601             1406.8356          10.351557                       21.64076                      396.08039                                599.07077                        11.545156
              1       1257.7893       1.0425273     0.022763447      0.11685142     0.047699039       3.0272547      0.97506783       1.2476084       1.0013866      0.29400689      0.70591721      0.79528546     0.047716083      0.24494058      0.78730166       13.720516        147.4984       69.069549    2.064049e-09       6.8705902       10.493036       1029.6762       10.095043       1407.3852      -15.191342       -15.191342       2545.9613                                 88.311758          10.095043             1407.3852          10.493036                      21.566666                      395.92438                                599.85285                        12.332316
              1       1256.4735       1.0425947     0.022570569       0.1170447     0.058324128       3.0427308      0.97567651       1.3094112       1.0004676      0.29589986      0.70402375      0.80319682     0.047616261      0.24692469      0.79768924       13.739982       147.66165       68.848362   2.0962409e-09       7.9908295       10.306515       1025.7733       11.205179       1406.9339      -15.839662       -15.839662       2544.6263                                 90.407351          11.205179             1406.9339          10.306515                      21.438765                      396.58933                                596.39683                         11.34841
              1       1255.5304       1.0425947     0.022570569       0.1170447     0.058324128       3.0427308      0.97567651       1.2920555      0.99959449      0.29589986      0.70402375      0.80319682     0.047616261      0.24692469      0.79768924       13.739982       147.66165       68.848362   2.0962409e-09       7.9908295       10.306515       1024.0037       11.205179       1406.9339      -15.831351       -15.831351       2542.7235                                 90.274187          11.205179             1406.9339          10.306515                      21.531433                      396.60817                                594.99442                        10.869662
              3       1255.4321       1.0424729      0.02257922      0.11652998     0.062731633       3.0578101      0.97467689       1.3037812       1.0032435      0.29351252      0.70641143      0.80698282     0.047421293       0.2447384      0.79820966        13.74018       147.79075       69.002969   2.1280903e-09       8.4077606       10.713292       1021.4485        10.42312       1407.5072      -14.997728       -14.997728       2540.8596                                 90.767488           10.42312             1407.5072          10.713292                      21.798477                      397.96546                                591.85202                        9.8325654
              2       1257.6931       1.0424729      0.02257922      0.11652998     0.062731633       3.0578101      0.97467689        1.337873       1.0042004      0.29351252      0.70641143      0.80698282     0.047421293       0.2447384      0.79820966        13.74018       147.79075       69.002969   2.1280903e-09       8.4077606       10.713292       1023.4321        10.42312       1407.5072      -14.442597       -14.442597       2544.2714                                 92.195712           10.42312             1407.5072          10.713292                       21.68951                      397.97155                                593.52107                        10.249971
              2       1256.6827       1.0423804     0.022530658      0.11682157     0.059025155       3.0480965      0.96969979       1.2876001       1.0028473      0.29557452      0.70434902      0.80270274      0.04756901      0.24664555      0.79676018       13.749531       147.76608       68.821619    2.107519e-09       8.0645294       10.322062       1025.1013       11.343326       1407.0097      -15.250436       -15.250436       2543.8663                                 90.089891          11.343326             1407.0097          10.322062                      22.420604                      396.90611                                594.92408                        10.850543
              6       1254.6401       1.0423697     0.022543288       0.1166538     0.058430771       3.0455128      0.97037306       1.2790407        1.000193       0.2946556       0.7052681      0.80121743     0.047500341      0.24579802      0.79404865       13.747682       147.79707       68.890647   2.1020807e-09       7.9999542       10.430581       1022.5844       10.988476       1407.2276      -15.870354       -15.870354        2541.021                                 89.789912          10.988476             1407.2276          10.430581                       22.55749                      396.74073                                593.05879                        10.227373
              8       1256.3051       1.0423697     0.022543288       0.1166538     0.058430771       3.0455128      0.97037306       1.2571735       1.0023692       0.2946556       0.7052681      0.80121743     0.047500341      0.24579802      0.79404865       13.747682       147.79707       68.890647   2.1020807e-09       7.9999542       10.430581       1025.8626       10.988476       1407.2276      -15.397794       -15.397794       2543.4059                                 88.896574          10.988476             1407.2276          10.430581                      22.272919                      396.72283                                595.47778                        11.389084
              1       1253.9135       1.0422272     0.022532901      0.11656527     0.058604699       3.0467736      0.97148379       1.2680248       1.0020774       0.2946609      0.70526274      0.80167195     0.047512919      0.24578975      0.79450624       13.752599        147.8325       68.865657   2.1047327e-09       8.0182037        10.41081       1020.9155        11.11629       1407.2263      -15.529913       -15.529913       2538.8868                                 89.217884           11.11629             1407.2263           10.41081                      22.169946                      396.76255                                591.23814                        10.744852
              1        1253.982       1.0420049     0.022475288      0.11677018     0.056851396        3.047042      0.97187018       1.2853334       1.0026523      0.29670446      0.70321873      0.80267686     0.047669861      0.24766839      0.79825593       13.766374       147.84148       68.664251   2.1052978e-09       7.8609772       10.350018       1019.7034       12.173383       1406.7497      -15.395995       -15.395995       2538.7559                                 89.779452          12.173383             1406.7497          10.350018                       22.15684                      396.33061                                591.42852                        9.7874229
              5       1254.3478       1.0420111     0.022485422      0.11678657     0.056544552       3.0478512      0.97121685       1.2822709       1.0030316      0.29671572      0.70320748      0.80282165     0.047684125       0.2476656      0.79841508       13.765186       147.82573       68.669457   2.1070021e-09       7.8279877        10.35399       1020.1569       12.145456       1406.7472      -15.210878       -15.210878       2539.1173                                 89.713728          12.145456             1406.7472           10.35399                      22.309891                      396.29143                                591.96898                        9.5866434
              2       1255.0559       1.0418106     0.022579448      0.11706216     0.068306622       3.0697219      0.97051997       1.3435024       1.0021332      0.29822492       0.7016981      0.81182996     0.048000273      0.24885531      0.80942462       13.762458       147.64803       68.585895   2.1535912e-09       8.9440155       10.806064       1019.0334       12.597615       1406.4141      -15.490386       -15.490386       2541.0926                                 92.241436          12.597615             1406.4141          10.806064                      22.833246                      400.76863                                587.04921                        8.3823164
              2       1256.0959          1.0418     0.022541612      0.11721073     0.067443785       3.0718754      0.96880847       1.3433251       1.0046858      0.29925796      0.70066486      0.81285273     0.048047904      0.24983706      0.81184682       13.767531       147.65018        68.49443   2.1582341e-09       8.8759308       11.152934       1017.6821       13.102003       1406.1953      -14.156049       -14.156049       2540.5039                                 92.371626          13.102003             1406.1953          11.152934                      23.033971                      400.44773                                585.83738                        8.3629974
              1       1255.9038       1.0418263     0.022346333       0.1176853     0.062645485       3.0568465      0.96549951       1.3071702       1.0015116      0.30283259      0.69708946      0.80825681     0.048104928      0.25334103      0.81206361       13.789882       147.74017       68.156667   2.1260406e-09       8.4751434       12.878712       1019.0569       15.050417       1405.4948      -15.850622       -15.850622       2543.5089                                 91.028106          15.050417             1405.4948          12.878712                       23.49336                      398.49284                                588.42774                        8.6429481
              3       1255.3684       1.0420642     0.022438589      0.11838875      0.05037882       3.0368255      0.96405965       1.2695236       1.0017658      0.30535875      0.69456309      0.80201379     0.048432516       0.2555359      0.80914507       13.776205       147.44821       68.065848   2.0838985e-09       7.2362823       15.062126       1016.7944       15.597346       1405.0525       -15.72103        -15.72103       2542.1788                                 89.672415          15.597346             1405.0525          15.062126                      23.618119                      395.73234                                588.31886                        9.1250554
              3        1255.258       1.0420642     0.022438589      0.11838875      0.05037882       3.0368255      0.96405965       1.2620613       1.0018086      0.30535875      0.69456309      0.80201379     0.048432516       0.2555359      0.80914507       13.776205       147.44821       68.065848   2.0838985e-09       7.2362823       15.062126       1016.7129       15.597346       1405.0525      -15.699485       -15.699485        2541.915                                  89.49018          15.597346             1405.0525          15.062126                      23.611473                      395.73234                                588.23158                        9.1374829
              1       1255.1886       1.0421751     0.022420098       0.1183635     0.049591904       3.0339184       0.9647789       1.2593477       1.0022617      0.30499824      0.69492366      0.80115574     0.048350421       0.2552587      0.80780212        13.77476       147.47545       68.095533   2.0778492e-09        7.158371       14.507034       1017.1164       15.417506        1405.113      -15.559076       -15.559076       2541.4954                                 89.341394          15.417506              1405.113          14.507034                      23.263025                      395.67844                                 588.3733                        9.8016773
              3       1254.7714       1.0418072     0.022398634       0.1173842     0.063518117       3.0526789      0.97172281       1.3234158       0.9991168      0.30097739      0.69894499      0.80720022     0.048007036      0.25158978      0.80851408       13.783429       147.76264       68.305916   2.1171986e-09       8.5411224       11.781127       1018.2383       14.172817       1405.8473      -15.970758       -15.970758       2541.4843                                 91.444647          14.172817             1405.8473          11.781127                      22.232754                      398.58326                                588.27077                        9.1515483
              4       1254.3696       1.0418331     0.022434058      0.11710758     0.059770983       3.0515957      0.97259188       1.3136888       1.0019727      0.29922543      0.70069727      0.80593946     0.047885322      0.24996521      0.80489837       13.777536       147.79703       68.446731   2.1149065e-09       8.1634979       10.983014        1018.613       13.368971        1406.202      -15.700152       -15.700152       2540.1395                                 90.972467          13.368971              1406.202          10.983014                      22.053969                      397.13004                                590.21116                        9.2178784
              1       1253.5636       1.0419822     0.022446142      0.11749108     0.056334378       3.0469611      0.96962568       1.2934822       1.0034342      0.30075687      0.69916566       0.8045851     0.048020816        0.251358       0.8055994       13.773639        147.6803       68.368506   2.1051274e-09       7.8272858       11.608161       1015.6046       13.812624       1405.8909      -15.046138       -15.046138       2537.2195                                  90.30332          13.812624             1405.8909          11.608161                      22.413281                      396.28265                                587.33025                        9.5783763
              1       1253.8706       1.0418706      0.02255257      0.11766888      0.05672587        3.048858      0.96991355       1.3045971       1.0022032      0.30142154      0.69850097      0.80551373     0.048257566      0.25178567      0.80741992       13.766438       147.51434       68.362087   2.1091244e-09       7.8455353       12.292893       1016.1499       13.849349       1405.7609      -15.493572       -15.493572       2538.7283                                  90.67522          13.849349             1405.7609          12.292893                      22.615181                      396.37692                                588.28566                         8.872174
              5       1253.7921       1.0419521     0.022554099      0.11773377     0.056684259       3.0489529      0.97058681       1.3123864        1.003607       0.3015164      0.69840613      0.80605026     0.048253275      0.25188503      0.80808485       13.764149       147.49529       68.367444   2.1093246e-09       7.8420258       12.282289       1014.4751       13.818696       1405.7426      -14.843606       -14.843606       2537.2715                                 90.952835          13.818696             1405.7426          12.282289                      22.312902                      396.34082                                586.56622                        9.2551388
              1       1254.7775       1.0419574     0.022550926      0.11773659     0.057453053       3.0513579      0.97071225       1.3197084       1.0044678      0.30153406      0.69838846      0.80708601     0.048249433      0.25190645       0.8091469       13.764344       147.49813       68.365357   2.1144037e-09       7.9192352       12.282112       1015.0298       13.830636       1405.7392      -14.295877       -14.295877       2538.1467                                 91.265019          13.830636             1405.7392          12.282112                      22.257452                      396.52372                                 587.0118                        9.2368087
              1        1256.103       1.0419574     0.022550926      0.11773659     0.057453053       3.0513579      0.97071225       1.3482941       1.0048032      0.30153406      0.69838846      0.80708601     0.048249433      0.25190645       0.8091469       13.764344       147.49813       68.365357   2.1144037e-09       7.9192352       12.282112       1016.0949       13.830636       1405.7392      -14.053864       -14.053864       2540.3137                                 92.366943          13.830636             1405.7392          12.282112                      22.215196                      396.51288                                588.02608                        9.3407108
              1       1255.5197       1.0418281     0.022519191      0.11817679     0.061982502       3.0582707      0.96843334       1.3691422       1.0020426      0.30445685      0.69546514       0.8107211     0.048507969      0.25456137      0.81672101       13.773648       147.41627       68.134935   2.1290708e-09       8.3782806       14.725531       1013.7159       15.180406       1405.2055      -15.605983       -15.605983       2542.2513                                 93.423971          15.180406             1405.2055          14.725531                      22.954848                      398.09583                                584.12241                         8.542842
              1       1257.4322       1.0417624     0.022439473      0.11815326      0.06319297        3.061066      0.97062792       1.3961646       1.0017651      0.30499514      0.69492666      0.81272289     0.048457108      0.25514705      0.81946106       13.784027        147.5112       68.049914   2.1350305e-09       8.5137482       15.108502       1015.9591       15.694312       1405.1135      -15.752776       -15.752776       2546.3699                                 94.494507          15.694312             1405.1135          15.108502                      22.591236                      398.56083                                586.25008                        8.5569548
              1       1256.6519       1.0417624     0.022439473      0.11815326      0.06319297        3.061066      0.97062792       1.3758335       1.0022124      0.30499514      0.69492666      0.81272289     0.048457108      0.25514705      0.81946106       13.784027        147.5112       68.049914   2.1350305e-09       8.5137482       15.108502       1014.8702       15.694312       1405.1135      -15.621261       -15.621261       2544.5464                                 93.759866          15.694312             1405.1135          15.108502                      22.531253                      398.57683                                585.19175                        8.5703744
              4       1257.4495       1.0417122     0.022399314      0.11838866     0.058115065       3.0536866      0.96904071       1.3563521         1.00286      0.30665229      0.69326919      0.81017506     0.048566065      0.25668962      0.81910835       13.790913        147.4926       67.912684   2.1193332e-09       8.0301361       16.869006        1014.533       16.541839       1404.8427      -15.383482       -15.383482       2545.6659                                 92.879339          16.541839             1404.8427          16.869006                      22.726116                      396.81116                                586.40528                        8.5904525
              1       1257.8062       1.0414412     0.022480002      0.11798528     0.052050141       3.0364654       0.9723037       1.3192193       1.0015501      0.30481925      0.69510252      0.80227843     0.048560452      0.25486736      0.80869673       13.788498       147.51001       68.038825   2.0831481e-09        7.392807       15.530229       1019.7874       15.761966       1405.1433      -15.786075       -15.786075       2547.1846                                 90.961664          15.761966             1405.1433          15.530229                      21.855332                      395.70577                                592.62525                        9.6010412
              1       1258.2223       1.0414412     0.022480002      0.11798528     0.052050141       3.0364654       0.9723037       1.2652562       1.0018393      0.30481925      0.69510252      0.80227843     0.048560452      0.25486736      0.80869673       13.788498       147.51001       68.038825   2.0831481e-09        7.392807       15.530229       1019.5889       15.761966       1405.1433      -15.661542       -15.661542       2547.7676                                 91.743196          15.761966             1405.1433          15.530229                      21.822029                      395.69874                                592.36302                        9.7050871
              1        1257.867       1.0414729     0.022502881      0.11800992     0.052486613       3.0380932      0.97213954       1.2680454       1.0016747      0.30472252      0.69519931      0.80290011     0.048578092       0.2547539      0.80919495       13.785218       147.47806       68.061079   2.0865419e-09       7.4335175       15.455213       1019.0235       15.626336       1405.1598      -15.687607       -15.687607       2547.1092                                 91.844354          15.626336             1405.1598          15.455213                      21.930396                        395.742                                591.92609                         9.424998
              6       1258.7504       1.0415664     0.022542022      0.11759791     0.050498965        3.035328      0.97488442       1.2626634        1.002204      0.30200654      0.69791578      0.80113625     0.048356595      0.25226816      0.80381098       13.776299        147.5445        68.27608   2.0807802e-09       7.2145233       12.994358       1023.8802       14.346144       1405.6489      -15.467333       -15.467333       2548.4355                                 91.565858          14.346144             1405.6489          12.994358                       21.51418                      395.69028                                596.84672                        9.8290336
              2       1256.8383       1.0415664     0.022542022      0.11759791     0.050498965        3.035328      0.97488442       1.2571943       1.0031713      0.30200654      0.69791578      0.80113625     0.048356595      0.25226816      0.80381098       13.776299        147.5445        68.27608   2.0807802e-09       7.2145233       12.994358       1021.7969       14.346144       1405.6489      -15.044072       -15.044072       2543.7647                                 88.978342          14.346144             1405.6489          12.994358                      21.413637                      395.73055                                594.42092                        10.231799
              3       1255.3106       1.0420799     0.022699304      0.11749806     0.050506799       3.0357623      0.97222708       1.2236513        1.002599      0.29905609      0.70086702      0.79995116     0.048198615      0.24948975       0.7986917       13.743733       147.39669       68.626048    2.081684e-09       7.1829376       11.113234       1019.8189       12.379313       1406.2375       -14.94294        -14.94294       2540.5072                                 90.958159          12.379313             1406.2375          11.113234                      22.002291                      395.68054                                591.79043                        10.345672
              1       1256.0424       1.0420974     0.022698444      0.11765336     0.057827141       3.0527943       0.9714184       1.2673873       1.0043681      0.29982976      0.70009323       0.8071016     0.048268546      0.25019145      0.80687257       13.744036       147.35681       68.575019   2.1174429e-09       7.9220428       11.449491       1017.2965       12.657072       1406.0774       -14.02671        -14.02671       2540.1382                                 92.657824          12.657072             1406.0774          11.449491                      22.259763                      396.58513                                589.27776                        9.1738146
              1       1255.7028       1.0420947     0.022701943      0.11767352     0.057526691       3.0523477      0.97129345       1.2659951       1.0040883       0.2999241      0.69999888      0.80693665     0.048283077      0.25027106      0.80683457       13.743837       147.34754       68.569984   2.1164975e-09        7.891861       11.504435       1016.9803       12.684643       1406.0582      -14.205331       -14.205331       2539.8163                                 92.588742          12.684643             1406.0582          11.504435                      22.315797                      396.48965                                589.08589                        9.0889651
              2       1255.6216       1.0423124     0.022574556      0.11823906     0.054368651       3.0448798      0.96856535        1.253619       1.0014421      0.30301787      0.69690456      0.80577265     0.048357152      0.25328091      0.80981537       13.753591       147.33761       68.324939   2.1007506e-09       7.6146088       13.038039       1017.5704        14.06285        1405.461      -15.627788       -15.627788       2542.4988                                  92.36647           14.06285              1405.461          13.038039                      22.916788                      396.00227                                589.78159                        8.8697879
              1       1255.4099        1.042212     0.022635417      0.11755795     0.055962769       3.0396087      0.96713618       1.1980724      0.99800652      0.29934947      0.70057356      0.80051652     0.048111476      0.24986889      0.79964812         13.7469       147.45196       68.591438   2.0897065e-09       7.7500763       11.067789       1020.9006       12.567362       1406.1763       -15.26086        -15.26086       2541.3414                                 90.629352          12.567362             1406.1763          11.067789                       23.27601                       396.2284                                591.84709                        9.5491266
              2       1257.3686       1.0421921     0.022636189      0.11756989     0.058118033       3.0449739       0.9660067       1.2034559       1.0009344      0.29946645      0.70045656      0.80234054     0.048127573      0.24996936      0.80162673       13.747464        147.4481       68.581136   2.1009484e-09       7.9634552       11.128576       1025.0659       12.623612       1406.1521      -15.519202       -15.519202       2545.7755                                 90.805421          12.623612             1406.1521          11.128576                      23.238934                      396.71175                                595.05078                        10.064393
              2       1253.7519       1.0421921     0.022636189      0.11756989     0.058118033       3.0449739       0.9660067       1.2182941      0.99922137      0.29946645      0.70045656      0.80234054     0.048127573      0.24996936      0.80162673       13.747464        147.4481       68.581136   2.1009484e-09       7.9634552       11.128576       1020.1194       12.623612       1406.1521      -15.571085       -15.571085        2538.646                                 88.622286          12.623612             1406.1521          11.128576                      23.497688                      396.74069                                590.50753                        9.3735124
              3       1254.0175       1.0422453     0.022654796      0.11748207      0.06092279       3.0513059      0.96765829       1.2426398       0.9997242      0.29874016        0.701183      0.80505128     0.048073939      0.24929935      0.80335911       13.743479       147.45119       68.647578   2.1142937e-09       8.2315826       10.842749       1019.4754       12.263045       1406.3041      -15.616389       -15.616389       2539.2678                                 90.382434          12.263045             1406.3041          10.842749                      23.243952                      397.60511                                 589.5523                        9.0740639
              1       1254.1261       1.0420878     0.022667375      0.11714562     0.062756139       3.0552153      0.96767159       1.2386795       1.0003055      0.29735723       0.7025661      0.80525409     0.047988366      0.24800519      0.80169942       13.745223       147.52741       68.727831   2.1225754e-09       8.3993378       10.537876       1020.1858       11.834496       1406.6037      -15.580015       -15.580015       2539.4123                                  90.25046          11.834496             1406.6037          10.537876                      23.283649                      398.29549                                589.61296                        8.9936684
              2       1254.0631       1.0420878     0.022667375      0.11714562     0.062756139       3.0552153      0.96767159       1.2409484       1.0002039      0.29735723       0.7025661      0.80525409     0.047988366      0.24800519      0.80169942       13.745223       147.52741       68.727831   2.1225754e-09       8.3993378       10.537876        1020.195       11.834496       1406.6037      -15.587854       -15.587854        2539.302                                 90.130893          11.834496             1406.6037          10.537876                      23.298852                      398.28277                                589.64929                        8.9641063
              2       1254.2964       1.0421335      0.02263885      0.11721742      0.06289842       3.0576681      0.96785423       1.2525321       1.0019464      0.29776328      0.70215997      0.80671226      0.04797864      0.24841952      0.80369931       13.747248       147.53987       68.691534   2.1277881e-09       8.4210968       10.591025       1019.6032       12.027378       1406.5144      -15.368965       -15.368965       2539.3308                                 90.594774          12.027378             1406.5144          10.591025                      23.149609                      398.32454                                589.13179                        8.9972901
              2       1256.0289       1.0421335      0.02263885      0.11721742      0.06289842       3.0576681      0.96785423       1.2210759       1.0007867      0.29776328      0.70215997      0.80671226      0.04797864      0.24841952      0.80369931       13.747248       147.53987       68.691534   2.1277881e-09       8.4210968       10.591025       1019.7773       12.027378       1406.5144      -15.569849       -15.569849       2543.1975                                 94.287393          12.027378             1406.5144          10.591025                      23.322095                      398.35071                                589.40534                        8.6992038
              1       1255.5802       1.0421261      0.02264975      0.11720759     0.062573467       3.0575711      0.96771581        1.218892       1.0018329      0.29767124      0.70225204      0.80654354     0.047986537      0.24832001      0.80340703       13.746258       147.53037       68.702415   2.1275818e-09       8.3874054       10.580808       1019.3814       11.969393       1406.5345      -15.322956       -15.322956       2541.8063                                 93.340229          11.969393             1406.5345          10.580808                      23.229233                      398.21157                                589.04498                         8.895609
              2       1255.5088        1.042119     0.022666291      0.11714966     0.062444659       3.0572182      0.96877349       1.2232117       1.0009743      0.29729366      0.70262969      0.80644695     0.047974801       0.2479555      0.80280118        13.74443       147.52751       68.735902   2.1268311e-09       8.3698578       10.513163       1019.6572       11.791817       1406.6178      -15.486811       -15.486811       2541.9911                                  93.41109          11.791817             1406.6178          10.513163                      23.131139                      398.09866                                589.68678                        8.7406544
              2       1255.4388       1.0423131     0.022598704      0.11781007     0.061403911       3.0534059      0.96961632       1.2501918       1.0008447      0.30059648      0.69932635      0.80794324     0.048159875      0.25106389      0.80874604       13.748997       147.42584       68.501343   2.1187383e-09       8.2975616       11.522321       1017.3167       13.063536       1405.9228      -15.690362       -15.690362       2542.2583                                 94.432933          13.063536             1405.9228          11.522321                      22.714226                      397.73007                                587.80175                        9.0706744
              1       1255.1091        1.042298     0.022582188      0.11783121     0.058563074       3.0482703      0.96967082       1.2391122       1.0011271      0.30084832      0.69907444      0.80601903     0.048163423      0.25131108      0.80715783       13.751309       147.43826       68.473786   2.1078852e-09        8.023819         11.6415       1016.8159        13.21722       1405.8729      -15.657546       -15.657546       2541.5333                                 93.985747           13.21722             1405.8729            11.6415                      22.598165                      396.82705                                588.01989                        9.3708404
              1       1255.1329       1.0422128     0.022565815       0.1178187      0.05889292       3.0469657      0.96941729       1.2344956      0.99898299      0.30112837      0.69879431      0.80536491     0.048183167      0.25156983      0.80687808       13.755534        147.4598       68.434932    2.105137e-09       8.0596161       11.837238       1016.7769       13.435429       1405.8179      -15.695496       -15.695496       2541.6568                                  93.78934          13.435429             1405.8179          11.837238                      22.809964                      396.93407                                587.97852                        9.0543533
              4        1254.235       1.0422128     0.022565815       0.1178187      0.05889292       3.0469657      0.96941729       1.2423132      0.99943051      0.30112837      0.69879431      0.80536491     0.048183167      0.25156983      0.80687808       13.755534        147.4598       68.434932    2.105137e-09       8.0596161       11.837238       1016.0628       13.435429       1405.8179        -15.7652         -15.7652       2540.0003                                 92.846948          13.435429             1405.8179          11.837238                      22.747836                      396.92698                                587.20721                        9.1808086
              6       1254.3349       1.0420809     0.022542712      0.11774241     0.057579443       3.0481447      0.96719011       1.2260218       1.0018451      0.30124656      0.69867603       0.8048714      0.04818669      0.25168299      0.80654187        13.76157        147.5057       68.397391   2.1076205e-09       7.9339752       11.975724       1015.9056       13.647959       1405.7948       -15.52534        -15.52534       2539.7204                                 92.396313          13.647959             1405.7948          11.975724                      23.078936                      396.62372                                 587.0305                        9.1724168
              5       1256.5975       1.0421075     0.022562388      0.11767158     0.058346876       3.0485141      0.96794555       1.2289764      0.99933415      0.30067806      0.69924465      0.80494628     0.048155214      0.25114806      0.80585544       13.758342       147.50286       68.449593   2.1083993e-09       8.0041656       11.662224       1021.2986        13.35288       1405.9065      -15.738476       -15.738476       2544.6719                                 92.451674           13.35288             1405.9065          11.662224                      23.247255                       396.8266                                592.51986                        8.7048865
              1       1253.8908       1.0420872     0.022544796       0.1177223      0.05765439        3.047116      0.96856669       1.2333081       1.0008977      0.30110903      0.69881359      0.80480679     0.048175304      0.25155729      0.80629301       13.761066       147.50877       68.408634   2.1054535e-09       7.9409943       11.892269       1015.3905       13.584136       1405.8216      -15.743254       -15.743254       2539.2681                                 92.579543          13.584136             1405.8216          11.892269                      22.851368                      396.61421                                 586.7655                         9.159409
              4        1254.652        1.042144     0.022525246      0.11805334      0.05894518       3.0493935      0.96778162       1.2476747       1.0000735       0.3028167      0.69710565      0.80676178     0.048299738      0.25313578      0.81054027       13.763012       147.44219       68.290829   2.1102541e-09       8.0785675       12.946419       1015.1865       14.260332       1405.4978      -15.856985       -15.856985        2541.018                                 93.126929          14.260332             1405.4978          12.946419                      23.106017                      397.03316                                586.23528                        8.8120222
              3        1254.894       1.0421277     0.022532753      0.11810404     0.058550082       3.0494786      0.96759101       1.2483269       1.0002065      0.30309201       0.6968303      0.80686765      0.04833984       0.2533703      0.81101507        13.76293        147.4203       68.273871   2.1104338e-09        8.038559       13.194503       1015.3539       14.359024       1405.4475      -15.845175       -15.845175       2541.4784                                 93.123501          14.359024             1405.4475          13.194503                      23.170792                      396.90421                                586.54473                        8.7342058
              1       1253.4706       1.0421277     0.022532753      0.11810404     0.058550082       3.0494786      0.96759101       1.2661114       1.0007104      0.30309201       0.6968303      0.80686765      0.04833984       0.2533703      0.81101507        13.76293        147.4203       68.273871   2.1104338e-09        8.038559       13.194503       1014.6038       14.359024       1405.4475       -15.83262        -15.83262       2538.6065                                 91.001755          14.359024             1405.4475          13.194503                      23.096884                      396.90189                                585.76894                        8.8360672
              4       1254.7021       1.0421026     0.022422409      0.11806808     0.060921111       3.0534253      0.96682141        1.273227       1.0007439      0.30361748      0.69630462      0.80853521     0.048236463      0.25399531      0.81339537       13.775303       147.55273       68.179436   2.1187796e-09       8.2961578       13.375263       1015.4476        14.91483       1405.3528       -15.94001        -15.94001       2541.2842                                 92.193792           14.91483             1405.3528          13.375263                      23.250771                      397.78733                                585.68877                        8.7207007
              2       1255.4898       1.0419923     0.022452621      0.11727221     0.065923579       3.0635792      0.97360517       1.3178436       1.0021972      0.29952619      0.70039654      0.81173635     0.047910503      0.25024119      0.81109508       13.771599       147.73268       68.457046   2.1404029e-09       8.7559052       11.031357       1017.5201       13.311012       1406.1396      -15.614705       -15.614705       2542.2091                                 94.207017          13.311012             1406.1396          11.031357                      22.010298                      399.54711                                587.18597                        8.7766866
              1       1256.2022       1.0419918     0.022451961      0.11727587     0.065955277       3.0634991      0.97363578       1.3180737       1.0012645      0.29955075      0.70037197      0.81172857     0.047912002      0.25026418      0.81112057       13.771701       147.73244        68.45497   2.1402315e-09       8.7594147       11.040644        1019.437       13.322668       1406.1346      -15.873596       -15.873596       2544.1517                                 94.216837          13.322668             1406.1346          11.040644                      22.110203                      399.56287                                 589.1201                        8.6437833
              1       1256.0227       1.0419814     0.022445984      0.11730332      0.06623348       3.0631056      0.97361655       1.3184454       1.0009621      0.29976123      0.70016145      0.81167539     0.047925572      0.25046033      0.81135232       13.772781       147.73176       68.436167   2.1393896e-09       8.7874908       11.126089       1019.0332       13.428467       1406.0913      -15.931958       -15.931958       2543.9092                                 94.230211          13.428467             1406.0913          11.126089                      22.095063                      399.70762                                588.55525                        8.6752312
              1        1255.589       1.0419905     0.022589564      0.11736606     0.071097232       3.0732608      0.96947374       1.3086402       1.0007336      0.29924771      0.70067521      0.81413522     0.048078855       0.2497979      0.81311381       13.757478       147.55562       68.545171   2.1612261e-09       9.2072296       11.093512       1018.9114       12.820966       1406.1974       -15.78171        -15.78171       2542.7413                                 93.718062          12.820966             1406.1974          11.093512                      23.198726                      402.39853                                584.97371                        8.3404158
              1       1258.4252       1.0420273     0.022571258       0.1174621     0.071912123       3.0753136      0.96922199       1.3165458       0.9995684      0.29975282      0.70017002      0.81534285     0.048094391      0.25028592      0.81500689       13.758794       147.55034       68.506324   2.1656673e-09       9.2893524       11.264047       1023.9305       13.035853       1406.0931      -15.845048       -15.845048       2548.5404                                 94.216953          13.035853             1406.0931          11.264047                       23.47998                      402.96625                                589.06335                        8.4209249
              2       1255.9945       1.0420014     0.022565907      0.11744303     0.072171115       3.0758206      0.96910848       1.3164977       1.0011118      0.29975856      0.70016426      0.81544627     0.048092257      0.25029353      0.81511807       13.760045       147.56141       68.499724   2.1667655e-09       9.3139191       11.276021       1018.8614       13.072543       1406.0919      -15.769575       -15.769575       2543.5282                                 94.226318          13.072543             1406.0919          11.276021                      23.279241                      403.07753                                584.15739                        8.3472868
              3       1256.3822       1.0420014     0.022565907      0.11744303     0.072171115       3.0758206      0.96910848       1.3597221        1.001504      0.29975856      0.70016426      0.81544627     0.048092257      0.25029353      0.81511807       13.760045       147.56141       68.499724   2.1667655e-09       9.3139191       11.276021       1018.7673       13.072543       1406.0919      -15.695118       -15.695118       2544.1546                                 94.946785          13.072543             1406.0919          11.276021                      23.220437                      403.06429                                584.13366                        8.3489597
              1       1256.7234       1.0420014     0.022565907      0.11744303     0.072171115       3.0758206      0.96910848       1.3662359       1.0013835      0.29975856      0.70016426      0.81544627     0.048092257      0.25029353      0.81511807       13.760045       147.56141       68.499724   2.1667655e-09       9.3139191       11.276021       1018.7422       13.072543       1406.0919      -15.721701       -15.721701       2544.8902                                 95.707509          13.072543             1406.0919          11.276021                      23.238458                      403.06967                                584.08659                        8.3475144
              4        1256.145       1.0419375      0.02258955      0.11733417     0.073587228       3.0776366      0.96981366        1.371232       1.0014529      0.29923473      0.70068818      0.81586225     0.048087651      0.24977587      0.81482099       13.758906       147.56443       68.538881   2.1707039e-09       9.4353485         11.1195       1019.8476       12.855639       1406.2001      -15.665235       -15.665235       2543.6204                                 93.597522          12.855639             1406.2001            11.1195                      23.079467                      403.82464                                584.59933                        8.3442013
              1       1255.8409       1.0419434     0.022649228      0.11705914      0.07171774       3.0767572      0.97035451       1.3588222       1.0027662      0.29742558      0.70249768      0.81444557     0.047996719      0.24806385      0.81094349       13.751039        147.5716       68.694336   2.1687959e-09       9.2430267       10.589896        1019.773        12.01243       1406.5886      -15.107287       -15.107287       2541.8965                                 92.932556           12.01243             1406.5886          10.589896                      22.965007                      402.63591                                585.85237                        8.3197177
             10       1256.0794       1.0419434     0.022649228      0.11705914      0.07171774       3.0767572      0.97035451       1.3765312       1.0024225      0.29742558      0.70249768      0.81444557     0.047996719      0.24806385      0.81094349       13.751039        147.5716       68.694336   2.1687959e-09       9.2430267       10.589896       1019.8336        12.01243       1406.5886      -15.245313       -15.245313       2542.6495                                 93.624965           12.01243             1406.5886          10.589896                       23.01439                       402.6506                                585.86611                        8.3025358
              2       1256.0859        1.042239     0.022517268      0.11689159     0.068972599       3.0656142      0.97068962       1.3472461      0.99907225      0.29642759      0.70349576      0.81024824      0.04765867      0.24740558      0.80540956       13.755511       147.76313       68.736416   2.1447631e-09       9.0198212        10.31071       1022.7165       11.789102       1406.8126      -15.875929       -15.875929       2543.9237                                  92.29473          11.789102             1406.8126           10.31071                      22.908859                      401.14769                                590.10246                         8.557536
              1       1256.8669        1.041863       0.0223987      0.11647165     0.066274868       3.0598467      0.97226021       1.3337974       1.0000959      0.29597029      0.70395288      0.80708708     0.047517288      0.24708652      0.80164822       13.777313        148.0085       68.657121   2.1324288e-09       8.7874908       10.310311       1024.7043       12.211687       1406.9175      -16.035688       -16.035688       2545.8051                                  91.66136          12.211687             1406.9175          10.310311                      22.346191                      399.73598                                593.59548                        9.0266519
              1       1256.7548       1.0419559     0.022423541      0.11631076     0.067621576       3.0624805      0.97517419       1.3550285       1.0008924       0.2947156      0.70520783      0.80845138     0.047414562      0.24593901      0.80129945       13.771091       148.02426       68.769557   2.1380526e-09       8.9054108       10.399054       1023.8967       11.614689       1407.2131      -15.963377       -15.963377       2545.4364                                 92.312825          11.614689             1407.2131          10.399054                       21.80519                      400.18526                                592.65141                        9.2548084
              2       1257.0423       1.0419558     0.022423496      0.11631071     0.067622126       3.0624811      0.97517502       1.3550367       1.0006528      0.29471569      0.70520774       0.8084519     0.047414513      0.24593915      0.80130008       13.771097       148.02433       68.769523    2.138054e-09       8.9054108       10.399049       1024.5305       11.614867       1407.2131      -15.993023       -15.993023       2546.0706                                 92.313117          11.614867             1407.2131          10.399049                      21.833063                      400.21277                                593.30501                        9.1796147
              3       1256.6859        1.041975     0.022405598      0.11634213     0.066957731        3.059998      0.97484875       1.3481226        1.000312      0.29492513      0.70499826      0.80755356     0.047405735      0.24615653      0.80069404       13.772593       148.03582       68.748437   2.1327514e-09       8.8485565       10.377385       1024.1202       11.725688        1407.163      -16.027924       -16.027924       2545.4277                                  92.04145          11.725688              1407.163          10.377385                      21.832716                      399.90039                                  592.975                        9.4120729
              1       1256.6089       1.0419547     0.022394993      0.11637577     0.067797051       3.0617996      0.97427368       1.3501929         1.00066       0.2952199      0.70470342      0.80825053      0.04742282      0.24643308      0.80178547       13.774498        148.0387       68.719783   2.1365974e-09       8.9306793       10.344632       1023.7419       11.877126        1407.093      -16.004787       -16.004787       2545.2274                                 92.170776          11.877126              1407.093          10.344632                      21.913942                      400.32042                                592.16083                         9.346726
              1       1257.3875       1.0421309     0.022305908      0.11807276     0.060400425       3.0528619      0.97220063       1.3863304       1.0010213      0.30423723      0.69568464      0.81049064     0.048121917      0.25472568       0.8161943       13.786938       147.68129        68.08297    2.117586e-09       8.2736969       13.566944        1018.474        15.49349       1405.2435      -15.946728       -15.946728       2546.6686                                 93.890568           15.49349             1405.2435          13.566944                      22.124424                       397.4649                                589.99091                         8.893793
              3       1259.0713       1.0421309     0.022305908      0.11807276     0.060400425       3.0528619      0.97220063       1.4337519       1.0010597      0.30423723      0.69568464      0.81049064     0.048121917      0.25472568       0.8161943       13.786938       147.68129        68.08297    2.117586e-09       8.2736969       13.566944       1018.3682        15.49349       1405.2435      -15.898209       -15.898209       2549.9389                                 97.266753           15.49349             1405.2435          13.566944                      22.119689                       397.4649                                589.88344                        8.9001958
              1       1258.9369       1.0421354     0.022297907      0.11808376     0.060707046       3.0547261      0.97166211       1.4349883       1.0019533      0.30432956       0.6955923      0.81115515     0.048118233       0.2548213      0.81698742       13.787711       147.68731       68.073365   2.1215373e-09       8.3052826       13.619186       1017.4891       15.551708       1405.2275      -15.678456       -15.678456       2549.2307                                 97.343255          15.551708             1405.2275          13.619186                      22.189317                      397.60011                                588.83213                        8.8675356
              1       1257.4052       1.0422234     0.022370287      0.11817963     0.055953972       3.0424974      0.96563952       1.3570329      0.99976468      0.30415842      0.69576358      0.80447718     0.048189785      0.25458104      0.81003358       13.777796       147.58053       68.133121   2.0957517e-09        7.818161       13.560216       1017.4849       15.191281       1405.2573      -16.040728       -16.040728       2546.8919                                 95.398199          15.191281             1405.2573          13.560216                      23.371845                      396.32174                                588.66184                        9.1294975
              1       1258.2011       1.0418448     0.022339426      0.11729506     0.059218391       3.0448794       0.9661605       1.3328265      0.99992484      0.30072941      0.69919296      0.80233148     0.047891277      0.25145724      0.80330627       13.788206       147.85233       68.297971   2.1007499e-09       8.1347198       11.520749       1022.1271        14.21887       1405.8962      -16.043986       -16.043986       2548.4901                                 94.727168           14.21887             1405.8962          11.520749                      23.131056                      397.13536                                592.05858                        9.8020961
              4        1259.516       1.0418058     0.022387502      0.11726031     0.061589722       3.0497035      0.96623838       1.3425878       1.0007939      0.30038451      0.69953796      0.80393381     0.047934745      0.25107058      0.80444884       13.784066       147.80817       68.340414   2.1109084e-09       8.3551178       11.447954       1024.5952       13.973713        1405.965      -15.991068       -15.991068       2551.0141                                  95.03227          13.973713              1405.965          11.447954                      23.097928                      397.94862                                593.79487                        9.7537773
              2       1257.7289       1.0417855     0.022378793      0.11730131     0.061513014       3.0497554      0.96653765       1.3473074      0.99980594      0.30071293      0.69920947      0.80420814     0.047957449      0.25137511      0.80516315         13.7858       147.80687       68.310945   2.1110181e-09       8.3502045       11.619095        1020.743       14.143706       1405.8995      -16.040933       -16.040933       2547.5396                                 95.134365          14.143706             1405.8995          11.619095                      23.180946                      397.94094                                590.31014                        9.3109406
              1        1257.654       1.0417987     0.022377269      0.11746906     0.055100715       3.0351188      0.96663718       1.3179165      0.99869068      0.30157866       0.6983436      0.79897645     0.048035338      0.25216061      0.80107589       13.786373       147.76295       68.253216   2.0803449e-09       7.7184906       12.112834        1020.319       14.479689       1405.7305      -15.899552       -15.899552       2547.1072                                 94.465169          14.479689             1405.7305          12.112834                       22.93606                       396.1129                                590.85844                        10.411572
              2       1261.4907       1.0418074     0.022377864      0.11694383     0.052656118       3.0320061      0.96843991       1.3013698      0.99797561      0.29875024      0.70117247      0.79646844     0.047764459       0.2496109      0.79480772       13.783517       147.90326       68.447389   2.0738795e-09       7.4615936       10.767644       1030.0706       13.365275       1406.3018      -15.698849       -15.698849       2554.3792                                 93.873869          13.365275             1406.3018          10.767644                       22.79658                      395.76526                                601.28219                        10.226543
              1       1257.2836       1.0417441     0.022466713      0.11678032     0.062763029       3.0520538      0.96981191       1.3532754      0.99933088      0.29756585      0.70235713       0.8039002     0.047789483      0.24840621       0.8006322       13.775112       147.84888       68.565177   2.1158755e-09       8.4407501       10.550599       1021.5635       12.710996       1406.5576       -15.96138        -15.96138       2546.4899                                 95.107307          12.710996             1406.5576          10.550599                      22.706936                      398.24531                                591.35439                        9.2568227
              1       1254.6366       1.0417441     0.022466713      0.11678032     0.062763029       3.0520538      0.96981191       1.2481446       1.0005637      0.29756585      0.70235713       0.8039002     0.047789483      0.24840621       0.8006322       13.775112       147.84888       68.565177   2.1158755e-09       8.4407501       10.550599       1021.1012       12.710996       1406.5576      -15.895117       -15.895117       2541.0634                                 90.143068          12.710996             1406.5576          10.550599                      22.539405                       398.2485                                590.59919                        9.7140733
              3       1254.6713       1.0417402     0.022463021      0.11673375     0.063123919        3.052588      0.96963406       1.2462856      0.99971659       0.2973518       0.7025712      0.80390784     0.047764419      0.24821772       0.8003518       13.775397       147.86557       68.577529   2.1170062e-09       8.4758453        10.50381       1021.3205       12.643337       1406.6048      -15.914388       -15.914388       2541.1713                                 90.098866          12.643337             1406.6048           10.50381                      22.695273                      398.39438                                590.83452                        9.3963514
              4        1254.744       1.0417288     0.022453796      0.11667505      0.06296225       3.0536265      0.96993813       1.2491858       1.0006141      0.29712634      0.70279668      0.80424053     0.047731788      0.24802526      0.80037941       13.776434       147.89168       68.586878   2.1192059e-09       8.4611053       10.459152       1021.3742       12.592244       1406.6549      -15.902332       -15.902332       2541.2926                                 90.212103          12.592244             1406.6549          10.459152                      22.607057                      398.32091                                591.03663                        9.4096331
              2       1255.3196       1.0417204     0.022443867      0.11677678     0.066544588       3.0601523        0.970344       1.2739547       1.0007859      0.29774526      0.70217765      0.80738697     0.047778683      0.24859534      0.80434717       13.778244       147.87572       68.538052   2.1330805e-09       8.8071442        10.58152       1021.3572        12.86021       1406.5182      -15.922664       -15.922664       2542.4846                                 91.167555           12.86021             1406.5182           10.58152                      22.568782                      399.94232                                 589.7583                        9.0877593
              7       1255.5203       1.0417471     0.022443536      0.11678069     0.066193588       3.0593663      0.97078748       1.2754646      0.99967188      0.29768964      0.70223329      0.80724518     0.047767831      0.24855086       0.8041308         13.7775         147.875       68.545331   2.1314046e-09       8.7741547       10.558322       1021.8512       12.820085       1406.5304       -15.96537        -15.96537       2542.9714                                 91.211424          12.820085             1406.5304          10.558322                      22.614958                      399.76708                                590.61612                        8.8530109
              3       1255.6968       1.0416674     0.022425342       0.1165994     0.065066754       3.0575791      0.97244137          1.2773       1.0008759      0.29706447      0.70285851      0.80640005     0.047696902      0.24799755        0.802445        13.78093       147.94408        68.56847   2.1275988e-09       8.6681671       10.447984       1022.2175       12.692943       1406.6687      -15.925833       -15.925833       2543.2452                                 91.218082          12.692943             1406.6687          10.447984                      22.156875                      399.11309                                591.67853                        9.2690081
              1       1255.2834       1.0419826     0.022519244      0.11658429     0.068880772       3.0688904      0.96984255       1.2792904       1.0023691       0.2955434      0.70438002      0.80998446     0.047624507      0.24655665      0.80394565       13.761431       147.84359       68.764082   2.1518013e-09       9.0043793       10.321332       1021.0006       11.643411       1407.0169      -15.456429       -15.456429       2541.4797                                  91.49753          11.643411             1407.0169          10.321332                      22.888124                      401.10381                                 588.3417                        8.6669342
              1        1255.265       1.0420176     0.022514119      0.11659434     0.068579167       3.0684522      0.97009909       1.2806136       1.0026304      0.29552378      0.70439964      0.80997492      0.04760883      0.24655285       0.8039095       13.760987       147.84657       68.767577   2.1508586e-09       8.9777069       10.320532       1020.7232       11.625074       1407.0215      -15.359506       -15.359506        2541.249                                 91.558696          11.625074             1407.0215          10.320532                      22.797558                      400.90576                                 588.2774                        8.7424732
              8       1256.7114       1.0419807     0.022477385      0.11660027     0.064122368       3.0626481      0.96860447       1.2557769       1.0047603      0.29586734      0.70405598      0.80731551       0.0475969      0.24690645      0.80173562       13.766037       147.88558       68.720064    2.138411e-09       8.5656891       10.313538       1021.8587       11.875638       1406.9414      -14.109278       -14.109278       2541.6413                                 90.652062          11.875638             1406.9414          10.313538                      22.841925                      398.81751                                591.00368                        9.1955872
              1       1257.8213         1.04197     0.022582361      0.11662125     0.063648075       3.0666715      0.96984671       1.2723748       1.0070513      0.29542143      0.70450208      0.80894319     0.047704118       0.2463566      0.80274645       13.755255       147.76278         68.8029   2.1470319e-09       8.4954987        10.33071        1019.355       11.440528       1407.0455      -11.827636       -11.827636       2539.2978                                 91.126006          11.440528             1407.0455           10.33071                      22.627721                      398.52647                                589.27501                        8.9258361
              6       1256.9235       1.0419901     0.022575993      0.11674128     0.062657417        3.065149      0.96943153       1.2704903       1.0048201      0.29602966      0.70389375      0.80867302     0.047750043      0.24691722      0.80330402       13.755924        147.7375       68.760108   2.1437657e-09       8.4042511       10.338145       1021.7869       11.664287       1406.9039      -13.955058       -13.955058       2541.7571                                 91.063882          11.664287             1406.9039          10.338145                      23.000591                      398.17409                                592.17106                        8.4411382
              1       1255.0666       1.0421953       0.0223895      0.11691962     0.062817925       3.0566944      0.96996401       1.2674269       1.0024172      0.29742177      0.70250127      0.80702613     0.047581062      0.24847182      0.80355082       13.770586       147.89768       68.597001   2.1257173e-09       8.4681244       10.355522       1020.5436       12.537039       1406.5893      -15.523467       -15.523467       2541.1801                                 91.154561          12.537039             1406.5893          10.355522                      22.552516                      398.29402                                590.32357                        9.3735177
              1        1255.473       1.0422212     0.022458196      0.11630688     0.063585627        3.055357      0.97119347       1.2445167       1.0011185      0.29373944      0.70618426      0.80441778       0.0473201      0.24506212      0.79598002       13.759469       147.98612       68.891336   2.1228764e-09       8.5144501       10.650034       1023.2899        10.98496       1407.4508      -15.821894       -15.821894       2542.5898                                 90.213986           10.98496             1407.4508          10.650034                      22.439595                       398.5022                                592.50214                        9.8459937
              3       1256.1789       1.0422729     0.022476343      0.11654537     0.063960163       3.0560098      0.96794219       1.2298005       1.0000399      0.29473992      0.70518366      0.80449604     0.047432324      0.24594826        0.797412       13.757175       147.90152       68.837586   2.1242625e-09       8.5502472       10.425199        1025.374       11.260745       1407.2073      -15.881737       -15.881737       2544.1212                                  89.85395          11.260745             1407.2073          10.425199                       23.22851                      398.82898                                594.00469                        9.3117852
              4       1255.6874       1.0421684     0.022446917      0.11658742     0.063366309       3.0538463      0.96835753       1.2312001       1.0009033      0.29542622      0.70449719      0.80393997     0.047476233      0.24658761      0.79778802        13.76363       147.92302        68.76069   2.1196716e-09       8.5011139       10.332371       1024.1574       11.661228       1407.0444      -15.843055       -15.843055       2543.0609                                 89.865529          11.661228             1407.0444          10.332371                      22.898944                      398.53829                                 592.7951                        9.9250471
              2       1255.3022       1.0421684     0.022446917      0.11658742     0.063366309       3.0538463      0.96835753       1.2161311       1.0011235      0.29542622      0.70449719      0.80393997     0.047476233      0.24658761      0.79778802        13.76363       147.92302        68.76069   2.1196716e-09       8.5011139       10.332371        1024.672       11.661228       1407.0444      -15.779184       -15.779184       2542.1627                                  88.45267          11.661228             1407.0444          10.332371                      22.867738                      398.53829                                593.24297                        10.023042
              3       1254.6106       1.0422952     0.022428844      0.11759992      0.05692928       3.0466289       0.9668697       1.2292452        1.001813      0.30051049      0.69941215      0.80433111     0.047913299      0.25122116      0.80501515       13.766675       147.67046       68.418792   2.1044281e-09       7.8932648       11.242961       1018.5487       13.526597       1405.9398      -15.653502       -15.653502       2540.5281                                 91.269974          13.526597             1405.9398          11.242961                       23.10639                      396.48326                                589.55844                        9.4006437
              2        1254.557       1.0423324     0.022518058      0.11761677     0.057413914       3.0471132       0.9661682        1.221894       1.0007425      0.29997863       0.6999442      0.80402829     0.047982566      0.25062351      0.80399965       13.756121       147.56668        68.50523   2.1054476e-09       7.9213409       11.105364       1019.5603       13.041933        1406.047      -15.778388       -15.778388       2540.6707                                 90.916068          13.041933              1406.047          11.105364                       23.43571                      396.59766                                590.38176                        9.1451894
              1       1254.3902       1.0423324     0.022518058      0.11761677     0.057413914       3.0471132       0.9661682       1.2530745       1.0011894      0.29997863       0.6999442      0.80402829     0.047982566      0.25062351      0.80399965       13.756121       147.56668        68.50523   2.1054476e-09       7.9213409       11.105364       1019.1373       13.041933        1406.047      -15.761213       -15.761213       2540.3028                                 90.971104          13.041933              1406.047          11.105364                      23.367961                      396.58159                                589.89957                        9.2882201
              1        1254.447       1.0422524     0.022490939      0.11747629     0.053659468       3.0406626       0.9650709       1.2233754       1.0013341      0.29962517      0.70029767      0.80066206     0.047925368      0.25032722      0.80016171       13.760734       147.63414        68.50481     2.09191e-09       7.5486298       10.975697         1021.53       13.044265       1406.1193      -15.713504       -15.713504       2540.3209                                 88.651724          13.044265             1406.1193          10.975697                      23.533679                      395.93296                                592.45515                        9.6081926
              1       1255.3225       1.0421284     0.022485355      0.11790756     0.053512985       3.0418189      0.96254784       1.2259204       1.0018944      0.30231699      0.69760539      0.80176627     0.048198005      0.25273826      0.80485645       13.767059       147.52495       68.302302   2.0943302e-09       7.5416107       12.515872       1020.7028       14.193756       1405.5905      -15.579144       -15.579144       2541.8033                                 88.800408          14.193756             1405.5905          12.515872                      24.062883                      395.90549                                591.52556                         9.208876
              6       1254.9518       1.0420164     0.022441278      0.11808491     0.050359224       3.0328373      0.96374567       1.2225776       1.0001811      0.30385564      0.69606642      0.79923135     0.048302705      0.25416649      0.80435086       13.775936        147.5263       68.161331    2.075604e-09       7.2292633       13.729011       1019.0033       15.022595       1405.3105      -15.893881       -15.893881       2541.6914                                 88.626027          15.022595             1405.3105          13.729011                      23.672682                       395.7121                                590.02342                        9.5950787
              6       1254.2924       1.0420164     0.022441278      0.11808491     0.050359224       3.0328373      0.96374567       1.1417542       1.0007108      0.30385564      0.69606642      0.79923135     0.048302705      0.25416649      0.80435086       13.775936        147.5263       68.161331    2.075604e-09       7.2292633       13.729011       1018.5288       15.022595       1405.3105      -15.655424       -15.655424       2539.8955                                 87.304632          15.022595             1405.3105          13.729011                       23.59018                      395.69505                                589.43939                        9.8041955
             10        1254.751       1.0420164     0.022441278      0.11808491     0.050359224       3.0328373      0.96374567        1.233859       1.0006676      0.30385564      0.69606642      0.79923135     0.048302705      0.25416649      0.80435086       13.775936        147.5263       68.161331    2.075604e-09       7.2292633       13.729011       1018.5305       15.022595       1405.3105      -15.881171       -15.881171       2541.2643                                 88.671706          15.022595             1405.3105          13.729011                      23.596871                      395.69505                                589.45198                        9.7865674
              5       1255.5151       1.0418855      0.02238306      0.11768208     0.049654724       3.0301659      0.96602529       1.2308172      0.99987542      0.30242688      0.69749528       0.7976023     0.048107982      0.25293446      0.80082195       13.784176        147.6989       68.210489   2.0700667e-09       7.1618805       12.613496       1021.5055       14.730901       1405.5699      -15.936731       -15.936731       2542.9037                                 88.483846          14.730901             1405.5699          12.613496                      23.121341                      395.70587                                592.66735                        10.010991
              4       1255.1044       1.0418764     0.022403118      0.11767469     0.049684978       3.0294963      0.96597731       1.2276885       1.0013348       0.3022983      0.69762391      0.79720461     0.048126287      0.25278828      0.80025247       13.782266        147.6785       68.228066    2.068681e-09       7.1611786       12.574896       1020.5844       14.627297       1405.5939      -15.783542       -15.783542       2541.7758                                 88.395307          14.627297             1405.5939          12.574896                       22.87764                      395.69369                                  591.016                        10.997073
              1       1257.0436       1.0416504     0.022618709      0.11615586     0.064194264       3.0600513      0.97193028       1.2800057       1.0040537      0.29370087      0.70622284      0.80481813     0.047648804      0.24469513      0.79632389       13.758601       147.84767       68.898205   2.1328652e-09       8.5291901       10.467984       1024.3509       10.949966       1407.4604      -14.432498       -14.432498       2542.9523                                 89.723093          10.949966             1407.4604          10.467984                      22.198082                      398.62138                                593.77858                        9.7528162
              3        1256.837       1.0415749     0.022590279      0.11622723     0.068244811       3.0671254      0.97014674       1.2887753       1.0019789      0.29444992      0.70547362      0.80742908     0.047695593      0.24539434      0.79992539       13.764239       147.86052       68.821111   2.1480067e-09       8.9194489       10.384519       1025.4798        11.34596       1407.2772      -15.495153       -15.495153       2544.6643                                 90.176871           11.34596             1407.2772          10.384519                      22.875897                      400.66102                                593.27882                        8.6640195
              7       1256.8082       1.0419487      0.02254539      0.11696384     0.067289997       3.0742795      0.97075625       1.3427725       1.0063863      0.29749457      0.70242856      0.81367228     0.047855653      0.24827165       0.8102675       13.761502       147.71222       68.637625   2.1634288e-09       8.8562775       10.522397        1016.892       12.316724       1406.5733      -12.644381       -12.644381       2538.9052                                 92.600783          12.316724             1406.5733          10.522397                      22.628933                      400.23718                                585.61087                        8.4149884
              4       1257.2039       1.0424073     0.022688854      0.11732253     0.050708521       3.0372296      0.97631472       1.2988702       1.0041487      0.29723442      0.70268905      0.80151107     0.047946275      0.24792695      0.79780811        13.73428       147.45519        68.79056   2.0847408e-09       7.2039948       10.431962       1024.2284       11.504828        1406.631      -14.231401       -14.231401       2542.8707                                 90.074486          11.504828              1406.631          10.431962                      21.298428                       395.7191                                596.13399                        11.076864
             13       1260.0079       1.0420692     0.022603165      0.11754462     0.045898397       3.0276366      0.97675121        1.296001       1.0020146      0.29988396      0.70003891      0.79864215     0.048144286      0.25036768      0.79848767       13.754531       147.49049       68.519196   2.0648375e-09       6.7210846       11.354808       1030.7225       12.964455       1406.0663      -15.466696       -15.466696       2550.9491                                 89.841045          12.964455             1406.0663          11.354808                      21.303327                      396.15974                                602.75715                        10.502298
              1       1257.7707       1.0420631      0.02261035       0.1175468     0.045885374       3.0276824      0.97676671       1.2959796       1.0036491       0.2998721      0.70005078      0.79863787     0.048154483      0.25034576       0.7984676       13.753954       147.48194       68.522829   2.0649321e-09        6.718277       11.364125       1024.7514       12.944335       1406.0687      -14.712635       -14.712635       2544.9667                                 89.838099          12.944335             1406.0687          11.364125                      21.150142                      396.16383                                596.10999                        11.327471
              2       1257.9042       1.0420579     0.022609883      0.11754723     0.046019677       3.0280355      0.97670888       1.2964426       1.0032068      0.29989248      0.70003039      0.79875984     0.048156775      0.25036376      0.79861669       13.754162       147.48235       68.520489   2.0656612e-09       6.7323151       11.376817       1025.4615       12.957289       1406.0646      -14.956447       -14.956447       2545.7213                                 89.861177          12.957289             1406.0646          11.376817                      21.205155                      396.15824                                597.08122                        11.016844
              3        1258.092       1.0418398     0.022622114       0.1174057     0.047404362       3.0324366      0.97636703       1.2988026       1.0046397      0.29971454       0.7002083      0.79968017     0.048198497      0.25014366      0.79929963       13.758677       147.50673       68.509349   2.0747725e-09       6.8740997       11.464216       1023.6773       13.019056       1406.1009      -14.035071       -14.035071       2544.2542                                 89.992674          13.019056             1406.1009          11.464216                      21.217439                      395.90867                                595.76829                        10.782932
              5       1257.3477       1.0417986     0.022644977      0.11710035     0.048205944       3.0310264      0.97578568       1.2755621       1.0025949      0.29808984      0.70183327      0.79774498     0.048082225      0.24863991      0.79520122       13.756002       147.56315       68.626787   2.0718488e-09       6.9492035       10.846773       1026.1091       12.375314       1406.4433      -15.149574       -15.149574       2544.9945                                 89.220009          12.375314             1406.4433          10.846773                       21.39355                      395.84713                                598.06554                        10.802918
              1       1256.3978       1.0418218     0.022623887        0.117049     0.048292186       3.0303895      0.97536453       1.2691959       1.0036972      0.29787074      0.70205239       0.7972905     0.048026915      0.24847643      0.79445607       13.757317       147.60036       68.634308   2.0705295e-09       6.9618378       10.743681       1023.4463       12.334639       1406.4909      -14.631235       -14.631235       2542.0581                                 89.042646          12.334639             1406.4909          10.743681                       21.30371                      395.84393                                594.52891                        11.769744
              1       1259.5812       1.0418309     0.022625767      0.11703581     0.048375856        3.030405      0.97550346       1.2696122       1.0050229      0.29776366      0.70215949      0.79729322     0.048017513      0.24837913      0.79431597        13.75678       147.60182        68.64388   2.0705616e-09       6.9695587       10.710136       1028.0124       12.282974       1406.5142      -13.703098       -13.703098       2546.5686                                 89.048795          12.282974             1406.5142          10.710136                      21.154199                      395.83605                                598.31359                        12.708579
              2        1257.407       1.0418426     0.022643318      0.11700866     0.047016945       3.0279264      0.97531459       1.2598505       1.0041745      0.29748702      0.70243619      0.79609157     0.048013399      0.24810778       0.7927503       13.754428       147.58948        68.67344    2.065436e-09       6.8235626       10.646972         1025.28       12.124107        1406.575      -14.278597       -14.278597       2543.3711                                 88.745075          12.124107              1406.575          10.646972                      21.253772                       395.9899                                595.59653                        12.439779
              2       1257.0019       1.0418747     0.022648694      0.11682363     0.047956828       3.0316002      0.97571984       1.2636191       1.0035082      0.29638928      0.70353412      0.79703598     0.047908932       0.2471178        0.792225       13.752005       147.63322       68.756432   2.0730379e-09       6.9183197       10.426149       1025.5781       11.683606       1406.8213      -14.681378       -14.681378       2543.3666                                 88.857384          11.683606             1406.8213          10.426149                      21.389785                      395.90554                                597.11067                        11.172076
              3       1254.5591        1.041872     0.022408324      0.11782083     0.060163042       3.0500438      0.96890173       1.3087156      0.99957046      0.30306372      0.69685837      0.80680749     0.048207505      0.25347047      0.81091675       13.782531       147.63448       68.178487   2.1116269e-09       8.2210541       13.153616       1016.5376        14.92047       1405.4526      -16.007237       -16.007237       2541.1326                                 91.068341           14.92047             1405.4526          13.153616                      22.828947                      397.42078                                587.48709                         8.800811
              1        1257.164       1.0418846     0.022434904      0.11784143     0.059952513       3.0502594      0.96801289       1.3013423      0.99861073       0.3029821      0.69694004      0.80659367     0.048235534      0.25336166      0.81059266       13.779409       147.59932       68.199087   2.1120822e-09       8.1943817       13.139593       1021.8018       14.798302       1405.4674      -15.848783       -15.848783       2546.0256                                 90.818415          14.798302             1405.4674          13.139593                       23.20112                      397.39125                                 592.6468                        8.5626683
              2       1256.6938       1.0418846     0.022434904      0.11784143     0.059952513       3.0502594      0.96801289       1.3573546       1.0018848       0.3029821      0.69694004      0.80659367     0.048235534      0.25336166      0.81059266       13.779409       147.59932       68.199087   2.1120822e-09       8.1943817       13.139593       1017.7254       14.798302       1405.4674      -15.736098       -15.736098       2544.8598                                 93.728993          14.798302             1405.4674          13.139593                       22.73274                       397.3259                                588.36752                        9.2992588
              6        1256.911       1.0419823     0.022438493      0.11781433     0.063452894       3.0603403       0.9677444       1.3779315       1.0031134      0.30252515       0.6973971      0.81056179     0.048178528      0.25296357      0.81396596       13.775983        147.6029        68.24488   2.1334816e-09       8.5334015       12.699794       1017.1221       14.528529       1405.5516      -15.237201       -15.237201       2544.2965                                  94.39444          14.528529             1405.5516          12.699794                      22.969811                      398.71839                                586.70763                        8.7262313
              3       1255.7527       1.0422248     0.022435708      0.11742687     0.056690275        3.048178      0.96643426       1.3194982       1.0022438      0.29975945       0.7001633      0.80412753     0.047864727      0.25052051      0.80380507       13.767214       147.70918       68.463973   2.1076908e-09       7.8651886       10.975779       1019.9112       13.272163       1406.0917      -15.610539       -15.610539       2542.7265                                 92.475714          13.272163             1406.0917          10.975779                       23.29789                       396.4398                                591.05361                        9.1198662
              2       1257.0273       1.0423495     0.022441922      0.11826792      0.06044708       3.0547384      0.96412721       1.3523898       1.0010193      0.30383544      0.69608673      0.80906655     0.048238128      0.25421276        0.814222        13.76679       147.47762        68.20792   2.1215635e-09       8.2491302       13.326161       1018.8355       14.746074       1405.3141      -15.933003       -15.933003       2545.9206                                 93.698736          14.746074             1405.3141          13.326161                      23.974882                      397.66103                                588.65491                        8.5447251
              3       1256.8934       1.0422412     0.022568521      0.11843973     0.058102215       3.0486549      0.96937632       1.3820019       1.0015813      0.30433698      0.69558521      0.80819602     0.048487964      0.25446511      0.81401695       13.757278       147.29121       68.223592   2.1086962e-09       7.9915314       14.214267       1016.4905       14.653633       1405.2263      -15.665001       -15.665001       2545.1167                                 94.532001          14.653633             1405.2263          14.214267                      22.566213                       396.7409                                588.06932                        9.1141149
              7       1257.3113       1.0425963     0.022595682      0.11817402      0.05893595       3.0522594      0.97243775       1.4008336       1.0014998      0.30170516      0.69821758      0.80988625     0.048207685      0.25212322      0.81218463        13.74259       147.33193       68.462789   2.1163107e-09       8.0638275       11.915936       1020.0344         13.2788       1405.7064       -15.62751        -15.62751       2545.8775                                 94.942037            13.2788             1405.7064          11.915936                      22.221665                       396.9237                                 591.9331                        8.9559162
              3       1256.9474       1.0425248     0.022614712      0.11828016     0.059234528       3.0539125      0.97036652       1.3919497       1.0014795      0.30237035      0.69755229      0.81013933     0.048311899      0.25268238      0.81333355       13.743176       147.28262       68.417701   2.1198121e-09       8.0904999       12.439676       1018.8045       13.532774       1405.5806      -15.602966       -15.602966       2545.1008                                 94.743244          13.532774             1405.5806          12.439676                      22.677154                      397.06807                                590.33653                        8.7227147
              1       1256.5365       1.0423325     0.022726848      0.11704631     0.060875303       3.0484369      0.97210666       1.3318825       1.0001919      0.29579014      0.70413358      0.80350651     0.047874284      0.24655897      0.79784884       13.731135       147.48787       68.899878   2.1082365e-09       8.2028046       10.328043       1023.5107       10.941449       1406.9594      -15.522976       -15.522976       2544.1189                                 92.379287          10.941449             1406.9594          10.328043                      22.193215                      397.39531                                593.58312                        10.339008
              2       1255.7788       1.0422161     0.022513192      0.11737199     0.049552492       3.0231516       0.9692394       1.2739545      0.99794772      0.29905224       0.7008707      0.79446481      0.04790901      0.24977248      0.79320888        13.75894       147.63698       68.550391   2.0555974e-09       7.1204681       10.813591       1021.5534       12.792228       1406.2383      -15.570041       -15.570041       2542.6977                                 91.300209          12.792228             1406.2383          10.813591                      22.387125                      395.71431                                591.24785                        12.204147
              2       1254.8866       1.0422161     0.022513192      0.11737199     0.049552492       3.0231516       0.9692394       1.2021082      0.99815262      0.29905224       0.7008707      0.79446481      0.04790901      0.24977248      0.79320888        13.75894       147.63698       68.550391   2.0555974e-09       7.1204681       10.813591       1021.7945       12.792228       1406.2383      -15.514962       -15.514962       2540.8032                                 89.164605          12.792228             1406.2383          10.813591                      22.360662                      395.71431                                591.37775                        12.341743
              1       1256.7386       1.0416912     0.022421613      0.11744855     0.045721303       3.0191999      0.96713675       1.1874117      0.99880034      0.30153248      0.69838981      0.79245275     0.048114996      0.25203522      0.79447421        13.78474       147.71817       68.264231   2.0474903e-09       6.7351227       12.272829       1024.6989       14.415277       1405.7394      -15.717637       -15.717637       2544.9125                                  87.78606          14.415277             1405.7394          12.272829                      22.738507                      396.05258                                594.49435                        11.413483
              2       1255.8776         1.04174     0.022388468      0.11744152      0.04595835       3.0208238       0.9680238       1.2000797       1.0010626      0.30154099      0.69838128       0.7935186     0.048058962      0.25209933        0.795554       13.786795       147.75708        68.25351    2.050818e-09       6.7667084       12.167588       1022.9497       14.477967       1405.7377      -15.785046       -15.785046       2543.3253                                 87.992361          14.477967             1405.7377          12.167588                      22.346207                      396.05346                                592.26267                         12.28735
              1       1256.2962         1.04174     0.022388468      0.11744152      0.04595835       3.0208238       0.9680238       1.1807594       1.0003733      0.30154099      0.69838128       0.7935186     0.048058962      0.25209933        0.795554       13.786795       147.75708        68.25351    2.050818e-09       6.7667084       12.167588       1022.3881       14.477967       1405.7377      -15.818622       -15.818622       2544.2296                                 89.458156          14.477967             1405.7377          12.167588                      22.435134                      396.05013                                592.06487                        11.838012
              2       1256.4325       1.0417462     0.022379375      0.11743432     0.045162463       3.0189113      0.96803032       1.1763057       1.0000461      0.30153655      0.69838571      0.79278083     0.048044308       0.2521094      0.79480848       13.787549        147.7691       68.250055   2.0468996e-09       6.6831818       12.141877       1023.3977       14.498201       1405.7386      -15.820558       -15.820558       2544.5061                                 88.729711          14.498201             1405.7386          12.141877                      22.433092                      396.18304                                592.80334                        11.978222
              1       1256.7814       1.0422515     0.022472569      0.11785949     0.048566703       3.0273561      0.96841056       1.2107141       1.0019374      0.30176907      0.69815341       0.7977651     0.048104053       0.2522862      0.80011382       13.764531        147.5516       68.349529   2.0642583e-09        7.033432       12.023831       1023.4942        13.92134       1405.6941       -15.54838        -15.54838       2544.6595                                 89.525994           13.92134             1405.6941          12.023831                      22.330554                      395.75098                                593.53366                        11.879031
              1       1255.0655       1.0421006     0.022576764      0.11784874     0.050289108       3.0275159      0.97049364         1.22238      0.99772298       0.3015571      0.69836549      0.79786449     0.048261152      0.25191902      0.79993241       13.757847       147.43889       68.396204   2.0645883e-09       7.1906586       12.221064       1019.5001       13.654708       1405.7347      -15.323969       -15.323969       2540.7789                                 89.668273          13.654708             1405.7347          12.221064                      22.348116                      395.67018                                591.06744                        10.414332
              2       1257.1889       1.0420193     0.022716665      0.11667356     0.064048777       3.0595218      0.97373795       1.2675036       1.0035856      0.29480359      0.70512017      0.80691868     0.047823652      0.24562389      0.79989969       13.739731       147.59937       68.920896    2.131736e-09       8.5025177       10.360592       1023.0777       10.834751       1407.1922      -14.477153       -14.477153       2543.3321                                 91.866885          10.834751             1407.1922          10.360592                      21.896519                      398.48538                                592.95314                         9.742663
              1       1256.1759       1.0420891     0.022621685      0.11636745     0.069056473       3.0632765      0.97638762       1.2888311      0.99964779       0.2935309      0.70639298      0.80862181     0.047554306      0.24462252      0.79985586       13.746272        147.7878       68.971163   2.1397552e-09       8.9903412        10.57269       1022.2638       10.581692       1407.5026      -15.739842       -15.739842       2543.8314                                 92.910713          10.581692             1407.5026           10.57269                      21.711809                      400.75054                                  590.511                        9.2904284
              1       1256.1838       1.0420912     0.022617241      0.11639422     0.068791518       3.0631398      0.97659297       1.2916796      0.99982206      0.29368923      0.70623462      0.80874765     0.047563007      0.24477163      0.80019607       13.746815       147.78552       68.958081   2.1394627e-09       8.9678802       10.538787       1022.2288       10.647265       1407.4633      -15.758497       -15.758497       2543.8846                                  93.00637          10.647265             1407.4633          10.538787                      21.668224                      400.62608                                590.64741                        9.2871203
              2       1256.9813        1.041966     0.022577627      0.11681386     0.072694158       3.0718038      0.97469376       1.3186232      0.99924795      0.29647228      0.70345106      0.81323016     0.047799553      0.24730901       0.8084346       13.756821       147.71716       68.726975   2.1580794e-09       9.3462067       10.375448       1021.9254       11.839028       1406.8024      -15.805259       -15.805259       2545.5732                                 94.630893          11.839028             1406.8024          10.375448                      22.169209                        402.938                                588.30369                         8.514548
              3       1254.7616       1.0420916     0.022546471      0.11732273     0.068184385       3.0647814       0.9723385       1.3061302        1.000098      0.29896724      0.70095571      0.81169965     0.047971646      0.24962508      0.81030129       13.758859       147.61483       68.556238   2.1429776e-09       8.9468231       10.877462       1017.5856       12.760075       1406.2561      -15.891042       -15.891042       2541.3053                                  93.82608          12.760075             1406.2561          10.877462                      22.403361                      400.68549                                585.83539                        8.6613664
              2       1255.7571        1.042341     0.022585728      0.11694307     0.070091291       3.0715064       0.9726074       1.3044723       1.0020548      0.29601733       0.7039062      0.81321686     0.047696562      0.24696048      0.80780087       13.745422       147.67318       68.813478   2.1574377e-09       9.1075592       10.306202       1019.7766       11.385546       1406.9068      -15.490961       -15.490961        2542.496                                 94.120898          11.385546             1406.9068          10.306202                      22.434316                      401.56271                                587.15933                        8.6202874
              3       1257.2778       1.0419256     0.022623075      0.11681805     0.059497862       3.0615516      0.97144831        1.267368       1.0066053      0.29635592      0.70356747      0.80786313     0.047860012      0.24713321       0.8029416       13.753193       147.66418       68.752645   2.1360675e-09       8.0883942         10.3948       1018.2566        11.70353        1406.829       -12.23381        -12.23381       2539.0233                                 91.839379           11.70353              1406.829            10.3948                      22.432192                      396.98743                                 590.1717                         8.665312
              1       1257.2702       1.0419063     0.022670324      0.11662013     0.064409233       3.0690421      0.97209352       1.2790974       1.0061785      0.29510859      0.70481505      0.81016464     0.047809531      0.24594064      0.80353275       13.747768       147.66525       68.860729   2.1521277e-09       8.5467377       10.351419       1018.5304        11.14158       1407.1194      -12.581149       -12.581149       2539.7026                                 92.559824           11.14158             1407.1194          10.351419                      22.414721                      398.76231                                588.80573                        8.5476114
              2        1255.021       1.0416963     0.022579346      0.11693284     0.062030937       3.0576365      0.97197072       1.2698113       1.0034412      0.29787611      0.70204693      0.80683489     0.047988185      0.24851893      0.80397377       13.765251       147.68225       68.594377    2.127721e-09        8.345993       10.755113       1018.1534       12.551339       1406.4897       -14.86001        -14.86001        2539.762                                 91.812464          12.551339             1406.4897          10.755113                      22.199477                      397.86393                                589.00449                        9.0855523
              1       1256.5617       1.0419677      0.02260648      0.11804369     0.062776923       3.0624283      0.97120016       1.3216829       1.0023574      0.30281788      0.69710451      0.81256352     0.048449555      0.25298783      0.81637077        13.75954       147.35503       68.308001   2.1379411e-09       8.4316254       13.330168       1016.6228       14.160741       1405.4976      -15.356244       -15.356244       2543.8358                                 94.224517          14.160741             1405.4976          13.330168                      22.616801                      398.26763                                587.23348                        8.5048594
              7       1255.5808       1.0422343     0.022547818      0.11785407     0.063495399       3.0611955      0.97310004       1.3272895       1.0025854      0.30135628      0.69856635      0.81247327     0.048175244      0.25180478      0.81430777        13.75698       147.47075       68.413262    2.135307e-09       8.5116425       11.918626        1016.055       13.557907       1405.7735       -15.36556        -15.36556       2541.8926                                 94.587584          13.557907             1405.7735          11.918626                      22.110075                      398.49246                                586.69718                        8.7552722
              7       1254.7644       1.0422343     0.022547818      0.11785407     0.063495399       3.0611955      0.97310004        1.318156       1.0025515      0.30135628      0.69856635      0.81247327     0.048175244      0.25180478      0.81430777        13.75698       147.47075       68.413262    2.135307e-09       8.5116425       11.918626       1016.0547       13.557907       1405.7735      -15.375805       -15.375805       2540.2804                                  92.97561          13.557907             1405.7735          11.918626                      22.114232                      398.49246                                586.69779                        8.7502412
              3       1257.5024       1.0422867      0.02259329      0.11815268     0.064284953         3.06225      0.97367496        1.335763       1.0020523      0.30252538      0.69739714      0.81398088      0.04834174      0.25280541      0.81739971       13.751957       147.34076       68.364178   2.1375599e-09       8.5818329       12.732242       1017.6331        13.83738       1405.5517      -15.492408       -15.492408       2545.9897                                 96.235264           13.83738             1405.5517          12.732242                      22.041114                      398.78206                                588.08196                        8.7280058
              1       1256.2795       1.0422372      0.02248128      0.11787161     0.062510887       3.0567887       0.9734088       1.3142055       1.0006511      0.30182568      0.69809681      0.81112263     0.048124614      0.25232219      0.81358696       13.764084       147.53989       68.348169   2.1259178e-09       8.4337311       12.079969       1017.8044        13.92915       1405.6833      -15.940692       -15.940692       2544.4404                                 94.943633           13.92915             1405.6833          12.079969                      22.090085                      398.10258                                588.81727                        8.7944591
              1       1256.1305       1.0419817     0.022572468      0.11735062     0.065969866       3.0580245      0.97248323       1.2819767       1.0003223       0.2992895       0.7006334      0.80890058     0.048060296      0.24985774      0.80794214       13.759492       147.57824       68.532456   2.1285467e-09       8.7320404       11.095747       1020.1556       12.891103       1406.1887      -15.823735       -15.823735       2543.9084                                 93.577302          12.891103             1406.1887          11.095747                       22.12203                      399.54175                                589.20479                        9.2870008
              1       1255.3694       1.0421171     0.022564124      0.11765639     0.063095994        3.051541      0.97044132       1.2626116      0.99924167      0.30055927      0.69936346      0.80687889      0.04814449      0.25104041      0.80763065         13.7578       147.50543        68.45985   2.1147909e-09       8.4660187       11.591679       1018.7848        13.29528       1405.9302      -15.777084       -15.777084        2542.293                                 92.691084           13.29528             1405.9302          11.591679                      22.469826                      398.41837                                588.45536                        9.4412832
              6       1254.2578       1.0422143     0.022604391      0.11740658     0.061367636       3.0479545      0.97173047       1.2506576      0.99836337      0.29872053      0.70120256      0.80487569     0.048006756      0.24934577      0.80315749       13.749425       147.52736       68.619133   2.1072197e-09       8.2849274       10.797205       1017.8867       12.416772       1406.3083       -15.52339        -15.52339       2539.5624                                 92.153419          12.416772             1406.3083          10.797205                      22.327291                      397.65548                                588.31671                        9.5872511
              8       1255.4152        1.042229     0.022730104      0.11780763     0.057374486       3.0487417      0.97048598       1.2542492       1.0021047      0.30007539      0.69984765      0.80570326     0.048311759      0.25039455      0.80580448       13.737468       147.28063       68.592129   2.1088791e-09       7.8729095       11.526947       1018.8108       12.563592       1406.0275      -15.097165       -15.097165       2541.0247                                 92.095911          12.563592             1406.0275          11.526947                      22.500174                      396.45801                                590.60967                        9.2429002
              3       1255.1699       1.0421255     0.022614656      0.11826408     0.050819472       3.0388264      0.96681261       1.2278316       1.0023115      0.30347514      0.69644721      0.80255921     0.048493829      0.25360005      0.80719416        13.75499       147.28624       68.289157   2.0880723e-09       7.2440033       13.721901       1016.5227       14.270045       1405.3783       -15.25338        -15.25338       2540.8466                                 90.953677          14.270045             1405.3783          13.721901                      23.109415                      395.69926                                 588.5442                        9.1697874
              1       1255.4229       1.0419307     0.022349238      0.11788803     0.050224717       3.0344305      0.96681342       1.2161045       1.0022143      0.30359193      0.69633004      0.80043091     0.048161419      0.25404243      0.80520847       13.787413        147.6815       68.121111   2.0789135e-09        7.231369       13.374332       1017.2613       15.263379       1405.3573      -15.522167       -15.522167       2541.8901                                 90.633761          15.263379             1405.3573          13.374332                      22.831129                      395.68003                                588.85263                        9.8975428
              1       1255.4774       1.0419415     0.022334529      0.11798535     0.056572008       3.0397115      0.96958583       1.2557122      0.99905023      0.30416812      0.69575374      0.80379386     0.048192809      0.25458542      0.80935845       13.789122        147.6724       68.076509   2.0899213e-09       7.8848419       13.804655       1016.2402       15.532636       1405.2556      -15.908232       -15.908232       2542.7712                                 91.938158          15.532636             1405.2556          13.804655                      22.395842                       396.4158                                587.73893                         9.689618
              1       1255.8766        1.041938     0.022336035      0.11796459     0.055650169         3.03777      0.97000051       1.2534515       0.9984452      0.30405826      0.69586362      0.80306071     0.048185233      0.25448344      0.80847418       13.788968        147.6762       68.084157   2.0858676e-09       7.7914886       13.718625       1017.0664       15.486301       1405.2748      -15.783976       -15.783976       2543.3212                                 91.775142          15.486301             1405.2748          13.718625                      22.365255                      396.21578                                588.84254                        9.6427934
              4       1255.3405       1.0419612     0.022409281      0.11711975     0.060769502       3.0458541      0.97216217       1.2487289       0.9981798      0.29905489      0.70086785       0.8037551     0.047809473      0.24987118      0.80248804       13.776423       147.82153       68.463166   2.1027985e-09       8.2680817       10.824722       1019.7357       13.276682       1406.2377      -15.693285       -15.693285       2542.0676                                  91.99284          13.276682             1406.2377          10.824722                      22.148496                      397.46016                                590.42856                         9.698524
              3       1254.5455       1.0419611     0.022410607       0.1171816      0.05974925       3.0444006      0.97139524       1.2416508      0.99897772      0.29937615      0.70054654       0.8031472     0.047842101      0.25015895      0.80231169       13.776583       147.80333       68.441842   2.0997442e-09       8.1684113       10.941521       1018.5771       13.396491       1406.1707      -15.863177       -15.863177       2540.8174                                 91.731656          13.396491             1406.1707          10.941521                      22.185225                      397.17541                                589.22675                        9.9897104
              1        1255.382       1.0417151     0.022588276      0.11752587     0.063693491       3.0589215      0.97139061       1.2844003       1.0012671      0.30091527      0.69900732      0.80924071     0.048289573      0.25124865      0.81047422       13.766583       147.51357       68.393505   2.1304567e-09       8.5144501       12.177891       1016.9309       13.670056       1405.8596        -15.6794         -15.6794       2542.1227                                 93.484221          13.670056             1405.8596          12.177891                      22.443487                      398.61836                                587.21291                        8.6561841
              7       1255.6571       1.0417198     0.022586558      0.11754543     0.063528752       3.0586883      0.97140647       1.2849195        1.002015      0.30101508      0.69890749      0.80923133     0.048295793      0.25134196      0.81059923       13.766717       147.51022       68.386501     2.12996e-09       8.4990082       12.233866       1017.0098       13.709926         1405.84      -15.486485       -15.486485       2542.2872                                 93.493552          13.709926               1405.84          12.233866                      22.341806                      398.52543                                  587.345                        8.7975831
              1       1254.0423        1.041886     0.022540797      0.11792715     0.054202968       3.0414483      0.96968091       1.2478225       1.0015863      0.30282131      0.69710098      0.80342076     0.048371715       0.2530673      0.80718975       13.768449       147.45819       68.263554   2.0935543e-09       7.5991669       13.270303        1014.626       14.419233       1405.4969      -15.635545       -15.635545       2539.3556                                 91.543117          14.419233             1405.4969          13.270303                       22.47144                       395.9383                                586.81426                        9.4020497
              1       1258.0982        1.041886     0.022540797      0.11792715     0.054202968       3.0414483      0.96968091       1.3762127       1.0002063      0.30282131      0.69710098      0.80342076     0.048371715       0.2530673      0.80718975       13.768449       147.45819       68.263554   2.0935543e-09       7.5991669       13.270303       1018.3603       14.419233       1405.4969      -15.905584       -15.905584       2548.0076                                 96.460834          14.419233             1405.4969          13.270303                      22.655496                      395.94359                                590.76337                        8.9978697
              2       1258.5481       1.0419258     0.022542635       0.1179275     0.056395797       3.0461843      0.97017343       1.3914321       1.0001915      0.30269394      0.69722838      0.80550417     0.048354563      0.25295769      0.80911273       13.767068       147.45625       68.278442   2.1034928e-09       7.8188629       13.128551       1019.1431       14.332384       1405.5204      -15.895868       -15.895868       2548.8879                                 96.763472          14.332384             1405.5204          13.128551                      22.657786                      396.30685                                591.41147                        8.7670009
              1       1255.1352       1.0419258     0.022542635       0.1179275     0.056395797       3.0461843      0.97017343        1.366547       1.0023747      0.30269394      0.69722838      0.80550417     0.048354563      0.25295769      0.80911273       13.767068       147.45625       68.278442   2.1034928e-09       7.8188629       13.128551       1014.5311       14.332384       1405.5204      -15.458323       -15.458323        2541.187                                 93.674569          14.332384             1405.5204          13.128551                      22.369064                      396.30038                                586.54644                        9.3151951
              1       1256.3487       1.0418538     0.022529903      0.11797084     0.056142121       3.0454163      0.97071988       1.3722303       1.0007137      0.30321415      0.69670806      0.80550139      0.04839981      0.25343057       0.8098049       13.770777       147.45879       68.227244   2.1018781e-09       7.7971039       13.600877       1016.4538       14.632132       1405.4253      -15.884416       -15.884416       2544.4662                                 94.354169          14.632132             1405.4253          13.600877                      22.443402                      396.24238                                588.85417                        8.9138081
              3       1257.7667       1.0419617     0.022724069      0.11754927     0.059061465       3.0436781      0.97464068       1.3690348      0.99783377      0.29953221      0.70039082      0.80383392     0.048301961      0.24986108      0.80320697        13.74485       147.35635       68.589978   2.0982276e-09       8.0350494       11.440958       1021.8313       12.575326       1406.1385      -15.157886       -15.157886       2545.8493                                 93.863218          12.575326             1406.1385          11.440958                      21.836151                      396.77713                                593.66875                        9.5492279
              5       1256.7835       1.0417753     0.022587013      0.11730404      0.05720213       3.0502832       0.9723602       1.3655802       1.0026474      0.29956652      0.70035629      0.80533849      0.04814675      0.25004672      0.80475645       13.763866       147.57374       68.492956   2.1121326e-09       7.8785248        11.37957       1019.5748       13.110214       1406.1313      -15.279377       -15.279377       2544.1258                                 93.929835          13.110214             1406.1313           11.37957                      22.191547                      396.41018                                592.04736                        8.9257082
              1       1257.9682       1.0421277     0.022449784       0.1176038     0.055326555       3.0463742      0.97381717       1.3870688       1.0049458      0.30090567      0.69901689        0.806144     0.048012628      0.25151544      0.80735991       13.769447       147.64594       68.379882   2.1038923e-09       7.7276154         11.5852       1018.2439       13.747658       1405.8615      -14.043662       -14.043662       2544.0238                                 94.585507          13.747658             1405.8615            11.5852                       21.57187                      396.06164                                590.56736                        10.043034
              6       1257.7983       1.0425146     0.022582929      0.11697509     0.066429554       3.0700359      0.97428373       1.4105511       1.0047795      0.29569811      0.70422551      0.81342387     0.047629293      0.24671028      0.80757071       13.740714       147.66734       68.857788   2.1542675e-09       8.7671356       10.314784       1019.9512        11.15669       1406.9808      -13.994268       -13.994268       2543.5851                                 95.181644           11.15669             1406.9808          10.314784                      22.036389                       399.6093                                589.57823                        8.7272516
              1       1259.0955       1.0424711     0.022793746      0.11674267     0.073448892       3.0802215      0.97236959       1.3968688       1.0022247      0.29343459      0.70648961      0.81518997     0.047713277      0.24437296      0.80622053       13.718435       147.49629       69.117533   2.1763223e-09       9.3574371       10.599637       1025.3829        9.861854       1407.5266      -14.915666       -14.915666       2548.0223                                 94.651281           9.861854             1407.5266          10.599637                      22.837442                      403.36548                                590.85709                        8.3228625
              4       1258.1207       1.0424711     0.022793746      0.11674267     0.073448892       3.0802215      0.97236959       1.3548041       1.0022878      0.29343459      0.70648961      0.81518997     0.047713277      0.24437296      0.80622053       13.718435       147.49629       69.117533   2.1763223e-09       9.3574371       10.599637        1025.306        9.861854       1407.5266       -14.90896        -14.90896       2546.0593                                 92.765202           9.861854             1407.5266          10.599637                      22.828554                      403.35655                                590.79316                        8.3276984
              3       1258.5548       1.0425389     0.022748641      0.11685106     0.071506879       3.0794072      0.97328569       1.3677961       1.0044527      0.29405405      0.70587003      0.81579166     0.047697853      0.24500561      0.80766676       13.721744       147.51702       69.060276   2.1745509e-09       9.1945953       10.494695       1023.5266       10.140425       1407.3737      -13.878131       -13.878131       2544.8658                                 93.330436          10.140425             1407.3737          10.494695                      22.460306                      402.20613                                590.41743                        8.4427128
              1       1256.7868       1.0424898     0.022676443      0.11733925      0.06796249       3.0713732      0.97170409       1.3612307       1.0038367      0.29715181      0.70277169      0.81404114     0.047905263      0.24788577      0.81016768       13.733227       147.46603       68.801174   2.1571505e-09       8.8941803       10.389649       1021.0381       11.449509       1406.6494      -14.479279       -14.479279       2542.5323                                 93.005585          11.449509             1406.6494          10.389649                      22.562603                      400.47436                                589.41695                        8.5841776
              3       1256.7475       1.0424704     0.022778621      0.11764965     0.061745582       3.0590135      0.96798501       1.3088894       1.0013225      0.29825713      0.70166631      0.80852638      0.04815886      0.24873643      0.80617436       13.724387       147.26951       68.774212   2.1306528e-09       8.2856293       10.709154       1024.3949       11.590298       1406.4073      -15.223615       -15.223615       2543.9423                                 90.840624          11.590298             1406.4073          10.709154                      23.444321                      397.86555                                594.59006                        8.4949797
              3       1254.8769       1.0422197     0.022713901      0.11788419     0.059518821       3.0542552      0.96708953       1.3054994       1.0015136       0.3006009      0.69932204      0.80720384     0.048341203       0.2508888      0.80801185       13.739831       147.27834       68.546792   2.1205386e-09       8.0883942       11.789825       1019.2016       12.812036       1405.9219      -15.365456       -15.365456       2540.4847                                 90.759272          12.812036             1405.9219          11.789825                      23.428387                      397.13794                                590.03962                        8.5956826
              1       1256.3202       1.0423556     0.022630613      0.11790536     0.056230749       3.0415122      0.96785953       1.2850059       1.0007863      0.30079159      0.69913126       0.8028526     0.048215702      0.25120352      0.80391112       13.744771       147.36457       68.509991   2.0936881e-09       7.7837677       11.647962       1023.5046       13.015496       1405.8841       -15.67873        -15.67873       2543.9978                                 89.945597          13.015496             1405.8841          11.647962                      22.788266                      396.26758                                594.23401                        10.214776
              3       1254.0546       1.0422402       0.0225443      0.11788864     0.054703464       3.0345449      0.96980314       1.2884436      0.99735256      0.30154304      0.69837956      0.80085378     0.048186968      0.25197927      0.80291071       13.757343       147.46463       68.399603   2.0791514e-09       7.6490021       12.024654       1017.3989       13.635392       1405.7375      -15.320403       -15.320403       2538.7499                                 89.953512          13.635392             1405.7375          12.024654                      22.530604                      396.01861                                588.78321                        10.066506
              2       1255.9414       1.0422988     0.022549111      0.11812389     0.056066501       3.0358721      0.96940798       1.2980028      0.99580126      0.30259301      0.69732945      0.80210568     0.048282915      0.25293085      0.80556468       13.756181       147.39664       68.338897   2.0819127e-09        7.788681       12.678276        1018.318       13.982438       1405.5391      -14.471879       -14.471879       2540.8266                                 90.308733          13.982438             1405.5391          12.678276                      22.738042                      396.24592                                589.75959                        9.5744912
              2       1255.1142       1.0421888     0.022609443      0.11797602     0.062778364       3.0506894      0.97182664        1.344623      0.99775594      0.30178315      0.69813947      0.80795109     0.048312456      0.25209429       0.8103487       13.752327       147.36979       68.409335   2.1129906e-09       8.4302216       12.346178       1017.3581       13.580158       1405.6914       -15.39811        -15.39811       2541.0246                                 92.048713          13.580158             1405.6914          12.346178                        22.3523                      398.22389                                587.70322                        9.0787183
              3       1255.9877        1.042204     0.022602939      0.11801064     0.062879463        3.050463      0.97178405       1.3454729      0.99849364       0.3019596      0.69796299      0.80800721     0.048317182      0.25226548      0.81064187       13.752729       147.36778       68.396151   2.1125123e-09       8.4421539       12.437121       1019.4008       13.655009       1405.6579      -15.631679       -15.631679       2543.2388                                 92.087967          13.655009             1405.6579          12.437121                      22.236639                      398.26662                                589.53787                        9.3596558
              1       1256.8222       1.0422983     0.022561699      0.11772325     0.065238855       3.0558441      0.96953248       1.3289646      0.99645926      0.30039282      0.69952999       0.8087383     0.048090658      0.25092917       0.8092676       13.752978       147.49045       68.494475   2.1239106e-09       8.6730804       11.372247       1021.3838       13.101754       1405.9634      -14.877124       -14.877124       2543.3986                                 91.577382          13.101754             1405.9634          11.372247                      23.124591                      399.41791                                590.24657                        8.5946812
              3       1254.4068       1.0422921     0.022537527        0.117626     0.065254276       3.0554612       0.9702111       1.3306568      0.99770529      0.30003463       0.6998882      0.80854858     0.048023228      0.25063887      0.80859525       13.755286        147.5433       68.505817   2.1230974e-09       8.6786957       11.176556       1017.9442        13.03867       1406.0357      -15.494568       -15.494568       2539.8027                                 91.607629           13.03867             1406.0357          11.176556                      22.780635                      399.36621                                 586.8949                        8.9024032
              2       1253.6647       1.0423944     0.022502742      0.11775185      0.05172505       3.0367403      0.96979497       1.2902254       1.0018994       0.3006001      0.69932264        0.801567     0.048008428      0.25121744       0.8023683       13.756549        147.5471       68.463481    2.083721e-09       7.3535004       11.327019       1018.0844        13.27492        1405.922      -15.646772       -15.646772        2538.623                                 90.014624           13.27492              1405.922          11.327019                      22.397456                      395.68789                                589.77829                         10.22077
              2       1254.1784       1.0424087     0.022493218      0.11773051     0.052007435       3.0372349      0.97028441       1.2949278       1.0024866      0.30049939      0.69942336      0.80189315     0.047982544      0.25114277       0.8025603        13.75704       147.56342       68.467452   2.0847518e-09       7.3836823       11.257003       1018.6681       13.252671       1405.9421      -15.455044       -15.455044       2539.2669                                 90.147014          13.252671             1405.9421          11.257003                      22.237308                      395.73231                                   590.22                        10.478449
             10       1254.2829       1.0425505     0.022536636      0.11764163      0.05262402       3.0383893        0.970799        1.295357       1.0017302      0.29936191      0.70056111      0.80214894     0.047908645      0.25008395      0.80129541       13.747762       147.53897       68.586336   2.0871597e-09        7.437027         10.7814       1020.2117       12.595205       1406.1737      -15.658237       -15.658237       2539.8823                                 90.120281          12.595205             1406.1737            10.7814                       22.28421                      395.75897                                591.94233                        10.226149
              2       1256.0549       1.0426993      0.02262799       0.1174258      0.05246935       3.0417279      0.97165757       1.2968227       1.0032092      0.29727037      0.70265312      0.80274781     0.047809025       0.2481004      0.79908745       13.732578       147.49524       68.796769   2.0941397e-09       7.3984222       10.342737        1023.399       11.472451        1406.623      -14.919972       -14.919972       2541.9497                                 90.112425          11.472451              1406.623          10.342737                      22.232018                      395.69978                                595.42073                        10.046509
              4       1256.2528       1.0425777       0.0226607      0.11757694     0.047236799       3.0319275      0.97029997       1.2665932       1.0031511      0.29823279      0.70169055      0.79869653     0.047970462      0.24889875      0.79634062       13.733416       147.41813       68.730532   2.0737165e-09       6.8523407       10.560305       1024.1994       11.820202       1406.4125      -14.848621       -14.848621       2542.2029                                  89.21044          11.820202             1406.4125          10.560305                      22.366974                      395.91736                                595.26823                        10.646885
              1        1256.783       1.0425915     0.022653567      0.11760758     0.046773058       3.0311955      0.97029088       1.2664277       1.0028099      0.29839443      0.70152889      0.79854962     0.047973349      0.24905699      0.79640987       13.733913       147.41782       68.717647   2.0721991e-09       6.8053131       10.589592       1025.5569       11.888455       1406.3778      -15.027144       -15.027144       2543.6203                                 89.207525          11.888455             1406.3778          10.589592                      22.407256                      395.97399                                596.68688                        10.488816
              2       1254.9688        1.042233     0.022564865      0.11740457     0.046134231         3.02187      0.97358252       1.2641004       1.0006087      0.29888049      0.70104254       0.7951923     0.047962636      0.24954871      0.79370719       13.753078       147.57052       68.590638   2.0529647e-09       6.7519684       10.803574       1022.9337       12.571724       1406.2744      -15.794191       -15.794191       2541.5261                                 88.942629          12.571724             1406.2744          10.803574                      21.598922                      396.07555                                592.93008                        12.329163
              3       1255.5529       1.0418029       0.0225353      0.11718574     0.047485054       3.0273185      0.97046627       1.2465236       1.0032189      0.29915279      0.70077003      0.79540227     0.048028279       0.2497517      0.79427836       13.767998       147.66214        68.49883   2.0641807e-09       6.8965607       11.106092        1022.084       13.077514       1406.2172      -15.013506       -15.013506       2541.1328                                 88.647974          13.077514             1406.2172          11.106092                       21.97637                      395.89958                                 592.0804                        12.127694
              1       1255.5303       1.0418424     0.022556694      0.11643818     0.058726137       3.0519634      0.97537505       1.3144355        1.004333      0.29497233      0.70495118      0.80407023     0.047648579      0.24596308      0.79730409       13.760895       147.84021       68.803851   2.1156842e-09       8.0217133       10.348868       1020.2818       11.435579       1407.1518       -14.37964        -14.37964         2539.82                                 90.601944          11.435579             1407.1518          10.348868                      21.551957                      396.67479                                592.11206                         9.942984
              7       1255.8987       1.0418424     0.022556694      0.11643818     0.058726137       3.0519634      0.97537505       1.3008717        1.003523      0.29497233      0.70495118      0.80407023     0.047648579      0.24596308      0.79730409       13.760895       147.84021       68.803851   2.1156842e-09       8.0217133       10.348868       1022.3274       11.435579       1407.1518      -14.880212       -14.880212       2541.5577                                 90.294109          11.435579             1407.1518          10.348868                      21.640291                      396.68195                                594.38991                         9.615259
              1       1255.4393       1.0418786     0.022547485      0.11643634     0.059334815       3.0532022      0.97546623       1.3050569       1.0043659      0.29490915      0.70501437      0.80466004     0.047622693      0.24592597      0.79780349       13.760787       147.85103       68.808497   2.1183069e-09       8.0834808       10.353006       1020.2109       11.411418       1407.1668      -14.364763       -14.364763       2539.6082                                 90.465987          11.411418             1407.1668          10.353006                      21.551359                      396.83521                                 591.9603                        9.8640437
              1       1257.4592       1.0418786     0.022547485      0.11643634     0.059334815       3.0532022      0.97546623        1.353909       1.0052696      0.29490915      0.70501437      0.80466004     0.047622693      0.24592597      0.79780349       13.760787       147.85103       68.808497   2.1183069e-09       8.0834808       10.353006       1020.5427       11.411418       1407.1668      -13.682974       -13.682974       2542.2844                                 92.810424          11.411418             1407.1668          10.353006                      21.455213                      396.83774                                591.98716                        10.262576
              3       1256.4453       1.0419329     0.022596809      0.11655755     0.059268607        3.053732      0.97503452       1.3544486        1.004882      0.29511391      0.70480965      0.80500958     0.047701747      0.24605239      0.79842708       13.754508       147.76342       68.826615   2.1194295e-09        8.067337       10.342084       1019.0798       11.317455       1407.1181       -13.91766        -13.91766        2540.726                                 92.868574          11.317455             1407.1181          10.342084                      21.595175                      396.84178                                590.73639                        9.9064104
              1       1256.4994        1.041755      0.02252521        0.116924     0.060624201       3.0591111      0.96856139       1.3370501       1.0047112      0.29796401      0.70195897      0.80662844     0.047908784      0.24868521      0.80388663       13.769239       147.74477       68.568847   2.1308607e-09       8.2224579       10.699759       1018.6796       12.690874       1406.4705      -14.158056       -14.158056        2541.315                                 92.774255          12.690874             1406.4705          10.699759                       22.92093                      397.47626                                589.55249                         8.729867
              5       1256.3153       1.0418233     0.022434177      0.11765771      0.05631644       3.0490431      0.96751906       1.3399137       1.0044114      0.30218589      0.69773635      0.80526669     0.048170266      0.25263255      0.80819507       13.780449       147.64898       68.244168   2.1095148e-09       7.8307953       12.611119       1015.7706       14.532703        1405.615      -14.463592       -14.463592       2541.5579                                 93.028374          14.532703              1405.615          12.611119                      22.797856                      396.32713                                587.41632                         9.229333
              1       1255.8253       1.0418139     0.022405799      0.11746954     0.051171502       3.0330763      0.96681905       1.2860225       1.0006001      0.30137174       0.6985506      0.79811515     0.048053657      0.25193661      0.79993774       13.782868       147.73063       68.283691   2.0761001e-09       7.3113861       12.027784       1020.0811       14.301829       1405.7704      -15.976572       -15.976572       2543.6037                                 91.422485          14.301829             1405.7704          12.027784                      22.922593                      395.70999                                591.27934                        10.169205
              3       1255.1166       1.0417994     0.022437548      0.11737608     0.051022101       3.0322188         0.96817       1.2887846       1.0010799      0.30073378      0.69918868      0.79771595     0.048040981      0.25131364      0.79869093       13.779461       147.72026       68.341068   2.0743206e-09       7.2875214       11.724584        1019.043       13.969953       1405.8954      -15.898016       -15.898016       2542.0292                                 91.396268          13.969953             1405.8954          11.724584                      22.567153                      395.71309                                590.06726                        10.695451
              1       1254.3687       1.0419965     0.022443521      0.11717839     0.058554012       3.0464528      0.97066988       1.3349663       1.0004633      0.29906765      0.70085514       0.8036316     0.047852859       0.2498414      0.80238185       13.771994       147.76733       68.484384   2.1040576e-09       8.0434723       10.849618       1017.9848       13.158008        1406.235      -15.996242       -15.996242         2540.73                                 92.502539          13.158008              1406.235          10.849618                       22.38794                      396.83581                                589.19482                        9.5662226
             12       1254.7448       1.0421515     0.022474981      0.11746006     0.057670024       3.0473386       0.9693403       1.3374679       1.0025347      0.29992719      0.69999555      0.80456817     0.047950614      0.25060231      0.80447054       13.765365        147.6566       68.462473   2.1059223e-09       7.9536285       11.135642        1017.245        13.28057       1406.0575      -15.474829       -15.474829       2540.4393                                 92.720601           13.28057             1406.0575          11.135642                      22.501623                      396.62174                                588.34723                        9.7744443
              5       1253.9253       1.0421778     0.022519549      0.11741528     0.058797654       3.0494743      0.96948745        1.339543       1.0018366      0.29935743      0.70056545      0.80515215     0.047954504      0.25003127      0.80428941       13.759607       147.61909        68.52754   2.1104248e-09       8.0540009       10.946362       1016.3916       12.918273       1406.1746      -15.671377       -15.671377       2539.1934                                 92.762521          12.918273             1406.1746          10.946362                      22.618578                      396.89828                                587.44402                        9.4307299
              1       1254.0371       1.0420929     0.022517234      0.11725344     0.056771867       3.0444565      0.96869017       1.3135216       1.0007163       0.2987631      0.70115985      0.80226182      0.04791032      0.24948224      0.80060625       13.761609       147.66487       68.555608   2.0998615e-09       7.8518524       10.779772       1018.0407       12.763537       1406.2992      -15.893996       -15.893996       2539.8623                                 91.979102          12.763537             1406.2992          10.779772                      22.809631                      396.39484                                589.26158                        9.5746077
              1       1254.4532       1.0421139     0.022513381      0.11724385     0.056836042       3.0443697      0.96868012       1.3129074       1.0018978      0.29867295      0.70125002      0.80222457     0.047892252      0.24941044      0.80044828       13.761351       147.67174       68.562671   2.0996792e-09       7.8588715       10.737598       1018.4728       12.724743       1406.3183      -15.651214       -15.651214       2540.2088                                 91.955313          12.724743             1406.3183          10.737598                      22.637839                      396.39171                                589.30886                        10.134402
              1       1252.7389       1.0421139     0.022513381      0.11724385     0.056836042       3.0443697      0.96868012       1.2767236       1.0012073      0.29867295      0.70125002      0.80222457     0.047892252      0.24941044      0.80044828       13.761351       147.67174       68.562671   2.0996792e-09       7.8588715       10.737598       1017.6404       12.724743       1406.3183      -15.793221       -15.793221       2537.0643                                 89.643262          12.724743             1406.3183          10.737598                      22.732357                      396.38895                                588.68532                        9.8337381
              3       1252.8736       1.0420257       0.0224945      0.11719765     0.058428392        3.046577      0.96938358       1.2868739       1.0012451      0.29879431      0.70112859      0.80316592     0.047893733      0.24952913      0.80155035       13.765773        147.7053       68.532855   2.1043189e-09       8.0196075       10.797983       1017.4525       12.888898       1406.2926      -15.817271       -15.817271       2537.3817                                 89.949678          12.888898             1406.2926          10.797983                      22.567323                      396.78404                                 588.2837                        9.8174679
              1       1254.8324       1.0417818     0.022469737      0.11683419     0.058838378       3.0498492      0.96704355       1.2629517       1.0024192      0.29772384      0.70219912      0.80237921     0.047801851      0.24855166      0.79932951       13.773928       147.83063       68.560919   2.1112161e-09       8.0589142       10.576515       1021.4413       12.734361       1406.5229      -15.470423       -15.470423       2540.6057                                 89.330717          12.734361             1406.5229          10.576515                      23.093586                       396.9431                                591.91389                        9.4906807
              2       1254.7256       1.0417452     0.022502844      0.11683573     0.059007003       3.0505746      0.96710716       1.2637414       1.0024023      0.29765217      0.70227083      0.80252357     0.047848913       0.2484336      0.79937709       13.771493       147.79328        68.57766   2.1127481e-09       8.0680389       10.601143       1021.2082       12.642617       1406.5386      -15.445002       -15.445002       2540.3413                                 89.350713          12.642617             1406.5386          10.601143                      23.123607                      396.97883                                591.74719                        9.3585975
              1       1255.4115       1.0416699     0.022485845      0.11706351     0.057964866       3.0458439      0.96525867       1.2474043       1.0012097      0.29917656      0.70074616      0.80087019      0.04798538      0.24981658      0.79977032       13.776661       147.75092       68.454206   2.1027769e-09       7.9732819       11.127917       1022.7657       13.326957       1406.2122      -15.784696       -15.784696       2542.3924                                 88.959575          13.326957             1406.2122          11.127917                      23.418757                      396.71817                                593.00611                        9.6226936
              1       1255.7236       1.0415612     0.022505163      0.11674418     0.062884992       3.0538501      0.96765913       1.2715438       1.0008405      0.29769175      0.70223119      0.80351383     0.047890732      0.24843031      0.80041668       13.776285       147.81568       68.551244   2.1196798e-09       8.4421539       10.689602       1023.5802       12.787535       1406.5299       -15.85706        -15.85706       2543.1612                                  89.57398          12.787535             1406.5299          10.689602                      23.055707                       398.3531                                592.87598                         9.295418
              2       1255.6934       1.0417365     0.022545155      0.11625257     0.063370476       3.0569576      0.96924451       1.2685225       1.0024781      0.29436744      0.70555612      0.80348193      0.04759374       0.2454139      0.79590342       13.764362       147.90355       68.825867    2.126277e-09        8.470932       10.397914       1023.7277       11.321323       1407.2971      -15.367535       -15.367535       2542.1219                                  89.37775          11.321323             1407.2971          10.397914                      22.770444                      398.40965                                592.93504                        9.6126008
              1       1255.5223       1.0416954     0.022544542      0.11613947       0.0603048       3.0494113      0.97011142       1.2513268       1.0015557      0.29389573      0.70602788      0.80028813     0.047554961      0.24498204      0.79210433       13.765089       147.93447       68.852988   2.1102917e-09       8.1733246       10.459183       1024.4898       11.181371       1407.4123      -15.643166       -15.643166        2542.331                                 88.788286          11.181371             1407.4123          10.459183                      22.537801                      397.22853                                594.48123                        10.242263
              1       1254.9436       1.0417784      0.02258884      0.11634107     0.059564386       3.0490521      0.97099677       1.2640475       1.0010908      0.29446857      0.70545503      0.80101709     0.047657166      0.24545243      0.79359811       13.758893       147.83062       68.846658   2.1095339e-09       8.0940094       10.384866        1023.277       11.213959       1407.2727      -15.688858       -15.688858        2541.265                                 89.116454          11.213959             1407.2727          10.384866                      22.461224                       397.0083                                594.01338                        9.7940947
              6       1258.0008       1.0419532     0.022612066      0.11624894     0.062099251       3.0493629      0.97115171       1.2591368      0.99769957      0.29335501      0.70656885      0.80090889     0.047549235      0.24445127      0.79198916       13.750754       147.82979       68.960175   2.1101897e-09       8.3333588       10.587708       1028.9069       10.636756       1407.5463       -15.31177        -15.31177       2546.6251                                 88.947437          10.636756             1407.5463          10.587708                      22.683664                      397.85363                                598.84414                        9.5254433
              4       1259.0176       1.0418784     0.022725476      0.11653106     0.064699677       3.0544212      0.97001635       1.2690704      0.99693051      0.29441576      0.70550803      0.80304789     0.047824919      0.24523528      0.79553876       13.742288       147.62791       68.933348   2.1208907e-09         8.55867       10.386828       1029.7326       10.771786       1407.2855      -14.729932       -14.729932       2547.4951                                 89.318353          10.771786             1407.2855          10.386828                      23.098591                      398.95613                                598.81318                        8.8647109
              2       1256.2538       1.0418936     0.022733189      0.11654971     0.064638602       3.0548447      0.97009359       1.2712577        1.000227      0.29442642      0.70549738      0.80328859     0.047833871       0.2452372      0.79579162       13.741104       147.61433       68.938594    2.121789e-09        8.551651       10.386082       1025.6313       10.745314        1407.283      -15.460763       -15.460763       2543.4292                                 89.383459          10.745314              1407.283          10.386082                      22.652504                      398.85522                                594.18409                        9.9395257
              2       1256.3345       1.0420162     0.022723462      0.11701354     0.068896507       3.0591012      0.97244878       1.3203084      0.99745137      0.29655532      0.70336818       0.8075256      0.04800334      0.24719124      0.80287611       13.740743       147.50115       68.802072   2.1308396e-09        8.962265       10.451508       1022.9592       11.444834       1406.7836      -15.011465       -15.011465       2542.6919                                 91.052793          11.444834             1406.7836          10.451508                      22.383214                      400.87812                                590.45446                        9.2433576
              2       1256.1468       1.0417575     0.022681269      0.11779524     0.058009686        3.039248      0.97079549        1.294764      0.99698115      0.30168557      0.69823702      0.80172769      0.04848767      0.25182087      0.80397681       13.756652       147.33798       68.394002   2.0889529e-09       7.9452057       12.868031       1019.7286       13.667231       1405.7101      -14.894583       -14.894583       2542.0828                                 90.108856          13.667231             1405.7101          12.868031                      22.388951                      396.64929                                590.96336                        9.7270189
              2       1257.4109       1.0420237     0.022731659      0.11840742      0.05383705       3.0356058      0.97134693       1.3146956      0.99864083      0.30385845      0.69606395      0.80257593     0.048716676      0.25376131      0.80772061       13.746179       147.11912       68.308814   2.0813584e-09       7.5289764       14.514512       1020.7658       14.156034       1405.3101      -15.358013       -15.358013       2545.5377                                 90.791294          14.156034             1405.3101          14.514512                      22.186854                      395.85627                                592.99258                        9.7301022
              2       1257.3444       1.0420237     0.022731659      0.11840742      0.05383705       3.0356058      0.97134693       1.3136821      0.99822782      0.30385845      0.69606395      0.80257593     0.048716676      0.25376131      0.80772061       13.746179       147.11912       68.308814   2.0813584e-09       7.5289764       14.514512       1020.3656       14.156034       1405.3101      -15.254013       -15.254013       2545.1968                                 90.850559          14.156034             1405.3101          14.514512                      22.238669                      395.85627                                592.69007                        9.5805868
              2       1259.1858       1.0420332     0.022729511      0.11836101     0.052924622        3.033494      0.97162697       1.3086106      0.99680808      0.30359538      0.69632705      0.80167351      0.04868657      0.25352907      0.80646307       13.745914       147.13373       68.326701   2.0769675e-09       7.4363251       14.251352       1023.5585       14.052689       1405.3568      -14.693252       -14.693252       2547.7581                                 90.538807          14.052689             1405.3568          14.251352                      22.332135                      395.79444                                596.11026                        9.3216221
              1        1255.614       1.0421484     0.022534432       0.1186338     0.050896127       3.0327204      0.97030346       1.3191578       1.0001126      0.30585651      0.69406539       0.8027883     0.048601564      0.25586569      0.81058632       13.764571       147.27674       68.092329   2.0753615e-09       7.2741852       15.759185       1015.8521       15.436866       1404.9705      -15.914743       -15.914743       2543.0575                                 91.038915          15.436866             1404.9705          15.759185                      22.230432                       395.6882                                588.10504                        9.8283918
              1       1257.0366       1.0421533     0.022351062      0.11859109     0.052080996       3.0315571      0.96336651       1.2677159      0.99854331      0.30669622      0.69322534      0.80081636     0.048415608      0.25688532      0.80970445        13.78384       147.49179       67.944825   2.0729485e-09       7.4349213       16.065508        1018.807        16.34134       1404.8358      -15.827188       -15.827188       2545.7276                                 89.678041           16.34134             1404.8358          16.065508                      23.605923                      395.81263                                589.57081                        9.8176065
              4       1257.0606       1.0421533     0.022351062      0.11859109     0.052080996       3.0315571      0.96336651       1.2764408      0.99795746      0.30669622      0.69322534      0.80081636     0.048415608      0.25688532      0.80970445        13.78384       147.49179       67.944825   2.0729485e-09       7.4349213       16.065508       1018.1226        16.34134       1404.8358      -15.673245       -15.673245       2545.4677                                 90.102458           16.34134             1404.8358          16.065508                       23.69777                      395.79781                                589.03226                        9.5947272
              2        1257.535        1.042729     0.022470584      0.11797278     0.060095761       3.0479026      0.96554318       1.3001601      0.99825312       0.3009686      0.69895416       0.8059349     0.047934369      0.25166015       0.8072349        13.75106       147.52452       68.467375   2.1071104e-09       8.2035065       11.238485       1025.5022       13.253101       1405.8492      -15.731421       -15.731421       2546.5328                                 90.689814          13.253101             1405.8492          11.238485                        23.6718                       397.4873                                595.22612                         9.116977
              1       1259.3273       1.0427193     0.022560755      0.11772916     0.068179585       3.0627322      0.96523359       1.3190595      0.99744914      0.29919062       0.7007325      0.81058856     0.047894504      0.24992868      0.80949437       13.740585       147.49021       68.633157   2.1385908e-09       8.9517365       10.673364        1028.717       12.340859       1406.2094      -15.357169       -15.357169       2549.3689                                 91.428297          12.340859             1406.2094          10.673364                      24.192081                      401.10234                                594.94638                        8.4762066
              6       1259.6876       1.0426679     0.022516596      0.11718497     0.070129953       3.0639448      0.96660936       1.3111454      0.99678736       0.2967272      0.70319624      0.80972431     0.047605921       0.2477594      0.80529541       13.744236       147.68521       68.773461   2.1411856e-09       9.1342316        10.28795       1029.9285       11.594229       1406.7446      -15.108812       -15.108812       2549.5928                                 91.037505          11.594229             1406.7446           10.28795                      23.905817                      402.04352                                595.38643                        8.5927333
             10       1257.1434       1.0423163     0.022488873      0.11672778     0.067615028       3.0574589      0.96718178       1.2813752      0.99730166      0.29550182      0.70442167      0.80547528     0.047515125      0.24662575      0.79941385       13.755441       147.83874       68.796748    2.127343e-09       8.8969879       10.329713       1026.2493       11.472559       1407.0267      -15.359273       -15.359273       2545.0053                                 89.927051          11.472559             1407.0267          10.329713                      23.494578                      400.60782                                592.91599                        9.2308943
              5       1257.8719       1.0423706     0.022476571      0.11670757     0.065742736       3.0539432      0.96729487       1.2731615       0.9968028      0.29530733      0.70461619      0.80412389     0.047468914      0.24647805      0.79780996       13.755037       147.85774       68.811398    2.119877e-09       8.7229156       10.356962       1027.5256       11.396347       1407.0724      -15.127082       -15.127082       2545.9979                                 89.646607          11.396347             1407.0724          10.356962                      23.488198                      399.63684                                595.09765                        9.3029391
              1       1257.2444       1.0423804     0.022489705      0.11653694     0.067971296       3.0594866      0.96829189       1.2871699      0.99803432       0.2943115      0.70561219      0.80600548     0.047389861      0.24556433      0.79832731       13.752507       147.88925       68.888885   2.1316611e-09       8.9264679       10.528814       1026.8734       10.997462       1407.3108      -15.637436       -15.637436       2545.7637                                 90.053182          10.997462             1407.3108          10.528814                      23.288478                      400.68903                                593.67064                        9.2252803
              1       1254.8807       1.0424931     0.022487463      0.11762139     0.058212927       3.0468514      0.97171344       1.3319973       1.0016418      0.29970553      0.70021736      0.80591252     0.047882585      0.25045138      0.80551689       13.754627       147.59955       68.530111   2.1048966e-09       8.0083771       10.874365       1019.8979       12.904062       1406.1028      -15.759974       -15.759974       2541.2813                                 91.502231          12.904062             1406.1028          10.874365                       22.10497                      396.66903                                591.14934                        9.9745491
              1       1255.4524       1.0424594     0.022407537      0.11772562     0.052793665       3.0422526      0.96910001       1.3100576       1.0038385        0.300816      0.69910663      0.80392762     0.047880916      0.25155868      0.80502022       13.764654       147.66019       68.409409   2.0952387e-09       7.4826508       11.252433       1019.0234       13.579744       1405.8792      -14.844409       -14.844409       2540.5935                                 90.858771          13.579744             1405.8792          11.252433                       22.50243                      395.80526                                590.88131                        9.8343909
              4       1255.3839       1.0423547     0.022469743      0.11809533     0.055760414       3.0509472      0.96672558       1.3266207       1.0037763      0.30273568      0.69718668      0.80762867     0.048172445      0.25318229      0.81130267        13.76286       147.49234       68.296698   2.1135355e-09       7.7753448       12.556568       1016.5084       14.226252       1405.5127      -14.849806       -14.849806       2540.4675                                 91.663551          14.226252             1405.5127          12.556568                      23.248778                      396.23172                                588.29328                        8.7346044
              1       1255.7508       1.0420084     0.022355971      0.11789123     0.047527002       3.0295152      0.96549002       1.2596096       1.0021176       0.3033379      0.69658414      0.79811773     0.048132222      0.25381886      0.80254551        13.78439       147.67291       68.152033     2.06872e-09       6.9470978       13.104912       1019.6775       15.078092       1405.4029      -15.627716       -15.627716       2542.7571                                 89.493798          15.078092             1405.4029          13.104912                      23.074965                      395.80581                                590.56037                        10.236297
              2       1255.1819       1.0419679      0.02246604      0.11785531     0.051326101       3.0294483      0.96677477       1.2603182      0.99764438      0.30262762      0.69729464      0.79786595     0.048230558      0.25301422      0.80135248       13.773662        147.5602       68.249916   2.0685816e-09       7.3205109        12.85864       1019.0825       14.499012       1405.5326      -15.494445       -15.494445       2541.3527                                 89.379923          14.499012             1405.5326           12.85864                      23.062046                       395.6945                                590.29822                        10.027737
              3       1254.2804       1.0419392      0.02246614      0.11753124     0.054471513       3.0346787      0.96714421        1.262027      0.99788935      0.30098309      0.69893942      0.79892296     0.048079176      0.25152541       0.8002309       13.772976       147.64709       68.357429   2.0794295e-09       7.6363678       11.801822       1018.8231       13.876032       1405.8463      -15.584132       -15.584132        2539.729                                 89.381755          13.876032             1405.8463          11.801822                      23.017659                      396.02572                                 589.7495                        10.030223
              1       1253.6346       1.0420261      0.02241415       0.1172079     0.058683924       3.0459677      0.96924782       1.2964854       1.0001555      0.29930442      0.70061831      0.80325282     0.047828022      0.25010192      0.80232106       13.774391       147.79221       68.457325   2.1030372e-09       8.0638275       10.885301       1018.5607        13.30945       1406.1856       -16.00888        -16.00888       2539.2869                                 90.345891           13.30945             1406.1856          10.885301                      22.646666                      396.89495                                589.41555                        9.6035592
              6       1254.9762       1.0421852      0.02239689      0.11798945     0.053127184       3.0369215      0.97251671        1.335307       1.0007162      0.30309855      0.69682363       0.8035457     0.048134737      0.25357945      0.80768475       13.775202       147.60148       68.212593   2.0840985e-09       7.5226593       12.829357       1017.3628        14.71848       1405.4462       -15.99636        -15.99636       2541.9452                                 91.588322           14.71848             1405.4462          12.829357                      21.867711                      395.84155                                589.66851                        9.9850407
              1       1255.9514       1.0421852      0.02239689      0.11798945     0.053127184       3.0369215      0.97251671       1.3521516       1.0016656      0.30309855      0.69682363       0.8035457     0.048134737      0.25357945      0.80768475       13.775202       147.60148       68.212593   2.0840985e-09       7.5226593       12.829357       1018.0079        14.71848       1405.4462      -15.817019       -15.817019       2543.5369                                 92.534906           14.71848             1405.4462          12.829357                      21.758889                      395.80855                                590.05182                        10.388664
              1       1257.1972       1.0423296     0.022341344      0.11794289     0.052995393       3.0312304      0.96972991       1.3147158      0.99718628      0.30274151       0.6971807      0.80060836     0.047993546      0.25336423      0.80425817       13.776616       147.67585       68.228092   2.0722715e-09       7.5212555       12.324473       1021.3361       14.627143       1405.5116      -15.404182       -15.404182       2545.2028                                 91.403477          14.627143             1405.5116          12.324473                      22.453931                      395.80303                                592.90663                        10.172525
              3       1255.5902       1.0420941     0.022399817      0.11769436     0.061044839       3.0482216      0.96743514        1.325726      0.99783771      0.30177565       0.6981467      0.80541579     0.048030413      0.25236406      0.80779584       13.776217       147.67791       68.291095   2.1077827e-09       8.3073883       12.019749       1018.6314       14.258788       1405.6928      -15.659565       -15.659565       2542.4996                                 91.896885          14.258788             1405.6928          12.019749                      23.191681                      397.79539                                588.66909                        8.9752349
              1       1254.7228       1.0422428      0.02256585       0.1178075     0.059660825       3.0460623      0.96704385       1.3129053      0.99888728      0.30097979      0.69894292        0.804259     0.048163283       0.2514417      0.80557127       13.754584       147.46282       68.449111   2.1032362e-09       8.1354218       11.728467       1018.5658       13.355591        1405.847      -15.767633       -15.767633       2540.9808                                 91.483979          13.355591              1405.847          11.728467                      23.172078                      397.21408                                588.73111                        9.4485254
              1       1254.7818        1.042238     0.022565954      0.11781069     0.059679134       3.0459804      0.96706023       1.3129456      0.99888261      0.30101028      0.69891243      0.80423746     0.048167257      0.25146811      0.80559049        13.75473       147.46185       68.446445   2.1030639e-09       8.1368256       11.749473        1018.652       13.370585        1405.841      -15.766658       -15.766658       2541.0969                                 91.483867          13.370585              1405.841          11.749473                      23.160869                      397.21408                                588.80747                        9.4695976
              2       1254.8557       1.0421072      0.02251409      0.11748795     0.065923937       3.0630734      0.97192747       1.3851534       1.0008236      0.29998158      0.69994118      0.81161332      0.04801988      0.25058784      0.81158841       13.762638       147.60637       68.472575   2.1393206e-09       8.7453766       11.237311       1017.0408        13.22399       1406.0464      -15.885283       -15.885283        2541.482                                 93.933545           13.22399             1406.0464          11.237311                      22.462076                      399.59425                                586.38109                        8.6033746
              1        1255.815       1.0421076     0.022557219      0.11781735     0.059148174       3.0539011      0.97209547       1.3766616       1.0040395      0.30148213      0.69844046      0.80892761     0.048224799      0.25188024      0.81092337       13.759576       147.46972       68.392357   2.1197878e-09       8.0869904       12.124133       1015.6575       13.676587       1405.7492      -14.579566       -14.579566       2540.7892                                 93.581776          13.676587             1405.7492          12.124133                      22.063348                      396.92229                                587.50442                        9.1674156
              1       1255.9367       1.0421076     0.022557219      0.11781735     0.059148174       3.0539011      0.97209547        1.402272       1.0034096      0.30148213      0.69844046      0.80892761     0.048224799      0.25188024      0.81092337       13.759576       147.46972       68.392357   2.1197878e-09       8.0869904       12.124133       1014.5985       13.676587       1405.7492      -14.939957       -14.939957       2541.7534                                 95.604919          13.676587             1405.7492          12.124133                      22.140154                      396.93997                                586.51264                        9.0057647
              4       1257.3786       1.0419117     0.022460709       0.1177763     0.053979174        3.037472      0.97418785       1.3801052      0.99985217      0.30240365      0.69751862      0.80303801     0.048212273      0.25280873      0.80624863       13.775538       147.58748       68.254758   2.0852461e-09       7.5914459       12.738231       1019.2798       14.470664       1405.5743      -15.993811       -15.993811       2546.7448                                 94.681834          14.470664             1405.5743          12.738231                      21.674433                       395.8889                                 591.9308                        9.7856873
              5       1255.7253       1.0421031     0.022413023        0.117427     0.058407468       3.0471489      0.97295297       1.3815712       1.0017189       0.3002487       0.6996739      0.80570347     0.047902064      0.25096996      0.80603737       13.773268       147.73461       68.402678   2.1055228e-09       8.0406647       11.222792       1017.4753       13.617929       1405.9923      -15.788773       -15.788773       2543.0281                                 94.719787          13.617929             1405.9923          11.222792                      21.853447                      396.72666                                589.10473                        9.7904408
              4       1254.9816       1.0421031     0.022413023        0.117427     0.058407468       3.0471489      0.97295297       1.3600611       1.0020572       0.3002487       0.6996739      0.80570347     0.047902064      0.25096996      0.80603737       13.773268       147.73461       68.402678   2.1055228e-09       8.0406647       11.222792       1017.9162       13.617929       1405.9923      -15.693212       -15.693212       2541.3496                                 92.600436          13.617929             1405.9923          11.222792                      21.814197                      396.72666                                 589.4518                        9.9235073
              4       1255.4911       1.0420902     0.022391723      0.11750865     0.056370602       3.0474543      0.97201676       1.3592078       1.0038226      0.30084349        0.699079      0.80590188     0.047930753      0.25153392      0.80703403       13.776317        147.7363       68.349703    2.106166e-09       7.8441315       11.487205       1016.4276       13.920343       1405.8737      -14.871043       -14.871043       2540.7244                                 93.015541          13.920343             1405.8737          11.487205                       21.95063                      396.26518                                588.53915                        9.6725973
              3       1255.1882       1.0420826      0.02239278      0.11751181     0.056478237       3.0474781       0.9720839        1.359796       1.0031593      0.30087671      0.69904577      0.80593191      0.04793687      0.25156092      0.80710865       13.776446       147.73429       68.346955   2.1062161e-09         7.85466       11.511282       1016.5139       13.936123       1405.8672      -15.241124       -15.241124       2540.8586                                  93.03005          13.936123             1405.8672          11.511282                      22.009358                      396.30047                                588.73514                        9.4689774
              3       1257.8217       1.0422018     0.022533965      0.11688938     0.057521727       3.0515181      0.97664891       1.3712635        1.003697      0.29642996       0.7034934      0.80629637     0.047689458      0.24737729      0.80148449       13.754824       147.74403       68.739697   2.1147423e-09       7.9164276       10.319827       1023.2974       11.771778       1406.8121      -14.826672       -14.826672       2545.2968                                 93.095699          11.771778             1406.8121          10.319827                      21.463652                       396.4074                                596.00821                        9.4181767
              1       1257.4786       1.0422018     0.022533965      0.11688938     0.057521727       3.0515181      0.97664891        1.328736       1.0056024      0.29642996       0.7034934      0.80629637     0.047689458      0.24737729      0.80148449       13.754824       147.74403       68.739697   2.1147423e-09       7.9164276       10.319827        1019.895       11.771778       1406.8121      -13.409131       -13.409131       2541.7755                                 92.976845          11.771778             1406.8121          10.319827                      21.269474                      396.40438                                592.07492                        10.146254
              1       1256.3461       1.0422119     0.022549942      0.11686332     0.057587462       3.0516592       0.9768289       1.3284403       1.0053589      0.29617387      0.70374955      0.80625825     0.047685475      0.24712627      0.80110034       13.752692       147.73324       68.766934   2.1150409e-09       7.9185333       10.312483        1019.695       11.628446       1406.8707      -13.600167       -13.600167       2539.8926                                 91.386008          11.628446             1406.8707          10.312483                      21.277278                      396.40322                                591.95713                        10.057363
              3       1255.3273       1.0421748     0.022600485      0.11670572     0.069520739       3.0718576      0.97435523       1.3496734       1.0030877      0.29517106      0.70475256      0.81284687     0.047666975      0.24614553      0.80627835       13.747639       147.72046       68.857315   2.1581956e-09       9.0457916        10.33821       1019.4244       11.159119       1407.1046      -15.055143       -15.055143        2540.765                                 92.738639          11.159119             1407.1046           10.33821                       22.07725                      401.16792                                587.51627                        8.6629226
              6       1259.9373       1.0422894     0.022517149      0.11620322      0.06239464       3.0400353      0.97471247        1.249062      0.99400977      0.29267669      0.70724726      0.79879824     0.047287828      0.24403612      0.78898826       13.750636       147.94805       69.005231    2.090598e-09       8.3838959       10.990364       1028.0524       10.411885       1407.7173      -12.998998       -12.998998       2545.8727                                 88.700663          10.411885             1407.7173          10.990364                      21.882105                      397.88365                                597.03796                        11.248729
              3       1257.1781       1.0422154     0.022490595      0.11622863     0.060284299       3.0367036      0.97324716       1.2318352      0.99633697      0.29316791      0.70675591      0.79716097     0.047311721      0.24450117      0.78803157       13.755799        147.9707       68.947114   2.0836445e-09       8.1859589       10.801193       1026.5771       10.702389       1407.5932      -14.798137       -14.798137       2543.9525                                 88.278595          10.702389             1407.5932          10.801193                      21.834055                      397.15758                                594.79008                        12.795417
              1       1257.3705       1.0422176     0.022498986      0.11627568     0.059979041       3.0364129      0.97313513       1.2318528      0.99518156      0.29336127      0.70656253      0.79714424     0.047341756      0.24466414      0.78827485       13.755073       147.94858       68.938096   2.0830388e-09       8.1550751       10.731874       1025.4491       10.747825       1407.5448      -14.005325       -14.005325       2542.7516                                 88.278029          10.747825             1407.5448          10.731874                      21.995941                      397.09657                                594.44708                        11.909485
              3       1255.6602       1.0422222     0.022448688      0.11715007     0.055661073       3.0303726      0.97299091       1.2571012      0.99568563      0.29822691      0.70169609      0.79798157     0.047737198      0.24911995      0.79561992       13.764579       147.76891       68.575191   2.0704945e-09       7.7542877       10.520949       1021.7136        12.65613       1406.4137       -14.45852        -14.45852       2540.2375                                 88.933109           12.65613             1406.4137          10.520949                      21.868201                      396.10284                                592.23081                        11.511753
              1       1255.4845        1.041792     0.022408872       0.1167918     0.061172446       3.0447489       0.9748218       1.2952254      0.99881338      0.29781293      0.70210995      0.80283104     0.047721843      0.24871934      0.79989928       13.779918       147.91028       68.525371   2.1004755e-09       8.3010712       10.544157       1022.5069       12.930269       1406.5034      -15.899533       -15.899533       2542.7681                                 90.283354          12.930269             1406.5034          10.544157                       21.56453                      397.49782                                592.89782                        10.546736
              8       1256.6594       1.0418092     0.022413238      0.11683277     0.061613869       3.0464058      0.97438957       1.2978644      0.99766651      0.29795511      0.70196776      0.80350405     0.047738452       0.2488447       0.8007609       13.779138        147.8944       68.520123   2.1039589e-09       8.3438873         10.5745       1024.0581       12.959316       1406.4724      -15.576704       -15.576704       2544.4723                                 90.407926          12.959316             1406.4724            10.5745                      21.814711                      397.68062                                594.84627                        9.7165276
              4       1255.0551       1.0419084     0.022390966      0.11670861     0.058582418       3.0413014      0.97460076       1.2828852      0.99948192      0.29713377      0.70278923      0.80126667     0.047609385      0.24815478       0.7974298       13.777952        147.9525       68.578839   2.0932468e-09       8.0504913       10.379671       1022.6297        12.63617       1406.6533       -15.98611        -15.98611       2542.0824                                 89.783536           12.63617             1406.6533          10.379671                      21.566433                       396.7399                                593.39554                        10.927883
              1       1253.9359       1.0418537     0.022429793      0.11724816     0.056552581        3.041564      0.97303972       1.2936177       1.0004409      0.29993662      0.69998598      0.80257284     0.047943387       0.2506164      0.80248806       13.778055       147.76373       68.398768   2.0937965e-09       7.8490448       11.266018       1018.6762       13.640136       1406.0555      -15.984709       -15.984709       2539.8412                                   90.2033          13.640136             1406.0555          11.266018                      21.838144                      396.28393                                590.52358                         10.03058
              2        1254.708       1.0422592     0.022370107      0.11763714     0.055318339       3.0412805      0.97291343       1.3139269       1.0010924      0.30115252      0.69876994      0.80437876     0.047897247       0.2518761      0.80592239         13.7742       147.72588       68.340595    2.093203e-09       7.7458649       11.493444       1019.0842       13.972671       1405.8131      -15.940465       -15.940465       2541.2969                                 90.933519          13.972671             1405.8131          11.493444                      21.842921                      396.06802                                591.21933                        9.9539221
             13       1254.9776       1.0423188     0.022425113      0.11755737     0.061409753       3.0532586      0.97225292       1.3327071       1.0020979      0.30023604      0.69968665      0.80854653     0.047877328      0.25098349      0.80886455       13.766166       147.68644       68.438796   2.1184264e-09       8.3347626       11.101138       1018.9275       13.413644       1405.9949      -15.672122       -15.672122       2541.2995                                  91.86235          13.413644             1405.9949          11.101138                      22.023699                       397.6828                                589.68392                        9.5370319
              1       1254.5081       1.0423188     0.022425113      0.11755737     0.061409753       3.0532586      0.97225292       1.3076086        1.001037      0.30023604      0.69968665      0.80854653     0.047877328      0.25098349      0.80886455       13.766166       147.68644       68.438796   2.1184264e-09       8.3347626       11.101138       1017.7523       13.413644       1405.9949      -15.927092       -15.927092       2540.8703                                 92.608317          13.413644             1405.9949          11.101138                      22.153681                      397.70953                                588.68214                         9.206982
              2       1254.5217       1.0422583     0.022402805      0.11762662     0.058519604       3.0483868      0.97301234       1.3055938       1.0016392      0.30091095      0.69901159      0.80709648     0.047921225      0.25161187      0.80832093       13.770681        147.6925        68.37341   2.1081309e-09       8.0575104       11.420193       1017.5929       13.784597       1405.8605      -15.807291       -15.807291        2540.658                                 91.999794          13.784597             1405.8605          11.420193                      21.901339                      396.78224                                589.39371                        9.5156589
              1       1254.6698       1.0422774     0.022449612      0.11749611     0.060208693       3.0512786      0.97309331       1.3050367       1.0021542      0.29989277      0.70002999      0.80765356     0.047887352       0.2506314       0.8075092       13.764494       147.67543       68.469004   2.1142359e-09       8.2105255       11.014828       1018.2345       13.243979       1406.0645      -15.624589       -15.624589       2540.5888                                 92.031003          13.243979             1406.0645          11.014828                      21.874637                      397.27581                                589.44228                         9.641791
              1       1253.3999       1.0418936     0.022495142      0.11738103     0.053741272       3.0402582      0.97047614       1.2482715       1.0016636      0.30015201      0.69977064      0.80149116     0.048049725      0.25072641      0.80169419        13.77052       147.65499       68.422496   2.0910643e-09       7.5535431       11.440732       1017.2915       13.505648       1406.0118      -15.672144       -15.672144        2538.144                                  89.89426          13.505648             1406.0118          11.440732                      22.330959                      395.87372                                589.34576                         9.741111
              4       1254.3534       1.0418845     0.022478917      0.11749522     0.054180109       3.0400387       0.9694918       1.2455721       1.0026545      0.30087975      0.69904277      0.80155804     0.048097952      0.25140355      0.80273247       13.773072       147.64249       68.363517   2.0906052e-09       7.6033783       11.809756       1018.0235       13.841164       1405.8666      -15.341976       -15.341976       2539.3908                                 89.849767          13.841164             1405.8666          11.809756                      22.308148                      395.95371                                589.40937                        10.352314
              1       1254.8004       1.0422477     0.022467702      0.11746412     0.048639335       3.0323915      0.96683232       1.2062191       1.0022369      0.29970727      0.70021553      0.79794695     0.047901031      0.25043294      0.79755754       13.763297       147.66284       68.486803   2.0746788e-09       7.0362396       10.983961       1021.5879       13.144513       1406.1024      -15.443231       -15.443231       2540.4873                                 88.668457          13.144513             1406.1024          10.983961                      22.975225                      395.73933                                592.52329                          10.3501
              4       1257.3246       1.0422223     0.022459326      0.11761318     0.045389651       3.0222199      0.96362097       1.1607686      0.99984864      0.30062145      0.69930119      0.79345583     0.047981212      0.25126413      0.79427722       13.765656       147.63198         68.4168   2.0536831e-09        6.695816       11.391748       1027.2342       13.537874       1405.9177      -15.736686       -15.736686       2546.1226                                 88.041057          13.537874             1405.9177          11.391748                      23.620848                      396.08391                                596.50374                         11.02567
              9       1256.7818       1.0422223     0.022459326      0.11761318     0.045389651       3.0222199      0.96362097       1.2429055       1.0003518      0.30062145      0.69930119      0.79345583     0.047981212      0.25126413      0.79427722       13.765656       147.63198         68.4168   2.0536831e-09        6.695816       11.391748       1026.1586       13.537874       1405.9177      -15.908643       -15.908643       2545.3809                                 88.374896          13.537874             1405.9177          11.391748                      23.543088                      396.09864                                595.20106                        11.315824
              5       1256.6888       1.0422223     0.022459326      0.11761318     0.045389651       3.0222199      0.96362097       1.2176818       1.0006152      0.30062145      0.69930119      0.79345583     0.047981212      0.25126413      0.79427722       13.765656       147.63198         68.4168   2.0536831e-09        6.695816       11.391748       1025.9754       13.537874       1405.9177      -15.843597       -15.843597       2545.0648                                 88.241956          13.537874             1405.9177          11.391748                      23.502652                      396.14287                                594.85655                        11.473362
              1       1258.5879        1.042249     0.022453513      0.11759485     0.044942488       3.0220811      0.96363099       1.2172417       1.0022555       0.3004783      0.69944436       0.7933881     0.047954179      0.25114844      0.79402032       13.765391       147.64333       68.427223    2.053398e-09       6.6487885       11.296836       1028.4764       13.478933       1405.9463      -15.470558       -15.470558       2548.1168                                 88.918432          13.478933             1405.9463          11.296836                      23.298066                      396.14315                                596.69986                        12.335279
              1       1255.2929       1.0423693     0.022505293      0.11805737     0.051093782       3.0386495      0.96565929       1.2941568       1.0028825      0.30228349      0.69763899      0.80209001     0.048177416      0.25272716      0.80513683       13.758452       147.46259       68.347178    2.087703e-09       7.2924347       12.309821        1018.408       13.934839       1405.5968      -15.271192       -15.271192       2541.1283                                 90.878765          13.934839             1405.5968          12.309821                      23.247399                      395.66669                                589.86624                        9.6277191
              1       1255.3043       1.0423735     0.022539784       0.1179767     0.050582016       3.0378998      0.96610339       1.2902297       1.0031633      0.30164197      0.69828064      0.80150834     0.048164603      0.25210094      0.80369878       13.754268       147.44579       68.408629   2.0861384e-09        7.231369       11.966005       1018.8026       13.584166       1405.7185      -15.088537       -15.088537       2540.7857                                 90.714454          13.584166             1405.7185          11.966005                      23.137582                      395.67988                                590.18104                        9.8041205
              1       1257.1007        1.042274     0.022550359      0.11771512     0.052071271       3.0422455      0.96758884        1.301216       1.0054034       0.3004866      0.69943618      0.80266857     0.048088137      0.25102486      0.80331927       13.754874       147.50403       68.479054   2.0952238e-09        7.378067       11.423772       1019.7957       13.187771       1405.9447      -13.547067       -13.547067       2541.2954                                 90.943501          13.187771             1405.9447          11.423772                      22.697537                      395.69203                                591.25809                        10.148083
              2       1256.0211       1.0422626     0.022483485      0.11731536     0.055009863       3.0410313      0.97004036       1.3018344       1.0029838      0.29878544      0.70113752        0.801808     0.047832493      0.24958258      0.80018329       13.760457       147.68569        68.55992   2.0926814e-09       7.6840973        10.67806        1022.123       12.739845       1406.2945      -15.252547       -15.252547       2542.5473                                 90.711962          12.739845             1406.2945           10.67806                      22.196427                      396.03365                                592.89312                        10.999777
              5       1253.3808       1.0421422     0.022495351      0.11725403     0.054175092       3.0385047      0.96940808       1.2865017       1.0005124      0.29874656      0.70117639      0.80023495      0.04786837      0.24950752      0.79856145       13.762484       147.68885       68.552306   2.0874008e-09       7.5963593       10.730389       1018.5445       12.781689       1406.3027      -15.919039       -15.919039       2538.5996                                 90.240365          12.781689             1406.3027          10.730389                      22.556447                      395.93175                                589.87635                        10.179925
              3       1255.2206       1.0421454     0.022552843      0.11677644      0.05023464       3.0303516      0.97030018       1.2483108       1.0022162      0.29589378      0.70402967      0.79534965     0.047675095      0.24685703      0.78988776       13.753939       147.75274       68.778843    2.070451e-09       7.1745148       10.314167       1023.4152       11.566053       1406.9353      -15.427345       -15.427345        2541.296                                 89.065247          11.566053             1406.9353          10.314167                      22.119963                      395.68775                                593.02944                         12.57804
              1       1255.4801        1.042145     0.022595605       0.1169256     0.049777588        3.032668      0.96861186       1.2458725       1.0012871      0.29643884      0.70348457      0.79610068     0.047787955      0.24728859      0.79136151       13.750116       147.66504       68.762675   2.0752527e-09       7.1204681       10.348853       1024.2338       11.650798         1406.81      -15.613984       -15.613984       2542.1881                                 89.144618          11.650798               1406.81          10.348853                      22.750531                      395.65437                                595.15073                         10.67819
              2       1255.8011       1.0420986     0.022582849      0.11701933     0.048302553       3.0297112      0.96830864       1.2406613       1.0011036      0.29713899      0.70278429      0.79517445     0.047846141      0.24792812      0.79137369       13.753313       147.65396        68.70145   2.0691256e-09       6.9709625       10.438504       1024.8174       11.974526       1406.6522      -15.663145       -15.663145       2542.9286                                 89.045937          11.974526             1406.6522          10.438504                      22.770449                       395.7469                                595.50626                        10.793815
              1        1257.271       1.0420986     0.022582849      0.11701933     0.048302553       3.0297112      0.96830864       1.2586313        1.000665      0.29713899      0.70278429      0.79517445     0.047846141      0.24792812      0.79137369       13.753313       147.65396        68.70145   2.0691256e-09       6.9709625       10.438504       1027.0977       11.974526       1406.6522      -15.751883       -15.751883       2546.0458                                 89.882961          11.974526             1406.6522          10.438504                      22.831013                      395.74832                                597.95591                        10.562433
              3       1257.7942       1.0420558      0.02273132       0.1166968     0.055221338       3.0447825       0.9657585       1.2545264       1.0022932      0.29473804      0.70518576      0.79860377     0.047830918      0.24555174      0.79156908       13.737198       147.57608       68.937888   2.1005462e-09       7.6405792        10.36416       1026.8597       10.748877       1407.2079      -15.027858       -15.027858        2545.644                                 90.463365          10.748877             1407.2079           10.36416                      23.555233                      396.02955                                597.41587                        9.8590818
              5       1257.9578       1.0420539      0.02273399       0.1167035     0.054959047       3.0445832      0.96575251       1.2541932       1.0030918      0.29476346      0.70516034      0.79853336     0.047837464      0.24557059      0.79153343       13.737001        147.5713       68.937218   2.1001275e-09       7.6139069       10.362879       1026.4885       10.752253       1407.2018      -14.675869       -14.675869       2545.2673                                 90.461885          10.752253             1407.2018          10.362879                      23.449089                      395.99371                                596.87548                        10.170219
              1       1258.9158       1.0420532     0.022735023      0.11668986     0.055287344       3.0451494      0.96559976       1.2537601       1.0016253      0.29468861      0.70523521      0.79865925     0.047831791      0.24550163      0.79155769       13.736847       147.57383       68.942873    2.101317e-09       7.6461945       10.367262       1029.5163       10.723746       1407.2198      -15.225773       -15.225773       2548.2832                                 90.456116          10.723746             1407.2198          10.367262                      23.718697                      396.04325                                  600.252                         9.502341
              5       1258.2255       1.0420532     0.022735023      0.11668986     0.055287344       3.0451494      0.96559976       1.2394581       1.0036073      0.29468861      0.70523521      0.79865925     0.047831791      0.24550163      0.79155769       13.736847       147.57383       68.942873    2.101317e-09       7.6461945       10.367262       1027.6114       10.723746       1407.2198      -14.374184       -14.374184       2545.1993                                 89.277163          10.723746             1407.2198          10.367262                      23.412126                      396.03556                                597.76581                        10.397884
              1       1254.8162       1.0420381     0.022605412      0.11697569     0.059640775       3.0414528      0.96890811       1.2724358      0.99681689      0.29695792      0.70296539       0.7997328     0.047871954      0.24772186      0.79566771       13.752494       147.64153       68.717229   2.0935637e-09       8.1094513        10.43786       1020.6716       11.890671       1406.6927      -14.953693       -14.953693       2539.5398                                 89.846979          11.890671             1406.6927           10.43786                      22.861045                      397.12075                                590.50491                        10.184917
              1       1255.0833        1.042077     0.022653194      0.11709927     0.056898498       3.0356169      0.96904715        1.261053      0.99713007      0.29722494       0.7026984      0.79771345     0.047957671      0.24790361      0.79401537       13.746833       147.55504       68.728312   2.0813815e-09       7.8307953       10.505172       1021.6635       11.831948       1406.6331      -14.993848       -14.993848       2540.1542                                 89.520562          11.831948             1406.6331          10.505172                      22.678427                      396.36449                                591.56477                        11.055797
              4       1254.8028        1.042053     0.022600853      0.11774361     0.054759783       3.0338295      0.96737997       1.2752591      0.99760899       0.3010005      0.69892219      0.79892999     0.048251191      0.25137412      0.80026109         13.7562       147.44061       68.439747   2.0776645e-09       7.6398773       11.960541       1018.9155        13.40829       1405.8429      -15.318526       -15.318526       2540.2426                                 90.115345           13.40829             1405.8429          11.960541                       22.94511                       396.0235                                589.54715                        10.399778
              5       1255.1412       1.0420028     0.022628584       0.1163083     0.060595016       3.0447887       0.9720981       1.2759653      0.99827909      0.29343132      0.70649256      0.79955419     0.047570472      0.24450672      0.79075238        13.74781       147.79524       68.969957   2.1005592e-09        8.185257       10.572396       1022.8573       10.587732       1407.5273      -15.486114       -15.486114       2541.2546                                 89.709874          10.587732             1407.5273          10.572396                      22.270017                      397.29313                                592.70616                        10.587974
              7       1255.7824       1.0420012     0.022681067      0.11637812     0.063446124       3.0580457      0.96913852       1.2888343       1.0012891      0.29351027      0.70641365      0.80398116     0.047651882      0.24450509      0.79523759       13.742614       147.71828       68.990884   2.1285918e-09       8.4477692       10.532445       1023.6557       10.483231       1407.5077      -15.486094       -15.486094       2542.5371                                 90.357934          10.483231             1407.5077          10.532445                      23.064303                      398.41491                                593.06669                        9.1098521
              1       1254.4365       1.0421669     0.022658905      0.11729353     0.062955487       3.0549125       0.9684538       1.3162844      0.99931553      0.29795267      0.70197059      0.80599928     0.048018817      0.24856879      0.80324432       13.744477       147.49724       68.693198   2.1219329e-09       8.4232025       10.643292       1019.6859       12.018501       1406.4731      -15.652629       -15.652629       2540.1783                                 91.357452          12.018501             1406.4731          10.643292                      23.199895                      398.36448                                589.27993                        8.8416379
              1       1254.0263       1.0422834     0.022674395      0.11725255     0.054604212       3.0396143      0.97144363       1.2985293       1.0009175      0.29730946      0.70261395      0.80067215     0.047956606       0.2479905      0.79707367       13.739167       147.49027        68.76123   2.0897181e-09       7.6005707       10.470806       1019.8853       11.658392       1406.6143      -15.575749       -15.575749       2539.2042                                 90.575338          11.658392             1406.6143          10.470806                      22.223497                      395.93114                                591.26462                        10.466065
              1       1254.4772       1.0422493     0.022693031      0.11737066      0.05432943       3.0435145      0.97194464       1.3177402         1.00291      0.29792431      0.70199902      0.80269638      0.04804854      0.24851192      0.79991464       13.738758       147.43799        68.72364   2.0978843e-09       7.5710907        10.63449       1018.6308       11.856686       1406.4793       -14.93211        -14.93211       2538.8186                                 91.217337          11.856686             1406.4793           10.63449                      22.146506                      395.86419                                 590.6872                        9.9329361
              8         1254.35       1.0422493     0.022693031      0.11737066      0.05432943       3.0435145      0.97194464       1.3030457       1.0020098      0.29792431      0.70199902      0.80269638      0.04804854      0.24851192      0.79991464       13.738758       147.43799        68.72364   2.0978843e-09       7.5710907        10.63449       1019.9135       11.856686       1406.4793      -15.277814       -15.277814       2539.2557                                 90.371669          11.856686             1406.4793           10.63449                      22.258655                      395.87241                                592.20603                          9.57646
              1       1254.1667       1.0422162     0.022687062      0.11728921     0.051693276       3.0371738      0.97176568       1.2818219       1.0019221      0.29762657      0.70229678      0.79981369     0.048017728      0.24824551      0.79664357       13.739992       147.46617       68.736645   2.0846245e-09       7.3043671        10.56931       1020.3812       11.787893       1406.5443      -15.302159       -15.302159       2538.9377                                 89.654914          11.787893             1406.5443           10.56931                      22.166052                      395.71936                                592.18261                        10.313223
              1        1254.162       1.0422129     0.022681905      0.11729612     0.053109049        3.038024      0.97168924       1.2834061       1.0020285      0.29770167      0.70222167      0.80017221     0.048018327      0.24831969      0.79710122       13.740672       147.47016       68.728403   2.0863975e-09       7.4489594       10.583755       1020.2436       11.831467       1406.5279        -15.2827         -15.2827       2538.8893                                  89.70265          11.831467             1406.5279          10.583755                       22.08093                      395.78401                                591.61602                        10.762643
              1       1254.8221       1.0419929     0.022589973      0.11693029     0.054110454       3.0381179       0.9758898       1.3052186       1.0020398      0.29693739       0.7029859      0.80040902     0.047856713      0.24771608      0.79631297       13.755266        147.6704       68.704696   2.0865934e-09       7.5633698       10.438794       1021.3432       11.957255       1406.6973       -15.48901        -15.48901       2540.6223                                 90.185752          11.957255             1406.6973          10.438794                      21.328749                      395.84955                                592.93931                          11.2256
              2       1255.5782       1.0419929     0.022589973      0.11693029     0.054110454       3.0381179       0.9758898       1.3009113       1.0004459      0.29693739       0.7029859      0.80040902     0.047856713      0.24771608      0.79631297       13.755266        147.6704       68.704696   2.0865934e-09       7.5633698       10.438794       1023.6492       11.957255       1406.6973      -15.802971       -15.802971       2542.7624                                 90.019863          11.957255             1406.6973          10.438794                      21.493136                      395.85688                                595.90468                         10.39454
              1        1254.989       1.0422604     0.022518989       0.1172036     0.048052391       3.0297324      0.97286286       1.2735079       1.0020142      0.29799941      0.70192371      0.79761878      0.04780795      0.24882396      0.79495482       13.756194       147.67555       68.631641   2.0691695e-09        6.960434       10.510431       1022.5187       12.349056       1406.4629      -15.574891       -15.574891       2541.1279                                 89.286771          12.349056             1406.4629          10.510431                      21.829119                      395.83538                                593.74524                        11.108968
              9       1254.8722       1.0421981      0.02253315      0.11735091     0.047982174       3.0313707      0.97197253       1.2766725        1.002526      0.29887965      0.70104333      0.79839993      0.04792419       0.2495855      0.79690772       13.757243       147.62029       68.569908   2.0725621e-09       6.9520111       10.786419        1021.299       12.685061       1406.2746       -15.37431        -15.37431       2540.4931                                 89.448075          12.685061             1406.2746          10.786419                      22.005359                      395.82388                                592.85913                        10.610617
              4       1253.7374       1.0420577     0.022497224      0.11738372     0.055409779       3.0378179      0.97106567        1.286825       1.0005131      0.29967102      0.70025176      0.80083676     0.047975538      0.25032186      0.80039755        13.76542        147.6521       68.478547   2.0859675e-09       7.7220001       11.113789       1019.0659         13.1906       1406.1098      -15.917287       -15.917287       2539.3094                                 89.829262            13.1906             1406.1098          11.113789                       22.06579                       396.0479                                590.04697                        10.905266
              3       1253.2133       1.0419321     0.022480368      0.11712254     0.054220736       3.0370869       0.9699029       1.2657059       1.0002095      0.29875136       0.7011715      0.79924122     0.047887217      0.24949202      0.79757622       13.769712       147.74084       68.515985   2.0844432e-09       7.6012726       10.815845       1018.9557       12.982246       1406.3016      -15.928888       -15.928888       2538.2844                                 89.228949          12.982246             1406.3016          10.815845                      22.401654                      395.93755                                590.19007                        10.426411
              4        1253.897       1.0417487     0.022480442      0.11731457     0.057916715       3.0440754      0.96881975        1.282942      0.99946973      0.30031044      0.69961213      0.80221557     0.048071435      0.25086161      0.80263053       13.776097       147.68954       68.384689   2.0990613e-09       7.9739838       11.603775       1018.4875       13.720247       1405.9799      -15.929129       -15.929129       2539.6523                                  89.86096          13.720247             1405.9799          11.603775                      22.762102                      396.68823                                589.64395                          9.39318
              1       1254.2212       1.0420241     0.022464853       0.1173409     0.059335995       3.0492462      0.97433039       1.3428353       1.0012693      0.29972765      0.70019507      0.80638543      0.04794121      0.25041182      0.80601931       13.769675       147.69998       68.453758   2.1099434e-09        8.118576       11.113831       1017.8187       13.329474       1406.0982      -15.869589       -15.869589       2540.1817                                 91.821449          13.329474             1406.0982          11.113831                      21.735966                      396.95279                                589.66969                        9.4602719
              4       1254.2807       1.0420241     0.022464853       0.1173409     0.059335995       3.0492462      0.97433039       1.3450806       1.0012355      0.29972765      0.70019507      0.80638543      0.04794121      0.25041182      0.80601931       13.769675       147.69998       68.453758   2.1099434e-09        8.118576       11.113831       1017.8749       13.329474       1406.0982      -15.876558       -15.876558       2540.3145                                 91.898131          13.329474             1406.0982          11.113831                      21.739798                      396.95279                                589.73316                        9.4491317
              2       1255.6408       1.0420214     0.022488322      0.11789799     0.056421875       3.0402541      0.97429151       1.3435996       1.0002439      0.30256712      0.69735519      0.80459006     0.048246509      0.25293868      0.80802519       13.769887       147.52446       68.272464   2.0910555e-09       7.8336029       12.805632        1018.705       14.367224       1405.5439      -15.972088       -15.972088       2543.2258                                 91.804044          14.367224             1405.5439          12.805632                      21.561602                      396.26288                                590.69783                        10.182712
              1        1255.305       1.0420403     0.022489301      0.11787573     0.056830899       3.0406454      0.97418088       1.3426173       0.9998962      0.30238628      0.69753607      0.80464919     0.048227049      0.25277792      0.80784305       13.769113       147.52936       68.287723    2.091874e-09       7.8736115       12.657287       1018.2754       14.278379       1405.5775       -15.97489        -15.97489       2542.5598                                 91.771131          14.278379             1405.5775          12.657287                      21.606845                      396.35142                                590.20432                        10.112865
              1       1255.7523       1.0420403     0.022489301      0.11787573     0.056830899       3.0406454      0.97418088       1.3096171       1.0003127      0.30238628      0.69753607      0.80464919     0.048227049      0.25277792      0.80784305       13.769113       147.52936       68.287723    2.091874e-09       7.8736115       12.657287        1019.488       14.278379       1405.5775      -15.956271       -15.956271       2543.4171                                 91.415842          14.278379             1405.5775          12.657287                      21.561619                      396.34294                                591.29188                        10.291574
              1       1254.9166       1.0419441     0.022444779      0.11831541      0.05604043       3.0398754      0.97095288       1.3041399      0.99917915      0.30528956      0.69463226       0.8049575     0.048457899      0.25544098      0.81202294       13.778788       147.46138       68.057403   2.0902638e-09       7.8118439       15.174127       1014.5576       15.648701       1405.0641       -15.94476        -15.94476       2541.7228                                 91.278278          15.648701             1405.0641          15.174127                      22.189617                       396.2425                                586.63698                        9.4885359
              1       1255.9289        1.042398      0.02251586      0.11866217     0.045899662       3.0273867      0.96856007       1.2674655       1.0018181      0.30536672      0.69455531      0.80051546     0.048480393       0.2554994      0.80764396       13.759253       147.28937        68.14927   2.0643214e-09       6.7533722       14.847539       1018.4731       15.094602       1405.0512      -15.631739       -15.631739       2543.1213                                 89.654836          15.094602             1405.0512          14.847539                      22.500035                      396.04933                                589.79418                        10.129537
              1       1255.9533       1.0424167     0.022523536      0.11869595      0.04688017        3.029823      0.96860516       1.2752509       1.0017876      0.30544613       0.6944759      0.80160446     0.048495356      0.25556388       0.8088478        13.75803       147.27197       68.150369    2.069357e-09        6.857254       14.922615       1018.2103       15.088034       1405.0381      -15.640065       -15.640065       2543.1867                                 89.927674          15.088034             1405.0381          14.922615                       22.54969                      395.92096                                589.90938                        9.8303045
              2       1257.6548       1.0424157     0.022594718      0.11897786     0.045662019       3.0255196         0.96872        1.272541        1.000255      0.30653895        0.693383      0.80058118     0.048701455       0.2564491      0.80925908       13.751729       147.11833        68.11339   2.0604708e-09       6.7175751       16.307951       1020.5845       15.309824       1404.8607      -15.778722       -15.778722        2546.867                                 89.804033          15.309824             1404.8607          16.307951                      22.543359                      396.10493                                592.05623                        9.8799886
              2       1256.1384       1.0422025     0.022625309      0.11824401     0.043209696       3.0164859      0.96969071        1.221565       0.9997059      0.30307589      0.69684656      0.79447611     0.048456067      0.25324029      0.79853859       13.751465       147.27919       68.331849   2.0419409e-09       6.4375153       13.331738       1022.4211       14.023012       1405.4504      -15.641274       -15.641274       2543.5593                                  88.33309          14.023012             1405.4504          13.331738                      22.218916                      396.59748                                591.84336                        11.761312
              3       1259.0634       1.0418096     0.022418786      0.11873906     0.040810404       3.0091456      0.96912641       1.2307011      0.99867135      0.30813714      0.69178417      0.79354808      0.04871625      0.25802118       0.8042381       13.787527       147.37618       67.837389   2.0270075e-09       6.2164154        18.64514       1020.8099       17.016332       1404.6157      -15.783253       -15.783253       2549.6933                                 88.606172          17.016332             1404.6157           18.64514                      22.103536                      397.21723                                589.59768                        11.891498
              1       1259.4162       1.0418096     0.022418786      0.11873906     0.040810404       3.0091456      0.96912641       1.2212185       0.9977707      0.30813714      0.69178417      0.79354808      0.04871625      0.25802118       0.8042381       13.787527       147.37618       67.837389   2.0270075e-09       6.2164154        18.64514       1020.9709       17.016332       1404.6157      -15.509495       -15.509495       2549.8514                                 88.603325          17.016332             1404.6157           18.64514                         22.214                      397.22276                                590.17558                        11.358527
              1       1259.9584       1.0418095     0.022418758       0.1187381      0.04083212       3.0091834      0.96912725       1.2212799      0.99935972      0.30813235      0.69178896      0.79356014      0.04871577      0.25801688      0.80424407       13.787528       147.37647        67.83768   2.0270839e-09        6.219223         18.6388       1022.5653       17.014483       1404.6164      -15.874413       -15.874413       2551.6656                                 88.830602          17.014483             1404.6164            18.6388                      22.020892                        397.221                                590.99525                        12.328206
              3       1259.2027       1.0417911     0.022414862      0.11876818     0.041483778       3.0107897        0.968848       1.2247975      0.99899345      0.30837481      0.69154646      0.79421294      0.04873663      0.25823763      0.80522227       13.788633       147.37284       67.817268   2.0303428e-09       6.2922211       18.979538       1020.4376       17.144261       1404.5807      -15.834666       -15.834666       2550.0748                                 88.932648          17.144261             1404.5807          18.979538                      22.139945                      397.05307                                589.48817                        11.756457
              2       1258.8992       1.0418992     0.022396254      0.11874087     0.038996998       3.0090896      0.96766891        1.212329      0.99934554      0.30800883      0.69191251      0.79326437     0.048654132      0.25795536      0.80378315       13.787275       147.40061        67.84656   2.0268939e-09       6.0177765       18.228173       1021.1252       16.958177       1404.6347      -15.864762       -15.864762        2549.528                                 88.581741          16.958177             1404.6347          18.228173                      22.459814                       397.7976                                589.56476                        11.303008
              3       1259.2191       1.0419949     0.022402717      0.11899081     0.038958211       3.0090339      0.96708274       1.2182745      0.99914933      0.30903297      0.69088825      0.79395773     0.048741845      0.25888967      0.80582207       13.784858       147.32695       67.795265   2.0267811e-09       6.0149689       19.443033       1020.2411       17.284712       1404.4859      -15.850646       -15.850646       2550.1394                                 88.684688          17.284712             1404.4859          19.443033                      22.566086                      397.78125                                588.75148                        11.142301
              2          1259.8       1.0419024     0.022335387      0.11803211     0.043676109       3.0095363      0.96567842       1.1679955      0.99547969      0.30453162      0.69539018      0.79071167     0.048235961      0.25490457      0.79666129       13.790414       147.65786        68.04736   2.0277995e-09       6.5392914       14.187354       1024.7172       15.709884       1405.1925      -14.166579       -14.166579       2547.9331                                 88.126117          15.709884             1405.1925          14.187354                      22.960238                       396.4276                                593.33762                        11.991749
              1       1259.4672       1.0417046     0.022432331      0.11767739     0.043304179       3.0087205      0.96686596       1.1547882      0.99797323      0.30265492      0.69726721      0.78897793     0.048234952      0.25303492      0.79246136        13.78428        147.6447       68.195588   2.0261459e-09       6.4754181       13.085296       1028.3089       14.819019       1405.5276      -15.411787       -15.411787       2549.7579                                 88.017196          14.819019             1405.5276          13.085296                      22.434165                       396.5414                                595.18209                        14.151213
              2       1255.8529        1.042161     0.022580886      0.11709394     0.047885686       3.0183753      0.96998957       1.1710859       0.9968912      0.29736112      0.70256214      0.79150927     0.047852957      0.24814312      0.78802041       13.752023       147.63609       68.693572   2.0458026e-09       6.9288483       10.457423       1024.2367       12.016505       1406.6028      -14.842396       -14.842396       2541.3907                                 88.077265          12.016505             1406.6028          10.457423                      22.297482                      395.84326                                593.22405                        12.871862
              1       1255.4539        1.042161     0.022580886      0.11709394     0.047885686       3.0183753      0.96998957       1.1715827       0.9980692      0.29736112      0.70256214      0.79150927     0.047852957      0.24814312      0.78802041       13.752023       147.63609       68.693572   2.0458026e-09       6.9288483       10.457423       1025.3379       12.016505       1406.6028      -15.318642       -15.318642       2541.5451                                 87.130394          12.016505             1406.6028          10.457423                      22.149452                      395.81944                                593.60261                        13.766423
              1       1256.1438       1.0423195     0.022447909      0.11717981     0.051771734       3.0259857      0.97228036       1.2212525      0.99887054      0.29810411      0.70181894      0.79620972     0.047706034      0.24902916      0.79368985       13.761909       147.76146       68.596394   2.0614314e-09       7.3605194        10.46522        1025.575       12.540347       1406.4402       -15.78736        -15.78736       2543.8623                                 88.841602          12.540347             1406.4402           10.46522                      21.717078                      395.71728                                594.96571                        13.174907
             10       1253.8996       1.0421897      0.02243156      0.11736156     0.053404274       3.0314404       0.9708652       1.2333606      0.99833224      0.29953993      0.70038283      0.79853792     0.047844483      0.25032156      0.79792538       13.768392       147.73104       68.472125   2.0727067e-09       7.5338898       10.907767       1019.7151        13.22651       1406.1368      -15.699593       -15.699593       2539.1983                                 89.212117           13.22651             1406.1368          10.907767                      22.158308                      395.81496                                590.61088                        11.130935
              5       1254.4714       1.0422195     0.022472738      0.11704195     0.053025964       3.0297469       0.9700741       1.2057482      0.99881802      0.29752747      0.70239565      0.79636492     0.047704861      0.24845525      0.79307641       13.761571        147.7709       68.635164   2.0691994e-09       7.4812469       10.405431       1022.4665       12.330015       1406.5661      -15.726332       -15.726332       2540.3954                                 88.627415          12.330015             1406.5661          10.405431                      22.223297                       395.7987                                592.22872                        12.215749
              2       1254.2982        1.042046     0.022469823      0.11656435     0.058985493       3.0430504      0.96978752       1.2174931      0.99956261      0.29553146      0.70439192      0.79976956     0.047541668      0.24662693      0.79379088       13.764722       147.90323       68.748404   2.0969111e-09       8.0694427       10.319232       1022.2154       11.725863       1407.0197      -15.849417       -15.849417       2540.2951                                  89.01503          11.725863             1407.0197          10.319232                      22.506963                      396.90852                                592.00857                        10.791301
             49       1255.5955        1.042046     0.022469823      0.11656435     0.058985493       3.0430504      0.96978752       1.1523291      0.99867554      0.29553146      0.70439192      0.79976956     0.047541668      0.24662693      0.79379088       13.764722       147.90323       68.748404   2.0969111e-09       8.0694427       10.319232       1023.1507       11.725863       1407.0197      -15.565246       -15.565246       2542.3215                                 90.106015          11.725863             1407.0197          10.319232                      22.626225                      396.90093                                593.28848                         10.33505
              3       1255.3725        1.042046     0.022469823      0.11656435     0.058985493       3.0430504      0.96978752       1.2522938       0.9991537      0.29553146      0.70439192      0.79976956     0.047541668      0.24662693      0.79379088       13.764722       147.90323       68.748404   2.0969111e-09       8.0694427       10.319232       1022.3236       11.725863       1407.0197      -15.866681       -15.866681       2542.4784                                 91.090006          11.725863             1407.0197          10.319232                      22.561634                      396.91504                                592.27139                        10.575517
              5       1254.2825        1.042046     0.022469823      0.11656435     0.058985493       3.0430504      0.96978752       1.2404143      0.99885709      0.29553146      0.70439192      0.79976956     0.047541668      0.24662693      0.79379088       13.764722       147.90323       68.748404   2.0969111e-09       8.0694427       10.319232       1022.7511       11.725863       1407.0197      -15.801266       -15.801266       2540.1676                                 88.351674          11.725863             1407.0197          10.319232                      22.601611                      396.91266                                  592.812                        10.424845
              3        1254.413       1.0420429     0.022470433      0.11656102      0.05889614       3.0427274      0.96969135       1.2385668      0.99994524      0.29551955      0.70440383      0.79959394     0.047541968      0.24661475      0.79360058       13.764734       147.90343        68.74912   2.0962337e-09        8.060318       10.319787       1023.0122       11.722091       1407.0225       -15.90197        -15.90197         2540.63                                   88.5534          11.722091             1407.0225          10.319787                      22.462885                      396.88333                                592.58778                        11.078254
              2       1255.0884       1.0420091     0.022536699      0.11604836     0.064570208       3.0535181      0.97201759       1.2592369      0.99971814      0.29256253      0.70736137      0.80249009     0.047356402      0.24385261      0.79248017       13.756122       147.96823        68.98518   2.1189761e-09       8.5839386       10.897338        1023.632        10.51166       1407.7464      -15.852434       -15.852434       2541.8817                                 89.094242           10.51166             1407.7464          10.897338                      22.299849                      398.81888                                592.21852                        10.294787
              2       1255.3441       1.0420084     0.022579043      0.11600217     0.062391424        3.049172      0.97254701       1.2479455       1.0003514      0.29209117      0.70783285      0.80056559     0.047370247      0.24336955      0.78994255       13.751399       147.93322       69.039867   2.1097868e-09       8.3649445       11.040776       1024.3868       10.240654       1407.8676      -15.768509       -15.768509       2542.2251                                 88.689315          10.240654             1407.8676          11.040776                      22.070464                      397.89994                                593.24268                        11.173756
              2       1254.7908       1.0420084     0.022579043      0.11600217     0.062391424        3.049172      0.97254701       1.2153917      0.99977619      0.29209117      0.70783285      0.80056559     0.047370247      0.24336955      0.78994255       13.751399       147.93322       69.039867   2.1097868e-09       8.3649445       11.040776       1023.6961       10.240654       1407.8676      -15.717398       -15.717398       2541.0165                                 88.171338          10.240654             1407.8676          11.040776                      22.141382                      397.90298                                 592.8035                        10.848259
              2       1256.2203       1.0419831     0.022593837      0.11579836      0.06241666       3.0503581      0.97290757       1.2119672       1.0005096      0.29102197      0.70890223      0.80033405     0.047291978      0.24238173      0.78826738       13.749557       147.97178       69.119607   2.1122908e-09       8.3600311       11.511728       1024.6563       9.8518386       1408.1482      -15.668172       -15.668172       2543.7769                                 89.608877          9.8518386             1408.1482          11.511728                      22.091134                      397.87678                                593.75597                        10.932367
              5       1257.1474       1.0420854     0.022587599      0.11573879     0.060887926       3.0469455      0.97236144       1.1961472       1.0009682      0.29045611       0.7094682      0.79870126     0.047209336       0.2419005      0.78589405       13.746875       147.99472       69.170528   2.1050946e-09       8.2133331       11.907807       1026.3543        9.607484       1408.3001      -15.590778       -15.590778       2545.4764                                 89.306702           9.607484             1408.3001          11.907807                      22.075138                      397.31197                                595.09654                         11.87063
              5       1257.8503       1.0424734     0.022683897      0.11606947     0.066396592       3.0604186      0.97535273       1.2650729      0.99995378      0.29054458      0.70937994       0.8061366     0.047279782      0.24192224      0.79333097       13.726748       147.79853       69.266158   2.1336487e-09       8.7215118       11.983032       1026.4692       9.1568722       1408.2763      -15.586325       -15.586325       2546.8733                                 90.987891          9.1568722             1408.2763          11.983032                      21.989691                      399.46101                                595.50055                        9.5179161
              1       1256.5684       1.0422964     0.022677811       0.1184897     0.051028922       3.0427377      0.96677032       1.2592823       1.0033024      0.30379708      0.69612534       0.8047842     0.048581713      0.25383546      0.80986123       13.744191       147.15645       68.322563   2.0962554e-09       7.2559357       13.960269       1018.7086       14.076561        1405.321       -14.72121        -14.72121       2542.5792                                 90.512847          14.076561              1405.321          13.960269                      23.219518                      395.67223                                590.99438                        8.8224499
              3       1257.0988       1.0422969     0.022675286      0.11846536     0.050933356       3.0430071      0.96686808       1.2599843       1.0047687      0.30368061      0.69624183      0.80484996     0.048566882      0.25373409      0.80977214       13.744334       147.16569        68.32919   2.0968202e-09        7.246109       13.850657       1018.0007       14.038336       1405.3416       -13.78138        -13.78138       2541.7604                                  90.52908          14.038336             1405.3416          13.850657                      23.020375                       395.6983                                590.16495                         9.117032
              1       1256.4658       1.0422922     0.022674851       0.1184369     0.050893215       3.0429464      0.96691411       1.2589889       1.0040676       0.3035458      0.69637666      0.80473933     0.048554287       0.2536122       0.8094811       13.744392       147.17373       68.337398   2.0966929e-09       7.2418976       13.738609       1017.8953       13.991065       1405.3657      -14.276705       -14.276705       2541.4851                                 90.494465          13.991065             1405.3657          13.738609                      23.117489                      395.67743                                590.16189                        8.9384443
              3       1256.0053       1.0421822     0.022717124      0.11825812     0.051319064       3.0405056      0.96994427        1.266636       1.0029665      0.30267579      0.69724682      0.80380139     0.048552137      0.25274697      0.80737811       13.742332        147.1746       68.402582   2.0915816e-09       7.2741852       13.251836       1018.5539       13.618472       1405.5238      -14.799376       -14.799376       2541.6094                                  90.66139          13.618472             1405.5238          13.251836                      22.484649                      395.72751                                591.06432                        9.2773828
              1       1257.4534       1.0421572     0.022708137       0.1183914     0.049589709       3.0390518      0.97024465       1.2723224       1.0044509      0.30351198      0.69641048      0.80378395     0.048624334      0.25350838      0.80847505       13.744647       147.14898        68.33826    2.088543e-09        7.099411       13.962472       1018.7062       13.986104       1405.3717      -13.949077       -13.949077       2542.8049                                 90.778359          13.986104             1405.3717          13.962472                      22.295076                      395.70658                                591.22889                        9.4756579
              1       1256.7058       1.0421526     0.022700823      0.11836241     0.049621556       3.0388298      0.97017419       1.2702279       1.0032524      0.30341424      0.69650823       0.8035993     0.048605467      0.25342959      0.80815916       13.745432       147.16475       68.340514   2.0880793e-09       7.1036224       13.862803       1018.8799       13.973141       1405.3893      -14.704189       -14.704189         2542.82                                 90.714889          13.973141             1405.3893          13.862803                      22.446336                      395.70494                                591.55992                        9.1687388
              1       1257.1557       1.0423322     0.022722972      0.11825037     0.048127944       3.0359677      0.97054469       1.2595334       1.0033422      0.30215436      0.69776838      0.80224751     0.048481623      0.25229841      0.80512291       13.737211       147.16995       68.461119   2.0821117e-09       6.9428864       12.711245       1021.5726       13.288161       1405.6211      -14.584804       -14.584804        2543.481                                 90.287803          13.288161             1405.6211          12.711245                      22.363669                       395.7849                                593.93148                        9.4925918
              1       1259.1784       1.0423322     0.022722972      0.11825037     0.048127944       3.0359677      0.97054469       1.2430253       1.0023655      0.30215436      0.69776838      0.80224751     0.048481623      0.25229841      0.80512291       13.737211       147.16995       68.461119   2.0821117e-09       6.9428864       12.711245        1025.473       13.288161       1405.6211      -15.006678       -15.006678       2548.3701                                 91.276522          13.288161             1405.6211          12.711245                      22.489781                      395.77211                                598.02415                        9.1869721
              5       1258.4689       1.0424024     0.022759866      0.11808865     0.054833444       3.0507194      0.96940986       1.2628954       1.0053437      0.30087643      0.69904657      0.80717887     0.048397616      0.25110909      0.80835706       13.730446       147.17276       68.576113   2.1130541e-09       7.6188202       11.881644        1020.522       12.651085       1405.8674       -13.09294        -13.09294       2543.1238                                 92.201646          12.651085             1405.8674          11.881644                       22.63615                      396.02075                                592.81288                         9.052215
              1       1256.7259       1.0423474     0.022711111      0.11818428     0.060188229       3.0591768      0.96924848       1.2898353       1.0034016      0.30182785      0.69809493      0.81103381     0.048430614      0.25202364      0.81350081       13.737721       147.20163       68.479283   2.1310007e-09       8.1592865       12.435479       1017.8712        13.18649        1405.683      -14.618328       -14.618328       2542.6885                                 93.512332           13.18649              1405.683          12.435479                      22.929807                      397.32458                                 589.0767                        8.5401089
              4       1257.3868       1.0425076     0.022712927      0.11812402     0.061044408       3.0599573      0.96985404       1.2936587       1.0034195      0.30102375       0.6988992       0.8114622     0.048325405      0.25132784      0.81284559       13.732488       147.21572       68.556526   2.1326646e-09       8.2414093       11.794889        1019.904       12.758493       1405.8384      -14.607045       -14.607045       2543.9877                                 93.691862          12.758493             1405.8384          11.794889                      22.789126                      397.60761                                590.87646                        8.6308143
              1       1258.1437       1.0424983     0.022756778      0.11821543     0.061205247       3.0597671       0.9711319       1.3051357       1.0026496      0.30128065      0.69864232      0.81191095     0.048413739      0.25149654      0.81364205       13.728511       147.14303       68.560042    2.132259e-09       8.2484283       12.033302       1021.2994       12.739178       1405.7883      -14.866162       -14.866162       2546.0198                                 94.159536          12.739178             1405.7883          12.033302                      22.604072                      397.59768                                592.49519                         8.602509
              1       1258.2642       1.0424983     0.022756778      0.11821543     0.061205247       3.0597671       0.9711319       1.3029359       1.0024043      0.30128065      0.69864232      0.81191095     0.048413739      0.25149654      0.81364205       13.728511       147.14303       68.560042    2.132259e-09       8.2484283       12.033302       1021.5593       12.739178       1405.7883      -14.963864       -14.963864       2546.4561                                 94.336041          12.739178             1405.7883          12.033302                      22.637245                      397.59768                                592.74635                        8.5780089
              1       1259.1413       1.0423689     0.022809587      0.11858091     0.052433267       3.0422236      0.96914546       1.2544228       1.0020814      0.30329296      0.69662972      0.80514385     0.048706341      0.25321116      0.80955063       13.728392       146.98715       68.433059   2.0951779e-09       7.3738556       13.776637       1023.3151       13.445989       1405.4112      -14.861452       -14.861452       2548.0056                                 92.056702          13.445989             1405.4112          13.776637                      22.733886                       395.7403                                595.79844                        9.0424813
              1       1259.2064       1.0423776     0.022812081      0.11850509     0.052286196       3.0414783        0.969459       1.2514676       1.0012485      0.30285029      0.69707246      0.80467701     0.048665693      0.25281044      0.80849058       13.727524       147.00448       68.465375    2.093617e-09       7.3570099       13.401405       1024.4406       13.264304       1405.4918      -15.070692       -15.070692       2548.5542                                 91.956136          13.264304             1405.4918          13.401405                      22.762999                      395.69272                                597.03217                        8.9527166
              2       1259.8594        1.042261     0.022725755      0.11854397     0.049693674       3.0364116      0.97042468        1.253089       1.0036697      0.30391083      0.69601162      0.80332208     0.048667571      0.25386383      0.80854122       13.740375       147.08906       68.334391   2.0830361e-09       7.1092377       14.238354       1023.0362       14.008374       1405.3009      -14.384565       -14.384565       2548.4879                                  91.90412          14.008374             1405.3009          14.238354                      22.168274                      395.70018                                595.22729                        9.9404668
              1       1257.4536       1.0422823     0.022697091      0.11828255     0.047156268       3.0350613      0.96850775       1.2248868        1.003769      0.30262431      0.69729831      0.80143321     0.048499565      0.25274834      0.80493092       13.741604       147.18989       68.409462   2.0802253e-09       6.8460236       13.056162       1020.3747       13.579439       1405.5334      -14.354834       -14.354834       2543.6168                                 91.073163          13.579439             1405.5334          13.056162                      22.723756                       395.8841                                 592.3211                        9.4457036
              2       1257.9563       1.0423967     0.022673511      0.11844731     0.045816679       3.0325144      0.96829617       1.2250529       1.0038274       0.3032969      0.69662563      0.80111142       0.0485085      0.25341031      0.80550136       13.741473       147.17204       68.367621    2.074934e-09       6.7112579       13.407764       1021.0192       13.817686       1405.4104      -14.377395       -14.377395       2544.6675                                 91.012403          13.817686             1405.4104          13.407764                      22.700705                      396.08035                                592.61046                        9.6276997
              3       1257.2692       1.0423967     0.022673511      0.11844731     0.045816679       3.0325144      0.96829617        1.263829       1.0032969       0.3032969      0.69662563      0.80111142       0.0485085      0.25341031      0.80550136       13.741473       147.17204       68.367621    2.074934e-09       6.7112579       13.407764       1022.3235       13.817686       1405.4104      -14.740268       -14.740268        2544.019                                 89.059589          13.817686             1405.4104          13.407764                      22.772912                      396.07793                                594.03017                        9.4425104
              1       1256.2351       1.0422556     0.022667273      0.11831576     0.049324412       3.0386029      0.96987349       1.2870542       1.0044773      0.30305429      0.69686823      0.80348463     0.048503508      0.25317245      0.80756439       13.745732       147.21415       68.361734   2.0876057e-09       7.0790558        13.35307       1017.6801       13.851373       1405.4544      -14.046386       -14.046386       2540.5631                                 90.224126          13.851373             1405.4544           13.35307                      22.366669                      395.69854                                 590.0581                        9.5568015
              3       1254.8618       1.0422917     0.022644875      0.11729188     0.050526544       3.0377198      0.97223008       1.2594316       1.0044299      0.29765932      0.70226401      0.80042582     0.047947184      0.24834827      0.79729713       13.742255       147.51216       68.723206   2.0857629e-09       7.1934662       10.517623       1019.7845       11.858986       1406.5371       -14.09888        -14.09888       2537.9214                                 89.223137          11.858986             1406.5371          10.517623                      21.920495                      395.68225                                591.36924                        10.812546
              3       1255.5104       1.0423236     0.022683466      0.11725073      0.05028652       3.0366899      0.97166397       1.2479124       1.0022095      0.29713173      0.70279173      0.79956289     0.047944639      0.24782562      0.79573145       13.736999       147.48034       68.783565    2.083616e-09       7.1604767       10.435071       1023.8508       11.541362       1406.6539      -15.173269       -15.173269       2541.3674                                  88.88629          11.541362             1406.6539          10.435071                       22.26762                      395.71004                                 595.8224                        10.050756
              3       1254.2228       1.0421871     0.022685473      0.11702665      0.05316684       3.0419228      0.97114221       1.2471574        1.003893      0.29634149      0.70358206       0.8005813     0.047897021      0.24708447      0.79568476       13.739771       147.53834       68.820791   2.0945478e-09       7.4496613       10.367773       1019.6446       11.347614       1406.8323      -14.345338       -14.345338       2537.1363                                 88.944087          11.347614             1406.8323          10.367773                       22.21274                      395.78004                                591.17733                        10.474453
              1       1254.4817       1.0422067     0.022677508      0.11668611     0.051155188       3.0357287      0.97237483       1.2261361       1.0029189      0.29454681      0.70537701      0.79733546     0.047708698      0.24548298      0.79005552       13.738388       147.63837       68.944382   2.0816141e-09       7.2418976       10.389209       1022.0032       10.716144       1407.2539       -14.86022        -14.86022       2538.6839                                 88.321435          10.716144             1407.2539          10.389209                      21.965152                      395.63697                                592.95645                        11.444616
              1       1255.5592       1.0421602     0.022717065      0.11662111     0.050078203       3.0348317      0.97247611       1.2199569       1.0039272      0.29412135      0.70580257       0.7965743     0.047731558      0.24503637      0.78873105       13.735242       147.61179       68.987961   2.0797477e-09       7.1225739         10.4338       1023.0709       10.497795       1407.3572      -14.196021       -14.196021       2539.5104                                 88.150815          10.497795             1407.3572            10.4338                      21.892931                      395.71876                                593.62051                        11.838658
              3       1256.8103       1.0419956     0.022662768      0.11692646     0.045530676        3.024971      0.96980336       1.1888738        1.003881      0.29649932      0.70342412      0.79300334     0.047916523      0.24722088        0.788363       13.747402        147.5898       68.772345   2.0593408e-09       6.6621246       10.417897       1025.7546       11.600077       1406.7963      -14.292743       -14.292743        2542.206                                 87.637189          11.600077             1406.7963          10.417897                      22.136718                      396.16354                                594.49012                        12.964174
             10       1257.5829       1.0419363     0.022730316      0.11707783      0.04656522       3.0233983      0.97080172       1.1949527       1.0022121       0.2970869       0.7028365      0.79287931     0.048079525      0.24764489      0.78902036         13.7427       147.47439       68.757908   2.0561046e-09       6.7603912       10.588234       1028.4246       11.675847       1406.6639      -14.949468       -14.949468       2545.0646                                 87.712114          11.675847             1406.6639          10.588234                      21.973597                      396.00989                                597.24228                        13.198825
              2       1257.2385        1.042001     0.022670351      0.11630975     0.051450406       3.0304144      0.97461032       1.2132556       1.0021856       0.2932135      0.70671046      0.79442871      0.04760816      0.24425264      0.78539166       13.743425       147.74755       69.006249   2.0705811e-09        7.267868       10.603004        1028.198       10.406832       1407.5818      -15.151743       -15.151743       2544.7804                                  87.99078          10.406832             1407.5818          10.603004                      21.400143                      395.67958                                 597.3224                        13.795906
              3       1257.9469       1.0422491     0.022575445      0.11690281       0.0510417       3.0231052      0.97427919       1.2210177      0.99887426      0.29613025      0.70379322      0.79411884     0.047710236      0.24705871      0.78898048       13.749058       147.69369       68.787952   2.0555019e-09       7.2545319       10.313362       1030.2668       11.518442       1406.8807      -15.636963       -15.636963       2547.1678                                  88.18847          11.518442             1406.8807          10.313362                      21.377299                      395.68114                                598.69027                        14.518128
              3       1255.9179       1.0423423     0.022636907      0.11675972     0.053076184       3.0266318       0.9742193       1.2196142      0.99678311      0.29476677      0.70515701      0.79482272     0.047647613      0.24576334      0.78785974       13.739038        147.6639       68.926777   2.0627637e-09       7.4475555       10.382159       1024.8572       10.804992        1407.201      -14.792772       -14.792772       2541.4214                                 88.175991          10.804992              1407.201          10.382159                      21.662103                      395.71553                                  594.591                         12.88859
              4       1255.0196       1.0423889     0.022587535      0.11722104     0.053292843       3.0278808       0.9710107       1.2196385      0.99659179      0.29732826      0.70259508      0.79619869     0.047816184      0.24814849      0.79264537       13.745144       147.59506       68.730098   2.0653417e-09       7.4868622       10.395091       1022.4762       11.822501       1406.6101      -14.785987       -14.785987       2539.6111                                 88.307217          11.822501             1406.6101          10.395091                      22.219808                      395.78536                                592.50947                        11.961552
              3       1255.4289       1.0421436     0.022508073      0.11703473     0.048096445       3.0190733      0.96957154       1.1819726      0.99724927      0.29751126      0.70241189      0.79174052     0.047767684      0.24837656      0.78844962       13.760026       147.73304       68.643919   2.0472311e-09       6.9646454        10.44357       1024.1979       12.282767       1406.5696      -15.141622       -15.141622        2541.141                                 87.647095          12.282767             1406.5696           10.44357                      22.333243                      395.77222                                593.22449                        12.867949
              1        1256.714       1.0420685      0.02247995      0.11707843     0.046901995       3.0141776      0.96910843       1.1683848      0.99717196      0.29812055      0.70180245      0.78986923     0.047800392      0.24895049      0.78739114       13.765477       147.75255       68.577547   2.0372329e-09       6.8446198       10.575866       1026.4479        12.64324       1406.4366       -15.10156        -15.10156       2543.6311                                 87.527495           12.64324             1406.4366          10.575866                      22.218754                       395.9371                                593.91816                        14.373853
              3       1257.2605       1.0420699     0.022489582      0.11703473     0.047744426       3.0155013      0.96906974       1.1689178      0.99747456      0.29783107      0.70209198      0.79019015     0.047786047      0.24867636      0.78732853       13.764197       147.75362        68.60253   2.0399314e-09        6.930954       10.516141          1027.9       12.506939       1406.4995      -15.223107       -15.223107       2544.9672                                 87.544636          12.506939             1406.4995          10.516141                      22.194714                       395.8214                                595.26204                        14.621795
              1       1258.1939       1.0420838     0.022619749      0.11762184     0.050230627       3.0175435      0.97390656       1.2318144      0.99451711      0.30015476      0.69976809      0.79396378     0.048191011      0.25059143      0.79416855        13.75269       147.45179       68.511089   2.0441016e-09       7.1724091       11.501898       1023.9684       13.009399       1406.0113      -13.272993       -13.272993       2542.9338                                 88.442754          13.009399             1406.0113          11.501898                      21.607112                      395.72082                                593.87917                        12.761328
              1        1258.451        1.042079     0.022621668       0.1176114      0.05067051       3.0181263      0.97387298       1.2324607      0.99501438      0.30010249      0.69982037      0.79413674      0.04818962      0.25054071      0.79427238       13.752578       147.45249       68.514984   2.0452933e-09       7.2173309       11.481741       1025.3184       12.987798       1406.0219       -13.68678        -13.68678       2544.2755                                 88.465625          12.987798             1406.0219          11.481741                      21.553264                      395.70009                                594.91569                        13.149381
              1        1258.568        1.042079     0.022621668       0.1176114      0.05067051       3.0181263      0.97387298       1.2316726      0.99512393      0.30010249      0.69982037      0.79413674      0.04818962      0.25054071      0.79427238       13.752578       147.45249       68.514984   2.0452933e-09       7.2173309       11.481741       1025.7085       12.987798       1406.0219      -13.771829       -13.771829       2544.6796                                 88.479676          12.987798             1406.0219          11.481741                      21.541521                      395.69116                                595.24543                        13.230373
              4       1258.1819       1.0420826      0.02263289      0.11764589     0.051481881       3.0207097      0.97367446       1.2374663      0.99563083      0.30021012      0.69971273      0.79517816     0.048215173      0.25062274      0.79545659       13.751436       147.43089       68.513813   2.0505839e-09       7.2987518       11.551839       1025.4311       12.994287       1406.0002      -14.133904       -14.133904       2544.6317                                 88.654316          12.994287             1406.0002          11.551839                       21.58616                       395.6882                                595.28446                        12.872269
              3       1257.7147       1.0420627     0.022634301       0.1176409     0.051451893       3.0206507      0.97378435       1.2379396       0.9949805      0.30023413      0.69968871      0.79514789     0.048223259      0.25063852      0.79545812       13.751852       147.43066       68.510204   2.0504629e-09       7.2952423       11.581688       1023.4625       13.014309       1405.9953      -13.643315       -13.643315        2542.716                                 88.662234          13.014309             1405.9953          11.581688                      21.639506                      395.68162                                593.73095                        12.410401
              5       1256.9318       1.0420623     0.022590391      0.11721076     0.055465915       3.0309265      0.97437778       1.2531587      0.99791788      0.29821157      0.70171154      0.79811032     0.047966838      0.24887702      0.79572782       13.754509       147.59483       68.626418   2.0716417e-09       7.7044525       10.698475       1026.0541       12.377309        1406.417      -15.419785       -15.419785       2544.7032                                  89.15632          12.377309              1406.417          10.698475                      21.472962                       396.0617                                595.99447                        12.524985
              2       1252.9215       1.0420867     0.022592986      0.11731752     0.055157056       3.0362876      0.97146322       1.2477035      0.99888616      0.29868919      0.70123386      0.79974256     0.048011795      0.24930856      0.79799346       13.754016       147.56332        68.59822   2.0827779e-09       7.6742706       10.839829       1018.3056       12.530401       1406.3149      -15.654736       -15.654736       2537.1525                                  89.16182          12.530401             1406.3149          10.839829                      22.166424                      396.02781                                589.48045                        10.630874
              1       1252.9586       1.0421074     0.022618105      0.11715743     0.058634902       3.0436256      0.97247978       1.2662678      0.99910437      0.29764105       0.7022822      0.80234435     0.047942545      0.24833316      0.79918364        13.74995        147.5786       68.685895   2.0981175e-09       8.0111847       10.556171       1018.3192       12.057481       1406.5411      -15.668471       -15.668471       2537.2541                                 89.780188          12.057481             1406.5411          10.556171                      22.110377                      396.73154                                589.41612                        10.061122
              3       1257.0777       1.0422725     0.022558043      0.11631616      0.06390386       3.0477514      0.97097336        1.231682      0.99606892      0.29308886      0.70683507      0.80094843     0.047388116      0.24434759       0.7916689       13.747342       147.87207       68.994741   2.1067919e-09       8.5207672       10.795127       1025.5502       10.464024       1407.6131      -14.549133       -14.549133       2543.2536                                 88.831143          10.464024             1407.6131          10.795127                      22.643881                      398.59551                                594.07454                        10.236314
              2       1256.7513       1.0420183      0.02249411      0.11585754     0.062737402       3.0455161       0.9724238       1.2223038      0.99793833      0.29177445      0.70814954      0.79891814     0.047218746      0.24320355      0.78788944       13.759434       148.06732       69.020354   2.1020877e-09       8.4154816       11.275895       1026.4433       10.336946       1407.9498      -15.510531       -15.510531       2544.5237                                 88.517757          10.336946             1407.9498          11.275895                      22.138164                      398.02359                                594.79432                        11.487223
              9       1256.9315       1.0420183      0.02249411      0.11585754     0.062737402       3.0455161       0.9724238        1.163862      0.99717922      0.29177445      0.70814954      0.79891814     0.047218746      0.24320355      0.78788944       13.759434       148.06732       69.020354   2.1020877e-09       8.4154816       11.275895       1027.4397       10.336946       1407.9498      -15.078365       -15.078365       2544.0197                                 87.017378          10.336946             1407.9498          11.275895                      22.233706                       398.0579                                 596.1108                        11.037284
              1       1258.7405       1.0420908     0.022481053      0.11614661     0.062430564        3.053964      0.97648372       1.2316062       1.0018864      0.29314887      0.70677491      0.80470922     0.047319667      0.24447338      0.79546754       13.760119       148.00373         68.9267   2.1199211e-09       8.3944244       10.769758       1023.6692        10.80538       1407.5979      -15.595948       -15.595948       2548.6729                                 95.830682           10.80538             1407.5979          10.769758                      21.483257                      397.83245                                594.21267                        10.140803
              4       1260.0581       1.0420908     0.022481053      0.11614661     0.062430564        3.053964      0.97648372       1.2183961       1.0018732      0.29314887      0.70677491      0.80470922     0.047319667      0.24447338      0.79546754       13.760119       148.00373         68.9267   2.1199211e-09       8.3944244       10.769758        1023.698        10.80538       1407.5979      -15.575491       -15.575491       2551.2673                                 98.396174           10.80538             1407.5979          10.769758                      21.484663                      397.83245                                594.24608                        10.134838
              1       1260.9615       1.0420899     0.022490038      0.11615197     0.062365713       3.0544021      0.97640797       1.2186146       1.0014278      0.29313002      0.70679377      0.80484219     0.047330661      0.24444377       0.7955734       13.759215       147.99222       68.932465   2.1208502e-09       8.3860016       10.768554       1025.7305       10.776245       1407.6027      -15.684645       -15.684645       2553.2923                                 98.414394          10.776245             1407.6027          10.768554                      21.574229                      397.83976                                596.53101                        9.7854835
              1       1259.6377       1.0420092      0.02250853      0.11615577     0.063014774       3.0550629      0.97648149       1.2200534       1.0021266      0.29327887       0.7066449      0.80499569     0.047386049      0.24453675      0.79592714       13.759661       147.97057       68.920484   2.1222521e-09       8.4442596       10.682692       1022.6441       10.836839       1407.5653      -15.468555       -15.468555       2550.2124                                 98.483465          10.836839             1407.5653          10.682692                      21.469667                      398.04536                                593.00658                        10.122478
              2       1257.2307       1.0420092      0.02250853      0.11615577     0.063014774       3.0550629      0.97648149       1.2496984       1.0018374      0.29327887       0.7066449      0.80499569     0.047386049      0.24453675      0.79592714       13.759661       147.97057       68.920484   2.1222521e-09       8.4442596       10.682692        1023.091       10.836839       1407.5653      -15.610751       -15.610751       2545.6828                                 93.506933          10.836839             1407.5653          10.682692                      21.500497                      398.04963                                593.54647                        9.9944423
              3       1258.5804       1.0424504     0.022508532      0.11860995     0.066480446       3.0639763      0.96796554       1.3075309      0.99955474      0.30497275      0.69494935      0.81499442     0.048422418       0.2551646      0.82172126       13.758239       147.31318       68.178956   2.1412531e-09       8.8211823       14.363839       1018.0716       14.917681       1405.1174      -15.926036       -15.926036       2549.0128                                 96.542307          14.917681             1405.1174          14.363839                      23.315024                      400.18117                                586.00187                        8.5735344
             10       1257.0508       1.0423572     0.022463003      0.11845425     0.060598889       3.0464599      0.96895873       1.2670424       0.9973166      0.30468623      0.69523583      0.80776762       0.0483477      0.25495214      0.81405215       13.765164       147.40456       68.162576   2.1040725e-09       8.2624664       14.098248       1016.3931       15.015175       1405.1661      -15.373439       -15.373439       2544.8485                                  94.17588          15.015175             1405.1661          14.098248                       22.80416                      397.59023                                586.92232                         9.076386
              1       1256.7689        1.042384     0.022676155      0.11759936     0.057683221       3.0378196       0.9698543       1.2031403      0.99657592      0.29883007      0.70109314      0.80075557     0.048086389      0.24937774      0.79919266       13.737633       147.39588       68.671041   2.0859711e-09       7.9122162       10.827742       1021.2649       12.136967       1406.2851      -14.561034       -14.561034       2542.6599                                 92.145209          12.136967             1406.2851          10.827742                      22.627737                      396.54198                                591.73659                        10.358593
              3       1258.3081       1.0424221     0.022644382      0.11767291     0.057097589       3.0354705      0.96844422       1.1906474      0.99682262      0.29928769      0.70063543      0.79980459     0.048078293      0.24984177      0.79885451       13.740235       147.41141       68.628691   2.0810767e-09       7.8630829       10.935163       1024.6838       12.365008       1406.1892      -14.735037       -14.735037       2546.0864                                 91.913168          12.365008             1406.1892          10.935163                      22.754834                      396.42943                                594.50674                        10.992841
              5       1257.4337       1.0424769     0.022582403      0.11789404     0.054284628       3.0352282      0.96820751       1.2013146       0.9969297      0.30065153      0.69927132       0.8007076     0.048110871      0.25116836       0.8015766       13.746257       147.42088       68.511499   2.0805726e-09       7.5991669       11.412116       1022.3589       13.007128       1405.9118      -14.932108       -14.932108       2544.7315                                 92.041568          13.007128             1405.9118          11.412116                      23.024727                      395.95706                                593.68456                        9.6925311
              4       1255.9802        1.042448     0.022557129      0.11783226     0.054480423       3.0348825      0.96865975       1.2029714      0.99860686      0.30055491      0.69936792      0.80057332     0.048071238      0.25111096      0.80131339       13.749523       147.46543       68.501371   2.0798534e-09       7.6230316       11.347238       1020.7093       13.063381       1405.9311      -15.575175       -15.575175       2543.1108                                 92.059889          13.063381             1405.9311          11.347238                      22.654257                      395.99729                                591.43363                        10.624084
              1       1254.7033       1.0422402     0.022608817      0.11779172     0.054877884       3.0393482      0.96786478       1.2035025      0.99972552      0.30065622      0.69926658      0.80158277     0.048193821      0.25108934      0.80245898       13.750001       147.41894       68.492535   2.0891622e-09       7.6511078       11.627537       1017.8491        13.11256       1405.9109      -15.637608       -15.637608       2540.6818                                 92.181634           13.11256             1405.9109          11.627537                      22.932676                      396.03095                                589.09942                        9.7860963
              1       1255.4848       1.0422295      0.02260707      0.11780453     0.054314097       3.0381379      0.96786941       1.2011266      0.99870046      0.30076578      0.69915701      0.80114192     0.048203874      0.25118845      0.80216376       13.750565       147.41741       68.482747   2.0866352e-09       7.5949554       11.692714       1019.1215       13.167144       1405.8892      -15.506631       -15.506631       2541.9828                                 92.112237          13.167144             1405.8892          11.692714                      23.050503                      395.96016                                590.61822                        9.4926609
              3       1256.1525       1.0422261      0.02260449      0.11772864     0.054271287       3.0379214      0.96788884       1.1976446      0.99836551      0.30038869      0.69953415      0.80080592     0.048164737      0.25085146      0.80132453       13.750588       147.44053       68.506655   2.0861835e-09       7.5900421       11.491338       1020.6161       13.034018       1405.9643      -15.425074       -15.425074       2543.1552                                 92.049494          13.034018             1405.9643          11.491338                       23.09441                      395.92573                                592.16173                        9.4342093
              6       1255.1352       1.0422261      0.02260449      0.11772864     0.054271287       3.0379214      0.96788884        1.176773      0.99911192      0.30038869      0.69953415      0.80080592     0.048164737      0.25085146      0.80132453       13.750588       147.44053       68.506655   2.0861835e-09       7.5900421       11.491338       1018.4622       13.034018       1405.9643      -15.525441       -15.525441       2541.3213                                 92.369483          13.034018             1405.9643          11.491338                      22.986516                      395.94354                                589.81823                        9.7139391
             58       1253.3099       1.0422261      0.02260449      0.11772864     0.054271287       3.0379214      0.96788884       1.1796633      0.99984378      0.30038869      0.69953415      0.80080592     0.048164737      0.25085146      0.80132453       13.750588       147.44053       68.506655   2.0861835e-09       7.5900421       11.491338       1018.1741       13.034018       1405.9643      -15.593928       -15.593928       2537.8076                                 89.143911          13.034018             1405.9643          11.491338                      22.882865                       395.9398                                589.33269                        10.018701
              2       1253.9124       1.0422261      0.02260449      0.11772864     0.054271287       3.0379214      0.96788884       1.2447809       1.0004174      0.30038869      0.69953415      0.80080592     0.048164737      0.25085146      0.80132453       13.750588       147.44053       68.506655   2.0861835e-09       7.5900421       11.491338       1019.2233       13.034018       1405.9643       -15.71466        -15.71466       2539.2541                                 89.541196          13.034018             1405.9643          11.491338                      22.802797                      395.94303                                590.19891                        10.278545
              2       1253.7005       1.0422956     0.022648612      0.11745438     0.056069525       3.0409303      0.96871849       1.2447289      0.99895807      0.29848237      0.70144084      0.80118634     0.048030899      0.24908545      0.79915725       13.742514       147.46501       68.668955     2.09247e-09       7.7563934       10.730409       1020.2685       12.148148        1406.359      -15.552537       -15.552537       2538.5061                                 89.000023          12.148148              1406.359          10.730409                      22.913933                      396.22996                                591.41006                        9.7145646
              3       1253.7886       1.0423627     0.022642997       0.1175821     0.056961621       3.0426501      0.96825028       1.2509909      0.99896498      0.29899081      0.70093233        0.802259     0.048059097      0.24956456      0.80090848        13.74172       147.43719       68.640296   2.0960717e-09       7.8483429       10.857665       1020.0919       12.302308       1406.2512      -15.575282       -15.575282       2538.7278                                 89.224719          12.302308             1406.2512          10.857665                      23.020303                      396.43129                                 591.0632                        9.5771251
              7       1252.8233        1.042261     0.022599521      0.11760679     0.058995456       3.0482603      0.96906835       1.2756979       1.0001636       0.2996693      0.70025366      0.80494213     0.048082081      0.25021677      0.80449835       13.749505       147.47901       68.557976   2.1078641e-09       8.0589142       11.123266        1017.149       12.750527       1406.1103      -15.776658       -15.776658          2537.2                                 90.066993          12.750527             1406.1103          11.123266                      22.838474                       396.9351                                588.12825                        9.2471481
              3       1253.3469       1.0422676     0.022612884       0.1174856     0.057569194       3.0475019      0.96863276       1.2643321       1.0005895      0.29893306      0.70099002      0.80403022      0.04802908      0.24953586       0.8025992       13.747309       147.49645       68.616071   2.1062662e-09       7.9129181       10.852684       1018.8843       12.433378       1406.2634      -15.712543       -15.712543       2538.1188                                  89.68513          12.433378             1406.2634          10.852684                      22.987829                      396.59567                                590.16356                        9.1372315
              4       1254.8409       1.0423671     0.022643513      0.11749655     0.058178622       3.0482866      0.96803271       1.2599665      0.99970294      0.29852429      0.70139893      0.80415741     0.048014184      0.24914425      0.80217713       13.741132       147.45958       68.673175   2.1079196e-09       7.9669647       10.705358       1022.2598       12.125528         1406.35      -15.665367       -15.665367       2541.0126                                 89.571897          12.125528               1406.35          10.705358                      23.250734                       396.7157                                  593.343                        8.9503859
              2       1253.4676       1.0423687      0.02264449      0.11747986     0.057539302       3.0469472      0.96810961       1.2564115       1.0009856      0.29842598      0.70149725      0.80358191     0.048005805      0.24905462      0.80147105         13.7409        147.4629        68.68065   2.1050981e-09       7.9030914       10.677135       1019.5398       12.085517        1406.371      -15.587781       -15.587781       2538.1108                                 89.437368          12.085517              1406.371          10.677135                      23.022343                      396.57302                                590.48567                        9.4587312
              5       1255.8248       1.0423687      0.02264449      0.11747986     0.057539302       3.0469472      0.96810961       1.3236622       1.0005669      0.29842598      0.70149725      0.80358191     0.048005805      0.24905462      0.80147105         13.7409        147.4629        68.68065   2.1050981e-09       7.9030914       10.677135       1019.8591       12.085517        1406.371      -15.699443       -15.699443       2543.0485                                 94.055798          12.085517              1406.371          10.677135                      23.082929                      396.58317                                590.88069                        9.3122862
              1       1257.5094       1.0425204     0.022649586      0.11695805      0.05913972       3.0512545      0.96864923       1.3162238       1.0030425      0.29521835      0.70470543      0.80374787       0.0476755        0.246187      0.79731673       13.733354        147.5971       68.925909   2.1141851e-09       8.0511932       10.345146       1024.3224        10.80938       1407.0935      -14.970261       -14.970261       2544.9592                                 92.388799           10.80938             1407.0935          10.345146                      22.838226                      396.93532                                594.50907                        10.039801
              4       1260.5676       1.0422704     0.022630047      0.11707057     0.061032496       3.0564333       0.9623082       1.2842707       1.0010768      0.29664186       0.7032816       0.8041456     0.047832351      0.24744802       0.7996322       13.743409       147.58882        68.78312   2.1251624e-09       8.2407074       10.356508       1031.8857       11.543688        1406.764      -15.635876       -15.635876        2552.407                                 91.857212          11.543688              1406.764          10.356508                      24.759406                      397.81943                                600.75984                        8.5469878
              1       1259.3606       1.0423231     0.022549783      0.11699632     0.061136151       3.0577356      0.96332041       1.2973172       1.0035427       0.2965508       0.7033726      0.80510313     0.047700585      0.24748765      0.80046149       13.750043       147.69802       68.755799   2.1279318e-09       8.2687836       10.315469       1027.5152       11.686935       1406.7846      -14.876684       -14.876684       2548.4745                                 92.172266          11.686935             1406.7846          10.315469                       24.16265                       397.7897                                 596.5616                        9.0012849
              1       1256.8111       1.0422632     0.022632865      0.11687495     0.066664131       3.0683487      0.96786594       1.3511698       1.0031233      0.29562072       0.7043029      0.80995063     0.047739215      0.24652283      0.80401723       13.742378       147.63869       68.854469    2.150636e-09       8.7741547       10.318474       1021.5732        11.17375       1406.9989      -14.974402       -14.974402       2543.5711                                 93.506788           11.17375             1406.9989          10.318474                       23.41524                      399.99903                                589.66361                        8.4953051
              2       1255.6401       1.0423691     0.022562337      0.11709729     0.062933475       3.0542209      0.96942672       1.3412166       1.0007857      0.29687721      0.70304616       0.8059104     0.047741013      0.24777323      0.80170495       13.747823       147.65712       68.745809   2.1204659e-09       8.4407501       10.335329       1021.0261       11.739535       1406.7108      -15.832398       -15.832398       2542.9449                                 93.133081          11.739535             1406.7108          10.335329                       22.74481                      398.29117                                590.40553                        9.5846279
              3       1255.8857       1.0424501     0.022567124      0.11716217     0.064229708       3.0569053      0.96916609       1.3483036      0.99940221      0.29695583      0.70296756      0.80719065     0.047740083       0.2478531      0.80308484       13.745217       147.63452       68.753771   2.1261656e-09       8.5656891       10.330886       1021.3732       11.697604       1406.6932      -15.846238       -15.846238       2543.4639                                 93.369086          11.697604             1406.6932          10.330886                      23.049654                      398.85737                                590.50245                        8.9636808
              3       1255.6703       1.0424311     0.022535416      0.11712734     0.064630104       3.0575424      0.96924063       1.3509291       1.0002339      0.29700698      0.70291637        0.807465     0.047703828      0.24793962      0.80342697       13.748996       147.67917       68.731556   2.1275206e-09        8.610611       10.327614       1020.8947       11.814786       1406.6817       -15.91708        -15.91708       2543.1748                                 93.455986          11.814786             1406.6817          10.327614                      22.909397                      399.05943                                589.74799                        9.1779175
              3       1257.0801       1.0425088     0.022529371      0.11723483     0.067087555        3.061413      0.96888689       1.3627002      0.99868686      0.29738027      0.70254303      0.80939187     0.047716474      0.24829954      0.80585014       13.747845       147.65731        68.71323   2.1357715e-09       8.8471527       10.348826       1023.0046       11.911894       1406.5986      -15.790379       -15.790379       2545.7409                                 93.876997          11.911894             1406.5986          10.348826                      23.219107                      400.29091                                590.78701                        8.7075429
              1       1256.7117       1.0425661     0.022490827      0.11767469     0.064039833       3.0574511      0.96791204       1.3657737       1.0001584      0.29975358      0.70016934      0.80925099     0.047878149       0.2505042      0.80891856       13.752347       147.58208       68.538411   2.1273264e-09       8.5755157       10.857262       1021.4666        12.85823        1406.093      -15.970747       -15.970747       2545.3649                                 94.089765           12.85823              1406.093          10.857262                      23.177328                      398.91742                                590.45951                        8.9123869
              3       1258.4424       1.0419226     0.022407862      0.11606868     0.062786948       3.0510112      0.96911593       1.2962178       1.0002556      0.29362654      0.70629703      0.80114541     0.047293781      0.24497325      0.79258961       13.772548       148.10682       68.833236   2.1136708e-09       8.4449615       10.624495       1027.6822        11.28321       1407.4787      -16.008178       -16.008178       2548.9011                                 91.832501           11.28321             1407.4787          10.624495                      22.762298                      398.22894                                596.33425                        10.356717
              1       1258.4432       1.0419649     0.022532677      0.11569131     0.064041755       3.0569378      0.97122855       1.3050071       1.0024539      0.29084982      0.70907433       0.8023136     0.047193154      0.24230757      0.78998333       13.756071       148.06925       69.098224   2.1262348e-09       8.5277863       11.676534       1026.0186       9.9553626       1408.1942      -15.428432       -15.428432       2547.7433                                 91.898621          9.9553626             1408.1942          11.676534                       22.42118                      398.60706                                594.62764                        10.362756
              1       1258.1354       1.0419467     0.022518937      0.11578649     0.062274228       3.0543924      0.97124182       1.3035797       1.0029682      0.29147206      0.70845198      0.80168535      0.04723758      0.24288329      0.79020866       13.758559        148.0587       69.044664   2.1208296e-09       8.3635406       11.353787       1025.2381       10.217051       1408.0291      -15.222018       -15.222018       2546.7149                                 91.876956          10.217051             1408.0291          11.353787                      22.337285                       397.9087                                594.43876                        10.553325
              2       1258.7897       1.0418946     0.022477242      0.11564851      0.06544581       3.0576412      0.97543878       1.3424308       1.0017039      0.29112876      0.70879527      0.80391816     0.047155558      0.24262185      0.79194271        13.76386       148.14311       69.040682   2.1277309e-09       8.6737823       11.554717       1026.3917       10.236645       1408.1198      -15.755202       -15.755202       2549.0899                                 92.787082          10.236645             1408.1198          11.554717                      21.676849                      399.03871                                595.31225                        10.363878
              3       1257.8464       1.0418946     0.022477242      0.11564851      0.06544581       3.0576412      0.97543878       1.2997109       1.0024123      0.29112876      0.70879527      0.80391816     0.047155558      0.24262185      0.79194271        13.76386       148.14311       69.040682   2.1277309e-09       8.6737823       11.554717       1026.7187       10.236645       1408.1198      -15.503649       -15.503649          2546.7                                  90.07016          10.236645             1408.1198          11.554717                      21.598024                      399.04523                                595.34905                        10.726429
              6       1257.0637       1.0417545     0.022579317      0.11597712     0.063484461       3.0571574      0.97452335       1.2993846       1.0038003      0.29268454      0.70723932      0.80407011     0.047475502      0.24385467      0.79420603       13.758806       147.93979        68.96371   2.1267018e-09       8.4681244       10.736862       1024.3103       10.619023       1407.7153      -14.680654       -14.680654       2543.4888                                 90.107297          10.619023             1407.7153          10.736862                      21.695687                      398.24517                                593.97814                        10.391287
              1       1256.0044       1.0418292     0.022651436      0.11589558     0.065762849        3.059308      0.97527431        1.303028       1.0013272       0.2916507      0.70827342      0.80462666     0.047462121      0.24283891      0.79335088       13.748489       147.88155       69.083495   2.1312804e-09       8.6653595       11.076794        1023.845        10.02699       1407.9822      -15.557934       -15.557934       2543.1246                                 90.193599           10.02699             1407.9822          11.076794                      21.813512                      399.15046                                593.11225                        9.7687906
              1       1256.0512       1.0418222     0.022644623      0.11591429     0.065338825       3.0580167      0.97510207        1.299544       1.0008928      0.29180528      0.70811881      0.80414507     0.047468933      0.24298607      0.79308612       13.749516       147.88405       69.068148   2.1285301e-09       8.6274567       11.017557       1024.2654       10.101895       1407.9418      -15.647403       -15.647403       2543.3971                                  90.07046          10.101895             1407.9418          11.017557                      21.849425                      399.01191                                 593.6337                        9.7703637
              1       1258.5529       1.0417794     0.022673591      0.11592394     0.065007779       3.0581629      0.97414911        1.290973         1.00322      0.29181913      0.70810497      0.80378387     0.047518732      0.24295044      0.79274871       13.747755       147.84912       69.076088   2.1288413e-09       8.5895538       10.970908       1027.9348       10.063108       1407.9382      -14.809345       -14.809345       2546.7244                                 89.817318          10.063108             1407.9382          10.970908                      21.777976                      398.81576                                596.68657                        10.654539
              3       1256.8352       1.0417794     0.022673591      0.11592394     0.065007779       3.0581629      0.97414911       1.3091243       1.0022676      0.29181913      0.70810497      0.80378387     0.047518732      0.24295044      0.79274871       13.747755       147.84912       69.076088   2.1288413e-09       8.5895538       10.970908       1024.5097       10.063108       1407.9382      -15.240857       -15.240857       2544.1522                                 90.670212          10.063108             1407.9382          10.970908                      21.889084                      398.82429                                593.61844                        10.177895
              1       1255.9857       1.0419509     0.022684295      0.11597084     0.064676516       3.0564353      0.97186671        1.287308       1.0008587      0.29151571       0.7084085      0.80265425     0.047472096      0.24269562      0.79122293       13.741746       147.82452        69.12632   2.1251665e-09       8.5565643       11.156013       1023.9987       9.8194485       1408.0177      -15.550813       -15.550813        2543.073                                 90.081121          9.8194485             1408.0177          11.156013                      22.402235                      398.80912                                592.74869                        10.038697
              4       1256.3817       1.0419998     0.022693999      0.11584843     0.064243217       3.0554143       0.9726611       1.2852869        1.001214      0.29068843      0.70923594      0.80204782     0.047395973      0.24194719       0.7895025       13.738646       147.84669       69.196606    2.122998e-09       8.5109406       11.573141       1024.4328       9.4835307       1408.2375      -15.465963       -15.465963       2543.6954                                 89.968363          9.4835307             1408.2375          11.573141                      22.207529                      398.56949                                593.18155                        10.474277
              4       1256.8913       1.0420004      0.02270848       0.1158329     0.064635212        3.056433      0.97266929       1.2864327       1.0001885      0.29052757      0.70939684      0.80234088      0.04740033      0.24178271      0.78957242       13.737011       147.83479       69.215498   2.1251618e-09        8.544632       11.642838       1025.5551       9.3942354       1408.2809      -15.544947       -15.544947       2544.8724                                 89.999315          9.3942354             1408.2809          11.642838                      22.371571                      398.75658                                 594.5796                        9.8473994
              2       1257.6918       1.0419267     0.022738311      0.11594971     0.064719219       3.0570212      0.96885496       1.2603175       1.0006501      0.29117926      0.70874506      0.80163295     0.047518999      0.24231414      0.78976004       13.736609       147.77007       69.174409   2.1264121e-09       8.5474396       11.240323       1027.8008       9.5889845       1408.1065      -15.403013       -15.403013       2546.1896                                 89.452981          9.5889845             1408.1065          11.240323                      23.088181                      398.88625                                595.99789                        9.8284983
              1       1256.7058       1.0415965     0.022542175      0.11693343     0.053854292       3.0412061      0.96594646        1.250757       1.0019087      0.29838153      0.70154136      0.79847324     0.048003006      0.24900685      0.79631649       13.772198       147.72273        68.52731   2.0930472e-09        7.547226       10.934838       1024.8142       12.919544       1406.3804       -15.54784        -15.54784       2544.5073                                 89.458249          12.919544             1406.3804          10.934838                      23.317233                      395.89368                                595.98233                        9.6209671
              2       1256.6253       1.0415965     0.022542175      0.11693343     0.053854292       3.0412061      0.96594646       1.2495779       1.0032283      0.29838153      0.70154136      0.79847324     0.048003006      0.24900685      0.79631649       13.772198       147.72273        68.52731   2.0930472e-09        7.547226       10.934838       1023.6437       12.919544       1406.3804      -15.003823       -15.003823       2543.2583                                 89.379749          12.919544             1406.3804          10.934838                      23.122253                        395.921                                594.39631                        10.204141
              3       1255.4576       1.0416866     0.022559352      0.11697762     0.055355012       3.0440547      0.96686866       1.2650478       1.0030787      0.29825443      0.70166852      0.80005156       0.0479981      0.24888584      0.79772059       13.767891       147.69187       68.556918   2.0990179e-09       7.6953278       10.861325       1021.2932       12.756336       1406.4077      -15.075308       -15.075308       2541.0657                                 89.747177          12.756336             1406.4077          10.861325                        22.9954                      396.11981                                592.22329                        9.9546536
              4       1255.2666       1.0416987     0.022557238      0.11698239     0.054139719        3.040495      0.96710317       1.2581784       1.0013665      0.29825641      0.70166654      0.79873693     0.047993012      0.24889293      0.79641243       13.767781       147.69284        68.55734   2.0915595e-09       7.5738983        10.85367       1022.3269       12.754018       1406.4073      -15.678418       -15.678418         2541.89                                 89.548038          12.754018             1406.4073           10.85367                      23.069378                      395.94887                                593.52799                        9.7806809
             15       1255.1304       1.0417058     0.022565632      0.11698494     0.054549081       3.0406326      0.96715219       1.2585077       1.0010424      0.29820162      0.70172135      0.79878645     0.047998304      0.24883321      0.79638865       13.766685       147.68285       68.566315   2.0918473e-09        7.613205          10.841       1022.2012       12.704755       1406.4191       -15.72836        -15.72836       2541.7175                                 89.551405          12.704755             1406.4191             10.841                      23.073655                      395.99431                                593.34877                        9.7844975
              1       1254.9444       1.0417389     0.022553627      0.11696666     0.055533331       3.0438487      0.96693773       1.2648631       1.0018603      0.29807603      0.70184696      0.80002064     0.047962923      0.24874328      0.79745116       13.766892        147.7012       68.573351   2.0985857e-09       7.7142792       10.770817       1021.3991       12.666202       1406.4462      -15.565109       -15.565109       2541.0189                                 89.736567          12.666202             1406.4462          10.770817                      23.126035                       396.1599                                592.50059                        9.6125807
              3       1256.6197       1.0421115     0.022524623      0.11768493     0.069733337       3.0646145      0.96576102       1.3397066      0.99810553      0.30095459      0.69896804      0.81097768     0.048127166      0.25145113      0.81226691       13.762319       147.54232       68.412211     2.14262e-09       9.1040497        11.74187       1021.0258       13.563862       1405.8519      -15.647751       -15.647751        2544.535                                 92.351504          13.563862             1405.8519           11.74187                      23.868025                      401.88352                                586.82169                        8.4525797
              8       1257.0846       1.0419667      0.02241239      0.11802625     0.068970123       3.0633821      0.96736305       1.3709825       0.9984316      0.30385823      0.69606378       0.8125069     0.048270874      0.25420004      0.81771493       13.780233       147.57585       68.139902    2.139981e-09       9.0682526       13.700818       1018.0992       15.150644         1405.31      -15.832763       -15.832763       2545.8346                                 93.573937          15.150644               1405.31          13.700818                      23.329855                      401.52963                                584.71819                        8.5215438
              2        1256.652       1.0420335     0.022468156      0.11796517     0.070430636       3.0672285      0.96884097       1.3867963      0.99885864       0.3030072      0.69691502      0.81414087      0.04825727      0.25336645      0.81821118       13.771996       147.53025       68.234237   2.1482282e-09        9.189682       13.069219       1017.7556       14.591005       1405.4629      -15.881807       -15.881807       2545.0677                                 94.188964          14.591005             1405.4629          13.069219                      23.108866                      402.18672                                583.96295                        8.4970705
              3        1257.874       1.0421017     0.022473168       0.1180689      0.07045027        3.066709       0.9684454       1.3862879       0.9971065       0.3033293       0.6965929      0.81420855     0.048282128      0.25366329      0.81871399       13.769913       147.49699       68.224277   2.1471124e-09       9.1917877       13.260108       1018.8691       14.649594       1405.4045      -15.312092       -15.312092       2546.3722                                 94.188991          14.649594             1405.4045          13.260108                      23.410427                      402.25068                                584.73156                        8.4763783
              9       1257.0102       1.0424431     0.022587737      0.11664094     0.068405378       3.0637597      0.96839192       1.3101705      0.99906184      0.29412979      0.70579406      0.80776645     0.047498337      0.24527694      0.79982448       13.740701       147.75196       68.959984   2.1407894e-09       8.9447174       10.533316         1025.98       10.637711       1407.3551      -15.758459       -15.758459       2545.5373                                 91.031114          10.637711             1407.3551          10.533316                      23.407609                      400.88355                                592.88191                        8.8069613
              1       1255.6918       1.0424431     0.022587737      0.11664094     0.068405378       3.0637597      0.96839192        1.256838      0.99957186      0.29412979      0.70579406      0.80776645     0.047498337      0.24527694      0.79982448       13.740701       147.75196       68.959984   2.1407894e-09       8.9447174       10.533316       1025.3275       10.637711       1407.3551      -15.761745       -15.761745        2542.907                                 89.053447          10.637711             1407.3551          10.533316                      23.330028                      400.88303                                592.16727                        8.9471348
