#        weight    minuslogpost          a_samp               s     theta_s_100         omega_b       omega_cdm        tau_reio            logA             n_s       shmr_beta        A_planck           a_exo           b_exo        Omega_x0         Omega_m    Omega_Lambda          sigma8         Omega_b       Omega_cdm              S8             age         rs_drag              H0             A_s          z_reio       chi2__BAO       chi2__CMB        chi2__H0        chi2__SN   minuslogprior minuslogprior__0 minuslogprior__h2_positivity minuslogprior__e2_pre_class            chi2 chi2__jwst_likelihood_uvlf.UVLFLikelihood chi2__H0.riess2020 chi2__sn.pantheonplus chi2__bao.desi_dr2 chi2__planck_2018_lowl.TT_clik chi2__planck_2018_lowl.EE_clik chi2__planck_2018_highl_plik.TTTEEE_lite chi2__planck_2018_lensing.native
              7       1275.1848      -31.682854      -110.47814       1.0416843     0.022472475       0.1204531     0.057340776       3.0489068      0.96045323       1.3430843      0.99975754      -31.682854      -78.795285  -0.00017293959      0.30277662      0.69731995      0.81686785     0.047392588       0.2540256      0.82063937       13.668993       146.86472        68.86051   2.1092275e-09       7.9606476       10.638066       1017.7661       11.142704       1405.5445      -3.2214979       -3.2214979                           -0                          -0       2556.8125                                 111.72116          11.142704             1405.5445          10.638066                      25.561585                      396.91219                                586.05023                        9.2420864
              1       1274.7382      -46.339035      -93.075513       1.0416856     0.022433767      0.12032312     0.055952025       3.0491671      0.96057405       1.3285811      0.99923247      -46.339035      -46.736477  -0.00025293977       0.3044934      0.69568265      0.81605368     0.047635183      0.25549048      0.82214239        13.69129       146.94149       68.625763   2.1097764e-09       7.8300934       11.228477       1017.6123       12.380852       1405.2334      -3.2051903       -3.2051903                           -0                          -0       2555.8867                                 109.43166          12.380852             1405.2334          11.228477                      25.451822                      396.56449                                585.99543                        9.6005492
              3       1272.4685      -9.4639875      -90.341185       1.0417113     0.022410129      0.12017823     0.057518011       3.0493804      0.96001802       1.3232458       1.0000957      -9.4639875      -80.877198  -5.1658797e-05      0.30463322      0.69534142      0.81531256     0.047662855      0.25560039      0.82158431        13.69933       147.00592       68.569684   2.1102266e-09       7.9901276       11.367775       1015.9759       12.686287       1405.2024      -3.2621079       -3.2621079                           -0                          -0       2551.4612                                 106.22883          12.686287             1405.2024          11.367775                      25.075345                      396.91985                                584.95904                         9.021715
              4       1272.0777      -9.9597727      -93.489184       1.0417459     0.022402606      0.12018526     0.057524279       3.0494426      0.96010291       1.3261148      0.99912335      -9.9597727      -83.529411  -5.4365021e-05      0.30417633      0.69580113      0.81558715     0.047575559      0.25523284      0.82124446       13.695411       147.01238       68.621044   2.1103578e-09       7.9922333       11.104263       1014.7839       12.406412       1405.2829      -3.2055314       -3.2055314                           -0                          -0       2550.5664                                 106.98887          12.406412             1405.2829          11.104263                      25.308983                      396.97423                                583.29885                         9.201879
              1        1271.491      -12.931847       -92.90732       1.0417488     0.022401463       0.1200818     0.057779642       3.0494068      0.96022536       1.3258236      0.99909528      -12.931847      -79.975473  -7.0587971e-05      0.30364439      0.69634937      0.81526254     0.047524645      0.25475321      0.82019949       13.695149       147.04096        68.65604   2.1102822e-09        8.016098       10.922274       1014.8418       12.217497       1405.3777      -3.2018618       -3.2018618                           -0                          -0       2549.3858                                 106.02649          12.217497             1405.3777          10.922274                      25.253696                      397.03368                                583.44334                        9.1111287
              3       1266.9415      -12.931847       -92.90732       1.0417488     0.022401463       0.1200818     0.057779642       3.0494068      0.96022536       1.4350958      0.99890722      -12.931847      -79.975473  -7.0587971e-05      0.30364439      0.69634937      0.81526254     0.047524645      0.25475321      0.82019949       13.695149       147.04096        68.65604   2.1102822e-09        8.016098       10.922274       1014.9758       12.217497       1405.3777       -3.122573        -3.122573                           -0                          -0       2540.1282                                 96.634982          12.217497             1405.3777          10.922274                      25.288759                      397.04766                                583.49614                        9.1432305
              3       1268.9103       -134.8908      -93.150507       1.0417535     0.022308429      0.12037164     0.055463182       3.0490091      0.95818769       1.4448291      0.99994534       -134.8908       41.740289  -0.00073629602      0.30410838      0.69655108      0.81639706     0.047334506      0.25540713      0.82196817        13.69339       147.06723       68.650795   2.1094432e-09       7.8083344       10.894889       1018.3116       12.245718       1405.3155      -3.2082755       -3.2082755                           -0                          -0       2544.2372                                 97.469452          12.245718             1405.3155          10.894889                       26.23728                      396.55454                                585.92197                        9.5978547
              2       1270.4616       -189.0933      -106.03262       1.0416783     0.022313158      0.12025973     0.057182916       3.0494524      0.95790938       1.4606401       1.0011092       -189.0933       83.060682   -0.0010321582      0.30115416      0.69980185      0.81685331     0.046919704      0.25287998      0.81842311       13.672948       147.09168       68.960895   2.1103785e-09       7.9753876       10.796581       1021.6051       10.633141       1405.8822       -3.087411        -3.087411                           -0                          -0       2547.0981                                 98.181023          10.633141             1405.8822          10.796581                      26.453373                       396.9896                                589.06259                        9.0995468
              1       1272.5102      -186.09318      -109.93844       1.0416659     0.022319025       0.1200175     0.057069613       3.0490648      0.95747154       1.4639177       1.0017145      -186.09318       76.154748   -0.0010157822      0.29931124      0.70162873      0.81587497     0.046721948      0.25124088      0.81493786       13.666517       147.14915       69.115768   2.1095607e-09       7.9585419       11.383145       1025.6921       9.8703842       1406.2588      -2.9466803       -2.9466803                           -0                          -0       2550.9137                                 97.709221          9.8703842             1406.2588          11.383145                      26.679124                      396.97216                                593.13432                        8.9065066
              2       1269.0836      -186.09318      -109.93844       1.0416659     0.022319025       0.1200175     0.057069613       3.0490648      0.95747154       1.4453286      0.99978426      -186.09318       76.154748   -0.0010157822      0.29931124      0.70162873      0.81587497     0.046721948      0.25124088      0.81493786       13.666517       147.14915       69.115768   2.1095607e-09       7.9585419       11.383145       1019.6587       9.8703842       1406.2588      -3.2068961       -3.2068961                           -0                          -0       2544.5809                                 97.409861          9.8703842             1406.2588          11.383145                      27.086945                      397.01327                                586.39772                        9.1607366
              6        1270.427      -164.89787      -106.64013       1.0415994     0.022304807       0.1194551     0.057880002        3.048791      0.95734752       1.4407095      0.99929975      -164.89787       58.257734  -0.00090008842      0.29727723      0.70354726      0.81358738     0.046562662       0.2493699      0.80988695       13.672607       147.31394        69.21183   2.1089831e-09       8.0329437        12.17566       1022.6576       9.4115407       1406.6954      -3.1737923       -3.1737923                           -0                          -0       2547.2015                                 96.261315          9.4115407             1406.6954           12.17566                      27.002011                      397.17313                                589.66099                        8.8214785
              4       1273.1652      -49.136793      -133.82888       1.0416644     0.022279957      0.11950749     0.058310903       3.0490625      0.95638361       1.4561238      0.99949054      -49.136793      -84.692088  -0.00026821122      0.29527834       0.7049148      0.81437832     0.046189116      0.24775385       0.8079442       13.653006       147.32771       69.452415   2.1095558e-09        8.082077       14.817268       1025.6264       8.3102928       1407.1427      -3.1593565       -3.1593565                           -0                          -0       2552.6492                                 96.752442          8.3102928             1407.1427          14.817268                      27.985237                      397.42474                                591.38882                        8.8276309
              2       1272.1744      -54.139642      -128.22751        1.041763     0.022261883      0.11963015     0.056886352       3.0490669      0.95700086       1.4514779      0.99955048      -54.139642      -74.087869  -0.00029551907      0.29648826      0.70373193      0.81492624     0.046306752      0.24884165      0.81014252       13.659339       147.31512       69.336001   2.1095651e-09       7.9480133       13.610484       1024.5532       8.8346099       1406.8589      -3.1606486       -3.1606486                           -0                          -0         2550.67                                 96.812791          8.8346099             1406.8589          13.610484                      27.764181                      396.99871                                590.71124                        9.0791094
              2       1272.1872      -38.709013      -105.11646       1.0419371     0.022311284       0.1192859     0.057213878       3.0477451      0.95590457       1.4294949      0.99974549      -38.709013      -66.407443   -0.0002112916      0.29723167      0.70290395      0.81175277     0.046622318      0.24926335      0.80799876        13.67646       147.35159       69.177578   2.1067785e-09       7.9662628       12.001634        1026.565       9.5738948       1406.6785      -3.2239414       -3.2239414                           -0                          -0       2550.8222                                 96.003213          9.5738948             1406.6785          12.001634                      26.973983                      396.98175                                593.99808                        8.6111379
              4       1272.7307      -38.340372      -113.20576       1.0419624     0.022323883      0.11945108     0.057289573       3.0476822      0.95554658       1.4367392      0.99974549      -38.340372      -74.865387  -0.00020927939      0.29685807      0.70327573      0.81249272     0.046531854      0.24898358      0.80822686       13.665585       147.29376       69.264338    2.106646e-09       7.9732819       12.573893       1027.2714       9.1653444       1406.7656      -3.2180176       -3.2180176                           -0                          -0       2551.8975                                 96.121321          9.1653444             1406.7656          12.573893                      27.323962                      397.05876                                594.23645                        8.6521848
              2       1273.0712      -12.357404      -118.64888       1.0419436     0.022353582      0.11953109     0.057579205       3.0478818      0.95528034       1.4396061      0.99961182      -12.357404      -106.29148  -6.7452393e-05      0.29677126      0.70322079      0.81273322      0.04654428      0.24888577      0.80834788       13.659756       147.23962       69.301144   2.1070665e-09       7.9964447       12.692988       1027.9172       8.9947199       1406.7818      -3.2098498       -3.2098498                           -0                          -0        2552.562                                 96.175359          8.9947199             1406.7818          12.692988                      27.508489                      397.12912                                594.62169                        8.6578842
              5       1272.9692      -12.357404      -118.64888       1.0419436     0.022353582      0.11953109     0.057579205       3.0478818      0.95528034       1.4326625      0.99820073      -12.357404      -106.29148  -6.7452393e-05      0.29677126      0.70322079      0.81273322      0.04654428      0.24888577      0.80834788       13.659756       147.23962       69.301144   2.1070665e-09       7.9964447       12.692988       1027.6758       8.9947199       1406.7818       -2.971762        -2.971762                           -0                          -0        2551.882                                 95.736657          8.9947199             1406.7818          12.692988                      27.821838                      397.12811                                593.95172                        8.7741477
              1         1273.01      -57.537245      -76.439883       1.0418196     0.022355858      0.11961067     0.057361943       3.0492047      0.95561691       1.3982371       0.9980244      -57.537245      -18.902638  -0.00031406475      0.30274085      0.69749634      0.81193477     0.047458103      0.25391534      0.81563533       13.709283       147.21599       68.634186   2.1098558e-09       7.9781952       10.745043       1028.5672       12.335299       1405.5451      -2.9517627       -2.9517627                           -0                          -0       2551.9236                                 94.730894          12.335299             1405.5451          10.745043                      26.696644                      396.99627                                595.96877                         8.905532
              1       1270.6981      -37.476363      -82.215661       1.0417741     0.022336622      0.11939316     0.058212686       3.0493972      0.95578361       1.4018651      0.99923171      -37.476363      -44.739299  -0.00020456323       0.3013041      0.69882382      0.81151726     0.047270709      0.25267022      0.81327919       13.706878       147.29507         68.7405   2.1102619e-09       8.0631256       10.474284       1024.8641       11.767539        1405.817      -3.2135672       -3.2135672                           -0                          -0       2547.8234                                 94.900507          11.767539              1405.817          10.474284                       26.39744                      397.22631                                592.63432                         8.606019
              4        1271.158      -57.223956      -74.958887       1.0417181       0.0223566      0.11958038     0.058298675       3.0494021       0.9552368       1.3968811      0.99900798      -57.223956      -17.734931  -0.00031235468       0.3030869      0.69714847       0.8116359     0.047523775      0.25419388      0.81580096        13.71387       147.22328       68.587886   2.1102723e-09       8.0701447       10.893701       1024.9178       12.586742       1405.4808      -3.1861963       -3.1861963                           -0                          -0       2548.6883                                 94.809253          12.586742             1405.4808          10.893701                      26.429303                      397.25968                                 592.5926                        8.6362024
              2       1271.6566      -197.39882       -113.3282       1.0420577     0.022471595      0.12012954     0.056815157       3.0499743      0.95762585       1.4423147       0.9986994      -197.39882       84.070627   -0.0010774936       0.2971212      0.70388118      0.81662468     0.046610874      0.24917425      0.81269707       13.632887       146.95084       69.434183   2.1114803e-09       7.9009857       12.800018       1023.8105       8.3913487         1406.74      -3.0289818       -3.0289818                           -0                          -0       2549.3711                                 97.629227          8.3913487               1406.74          12.800018                      27.739293                      396.90794                                589.71721                        9.4460663
              1       1272.8153      -165.84017      -113.85935       1.0421588     0.022507676      0.12002944     0.056601846       3.0497723      0.95633946       1.4403302       0.9989551      -165.84017        51.98082  -0.00090523196      0.29640845      0.70442182      0.81561625     0.046594545      0.24848044      0.81071934       13.628053       146.93739       69.502078   2.1110536e-09       7.8708038       13.236184       1026.9352       8.0914958       1406.8961      -3.0428408       -3.0428408                           -0                          -0       2551.7163                                 96.557366          8.0914958             1406.8961          13.236184                      28.091273                      396.88988                                592.74922                         9.204805
              3       1273.6872       -164.9006      -113.06995       1.0421594     0.022506068      0.12002153     0.056334154       3.0499168      0.95626289       1.4395472       0.9988581       -164.9006        51.83065  -0.00090010332      0.29649863      0.70432648       0.8155919     0.046608492      0.24855618      0.81081845       13.629248       146.94123       69.489197   2.1113588e-09       7.8441315       13.126863       1028.7787        8.147965       1406.8748      -3.0287544       -3.0287544                           -0                          -0       2553.4318                                 96.503443           8.147965             1406.8748          13.126863                      28.174659                      396.84301                                594.45639                        9.3046816
              1        1275.314      -205.58948      -104.81171       1.0423344     0.022505377      0.12027717     0.056717453       3.0497093      0.95769677       1.4352966       1.0015247      -205.58948       100.77777    -0.001122202      0.29794917      0.70309781      0.81681542     0.046751818      0.24985925      0.81401871       13.631258       146.87469       69.381534   2.1109206e-09       7.8869476       12.132199       1031.7922        8.627625       1406.5541      -2.9533849       -2.9533849                           -0                          -0       2556.5348                                 97.428672           8.627625             1406.5541          12.132199                      26.764487                      396.83361                                599.27252                         8.921585
              3       1273.4403      -205.58948      -104.81171       1.0423344     0.022505377      0.12027717     0.056717453       3.0497093      0.95769677       1.3882503       1.0004961      -205.58948       100.77777    -0.001122202      0.29794917      0.70309781      0.81681542     0.046751818      0.24985925      0.81401871       13.631258       146.87469       69.381534   2.1109206e-09       7.8869476       12.132199       1026.2803        8.627625       1406.5541      -3.1626567       -3.1626567                           -0                          -0       2553.2058                                 99.611538           8.627625             1406.5541          12.132199                      26.981365                      396.82189                                593.45171                        9.0253776
              4       1271.6147      -229.42633      -100.07902       1.0422875     0.022478711      0.12002199     0.058240831       3.0496773       0.9584081       1.3858548      0.99868727      -229.42633        129.3473   -0.0012523144      0.29720164      0.70397549      0.81614156     0.046670982      0.24919329      0.81232622       13.636935       146.97146       69.400442   2.1108531e-09        8.038559       12.482698       1022.7274       8.5423931       1406.7237      -3.0734643       -3.0734643                           -0                          -0       2549.3763                                 98.900037          8.5423931             1406.7237          12.482698                      26.788631                      397.21663                                589.72492                        8.9972408
              4       1271.2182      -229.42633      -100.07902       1.0422875     0.022478711      0.12002199     0.058240831       3.0496773       0.9584081       1.3188506      0.99826366      -229.42633        129.3473   -0.0012523144      0.29720164      0.70397549      0.81614156     0.046670982      0.24919329      0.81232622       13.636935       146.97146       69.400442   2.1108531e-09        8.038559       12.482698       1022.5676       8.5423931       1406.7237      -2.9724652       -2.9724652                           -0                          -0       2548.3813                                 98.064908          8.5423931             1406.7237          12.482698                      26.878013                       397.2496                                589.38148                        9.0585199
              3       1271.0605      -189.77779      -68.217529       1.0419165     0.022474531      0.11920941     0.060869325       3.0483332      0.95963528       1.2871108      0.99705916      -189.77779       121.56026   -0.0010358944      0.29887245      0.70208741      0.81134725     0.047193906      0.25032593      0.80982109       13.686181       147.19116       69.008462   2.1080178e-09       8.2863312       10.528021       1020.5616        10.39585       1406.3379      -2.5035629       -2.5035629                           -0                          -0       2547.1281                                 99.304758           10.39585             1406.3379          10.528021                       25.31431                      397.96442                                588.66936                        8.6134989
              6       1270.5898      -206.43788      -65.890423       1.0418918     0.022453871      0.11914623     0.060428972       3.0483312      0.95859102       1.2863182      0.99673809      -206.43788       140.54746   -0.0011268329      0.29881876        0.702232      0.81084927      0.04716984      0.25029576      0.80925135       13.689689       147.23073       68.994332   2.1080137e-09       8.2470245       10.530734       1021.2895       10.466061       1406.3518      -2.3607348       -2.3607348                           -0                          -0       2545.9011                                    97.263          10.466061             1406.3518          10.530734                      25.733746                      397.85286                                589.14489                        8.5579858
              1       1269.5907      -231.15971      -40.207388       1.0418257     0.022477942      0.11854621      0.05949473        3.048061      0.95969802       1.2651553       0.9972456      -231.15971       190.95232    -0.001261776      0.29870308      0.70248234       0.8079363     0.047394026      0.24995092      0.80618803       13.712507        147.3634       68.867842   2.1074442e-09       8.1417389       10.311202       1023.3076       11.105085       1406.3724        -2.56137         -2.56137                           -0                          -0       2544.3041                                 93.207802          11.105085             1406.3724          10.311202                      25.272392                      397.46414                                592.13387                        8.4371971
              3       1269.8075       -231.1056      -41.007666       1.0417876     0.022467682      0.11852731     0.059102649       3.0481021      0.95940549       1.2658706      0.99755404       -231.1056       190.09793   -0.0012614807      0.29867334      0.70251179      0.80783851     0.047377429      0.24993762      0.80605032       13.713753       147.37977       68.864182   2.1075308e-09       8.1059418        10.31328       1024.2607       11.123855        1406.379      -2.6997885       -2.6997885                           -0                          -0       2545.0146                                 92.937753          11.123855              1406.379           10.31328                      25.362162                      397.30349                                593.17264                        8.4223682
              4       1271.1983      -288.09946      -61.848112        1.041875     0.022472369      0.11820684     0.059227484       3.0488757       0.9590516       1.2890546       1.0002236      -288.09946       226.25135   -0.0015725794      0.29314883      0.70834864      0.80811734     0.046614723      0.24519796      0.79883646       13.677914       147.45998       69.432512   2.1091618e-09       8.1080475       13.477029        1026.757       8.3987972       1407.6922      -3.1951769       -3.1951769                           -0                          -0        2548.787                                 92.461941          8.3987972             1407.6922          13.477029                      25.527912                      397.31981                                595.25282                        8.6564828
              2       1270.4191      -147.77508      -71.208839        1.041965     0.022405803      0.11807023     0.059441187       3.0490053      0.96001532       1.2865234      0.99970296      -147.77508       76.566236  -0.00080662434      0.29315968      0.70757172      0.80809485     0.046545283      0.24527629      0.79882902        13.68591       147.57052       69.381298   2.1094351e-09       8.1445465       13.598474       1024.6052       8.6286903         1407.66      -3.2331051       -3.2331051                           -0                          -0       2547.3044                                 92.812096          8.6286903               1407.66          13.598474                       25.24374                       397.3825                                593.32698                        8.6520092
              4       1271.3832      -147.77508      -71.208839        1.041965     0.022405803      0.11807023     0.059441187       3.0490053      0.96001532       1.3109705       1.0008237      -147.77508       76.566236  -0.00080662434      0.29315968      0.70757172      0.80809485     0.046545283      0.24527629      0.79882902        13.68591       147.57052       69.381298   2.1094351e-09       8.1445465       13.598474       1027.4058       8.6286903         1407.66      -3.2044141       -3.2044141                           -0                          -0       2549.1752                                 91.882235          8.6286903               1407.66          13.598474                      25.036686                       397.3745                                596.12342                        8.8712347
              1       1268.4323      -88.767209      -65.936987       1.0422199     0.022515177      0.11903491     0.057226467       3.0481023      0.95869784       1.3016271      0.99984894      -88.767209       22.830222  -0.00048453226      0.29841273      0.70199581      0.80991597     0.047250974      0.24980995      0.80777054       13.685059       147.19211       69.029114   2.1075312e-09       7.9199371       10.527344        1022.996       10.293661       1406.4152      -3.1625591       -3.1625591                           -0                          -0       2543.1897                                 92.957472          10.293661             1406.4152          10.527344                      25.474615                      396.77606                                592.20492                        8.5404357
              7       1268.3291      -88.767209      -65.936987       1.0422199     0.022515177      0.11903491     0.057226467       3.0481023      0.95869784        1.305479       0.9994682      -88.767209       22.830222  -0.00048453226      0.29841273      0.70199581      0.80991597     0.047250974      0.24980995      0.80777054       13.685059       147.19211       69.029114   2.1075312e-09       7.9199371       10.527344       1022.9605       10.293661       1406.4152      -3.1444066       -3.1444066                           -0                          -0        2542.947                                 92.750228          10.293661             1406.4152          10.527344                      25.546869                      396.77847                                592.11076                        8.5244028
              1       1269.4651      -24.424155      -51.270979       1.0423807     0.022534569      0.11892112     0.058055533       3.0482459      0.96185984       1.2872731      0.99791257      -24.424155      -26.846824  -0.00013331827      0.29996073      0.70009614      0.80974164     0.047568575      0.25103244      0.80968864       13.701045        147.2009       68.827907   2.1078339e-09       7.9985504       10.375913       1022.7456        11.31077       1406.0727      -2.7792277       -2.7792277                           -0                          -0       2544.4886                                 93.983636           11.31077             1406.0727          10.375913                      24.657723                      396.91437                                592.61185                        8.5616582
              4       1268.3425      -12.511131      -52.349124       1.0423949     0.022522395       0.1189271     0.058441275       3.0483018      0.96186442        1.287313       0.9982697      -12.511131      -39.837993  -6.8291506e-05      0.30003712      0.69995471      0.80983858     0.047557054      0.25111994      0.80988868       13.701996       147.21282       68.817646   2.1079518e-09       8.0392609        10.38202       1020.5647       11.363922       1406.0552      -2.9042122       -2.9042122                           -0                          -0       2542.4934                                 94.127584          11.363922             1406.0552           10.38202                      24.537849                      396.99848                                590.43107                        8.5972655
              1       1267.3446      -12.511131      -52.349124       1.0423949     0.022522395       0.1189271     0.058441275       3.0483018      0.96186442       1.3025136       0.9990631      -12.511131      -39.837993  -6.8291506e-05      0.30003712      0.69995471      0.80983858     0.047557054      0.25111994      0.80988868       13.701996       147.21282       68.817646   2.1079518e-09       8.0392609        10.38202        1020.092       11.363922       1406.0552      -3.0858922       -3.0858922                           -0                          -0        2540.861                                 92.967828          11.363922             1406.0552           10.38202                      24.400839                      397.00303                                590.02597                        8.6621462
              2       1267.9249      -17.269686      -49.635427       1.0423739      0.02252311      0.11909887     0.058844021       3.0482402      0.96145861        1.300445      0.99816303      -17.269686      -32.365741  -9.4265888e-05      0.30130747       0.6987101      0.81016394     0.047702021      0.25224123      0.81192746       13.706061       147.16651       68.714089   2.1078218e-09        8.082077       10.639271       1019.9749       11.907336       1405.8022      -2.8837701       -2.8837701                           -0                          -0       2541.6173                                 93.293598          11.907336             1405.8022          10.639271                      24.540022                      397.13816                                589.67557                        8.6211232
              1        1268.662      -57.492749      -49.469366       1.0423195     0.022468372      0.11912634     0.057844568       3.0483735      0.96154798       1.3034337      0.99820506      -57.492749       8.0233835  -0.00031382187      0.30144727      0.69878981       0.8106906     0.047617298      0.25246485      0.81264373       13.709736       147.21972       68.691568   2.1081028e-09       7.9950409       10.619637       1020.6462       12.027194       1405.7823      -2.9563804       -2.9563804                           -0                          -0       2543.2367                                 94.161418          12.027194             1405.7823          10.619637                       24.67794                      396.88721                                590.46239                        8.6186156
             13       1267.6849      -39.911827       -45.42754       1.0422649     0.022465158      0.11909858     0.057947752       3.0482218       0.9617862       1.2984281      0.99858267      -39.911827      -5.5157132  -0.00021785711       0.3022318       0.6979091      0.81033007     0.047744791      0.25311804      0.81333864       13.717934       147.23066       68.594886   2.1077831e-09       8.0062714       10.962253       1018.3935       12.548567       1405.6277      -3.0525263       -3.0525263                           -0                          -0       2541.4749                                  93.94288          12.548567             1405.6277          10.962253                      24.479663                      396.92022                                588.38409                        8.6094947
              1       1266.8252      -45.101059      -47.650486       1.0420725     0.022478933      0.11918701     0.058331139       3.0477687      0.96229037       1.3008316      0.99868044      -45.101059      -2.5494274  -0.00024618232      0.30285939      0.69730973       0.8104848      0.04783889      0.25364967      0.81433813        13.71975       147.19199       68.548397   2.1068282e-09       8.0420685       11.279111       1015.3117       12.803204       1405.5123      -3.0634438       -3.0634438                           -0                          -0       2539.7773                                 94.870979          12.803204             1405.5123          11.279111                      24.234734                      397.01848                                585.41215                        8.6463169
              4       1266.9716      -71.040121      -64.361067       1.0421067     0.022563843      0.11920167     0.058007377       3.0480455      0.96283865       1.3178797      0.99955323      -71.040121       6.6790544  -0.00038776966      0.29980669      0.70050485      0.81130181     0.047502337      0.25094829      0.81104037       13.687987       147.09418         68.9206   2.1074115e-09       7.9887238       10.357381       1016.7528       10.836251       1406.1177      -3.0907236       -3.0907236                           -0                          -0       2540.1246                                 96.060551          10.836251             1406.1177          10.357381                      24.238518                      396.90014                                586.92289                         8.691233
              5       1267.1557      -71.040121      -64.361067       1.0421067     0.022563843      0.11920167     0.058007377       3.0480455      0.96283865       1.4285906      0.99937533      -71.040121       6.6790544  -0.00038776966      0.29980669      0.70050485      0.81130181     0.047502337      0.25094829      0.81104037       13.687987       147.09418         68.9206   2.1074115e-09       7.9887238       10.357381       1016.4278       10.836251       1406.1177      -3.0374216       -3.0374216                           -0                          -0       2540.3863                                 96.647183          10.836251             1406.1177          10.357381                      24.268639                      396.89786                                 586.5803                        8.6809988
              2       1267.5321      -33.978062      -66.696866       1.0421641     0.022577084      0.11925121     0.058184934       3.0480028      0.96272374       1.4277993      0.99933523      -33.978062      -32.718805  -0.00018546789      0.30000054      0.70010867      0.81134088     0.047539987      0.25110422      0.81134161       13.686387       147.06646       68.913514   2.1073215e-09       8.0048676       10.367551       1017.8057       10.872167       1406.0716      -3.0128782       -3.0128782                           -0                          -0         2541.09                                 95.973017          10.872167             1406.0716          10.367551                      24.249827                      396.94007                                587.91726                        8.6985084
              1       1267.4389      -41.957277      -70.962823       1.0421861     0.022584187      0.11912486     0.058179253       3.0480019      0.96271325       1.4322574      0.99878211      -41.957277      -29.005546  -0.00022902212      0.29854189      0.70161119      0.81111166     0.047363365      0.24982765      0.80913811       13.678409       147.09206       69.052746   2.1073196e-09       7.9999542       10.463186       1017.4173       10.177346       1406.3798      -2.9123283       -2.9123283                           -0                          -0       2540.7025                                 96.264858          10.177346             1406.3798          10.463186                      24.452118                      396.91328                                587.39532                        8.6565859
              5       1266.9848      -30.634681      -86.656595       1.0421623     0.022576744       0.1191736     0.058676632       3.0484288      0.96374608       1.4454843      0.99861099      -30.634681      -56.021915  -0.00016721818      0.29697276      0.70311893      0.81239086     0.047085237      0.24854414      0.80828163        13.66305       147.08742       69.244976   2.1082193e-09       8.0497894       11.196521       1016.2924       9.2557474       1406.7282      -2.8717824       -2.8717824                           -0                          -0       2539.7132                                 96.240364          9.2557474             1406.7282          11.196521                      24.427891                      397.04554                                586.09476                        8.7242368
              3       1267.3665      -24.806754      -87.222234       1.0421675     0.022583161      0.11921094       0.0586744       3.0483918      0.96387137       1.4455382      0.99796157      -24.806754       -62.41548  -0.00013540667      0.29712158      0.70293829      0.81251753     0.047107745      0.24867019      0.80861019       13.662406       147.07045       69.238269   2.1081414e-09       8.0490875       11.131747       1016.7761       9.2871665       1406.6937      -2.6828593       -2.6828593                           -0                          -0       2540.0987                                 96.210038          9.2871665             1406.6937          11.131747                      24.499074                      397.04554                                586.50158                        8.7298559
              1       1267.9453      -28.778152      -44.381153       1.0420985     0.022560034      0.11948562     0.058740791       3.0476962      0.96355483       1.4073296      0.99809194      -28.778152      -15.603001  -0.00015708439      0.30453811      0.69554169      0.81134615     0.048149136      0.25501421      0.81745974       13.717157       147.02334       68.450343   2.1066754e-09       8.0694427       12.492583       1015.4635       13.348665       1405.2089      -2.8046553       -2.8046553                           -0                          -0       2541.4999                                 94.986269          13.348665             1405.2089          12.492583                      23.900777                      397.09993                                585.75406                        8.7087778
              2       1269.0082      -41.888127        -47.0241       1.0420659     0.022569152      0.11955086     0.058427521       3.0477223      0.96332665       1.4107287      0.99704538      -41.888127      -5.1359723  -0.00022864467       0.3044269      0.69572453      0.81160506     0.048125929      0.25492743      0.81757129       13.713249       146.99601        68.48068   2.1067304e-09       8.0371552       12.328673       1016.9195       13.178689        1405.231      -2.3802664       -2.3802664                           -0                          -0        2542.777                                 95.119064          13.178689              1405.231          12.328673                       24.18422                      397.03108                                586.96103                        8.7431622
              1       1267.5432      -37.189835      -58.247924       1.0420837     0.022520843       0.1196392     0.058002278       3.0477333      0.96324457       1.4204535      0.99764917      -37.189835      -21.058089  -0.00020299923       0.3037494      0.69637658       0.8125305     0.047902608      0.25447669      0.81759223       13.706398       147.02596        68.56662   2.1067537e-09       8.0069733       11.525004       1015.4835       12.703083       1405.3528      -2.6959134       -2.6959134                           -0                          -0       2540.4782                                 95.413837          12.703083             1405.3528          11.525004                      24.213266                      396.93574                                585.51963                        8.8148444
              2       1268.4046      -33.498722      -36.952637       1.0421254     0.022440966      0.11875457     0.059851643       3.0470864      0.96349699       1.4010189       0.9970681      -33.498722      -3.4539156  -0.00018285143      0.30211108      0.69799464      0.80883313     0.047798084      0.25294102      0.81167399       13.732935         147.349       68.519712   2.1053912e-09       8.1943817       11.131037       1016.3398       12.961593       1405.6467      -2.5441833       -2.5441833                           -0                          -0       2541.8976                                 95.818467          12.961593             1405.6467          11.131037                      23.980836                      397.45417                                586.23354                        8.6712632
              2       1268.0878      -63.739994      -38.231833         1.04215     0.022442215      0.11872886     0.059772723       3.0471348      0.96317917       1.4045283      0.99787475      -63.739994       25.508161  -0.00034792221      0.30134014      0.69893084      0.80886964     0.047686987      0.25228444      0.81067429       13.727377       147.35445       68.601391   2.1054931e-09        8.185257       10.759167       1016.6885       12.513142       1405.8006      -2.8669546       -2.8669546                           -0                          -0       2541.9095                                 96.148083          12.513142             1405.8006          10.759167                      23.966549                      397.42803                                586.53874                        8.7551905
              1       1268.2124      -62.183572      -36.865361       1.0421806     0.022443105       0.1187339     0.059612276       3.0471462      0.96335751       1.4031783      0.99747071      -62.183572       25.318211  -0.00033942654      0.30146383      0.69879862      0.80890922     0.047706459      0.25238816      0.81088033        13.72806       147.35211       68.588749   2.1055172e-09       8.1698151       10.812657        1016.672       12.582034       1405.7758      -2.7169783       -2.7169783                           -0                          -0       2541.8587                                 96.016193          12.582034             1405.7758          10.812657                      24.008408                      397.36514                                586.60602                        8.6924382
              2       1268.7251       -62.15555      -44.291021        1.042206     0.022448321      0.11875043     0.060626176       3.0471177      0.96351082       1.4098525      0.99778624       -62.15555       17.864529  -0.00033927358      0.30049451      0.69976805      0.80929945     0.047556826      0.25157308      0.80996619       13.718553       147.34202       68.704551    2.105457e-09       8.2666779       10.468173        1018.698       11.958025       1405.9695      -2.8274755       -2.8274755                           -0                          -0       2543.1052                                 96.011566          11.958025             1405.9695          10.468173                      23.816228                      397.68689                                588.28211                        8.9127961
              5       1269.3892      -141.34873       -73.75972       1.0420998     0.022475988      0.11862738     0.058254017       3.0456626      0.96580061       1.4425261      0.99698843      -141.34873       67.589011  -0.00077154639      0.29507446       0.7056217      0.81037736     0.046788056      0.24694552      0.80369726        13.67546       147.34386       69.309361   2.1023958e-09       8.0210114       12.218697       1019.0187       8.9568463       1407.1884      -2.4344797       -2.4344797                           -0                          -0       2543.6474                                 96.264826          8.9568463             1407.1884          12.218697                      24.087461                      396.92509                                589.29497                        8.7111554
              4       1269.9224      -69.242184      -65.728115       1.0421443     0.022462399      0.11824083     0.058865174       3.0458064      0.96578396       1.4296795      0.99698843      -69.242184       3.5140691  -0.00037795569      0.29497939        0.705323      0.80852235     0.046877029      0.24675811      0.80172834       13.690573       147.46195       69.222619   2.1026981e-09       8.0799713       11.795764       1019.9427       9.3606851       1407.1917      -2.4626741       -2.4626741                           -0                          -0       2544.7702                                 96.479335          9.3606851             1407.1917          11.795764                      23.851539                      397.02364                                590.35797                        8.7095194
              1       1269.3945      -57.905399      -80.683879       1.0420771     0.022478443      0.11815982     0.059485038       3.0455417      0.96647425       1.4422418      0.99698843      -57.905399       -22.77848   -0.0003160743      0.29281254      0.70742848      0.80879856     0.046587332      0.24489022      0.79905114       13.673856       147.46581       69.462305   2.1021415e-09       8.1340179       13.937735       1017.1772       8.2664874       1407.7307      -2.4325872       -2.4325872                           -0                          -0       2543.6542                                 96.542038          8.2664874             1407.7307          13.937735                      23.813913                      397.23332                                587.31006                        8.8199197
              3       1269.3117      -60.373805      -77.348048        1.042055     0.022458811      0.11792279     0.059322232        3.045824      0.96572587       1.4394351      0.99873004      -60.373805      -16.974243    -0.000329548      0.29214169      0.70811285       0.8077902     0.046524521      0.24428281      0.79714021       13.678846       147.55089       69.478819    2.102735e-09        8.119278       14.422099       1016.8657        8.193603       1407.9024       -3.049912        -3.049912                           -0                          -0       2544.7232                                 97.339298           8.193603             1407.9024          14.422099                      23.732871                      397.16647                                586.87367                         9.092705
              3       1271.3298      -34.307486      -67.335245       1.0421554     0.022460577      0.11754028     0.059880761       3.0453976      0.96676219        1.428399      0.99749518      -34.307486      -33.027759  -0.00018726604       0.2914758      0.70863642      0.80615193     0.046547797      0.24359308       0.7946164       13.688001       147.65135       69.464176   2.1018386e-09       8.1684113       14.490049       1019.3877       8.2582149       1408.0661      -2.6892884       -2.6892884                           -0                          -0       2548.0382                                 97.836121          8.2582149             1408.0661          14.490049                      23.471552                      397.28688                                589.48135                         9.147962
              2       1271.9199      -36.570783      -19.348045       1.0421274     0.022530089      0.11764481     0.060126434       3.0453208      0.96579597       1.3854303      0.99911668      -36.570783       17.222738  -0.00019962015      0.29782935      0.70229368      0.80395872     0.047650673      0.24881634      0.80104492       13.736505       147.54605       68.761752   2.1016773e-09       8.1831512       10.313037       1022.7368        11.65565       1406.5144       -3.091183        -3.091183                           -0                          -0       2550.0222                                 98.802278           11.65565             1406.5144          10.313037                      23.192276                      397.35109                                592.29393                        9.8995312
              1       1268.8203      -64.216992      -2.3138441       1.0421823     0.022498191      0.11773733     0.057479943       3.0457816      0.96694715       1.3722717       1.0007881      -64.216992       61.903148  -0.00035052588      0.30010143      0.70017196      0.80446737     0.047925581      0.25080371      0.80460335       13.754406       147.55653       68.515701   2.1026459e-09       7.9332733       11.032148       1016.8583       12.983818       1406.0351      -3.1477755       -3.1477755                           -0                          -0       2543.9362                                 97.026802          12.983818             1406.0351          11.032148                      23.084335                      396.57198                                587.75854                        9.4434793
              6       1268.0708      -45.844244      -55.247851       1.0418321      0.02253042      0.11835194     0.054219887       3.0440309      0.96603781       1.4184313       1.0005618      -45.844244      -9.4036068  -0.00025023897      0.29779133      0.70238272      0.80716967     0.047407122      0.24902886      0.80419289       13.708084       147.35645       68.938661   2.0989681e-09       7.6061859       10.348098       1018.3212       10.744975       1406.5377      -3.1025683       -3.1025683                           -0                          -0       2542.3468                                 96.394839          10.744975             1406.5377          10.348098                      23.552542                      396.00769                                590.10267                        8.6582689
              2       1268.9795      -45.844244      -55.247851       1.0418321      0.02253042      0.11835194     0.054219887       3.0440309      0.96603781       1.3976933       1.0006611      -45.844244      -9.4036068  -0.00025023897      0.29779133      0.70238272      0.80716967     0.047407122      0.24902886      0.80419289       13.708084       147.35645       68.938661   2.0989681e-09       7.6061859       10.348098       1017.7916       10.744975       1406.5377      -3.1106599       -3.1106599                           -0                          -0       2544.1804                                 98.757972          10.744975             1406.5377          10.348098                      23.537164                      396.00769                                589.57732                        8.6694715
              1       1265.8696       -108.7921      -57.427018       1.0417244     0.022564446      0.11849074     0.053828699       3.0448015      0.96699977       1.4045635        1.001805       -108.7921        51.36508  -0.00059383731       0.2975513       0.7029665      0.80839735     0.047382585       0.2488161      0.80509138       13.699257       147.28178       69.008559    2.100586e-09       7.5598602       10.406144        1015.613       10.395369       1406.6044      -2.8307233       -2.8307233                           -0                          -0       2537.4006                                 94.381631          10.395369             1406.6044          10.406144                      23.336427                      395.99558                                 587.5761                         8.704936
              6       1265.2707      -108.24677      -58.005081       1.0417256     0.022563953      0.11849414     0.053822443       3.0448058      0.96698608       1.4050407       1.0026214      -108.24677       50.241685  -0.00059086064      0.29750014       0.7030147      0.80843103     0.047372431      0.24877536      0.80505571       13.698685       147.28142       69.015201   2.1005952e-09       7.5598602       10.420248       1013.8326       10.362453       1406.6159      -2.5419909       -2.5419909                           -0                          -0       2535.6255                                 94.394325          10.362453             1406.6159          10.420248                      23.223701                      395.97386                                585.82749                        8.8075247
              1        1266.177      -175.12132      -34.091454       1.0418567     0.022513847      0.11914663      0.05378923       3.0459412      0.96859146       1.3887572       1.0030912      -175.12132       141.02987  -0.00095589272       0.3031542      0.69772455       0.8112671     0.047961673      0.25382031      0.81552078       13.723873       147.16366       68.513742   2.1029814e-09       7.5781097       11.655161       1012.1992       12.994683       1405.4765      -2.4077539       -2.4077539                           -0                          -0       2537.1695                                 94.843964          12.994683             1405.4765          11.655161                      22.648962                      395.92431                                584.74333                        8.8826029
              5       1266.1277      -151.63276      -26.385946       1.0418316     0.022459513      0.11889319     0.054204901       3.0463404      0.96826134       1.3799967       1.0023568      -151.63276       125.24682  -0.00082768137      0.30347274      0.69727755      0.81024683     0.048000013       0.2540961      0.81492297        13.74003        147.2911       68.403683   2.1038212e-09       7.6286469       12.071711       1012.7667       13.612221       1405.4122      -2.7865116       -2.7865116                           -0                          -0       2537.8283                                  93.96556          13.612221             1405.4122          12.071711                      22.777043                      396.02496                                585.17559                        8.7890554
              1       1266.1904      -170.85908      -31.633837       1.0418087     0.022437047      0.11902237     0.053705035       3.0459928      0.96828842        1.386215       1.0025878      -170.85908       139.22524  -0.00093262745      0.30345921      0.69739609      0.81092247     0.047913851      0.25416982      0.81558431       13.736083       147.28164       68.430909     2.10309e-09       7.5844269       11.825762       1012.5332       13.458124       1405.4195      -2.7082382       -2.7082382                           -0                          -0       2537.7972                                 94.560621          13.458124             1405.4195          11.825762                      22.776533                      395.95356                                584.98098                         8.822126
              6       1265.8387      -188.12705      -30.636019       1.0418134     0.022443973      0.11899728     0.053236437       3.0460261      0.96768589       1.3866651       1.0035309      -188.12705       157.49103    -0.001026884      0.30317257      0.69777705      0.81067805     0.047889489      0.25390866      0.81495333       13.734374       147.28059       68.458876   2.1031601e-09       7.5345917       11.655499       1011.3912       13.300743       1405.4743      -2.2417344       -2.2417344                           -0                          -0       2536.1608                                  94.33904          13.300743             1405.4743          11.655499                      22.835732                      395.89238                                583.83727                        8.8258343
              2       1266.1375      -191.55942      -28.947908       1.0418139     0.022440841      0.11901016     0.053178015       3.0460287      0.96783152       1.3854151       1.0032255      -191.55942       162.61151   -0.0010456194       0.3034318      0.69753649      0.81072857     0.047920462      0.25413585      0.81535248       13.736279       147.28063       68.431973   2.1031655e-09       7.5296783       11.837043       1012.0164       13.452118       1405.4272      -2.4096375       -2.4096375                           -0                          -0       2537.0943                                 94.361499          13.452118             1405.4272          11.837043                      22.846881                      395.90769                                584.45527                        8.8066034
              5       1266.9398      -191.55942      -28.947908       1.0418139     0.022440841      0.11901016     0.053178015       3.0460287      0.96783152       1.4210311       1.0041148      -191.55942       162.61151   -0.0010456194       0.3034318      0.69753649      0.81072857     0.047920462      0.25413585      0.81535248       13.736279       147.28063       68.431973   2.1031655e-09       7.5296783       11.837043       1011.3289       13.452118       1405.4272      -1.8593572       -1.8593572                           -0                          -0       2537.5984                                 95.553183          13.452118             1405.4272          11.837043                      22.724194                      395.90515                                583.81795                        8.8815628
              1       1267.7578      -205.13498      -26.911559       1.0417111      0.02243173      0.11913419     0.052677094       3.0459956      0.96725933       1.4202594       1.0044204      -205.13498       178.22342   -0.0011197211       0.3045598      0.69648237      0.81087993     0.048040224      0.25514008       0.8170191       13.741891       147.25776       68.332746   2.1030959e-09       7.4819489         12.6686       1011.3268       14.017848       1405.2288      -1.6572462       -1.6572462                           -0                          -0       2538.8301                                 95.588084          14.017848             1405.2288            12.6686                      22.821359                      395.83372                                583.83268                        8.8390251
              4       1266.5899      -80.660246      -35.561413       1.0419781     0.022371672       0.1187643     0.053953239       3.0464989      0.96774861       1.4183255       1.0037105      -80.660246       45.098833  -0.00044028073      0.30259466      0.69776833      0.81025633     0.047746815       0.2534731      0.81375269       13.741568       147.42288       68.450562   2.1041547e-09       7.6209259       11.283285       1011.8799       13.347432       1405.5638      -2.1436466       -2.1436466                           -0                          -0       2537.4671                                 95.392658          13.347432             1405.5638          11.283285                      22.735663                      395.99969                                584.22503                        8.9195178
              2       1266.6271      -81.463251      -36.617421       1.0419822     0.022377745      0.11873468     0.053896695       3.0465011      0.96770035       1.4193376        1.002968      -81.463251        44.84583   -0.0004446639      0.30224069      0.69812676       0.8101663      0.04771183       0.2531555      0.81318623       13.739376       147.42401       68.484947   2.1041594e-09        7.613205       11.106175       1012.9771       13.154868       1405.6306      -2.5382403       -2.5382403                           -0                          -0       2538.3306                                 95.461902          13.154868             1405.6306          11.106175                      22.867066                      395.99306                                585.29348                        8.8234627
              5       1267.7445      -58.025631      -53.985521       1.0418051     0.022338627      0.11864302     0.055856729       3.0472473      0.96428728       1.4331248       1.0029266      -58.025631       4.0401107  -0.00031673059      0.30057933      0.69966054      0.80969347      0.04741036      0.25180189       0.8104749       13.731445       147.49211       68.642266   2.1057301e-09       7.8174591        10.44702       1014.8713       12.291682       1405.9548      -2.5445528       -2.5445528                           -0                          -0       2540.5782                                 97.013342          12.291682             1405.9548           10.44702                      23.486493                       396.3732                                586.15376                         8.857868
              5       1269.1473      -107.99326      -28.244999       1.0415622     0.022446801       0.1184047     0.053617971         3.04749      0.96594919       1.4138797       1.0041692      -107.99326       79.748256  -0.00058947686      0.30204803      0.69846414      0.80801657     0.047916757      0.25275625      0.81076996       13.749361       147.43512       68.443706   2.1062411e-09       7.5640717        11.49657       1014.6188       13.385993       1405.6692      -1.8263791       -1.8263791                           -0                          -0       2541.9473                                 96.776839          13.385993             1405.6692           11.49657                      23.186616                       395.9443                                586.82481                        8.6630322
              4       1268.4371      -107.99326      -28.244999       1.0415622     0.022446801       0.1184047     0.053617971         3.04749      0.96594919       1.3877662       1.0040224      -107.99326       79.748256  -0.00058947686      0.30204803      0.69846414      0.80801657     0.047916757      0.25275625      0.81076996       13.749361       147.43512       68.443706   2.1062411e-09       7.5640717        11.49657       1014.9673       13.385993       1405.6692      -1.9421588       -1.9421588                           -0                          -0       2540.7586                                 95.239543          13.385993             1405.6692           11.49657                       23.20815                       395.9443                                587.16819                        8.6466486
              1       1269.6219      -65.713336      -42.930775       1.0415615     0.022448925      0.11858094     0.052720145       3.0467705      0.96752363       1.3976717       1.0032182      -65.713336       22.782561  -0.00035869362      0.30165765      0.69862394      0.80920457     0.047799101      0.25248703      0.81143712       13.738224       147.38575       68.531132   2.1047263e-09       7.4749298       11.051792       1020.1504       12.898417       1405.7409      -2.4002317       -2.4002317                           -0                          -0       2544.0443                                 94.202773          12.898417             1405.7409          11.051792                      23.071072                       395.8471                                592.57465                        8.6575607
              1       1267.3526      -172.61767      -66.369861       1.0416372     0.022466709      0.11824407     0.054153704       3.0460123      0.96751985       1.4270859       1.0025294      -172.61767       106.24781  -0.00094222667      0.29503471      0.70583193      0.80919598     0.046892315      0.24679796      0.80247155       13.693519       147.45589       69.217976    2.103131e-09       7.6082916       11.678613       1016.4393        9.382553       1407.2019      -2.6758009       -2.6758009                           -0                          -0       2540.0568                                 95.354362           9.382553             1407.2019          11.678613                      23.381562                      396.02328                                588.30699                        8.7275023
              4        1267.144      -159.62157      -61.944335       1.0416692     0.022477738      0.11837869     0.054972746       3.0457585      0.96701508        1.422093       1.0037006      -159.62157       97.677234  -0.00087128795      0.29635945      0.70443599      0.80913457     0.047077483      0.24793289       0.8042101       13.698852       147.40783        69.09867   2.1025974e-09       7.6911163        10.91481       1015.4802       9.9531977       1406.8861      -2.0877518       -2.0877518                           -0                          -0       2538.4635                                 95.229177          9.9531977             1406.8861           10.91481                      23.082894                      396.14034                                 587.1796                        9.0773832
              4       1266.9807       -182.2084      -49.974289       1.0417574     0.022582901       0.1183774     0.052562977       3.0458678      0.96717474       1.4130929       1.0037919       -182.2084       132.23412  -0.00099457729      0.29674887      0.70416982      0.80847829     0.047325145      0.24807386      0.80408558        13.69628       147.29139       69.078657   2.1028271e-09       7.4257965       10.543357       1015.2819       10.050571       1406.7973      -1.9034932       -1.9034932                           -0                          -0       2537.7685                                 95.095391          10.050571             1406.7973          10.543357                      23.280413                      395.85401                                587.44572                         8.701706
              5       1268.6749      -152.25349      -31.863109       1.0418442      0.02252452      0.11834152     0.050788178       3.0445197      0.96630267       1.3944722       1.0064438      -152.25349       120.39038  -0.00083106958      0.29937214      0.70138232      0.80698686     0.047651796      0.25035764      0.80614196       13.723514       147.36548       68.752444   2.0999943e-09       7.2573395       10.400252       1013.5828       11.704591       1406.2123      0.16633507       0.16633507                           -0                          -0       2537.0172                                 95.117257          11.704591             1406.2123          10.400252                      23.014756                      395.75928                                585.77751                         9.031235
              4       1268.9869      -134.84469      -43.718299       1.0418593     0.022550875      0.11830793     0.049733175       3.0444585      0.96608629        1.403773       1.0067986      -134.84469        91.12639  -0.00073604434      0.29769187      0.70296799      0.80708429     0.047442208      0.24889454      0.80397353       13.708477       147.34512       68.944441   2.0998657e-09       7.1422272        10.32674       1013.6972        10.71585       1406.5738      0.58509403       0.58509403                           -0                          -0       2536.8036                                 95.490009           10.71585             1406.5738           10.32674                      23.228751                      395.78359                                585.79821                        8.8866739
              3       1268.5905      -140.83626      -42.143312       1.0418819     0.022557602       0.1183399     0.049778783       3.0440893      0.96612453       1.4028244        1.006426      -140.83626       98.692953  -0.00076874912      0.29788182      0.70281072      0.80701291     0.047473659      0.24905255      0.80415887       13.708408       147.32916       68.931878   2.0990905e-09       7.1457367       10.308405       1013.6926        10.77921       1406.5327      0.20013744       0.20013744                           -0                          -0       2536.7808                                 95.467873           10.77921             1406.5327          10.308405                      23.231793                      395.75599                                585.82443                        8.8804321
              1       1268.6586      -146.38631      -25.910255       1.0419151     0.022577032      0.11837165     0.050662398       3.0442662      0.96521341       1.3886622       1.0049293      -146.38631       120.47605  -0.00079904382      0.29984629      0.70087607       0.8062345     0.047810612      0.25067162      0.80602793       13.723135       147.29926        68.71812    2.099462e-09       7.2341766       10.581483       1015.2215       11.885943        1406.111      -1.1381576       -1.1381576                           -0                          -0       2539.5935                                  95.79366          11.885943              1406.111          10.581483                      23.446575                      395.74179                                587.29264                        8.7404671
              3       1267.8971      -164.70954      -16.773572       1.0419296     0.022542727      0.11841995     0.051486824       3.0443011      0.96584394        1.381877       1.0049088      -164.70954       147.93597  -0.00089906043      0.30118445      0.69963759      0.80648359     0.047946274      0.25186816      0.80807409       13.734813       147.32447       68.568681   2.0995352e-09        7.326828       11.149238       1013.4341       12.691785       1405.8426      -1.2104473       -1.2104473                           -0                          -0       2538.2151                                 95.097379          12.691785             1405.8426          11.149238                      23.177741                      395.77239                                585.57819                        8.9057613
              4       1268.0497      -169.00859       -21.21425       1.0420588     0.022528603      0.11853207      0.04999313       3.0439179      0.96633477        1.386205       1.0058715      -169.00859       147.79434  -0.00092252665      0.30086511      0.69998053      0.80723438     0.047832325      0.25166517      0.80839746       13.727714       147.31017       68.628797   2.0987309e-09       7.1773224       10.840541       1013.0873       12.364437       1405.9079      -0.3971919       -0.3971919                           -0                          -0       2536.8938                                 94.693621          12.364437             1405.9079          10.840541                      23.087896                       395.7425                                585.35962                         8.897259
              5       1268.9856      -314.77424      -33.315404       1.0419417     0.022540614      0.11853869     0.048636552       3.0440769      0.96737465        1.408457       1.0064814      -314.77424       281.45883   -0.0017181826      0.29774838      0.70389373      0.80863749     0.047355832      0.24903928       0.8055972       13.701124       147.29499       68.991587   2.0990646e-09       7.0320282       10.378495       1015.0311       10.479729       1406.5948      0.23734488       0.23734488                           -0                          -0       2537.4965                                 95.012357          10.479729             1406.5948          10.378495                      23.161392                      395.84013                                587.27594                        8.7535954
              2       1270.9825      -314.77424      -33.315404       1.0419417     0.022540614      0.11853869     0.048636552       3.0440769      0.96737465       1.3034909       1.0084055      -314.77424       281.45883   -0.0017181826      0.29774838      0.70389373      0.80863749     0.047355832      0.24903928       0.8055972       13.701124       147.29499       68.991587   2.0990646e-09       7.0320282       10.378495       1013.7604       10.479729       1406.5948       2.5195863        2.5195863                           -0                          -0       2536.9259                                 95.712496          10.479729             1406.5948          10.378495                      22.886431                      395.89256                                585.90585                        9.0755131
              1       1270.7352      -267.70709      -17.016902       1.0419539     0.022555083      0.11817971     0.047041139       3.0437306      0.96747129        1.285165       1.0086037      -267.70709       250.69019   -0.0014612685      0.29841151      0.70297332      0.80637212     0.047607495      0.24944443      0.80423443       13.720548        147.3744       68.831075   2.0983379e-09        6.857254       10.305806       1014.8538       11.294381       1406.4343       2.8253228        2.8253228                           -0                          -0       2535.8197                                 92.931506          11.294381             1406.4343          10.305806                      22.910474                      395.97789                                 587.0779                        8.8875202
              4       1271.7406      -260.41198      -23.352849       1.0420897     0.022554584      0.11813138     0.046988179       3.0440024      0.96870191       1.2902925       1.0086548      -260.41198       237.05913   -0.0014214484      0.29703733      0.70430801      0.80704139     0.047403587      0.24827994      0.80304651       13.709886       147.38783       68.978193   2.0989083e-09       6.8516388       10.368667       1015.8314       10.546543       1406.7386       2.8902772        2.8902772                           -0                          -0       2537.7007                                 94.215468          10.546543             1406.7386          10.368667                      22.735051                      396.03252                                588.13525                        8.9285524
              1       1272.0053      -269.58761      -24.023326       1.0420844     0.022559258      0.11811189     0.046807908       3.0440468      0.96871713       1.2916112       1.0090763      -269.58761       245.56428   -0.0014715332      0.29671807      0.70467743      0.80704118     0.047367415      0.24799817      0.80261462       13.707705       147.38783       69.011674   2.0990014e-09       6.8312836       10.429678       1015.2229       10.379924       1406.8132       3.4942163        3.4942163                           -0                          -0       2537.0222                                  94.17649          10.379924             1406.8132          10.429678                      22.714865                      396.05277                                587.48563                        8.9696494
              2       1272.7005      -250.70953      -13.813191       1.0420888     0.022582539       0.1180743     0.046981373       3.0438919      0.96935889       1.2809585        1.009796      -250.70953       236.89634   -0.0013684879      0.29791098      0.70338116      0.80646103     0.047611748      0.24894117      0.80364826       13.718297       147.37206       68.869879   2.0986763e-09       6.8446198       10.286016        1014.354       11.094643       1406.5386       4.6284162        4.6284162                           -0                          -0       2536.1443                                 93.870963          11.094643             1406.5386          10.286016                      22.410349                      395.98697                                586.69929                        9.2573918
              5       1272.3865      -206.10698      -13.231493       1.0420141     0.022574462      0.11800901     0.046899769       3.0440414      0.96911729       1.2769558        1.009796      -206.10698       192.87548   -0.0011250267       0.2984721       0.7025764      0.80596537     0.047709137      0.24940164      0.80391036       13.726332       147.39841       68.787246     2.09899e-09       6.8368988       10.361616       1014.0949       11.522128       1406.4074       4.6191417        4.6191417                           -0                          -0       2535.5347                                 93.148715          11.522128             1406.4074          10.361616                      22.455092                      395.97238                                586.48084                        9.1865805
              2       1271.5082      -206.10698      -13.231493       1.0420141     0.022574462      0.11800901     0.046899769       3.0440414      0.96911729       1.3375974       1.0091353      -206.10698       192.87548   -0.0011250267       0.2984721       0.7025764      0.80596537     0.047709137      0.24940164      0.80391036       13.726332       147.39841       68.787246     2.09899e-09       6.8368988       10.361616       1015.3639       11.522128       1406.4074       3.5800536        3.5800536                           -0                          -0       2535.8562                                  92.20123          11.522128             1406.4074          10.361616                      22.541054                      395.99739                                587.80658                        9.0188535
              8        1270.969      -200.41419      -89.797092       1.0419039     0.022411954      0.11868946     0.046777531       3.0407742      0.96696208       1.4059933       1.0076664      -200.41419        110.6171   -0.0010939528      0.29339253      0.70762647      0.81004008     0.046389464       0.2456698      0.80106989       13.662753       147.39743       69.507262   2.0921435e-09        6.864975       14.604624       1013.3063       8.0688242       1407.6215       1.4578022        1.4578022                           -0                          -0       2539.0224                                 95.421215          8.0688242             1407.6215          14.604624                       23.92175                      396.27446                                584.11709                        8.9929739
              5       1269.4559      -166.50583      -74.936536       1.0417455     0.022429985      0.11857099     0.047093342       3.0403557      0.96704429       1.3899869       1.0061255      -166.50583       91.569293  -0.00090886541      0.29561623      0.70521706      0.80846918     0.046811835      0.24746007      0.80254054       13.686762       147.40895       69.220807    2.091268e-09       6.8930511       11.786634       1017.1098       9.3692154       1407.0657     -0.24438266      -0.24438266                           -0                          -0       2539.4005                                 94.069202          9.3692154             1407.0657          11.786634                      23.614301                      396.11164                                588.56179                        8.8220365
              2        1268.648       -137.8962      -51.260221       1.0416565     0.022393773      0.11875628     0.047053994       3.0407508      0.96679939       1.3664675       1.0074758       -137.8962       86.635976  -0.00075270088      0.30062794      0.70004798      0.80812731     0.047478633      0.25178363      0.80897263       13.725308       147.39987       68.677509   2.0920946e-09       6.8993683       10.464298       1012.9708        12.10232       1405.9592       1.1987309        1.1987309                           -0                          -0       2534.8986                                 93.402004           12.10232             1405.9592          10.464298                      23.007593                      396.01403                                  585.017                        8.9321548
              1        1268.494      -7.3374623      -65.392795       1.0419124      0.02245742      0.11918671     0.048398628       3.0422299      0.96764876       1.3689885       1.0049094      -7.3374623      -58.055332  -4.0051245e-05      0.30166081      0.69830247      0.81040498     0.047611259      0.25268394       0.8126451       13.710932       147.21504        68.67918   2.0951912e-09       7.0355377       10.651938       1015.8261       12.093383       1405.7369      -1.3083491       -1.3083491                           -0                          -0       2539.6046                                 95.296285          12.093383             1405.7369          10.651938                      23.102708                       395.9193                                587.95571                         8.848346
              1       1269.1696      -20.212367      -35.756918       1.0420129     0.022498611      0.11910784     0.049353859       3.0419816      0.96701331       1.3433474       1.0062523      -20.212367      -15.544551  -0.00011032839      0.30433706       0.6956958      0.80861925     0.048134502      0.25482446      0.81444333       13.734676       147.19043       68.367486    2.094671e-09       7.1267853       12.656202       1013.7976       13.818455       1405.2398    -0.073082133     -0.073082133                           -0                          -0       2538.4854                                 92.973274          13.818455             1405.2398          12.656202                      22.706403                       395.7946                                586.20428                        9.0923284
              6       1267.6776      -31.710847      -35.078044        1.042008     0.022506987      0.11915036     0.048961964       3.0420435      0.96704756       1.3436341       1.0051336      -31.710847      -3.3671963  -0.00017309239      0.30447091       0.6956247      0.80878488      0.04815637      0.25493633      0.81478926       13.733714       147.16986       68.364683   2.0948007e-09        7.084671       12.761842       1012.5866       13.834489       1405.2183      -1.0827304       -1.0827304                           -0                          -0       2537.5207                                 93.119563          13.834489             1405.2183          12.761842                      22.901667                      395.76083                                585.07663                        8.8474381
              1       1268.1306      -23.495749       -53.74325         1.04202     0.022555636      0.11924823     0.049572781       3.0422541      0.96793103        1.359775       1.0055592      -23.495749      -30.247501  -0.00012825061      0.30238236      0.69766902      0.81000438     0.047880112       0.2531349      0.81321422       13.708861        147.0902       68.635683   2.0952418e-09       7.1394196       11.095801       1013.8897       12.327214       1405.5991     -0.65381594      -0.65381594                           -0                          -0       2537.5688                                 94.656962          12.327214             1405.5991          11.095801                      22.719522                      395.81897                                586.34897                        9.0022179
              1       1272.5154      -138.13251      -56.859925        1.041613     0.022637533      0.11998055     0.047194488       3.0419532      0.96562839       1.3715206       1.0060835      -138.13251       81.272581  -0.00075399076      0.30520428      0.69547257      0.81157656     0.048226756      0.25560526      0.81858574       13.701044       146.80645       68.512612   2.0946115e-09       6.8825226       12.735261       1017.8542       13.000949       1405.1161    -0.015253726     -0.015253726                           -0                          -0       2545.0613                                 96.354776          13.000949             1405.1161          12.735261                      23.443274                      396.03294                                589.50063                        8.8773923
              5       1274.8709       -168.3685      -53.731414       1.0416201     0.022651875      0.11976988     0.045132627       3.0423756      0.96608844       1.3710667       1.0086394       -168.3685       114.63709  -0.00091903272      0.30395957      0.69688252      0.81114625     0.048126454      0.25446458      0.81648169       13.698408         146.846       68.605691   2.0954965e-09       6.6572113        11.94101       1018.1133       12.489749        1405.336       3.0259369        3.0259369                           -0                          -0         2543.69                                 95.809955          12.489749              1405.336           11.94101                      23.320138                      396.32805                                589.63809                        8.8269832
              2       1273.5458      -166.64045      -54.893679       1.0416355     0.022645874      0.11971658     0.045365878       3.0422481      0.96607034       1.3719769       1.0079086      -166.64045       111.74677  -0.00090960021      0.30352848      0.69730427      0.81098864     0.048065392      0.25409592      0.81574396       13.697145       146.86667       68.640163   2.0952292e-09       6.6831818       11.644253         1018.03       12.303028       1405.4133       2.0456525        2.0456525                           -0                          -0       2543.0003                                   95.6097          12.303028             1405.4133          11.644253                      23.411772                      396.33624                                589.45875                        8.8232472
              2       1272.9484      -76.460262      -26.835436       1.0415785     0.022527987      0.11935481     0.047723395       3.0439193       0.9663271       1.3397143       1.0074895      -76.460262       49.624826  -0.00041735528      0.30724336      0.69309593      0.80940542     0.048563275      0.25729153       0.8191185        13.74986       147.09239       68.109425   2.0987337e-09       6.9520111       16.116843        1013.428       15.333701       1404.7686       1.3226131        1.3226131                           -0                          -0       2543.2515                                 93.604354          15.333701             1404.7686          16.116843                      22.935461                      395.87341                                585.87171                        8.7474561
              1       1273.4581      -92.710841      -28.737523       1.0416112     0.022551418      0.11923664     0.048231743       3.0441078      0.96720492       1.3426922       1.0081161      -92.710841       63.973317  -0.00050605841      0.30591031      0.69451798      0.80943705     0.048435054       0.2560918      0.81737153       13.742048       147.09782       68.234975   2.0991294e-09       6.9990387       14.571028       1014.6688       14.586673       1404.9837       2.1368979        2.1368979                           -0                          -0       2542.6424                                 93.832202          14.586673             1404.9837          14.571028                      22.670538                      395.84157                                587.30434                        8.8523249
              5       1274.3169      -78.649213        -27.3813       1.0415522     0.022544947      0.11901628     0.046402061       3.0439623      0.96777246       1.3403758       1.0081663      -78.649213       51.267913  -0.00042930358      0.30528581      0.69506576      0.80866465     0.048399386      0.25550359      0.81575762       13.746276       147.16321       68.250318   2.0988241e-09       6.8039093       14.174764       1017.1937       14.496655       1405.0847       2.1932665        2.1932665                           -0                          -0       2544.2472                                 93.297478          14.496655             1405.0847          14.174764                      22.780661                      396.03504                                589.67611                        8.7018445
              2       1273.8481      -46.919321      -9.5369203       1.0416818     0.022513776      0.11869214     0.046810978       3.0440595      0.96751199       1.3218566       1.0084203      -46.919321         37.3824  -0.00025610724      0.30595386      0.69422414      0.80692976     0.048559563      0.25600497      0.81489766       13.766378       147.28379       68.090541   2.0990281e-09       6.8495331       15.689983       1014.8885       15.447673       1404.9644       2.4945715        2.4945715                           -0                          -0       2542.7072                                 91.716606          15.447673             1404.9644          15.689983                      22.775363                      395.94743                                587.45284                        8.7128994
              1       1272.0411        -3.62599      -43.770636          1.0415     0.022483198      0.11806562     0.047082115        3.042834      0.96552004       1.3492585       1.0083364        -3.62599      -40.144646  -1.9792321e-05      0.29955455      0.70038842      0.80479295     0.047700286      0.25048766      0.80419524       13.739064       147.48461       68.654427   2.0964572e-09       6.8755035       10.510387       1018.2357       12.226175       1406.1495       2.3430576        2.3430576                           -0                          -0       2539.3962                                 92.274465          12.226175             1406.1495          10.510387                      23.219928                      395.97985                                590.25258                        8.7833131
              7       1271.6084        -3.62599      -43.770636          1.0415     0.022483198      0.11806562     0.047082115        3.042834      0.96552004          1.3333       1.0083364        -3.62599      -40.144646  -1.9792321e-05      0.29955455      0.70038842      0.80479295     0.047700286      0.25048766      0.80419524       13.739064       147.48461       68.654427   2.0964572e-09       6.8755035       10.510387       1018.2357       12.226175       1406.1495       2.3451163        2.3451163                           -0                          -0       2538.5265                                 91.404855          12.226175             1406.1495          10.510387                      23.219928                      395.97985                                590.25258                        8.7833131
              1       1271.7687        -3.62599      -43.770636          1.0415     0.022483198      0.11806562     0.047082115        3.042834      0.96552004       1.2800714       1.0077002        -3.62599      -40.144646  -1.9792321e-05      0.29955455      0.70038842      0.80479295     0.047700286      0.25048766      0.80419524       13.739064       147.48461       68.654427   2.0964572e-09       6.8755035       10.510387        1020.985       12.226175       1406.1495        1.563029         1.563029                           -0                          -0       2540.4112                                 90.540182          12.226175             1406.1495          10.510387                      23.313315                      395.99289                                593.00619                        8.6726627
              1       1272.3209      -8.5588932      -50.945655       1.0414351     0.022491324      0.11804986     0.047095266        3.042647      0.96596773       1.2869073        1.007728      -8.5588932      -42.386762  -4.6718376e-05      0.29863269      0.70133744      0.80501923     0.047573248      0.24969697      0.80318261       13.731469       147.47979       68.758454   2.0960652e-09       6.8748016        10.31835       1021.2103       11.672976       1406.3465       1.5987894        1.5987894                           -0                          -0       2541.4443                                 91.896142          11.672976             1406.3465           10.31835                      23.262009                      396.00492                                593.25125                        8.6921537
              3       1271.9494      -6.6083117      -52.932862       1.0414479      0.02249406      0.11806609     0.047262124       3.0427099       0.9661306       1.2885418       1.0089776      -6.6083117      -46.324551  -3.6071205e-05      0.29843428      0.70152525      0.80522179     0.047541042      0.24953186       0.8031178       13.728832       147.47244       68.785924   2.0961971e-09       6.8923492       10.297951       1016.9774       11.529032       1406.3893       3.2702275        3.2702275                           -0                          -0       2537.3583                                  92.16461          11.529032             1406.3893          10.297951                      23.046872                      395.97474                                588.98875                        8.9670452
              1       1272.5565      -6.5586482      -33.541035       1.0413965     0.022481516      0.11789732     0.047646484       3.0433372       0.9646194       1.2711028       1.0083404      -6.5586482      -26.982387  -3.5800119e-05      0.30023233      0.69972638      0.80366333      0.04786226      0.25099873      0.80397446       13.752517       147.53147       68.535597   2.0975126e-09       6.9330597       10.918026       1020.3232       12.873762        1406.008       2.3928384        2.3928384                           -0                          -0       2540.3272                                 90.204222          12.873762              1406.008          10.918026                      23.333484                      395.88231                                592.31044                        8.7969379
             14       1272.7061      -6.5586482      -33.541035       1.0413965     0.022481516      0.11789732     0.047646484       3.0433372       0.9646194       1.2769061        1.007868      -6.5586482      -26.982387  -3.5800119e-05      0.30023233      0.69972638      0.80366333      0.04786226      0.25099873      0.80397446       13.752517       147.53147       68.535597   2.0975126e-09       6.9330597       10.918026       1021.9664       12.873762        1406.008       1.7737415        1.7737415                           -0                          -0       2541.8646                                  90.09843          12.873762              1406.008          10.918026                      23.403908                      395.87983                                593.98161                        8.7010351
              5        1272.216      -29.369474       -18.67828       1.0413779     0.022564297      0.11812994     0.049546984       3.0433881      0.96409632       1.2653226       1.0071604      -29.369474       10.691194   -0.0001603121      0.30262913      0.69745365      0.80348614     0.048313939      0.25293599      0.80699924        13.75929       147.37765       68.339953   2.0976193e-09       7.1183624       12.811073       1020.1267       13.976365       1405.5432       1.0411209        1.0411209                           -0                          -0       2542.3499                                 89.892492          13.976365             1405.5432          12.811073                      23.363569                      395.73268                                592.09083                        8.9396466
              2       1271.6338      -90.069958      -25.502347       1.0414045     0.022586877      0.11836487     0.051042219       3.0435464      0.96657702       1.2761937       1.0062989      -90.069958       64.567611  -0.00049164326      0.30205778      0.69835662      0.80557813     0.048183193      0.25250049      0.80833624       13.743696       147.29019       68.466843   2.0979513e-09       7.2706757       11.984982       1019.5251       13.256081       1405.6633      0.13793169       0.13793169                           -0                          -0       2542.9918                                 92.562388          13.256081             1405.6633          11.984982                      22.805553                       395.7029                                591.93403                        9.0826036
              1       1270.9315      -68.342339      -26.347574       1.0413575     0.022561377      0.11830097      0.05175263       3.0435466       0.9668911       1.2752585       1.0056038      -68.342339       41.994765  -0.00037304392      0.30217525      0.69812047      0.80545537     0.048177932      0.25262181       0.8083702       13.748814        147.3355       68.431919   2.0979517e-09       7.3478851       12.087645       1019.1609       13.452424       1405.6374     -0.56462131      -0.56462131                           -0                          -0       2542.9922                                 92.653871          13.452424             1405.6374          12.087645                      22.749124                       395.7524                                591.57734                         9.082013
              1       1270.4339      -68.342339      -26.347574       1.0413575     0.022561377      0.11830097      0.05175263       3.0435466       0.9668911       1.3517915       1.0054528      -68.342339       41.994765  -0.00037304392      0.30217525      0.69812047      0.80545537     0.048177932      0.25262181       0.8083702       13.748814        147.3355       68.431919   2.0979517e-09       7.3478851       12.087645       1018.7234       13.452424       1405.6374     -0.73945197      -0.73945197                           -0                          -0       2542.3467                                 92.445747          13.452424             1405.6374          12.087645                      22.769773                       395.7524                                591.15759                        9.0436612
              1       1270.7425      -49.944823      -22.657862       1.0413833     0.022571464      0.11825816     0.051835823       3.0435295      0.96707411       1.3470388       1.0054528      -49.944823       27.286961  -0.00027262182      0.30250438      0.69769081      0.80511388     0.048263131      0.25286393      0.80846741       13.752626       147.33573       68.386773   2.0979159e-09       7.3542023        12.49784       1018.8391       13.708373       1405.5712      -0.7234645       -0.7234645                           -0                          -0       2542.9319                                 92.315307          13.708373             1405.5712           12.49784                      22.722747                      395.74958                                591.26538                        9.1013967
              1       1269.5498      -74.376834      -27.761037       1.0413922     0.022583323      0.11785925     0.052114843       3.0449153      0.96687761       1.3535332       1.0047838      -74.376834       46.615798  -0.00040598298      0.29931517      0.70101399      0.80450454     0.047910473      0.25003816      0.80358577       13.740875       147.42896       68.656031   2.1008253e-09       7.3738556       10.704786        1019.485       12.217549       1406.2075      -1.2516207       -1.2516207                           -0                          -0       2541.6028                                 92.987979          12.217549             1406.2075          10.704786                      22.996028                      395.79114                                591.87411                        8.8237364
              2       1269.5243      -74.376834      -27.761037       1.0413922     0.022583323      0.11785925     0.052114843       3.0449153      0.96687761       1.2918305       1.0060629      -74.376834       46.615798  -0.00040598298      0.29931517      0.70101399      0.80450454     0.047910473      0.25003816      0.80358577       13.740875       147.42896       68.656031   2.1008253e-09       7.3738556       10.704786       1019.4971       12.217549       1406.2075     -0.11677724      -0.11677724                           -0                          -0       2539.2822                                 90.655313          12.217549             1406.2075          10.704786                      22.816453                      395.78074                                591.75194                        9.1479397
              7       1269.4727      -160.38438      -43.028435       1.0412897     0.022570975      0.11762395      0.05304785       3.0453242       0.9679937       1.3122673       1.0055529      -160.38438       117.35594  -0.00087545171      0.29537549      0.70542401      0.80515469     0.047337103      0.24668747      0.79892485       13.717659        147.5056       69.051692   2.1016844e-09       7.4658051       10.602503       1020.7811       10.182519       1407.1087     -0.62572901      -0.62572901                           -0                          -0       2540.1969                                 91.522029          10.182519             1407.1087          10.602503                      22.740572                      395.83339                                593.04128                        9.1658545
              1       1269.4521      -102.63976      -59.618511       1.0413279     0.022576123      0.11772947     0.055345659        3.045624      0.96933018       1.3226784       1.0039554      -102.63976       43.021249  -0.00056025502      0.29438506      0.70609956      0.80648431     0.047152083      0.24588765      0.79890139       13.703557       147.47188       69.194924   2.1023145e-09       7.6967316       11.226249       1021.2876       9.4914971       1407.3404      -1.8374644       -1.8374644                           -0                          -0       2542.5792                                 93.233526          9.4914971             1407.3404          11.226249                      22.534169                      396.13229                                593.30214                        9.3189644
              1       1268.8638      -106.31721      -42.397835       1.0414633     0.022496249      0.11682935     0.055439091       3.0455462      0.97110135       1.3074822       1.0037635      -106.31721       63.919377  -0.00058032825      0.29184502      0.70865981      0.80362153     0.046905983      0.24359598      0.79262375       13.722248       147.80204       69.253373   2.1021509e-09       7.7107697       12.406468       1021.3665       9.2164863       1407.9758      -2.0567487       -2.0567487                           -0                          -0        2541.841                                 90.875763          9.2164863             1407.9758          12.406468                      22.185637                      396.09972                                593.40341                        9.6777057
              2       1271.0606      -78.933363      -35.437289       1.0414566     0.022493474      0.11699463     0.054419824       3.0448744       0.9721124       1.2990876       1.0028009      -78.933363       43.496074   -0.0004308546      0.29399992      0.70635496      0.80384811     0.047191708      0.24545681      0.79576892       13.734669       147.76061       69.039148   2.1007392e-09       7.6125031       10.936989       1027.2406       10.244193       1407.4194      -2.5594032       -2.5594032                           -0                          -0       2547.2401                                 91.398921          10.244193             1407.4194          10.936989                      22.117211                      395.93335                                600.02898                        9.1610765
              6       1268.2579       -97.05505      -20.649121       1.0414724     0.022486791      0.11710783     0.055343308       3.0449142      0.97218348       1.2872054       1.0028459       -97.05505       76.405929  -0.00052977111       0.2962314      0.70422187        0.803817     0.047499664      0.24737111      0.79875228       13.750293       147.73773       68.804758   2.1008228e-09       7.7093658       10.300405       1021.5103       11.430859       1406.8862      -2.5358839       -2.5358839                           -0                          -0       2541.5876                                 91.459805          11.430859             1406.8862          10.300405                      21.966021                      396.06541                                594.01915                        9.4597267
             10        1268.035       -97.05505      -20.649121       1.0414724     0.022486791      0.11710783     0.055343308       3.0449142      0.97218348        1.324341       1.0028459       -97.05505       76.405929  -0.00052977111       0.2962314      0.70422187        0.803817     0.047499664      0.24737111      0.79875228       13.750293       147.73773       68.804758   2.1008228e-09       7.7093658       10.300405       1021.5103       11.430859       1406.8862      -2.5601796       -2.5601796                           -0                          -0       2541.1904                                 91.062609          11.430859             1406.8862          10.300405                      21.966021                      396.06541                                594.01915                        9.4597267
              4       1266.7595      -63.100292      -44.081639       1.0415973     0.022555512      0.11734551     0.057096697       3.0458893      0.97315654       1.3427602       1.0015819      -63.100292       19.018653  -0.00034443042      0.29419331      0.70607532      0.80595019     0.047213867      0.24563112      0.79811223       13.717573       147.59763       69.118062   2.1028724e-09       7.8708038       11.020859       1018.8448       9.8593002       1407.3718      -2.9265081       -2.9265081                           -0                          -0       2539.3719                                 92.275161          9.8593002             1407.3718          11.020859                      21.883191                      396.35992                                591.19813                        9.4035301
              1       1267.4168      -78.508849      -31.475735       1.0415391     0.022541698       0.1170593     0.058474616       3.0463146      0.97412785       1.3326283       1.0014956      -78.508849       47.033114  -0.00042853741      0.29433505      0.70601749      0.80498629     0.047308677      0.24567451      0.79734973       13.731902       147.68987       69.027622    2.103767e-09       8.0055695        10.73268       1020.7012        10.30103       1407.3356      -2.9659548       -2.9659548                           -0                          -0       2540.7655                                 91.694933           10.30103             1407.3356           10.73268                      21.618358                      396.64642                                592.59034                        9.8460912
              7       1267.4504      -78.508849      -31.475735       1.0415391     0.022541698       0.1170593     0.058474616       3.0463146      0.97412785       1.3498374       1.0012991      -78.508849       47.033114  -0.00042853741      0.29433505      0.70601749      0.80498629     0.047308677      0.24567451      0.79734973       13.731902       147.68987       69.027622    2.103767e-09       8.0055695        10.73268       1020.7121        10.30103       1407.3356      -3.0121139       -3.0121139                           -0                          -0        2540.925                                 91.843527           10.30103             1407.3356           10.73268                      21.640152                      396.64642                                592.65563                        9.7699354
              2       1269.1506      -1.0570741      -40.596961       1.0414728     0.022526192      0.11669093     0.057604263       3.0462264      0.97438088       1.3519958       1.0023504      -1.0570741      -39.539887  -5.7699967e-06      0.29249652      0.70743352       0.8037561     0.047109777      0.24403964      0.79364084       13.731323       147.80607       69.149392   2.1035814e-09       7.9178314       11.570865       1023.0652       9.7085345       1407.7807      -2.7259658       -2.7259658                           -0                          -0       2543.7531                                 91.627741          9.7085345             1407.7807          11.570865                      21.592639                      396.44202                                 595.0723                        9.9582456
              3       1269.5089      -1.0570741      -40.596961       1.0414728     0.022526192      0.11669093     0.057604263       3.0462264      0.97438088       1.3646543       1.0027909      -1.0570741      -39.539887  -5.7699967e-06      0.29249652      0.70743352       0.8037561     0.047109777      0.24403964      0.79364084       13.731323       147.80607       69.149392   2.1035814e-09       7.9178314       11.570865       1022.7747       9.7085345       1407.7807      -2.5432601       -2.5432601                           -0                          -0       2544.1043                                 92.269466          9.7085345             1407.7807          11.570865                      21.544879                      396.43551                                594.64711                        10.147242
              3       1270.9736      -21.648491      -37.771195       1.0414939     0.022519029      0.11657997     0.058124219       3.0461565      0.97446135       1.3637201       1.0033412      -21.648491      -16.122704  -0.00011816742      0.29198558      0.70805693      0.80338823     0.047052268      0.24358742      0.79258444        13.73185       147.84398       69.180635   2.1034343e-09       7.9690704       11.865367       1024.8198       9.5593445       1407.9164      -2.2824974       -2.2824974                           -0                          -0       2546.5122                                 92.351305          9.5593445             1407.9164          11.865367                      21.438231                      396.51856                                596.11202                        10.750977
              5       1269.9641      -102.44914       -33.78546       1.0414687      0.02254667      0.11670398     0.056413454       3.0454803      0.97281649       1.3664402       1.0035374      -102.44914       68.663677  -0.00055921452       0.2920335      0.70845012      0.80311186     0.047066679      0.24362217       0.7923768       13.726276       147.77963       69.212483   2.1020125e-09       7.7949982       11.875417       1021.9885       9.4084568        1407.922      -2.1370224       -2.1370224                           -0                          -0       2544.2023                                 93.007909          9.4084568              1407.922          11.875417                      21.803761                      396.17751                                593.86097                        10.146297
              2         1269.59      -95.433423      -33.491071       1.0414558     0.022549165      0.11672541     0.056785906       3.0455337      0.97280355       1.3656282       1.0026349      -95.433423       61.942352  -0.00052091952      0.29229739      0.70814788      0.80313961     0.047106365      0.24384539      0.79276211       13.727612       147.77111        69.18715   2.1021248e-09       7.8314972       11.676009       1022.3285       9.5283841       1407.8517      -2.5792598       -2.5792598                           -0                          -0       2544.3384                                  92.95376          9.5283841             1407.8517          11.676009                      21.870073                      396.28756                                594.28146                        9.8894564
              6       1267.6249      -68.779582      -28.821158       1.0415694     0.022546227      0.11693608     0.057513709       3.0449661      0.97299748         1.35935       1.0015821      -68.779582       39.958424   -0.0003754306       0.2940273      0.70627215      0.80351934     0.047308745      0.24536696      0.79548049       13.733839       147.71783       69.034507    2.100932e-09       7.9087067       10.783028       1020.1989       10.267061       1407.4076       -2.939823        -2.939823                           -0                          -0       2541.1294                                  92.47281          10.267061             1407.4076          10.783028                      21.813756                      396.40361                                592.04518                        9.9363368
              2       1267.3649      -92.541229      -46.150186       1.0416834     0.022561754      0.11712076     0.057630534       3.0454976       0.9720731       1.3767843       1.0009034      -92.541229       46.391043   -0.0005051326      0.29206633      0.70836343      0.80493534     0.046958498      0.24376718      0.79422055       13.707395       147.65099       69.315336   2.1020488e-09       7.9178314       12.420024        1018.647       8.9293584       1407.9164      -3.0469716       -3.0469716                           -0                          -0       2540.8238                                 92.911017          8.9293584             1407.9164          12.420024                      22.135628                      396.46879                                590.52295                        9.5195905
              1       1271.4432      -59.774769      -32.089852       1.0415302     0.022553041      0.11713592     0.058854255       3.0455979      0.97192425       1.3615864       1.0024745      -59.774769       27.684917  -0.00032627819      0.29486394      0.70538625      0.80416869     0.047387813      0.24612269      0.79725521        13.73267       147.65672       68.987312   2.1022596e-09       8.0420685       10.552735       1027.3538        10.50103       1407.2038      -2.6399253       -2.6399253                           -0                          -0       2548.1662                                  92.55484           10.50103             1407.2038          10.552735                      21.772745                      396.75718                                598.20676                        10.617093
              2       1269.6122      -45.810263      -48.015535       1.0415169     0.022534747      0.11739825     0.058770346       3.0467584      0.97320998       1.3748157       1.0024745      -45.810263      -2.2052724  -0.00025005349      0.29454696      0.70562722      0.80659704     0.047216365      0.24598095      0.79923275        13.71989       147.60675       69.084412   2.1047008e-09       8.0413666       10.914449       1023.5251       10.022524       1407.2834       -2.662274        -2.662274                           -0                          -0       2544.5489                                 92.803451          10.022524             1407.2834          10.914449                      21.648163                      396.74457                                595.09022                        10.042113
              2       1268.3082      -52.064403      -57.921282       1.0414687     0.022527998      0.11736925     0.058385473        3.046702      0.97298225       1.3842099       1.0004262      -52.064403      -5.8568789  -0.00028419146      0.29320823      0.70700041      0.80682308     0.046999639      0.24486474      0.79763787       13.709744       147.62199       69.233141   2.1045821e-09       8.0034637       11.847158       1021.0044       9.3112273       1407.6194      -3.1424354       -3.1424354                           -0                          -0       2542.9013                                 93.119138          9.3112273             1407.6194          11.847158                      22.021953                       396.6701                                593.13025                        9.1820819
              6       1267.7618      -52.064403      -57.921282       1.0414687     0.022527998      0.11736925     0.058385473        3.046702      0.97298225       1.3839194       1.0012801      -52.064403      -5.8568789  -0.00028419146      0.29320823      0.70700041      0.80682308     0.046999639      0.24486474      0.79763787       13.709744       147.62199       69.233141   2.1045821e-09       8.0034637       11.847158        1019.686       9.3112273       1407.6194      -3.0260219       -3.0260219                           -0                          -0       2541.5757                                  93.11185          9.3112273             1407.6194          11.847158                      21.919214                       396.6545                                 591.6822                        9.4301172
              2       1267.9063      -132.06943      -40.784952       1.0413968     0.022525519      0.11739624     0.058571536       3.0467782      0.97294663       1.3747538       1.0012944      -132.06943       91.284479   -0.0007208957      0.29476146       0.7058835       0.8065464     0.047235176      0.24617555      0.79947351       13.723575       147.61753       69.056511   2.1047424e-09       8.0224152       10.796667       1020.7569       10.158876       1407.2482      -3.0302519       -3.0302519                           -0                          -0       2541.8732                                 92.912471          10.158876             1407.2482          10.796667                      21.850867                      396.73122                                592.73106                         9.443791
              9       1268.3647      -137.06863      -41.859052       1.0414045     0.022528619      0.11731271     0.058656221       3.0467415      0.97296273       1.3761095       1.0016833      -137.06863        95.20958  -0.00074818364      0.29407245      0.70659993      0.80630542     0.047158232      0.24556588      0.79829999       13.720736       147.63647        69.11758   2.1046651e-09       8.0280304       11.100981       1021.3254       9.8616291       1407.4176      -2.9330813       -2.9330813                           -0                          -0       2542.5955                                 92.889922          9.8616291             1407.4176          11.100981                      21.811713                      396.73122                                593.14678                        9.6356588
             10       1268.1136      -131.71869      -44.240523       1.0414756     0.022541682      0.11732162      0.05864335       3.0465449      0.97271119       1.3778333       1.0016833      -131.71869       87.478167   -0.0007189812      0.29359665      0.70704667      0.80626064     0.047101865      0.24514883      0.79760962       13.715046       147.61955       69.178973   2.1042514e-09       8.0245209       11.404399        1020.642       9.5672533       1407.5352      -2.9147255       -2.9147255                           -0                          -0       2542.0567                                 92.907878          9.5672533             1407.5352          11.404399                      21.859788                       396.7211                                592.34399                        9.7171329
              3       1268.0593      -112.39109      -37.942143       1.0415762     0.022532752      0.11773833      0.05808793       3.0468692      0.97365234       1.3706626       1.0023091      -112.39109       74.448944  -0.00061348225      0.29663198      0.70390528      0.80791944     0.047432313      0.24784373      0.80337148       13.724688        147.5179       68.923919    2.104934e-09       7.9803009       10.347231       1020.1293       10.819447       1406.8044      -2.7296316       -2.7296316                           -0                          -0       2541.5778                                 93.477511          10.819447             1406.8044          10.347231                      21.629568                      396.59453                                592.26937                        9.6358087
              6       1266.5255      -112.39109      -37.942143       1.0415762     0.022532752      0.11773833      0.05808793       3.0468692      0.97365234       1.3692839       1.0010694      -112.39109       74.448944  -0.00061348225      0.29663198      0.70390528      0.80791944     0.047432313      0.24784373      0.80337148       13.724688        147.5179       68.923919    2.104934e-09       7.9803009       10.347231       1018.3524       10.819447       1406.8044      -3.0651253       -3.0651253                           -0                          -0       2539.1812                                 92.857747          10.819447             1406.8044          10.347231                      21.769274                      396.59934                                 590.7219                        9.2618625
              3       1267.6457      -119.33724      -38.538364       1.0415604     0.022528055      0.11777716     0.058107885       3.0467069      0.97368296       1.3703619       1.0019033      -119.33724       80.798874  -0.00065139754      0.29674768      0.70382748      0.80805947     0.047429432      0.24796211      0.80366742       13.724481       147.51275       68.918828   2.1045925e-09       7.9838104       10.340766        1019.413       10.845226       1406.7798      -2.8726767       -2.8726767                           -0                          -0       2541.0368                                 93.658025          10.845226             1406.7798          10.340766                      21.658032                      396.58425                                591.64464                        9.5260836
              4       1267.6591      -156.58973      -61.904056        1.041722     0.022513228      0.11846091     0.055814361       3.0468649      0.97206964       1.3942762       1.0014788      -156.58973       94.685674  -0.00085473878      0.29647889      0.70430004      0.81133317     0.047131606      0.24799878       0.8065578        13.69429       147.34664        69.11348    2.104925e-09       7.7690277       10.852715       1016.9299       9.8814461        1406.858      -2.9945851       -2.9945851                           -0                          -0       2541.3073                                  96.78523          9.8814461              1406.858          10.852715                      22.361469                      396.21447                                589.45428                        8.8997128
              2        1268.566      -168.46982      -74.991011       1.0416438     0.022480604      0.11858674     0.057039115       3.0466539      0.97224681       1.4069695       1.0017638      -168.46982       93.478813   -0.0009195858      0.29567562      0.70516841      0.81241204     0.046904926      0.24742673      0.80653549       13.684222       147.34944       69.230069   2.1044808e-09       7.8981781       11.594412       1016.1687       9.3256543       1407.0522      -2.9461451       -2.9461451                           -0                          -0       2543.0243                                 98.883339          9.3256543             1407.0522          11.594412                      22.290233                      396.48446                                588.27133                        9.1226492
             22       1268.3095      -168.46982      -74.991011       1.0416438     0.022480604      0.11858674     0.057039115       3.0466539      0.97224681       1.4026254         1.00135      -168.46982       93.478813   -0.0009195858      0.29567562      0.70516841      0.81241204     0.046904926      0.24742673      0.80653549       13.684222       147.34944       69.230069   2.1044808e-09       7.8981781       11.594412       1015.7216       9.3256543       1407.0522      -3.0527577       -3.0527577                           -0                          -0       2542.7246                                 99.030716          9.3256543             1407.0522          11.594412                      22.343736                      396.48812                                  587.828                        9.0617373
              2       1266.8832       -212.6431      -60.795627       1.0418654     0.022464728      0.11861465     0.056361936        3.046001      0.97188392       1.3933085       1.0015656       -212.6431       151.84747   -0.0011607038      0.29656184      0.70452309      0.81200012     0.047008296      0.24820567      0.80733374       13.691277       147.35956       69.129486   2.1031073e-09       7.8357086       11.052858       1014.0418       9.8041938       1406.8506      -3.0233138       -3.0233138                           -0                          -0       2539.8131                                 98.063583          9.8041938             1406.8506          11.052858                      22.289833                      396.33179                                586.31399                        9.1062101
              2       1266.7341      -156.43649      -45.650083         1.04191     0.022428684      0.11876926     0.058052184       3.0463557      0.97106855       1.3753062      0.99908758      -156.43649       110.78641  -0.00085390235      0.30020864      0.70056862      0.81170684     0.047470291      0.25137503      0.81198904         13.7183       147.35856        68.73706   2.1038533e-09       8.0167999       10.397048       1014.5869       11.785701       1406.0455      -3.1873901       -3.1873901                           -0                          -0       2539.8429                                 97.027763          11.785701             1406.0455          10.397048                      22.357626                      396.74618                                586.52007                        8.9630565
              4       1266.2947      -156.43649      -45.650083         1.04191     0.022428684      0.11876926     0.058052184       3.0463557      0.97106855       1.4477244      0.99964362      -156.43649       110.78641  -0.00085390235      0.30020864      0.70056862      0.81170684     0.047470291      0.25137503      0.81198904         13.7183       147.35856        68.73706   2.1038533e-09       8.0167999       10.397048       1013.7874       11.785701       1406.0455      -3.1779299       -3.1779299                           -0                          -0       2538.9452                                 96.929568          11.785701             1406.0455          10.397048                      22.286074                      396.71268                                585.76073                        9.0279041
              1       1267.0676      -156.43649      -45.650083         1.04191     0.022428684      0.11876926     0.058052184       3.0463557      0.97106855       1.4818237      0.99995718      -156.43649       110.78641  -0.00085390235      0.30020864      0.70056862      0.81170684     0.047470291      0.25137503      0.81198904         13.7183       147.35856        68.73706   2.1038533e-09       8.0167999       10.397048       1013.8335       11.785701       1406.0455      -3.1300487       -3.1300487                           -0                          -0       2540.3954                                 98.333595          11.785701             1406.0455          10.397048                      22.246122                      396.72745                                585.78772                        9.0722355
              3       1267.1818      -159.11466      -45.200577       1.0419145     0.022429858       0.1187804     0.058084679       3.0463388      0.97102522       1.4812926      0.99949416      -159.11466       113.91408  -0.00086852098      0.30027148      0.70052039      0.81171764     0.047478592      0.25142941      0.81208484       13.718326       147.35429       68.732849   2.1038178e-09       8.0196075       10.406137       1013.8465       11.807953       1406.0331      -3.1100797       -3.1100797                           -0                          -0       2540.5837                                 98.489946          11.807953             1406.0331          10.406137                      22.306672                      396.74443                                585.78162                        9.0138183
              1       1267.0216      -160.28952      -45.890789       1.0419205     0.022430421      0.11877962     0.058113742       3.0463868      0.97100008       1.4821508      0.99962376      -160.28952       114.39873  -0.00087493391      0.30014081      0.70065751      0.81176365     0.047459194      0.25131873      0.81195413       13.717172       147.35388       68.747758   2.1039187e-09       8.0224152       10.385571       1013.5745       11.729266       1406.0601      -3.1172227       -3.1172227                           -0                          -0       2540.2776                                 98.528166          11.729266             1406.0601          10.385571                      22.301279                      396.73837                                585.50157                        9.0332462
              1       1266.0701      -138.10788      -62.541142       1.0418182     0.022420467       0.1190473     0.056804762       3.0448659      0.96896146       1.4796374      0.99962564      -138.10788       75.566742  -0.00075385636      0.30006477      0.70061262      0.81195847     0.047340105       0.2513646      0.81204613       13.706261       147.29367       68.818899   2.1007214e-09       7.8981781       10.372001       1012.4684       11.357424        1406.077      -3.1276882       -3.1276882                           -0                          -0       2538.3956                                 98.120761          11.357424              1406.077          10.372001                      22.819902                      396.49656                                584.19743                        8.9545258
              1        1266.849      -218.84761      -59.860574       1.0418578     0.022411278      0.11913536     0.056024691       3.0443189      0.97060139        1.490898       1.0001157      -218.84761       158.98703   -0.0011945709      0.29975941      0.70135882      0.81288956     0.047246324      0.25115515      0.81256354       13.700968       147.28042       68.873047   2.0995727e-09       7.8230743       10.394782       1013.7305       11.078413       1406.1545      -3.1197181       -3.1197181                           -0                          -0       2539.9374                                 98.579247          11.078413             1406.1545          10.394782                      22.538583                       396.3226                                585.82209                        9.0471808
              1       1270.0136      -216.93118      -60.296624       1.0418724      0.02241104      0.11916199     0.055929876       3.0443027      0.97058544       1.4920696      0.99854941      -216.93118       156.63456   -0.0011841102      0.29982815      0.70127962      0.81299217     0.047247888      0.25122226      0.81275928       13.700413       147.27361       68.871542   2.0995386e-09       7.8139496       10.396486       1019.6645       11.086123       1406.1401      -2.9501063       -2.9501063                           -0                          -0       2545.9274                                  98.64027          11.086123             1406.1401          10.396486                      22.765967                      396.32696                                591.56512                        9.0063996
              1       1268.6397      -199.30904      -53.082348       1.0418992     0.022522216      0.11852943     0.056410536       3.0433277      0.97270459       1.4659441       1.0013836      -199.30904       146.22669   -0.0010879204      0.29686108      0.70415097      0.81028724      0.04718538       0.2483262      0.80603706       13.693973       147.31849       69.087875   2.0974926e-09       7.8272858       10.702737       1018.4995       10.005665       1406.7766      -2.9204369       -2.9204369                           -0                          -0       2543.1202                                 97.135671          10.005665             1406.7766          10.702737                      21.929921                      396.28369                                590.75362                        9.5322776
              2       1267.6371      -215.63733      -47.097186       1.0417855     0.022530281      0.11827336     0.058342441       3.0435845       0.9731135       1.4547363      0.99920946      -215.63733       168.54014   -0.0011770477      0.29635416      0.70474702      0.80932626     0.047204294       0.2478003      0.80439344       13.700196       147.37789       69.086398   2.0980312e-09       8.0118866       10.708404       1017.0741       10.012853       1406.8938      -3.0315017       -3.0315017                           -0                          -0       2541.3372                                 96.648034          10.012853             1406.8938          10.708404                      21.928191                      396.65588                                589.07132                        9.4187225
              1       1266.3875      -265.77855      -50.603552       1.0420766     0.022391506      0.11868092      0.05834074       3.0437068      0.96895882       1.4553242      0.99799162      -265.77855         215.175   -0.0014507416      0.29736128      0.70401348      0.81069098     0.046983689      0.24902601      0.80711779       13.699284       147.42342       69.034804   2.0982879e-09       8.0497894       10.842149        1013.748       10.265594        1406.677      -2.8703088       -2.8703088                           -0                          -0       2538.5156                                 96.982837          10.265594              1406.677          10.842149                      22.869332                      396.87126                                584.92917                        9.0782139
              1       1265.8476      -291.57124      -37.123349        1.042054     0.022394393      0.11872646     0.057510173       3.0427588      0.96891254       1.4368882      0.99815001      -291.57124       254.44789     -0.00159153      0.29909014      0.70242499      0.80997375     0.047246801      0.25048437      0.80874455       13.712715       147.40801        68.84675   2.0962996e-09       7.9683685       10.354206        1013.504       11.213481        1406.301      -2.9445051       -2.9445051                           -0                          -0       2537.5841                                 96.211487          11.213481              1406.301          10.354206                      22.776681                      396.65091                                585.01029                        9.0661015
              2       1266.0638      -239.15362      -42.545562       1.0421318     0.022454999      0.11839482     0.058206413       3.0409644      0.96934111       1.4165316      0.99744223      -239.15362       196.60806   -0.0013054105      0.29669461      0.70453487      0.80805009     0.047085243      0.24825869      0.80358622       13.701227       147.42906       69.058018   2.0925414e-09       8.0189056       10.792607       1014.6726       10.151487        1406.819        -2.68496         -2.68496                           -0                          -0       2537.4976                                 95.061916          10.151487              1406.819          10.792607                      22.658558                      396.77154                                585.81226                        9.4301996
              1       1266.6092       -196.4192       -49.36735       1.0420102     0.022399037      0.11848897     0.058453332       3.0405025      0.96949473       1.4248625      0.99758009       -196.4192       147.05185   -0.0010721463      0.29756195      0.70343406      0.80843921     0.047092491      0.24911521      0.80514749       13.708267       147.46619       68.966604   2.0915751e-09       8.0575104       10.608027       1015.5897       10.604521       1406.6173      -2.7626273       -2.7626273                           -0                          -0       2538.7437                                 95.324084          10.604521             1406.6173          10.608027                      22.527021                      396.84601                                 586.6646                        9.5520864
              8       1266.4147       -196.4192       -49.36735       1.0420102     0.022399037      0.11848897     0.058453332       3.0405025      0.96949473       1.4262268      0.99733365       -196.4192       147.05185   -0.0010721463      0.29756195      0.70343406      0.80843921     0.047092491      0.24911521      0.80514749       13.708267       147.46619       68.966604   2.0915751e-09       8.0575104       10.608027       1014.9163       10.604521       1406.6173      -2.6608278       -2.6608278                           -0                          -0        2538.151                                 95.404801          10.604521             1406.6173          10.608027                      22.560294                      396.84601                                586.02979                        9.4802269
              1        1266.944      -262.62744      -59.264786       1.0421368     0.022342629      0.11863957      0.05709462       3.0391716      0.96898377       1.4342059      0.99777621      -262.62744       203.36265   -0.0014335414      0.29613533       0.7052225      0.80932884     0.046717595      0.24807087      0.80409896       13.692646       147.48868       69.155527   2.0887933e-09       7.9367828       11.726852       1015.5064       9.6791468       1406.9593      -2.8330761       -2.8330761                           -0                          -0       2539.5542                                 95.682501          9.6791468             1406.9593          11.726852                      22.832324                      396.58684                                586.61336                        9.4739198
              2       1269.2041      -277.59907      -60.889611       1.0420047     0.022331864       0.1186189     0.057072333       3.0391845      0.96983354       1.4410313      0.99925093      -277.59907       216.70946   -0.0015152634      0.29606892      0.70537063      0.80959293      0.04669498      0.24802708      0.80427115       13.694155       147.50617       69.155607   2.0888201e-09        7.935379        11.77731       1020.3132       9.6787684       1406.9786      -3.1739572       -3.1739572                           -0                          -0        2544.756                                 96.008185          9.6787684             1406.9786           11.77731                      22.498122                      396.53942                                591.41692                        9.8586966
              1       1266.9325      -312.67527      -63.441956       1.0420021      0.02236358      0.11870313      0.05662994       3.0398404      0.97032949       1.4534455       0.9984021      -312.67527       249.23332   -0.0017067255      0.29552855      0.70610266      0.81044493      0.04663776      0.24754748      0.80438248        13.68441        147.4484       69.247137   2.0901908e-09       7.8848419       12.253621       1014.5927       9.2456348       1407.1144      -2.9972546       -2.9972546                           -0                          -0       2539.8596                                 96.653231          9.2456348             1407.1144          12.253621                      22.705912                      396.45772                                586.06292                        9.3661455
              1       1272.9698       -267.9312      -88.856298       1.0419549     0.022396938      0.11875373     0.059275985       3.0393459      0.97284021       1.4880348      0.99678078       -267.9312       179.07491   -0.0014624918      0.29287443      0.70851327      0.81192444     0.046260444      0.24528354      0.80222412       13.656661       147.39808       69.580801   2.0891574e-09       8.1375275       15.602896       1020.8725       7.7506506       1407.7687      -2.3032958       -2.3032958                           -0                          -0       2550.5461                                 98.551306          7.7506506             1407.7687          15.602896                      22.475519                      397.10013                                591.53999                        9.7568999
              3       1271.6607      -272.66061      -90.832166       1.0418859     0.022381539      0.11935837     0.059144118       3.0394499      0.97138385       1.4987159      0.99582863      -272.66061       181.82844    -0.001488307      0.29611383      0.70529917      0.81366464     0.046546529       0.2482277      0.80837739       13.661785       147.25454       69.342791   2.0893747e-09       8.1382294       12.764596       1018.4606       8.8035865       1406.9787      -1.7221001       -1.7221001                           -0                          -0       2546.7656                                 99.758117          8.8035865             1406.9787          12.764596                      22.838204                      397.15278                                589.06243                        9.4072393
              1       1270.6086       -143.5146      -72.533413       1.0419722     0.022420285      0.11935331     0.058279734       3.0416717      0.97364097       1.5100993      0.99692531       -143.5146       70.981187   -0.0007833687      0.29984955      0.70085758      0.81375964      0.04720418      0.25128919      0.81355557       13.691246       147.21283       68.917629   2.0940221e-09       8.0483856       10.462729       1018.8632       10.851301       1406.1256      -2.3174178       -2.3174178                           -0                          -0       2545.8521                                 99.549236          10.851301             1406.1256          10.462729                      22.001087                      396.81355                                590.73769                         9.310882
              1       1271.6937      -163.14273      -73.191421       1.0420433     0.022398776      0.11947801     0.058161325       3.0417043      0.97399499       1.5201116      0.99761912      -163.14273       89.951305  -0.00089050804      0.30008686       0.7007274      0.81458152     0.047162047      0.25156855      0.81469943       13.689271       147.20361       68.915327   2.0940903e-09       8.0434723       10.494766        1020.918        10.86297       1406.0809      -2.6051237       -2.6051237                           -0                          -0       2548.5976                                 100.24095           10.86297             1406.0809          10.494766                      21.881981                      396.74689                                592.85243                        9.4366966
              3       1271.9138      -174.71067       -60.67457       1.0422855     0.022510806      0.11961249     0.055703549       3.0396354      0.97395028       1.4927748      0.99724964      -174.71067        114.0361   -0.0009536512      0.30091305      0.69996428      0.81347314     0.047446362      0.25210903      0.81471011       13.683837        147.0439       68.880147   2.0897623e-09       7.7774506       10.429102       1022.3838       11.042087       1405.9125      -2.4309633       -2.4309633                           -0                          -0       2548.6895                                 98.921982          11.042087             1405.9125          10.429102                      21.968095                      396.25368                                594.85727                        9.3047984
              3       1268.7294      -160.87326      -65.231751       1.0421787     0.022531947      0.11922351     0.054293707       3.0389398      0.97266215       1.4688394      0.99991682      -160.87326       95.641511  -0.00087812026      0.29858937      0.70221282      0.81141478     0.047245919       0.2499928      0.80950485       13.678661       147.12331       69.058511    2.088309e-09       7.6251373       10.545409       1019.1474       10.149073       1406.3916       -3.055419        -3.055419                           -0                          -0       2543.5697                                  97.33631          10.149073             1406.3916          10.545409                      22.073726                       396.0316                                591.57477                        9.4672632
              2       1270.3856       -32.58771      -63.705521       1.0421333      0.02270667      0.11903306     0.056387919        3.042547      0.96988485       1.4519211      0.99702007       -32.58771      -31.117811  -0.00017787871      0.29855956      0.70154239      0.80993842     0.047612792       0.2495961      0.80799164       13.675633       146.98112       69.058144   2.0958557e-09       7.7949982       10.327358       1021.4442       10.150873       1406.3716       -2.029484        -2.029484                           -0                          -0       2544.8302                                 96.536157          10.150873             1406.3716          10.327358                      22.879195                      396.35317                                593.37068                        8.8411066
              2       1268.5192      -67.759366      -51.245773       1.0419396     0.022619478      0.11970831     0.054895825       3.0432849      0.96584097       1.4422357      0.99887456      -67.759366       16.513594  -0.00036986179      0.30448056      0.69581218      0.81108824     0.048171634      0.25493714      0.81712268       13.705152       146.89866       68.524456   2.0974027e-09       7.6763763       12.337553       1015.6716       12.935332       1405.2272      -2.8518614       -2.8518614                           -0                          -0       2542.7422                                 96.570539          12.935332             1405.2272          12.337553                      23.466126                      396.15512                                587.23515                        8.8152159
              3       1269.3303      -67.759366      -51.245773       1.0419396     0.022619478      0.11970831     0.054895825       3.0432849      0.96584097       1.4668783      0.99907736      -67.759366       16.513594  -0.00036986179      0.30448056      0.69581218      0.81108824     0.048171634      0.25493714      0.81712268       13.705152       146.89866       68.524456   2.0974027e-09       7.6763763       12.337553        1015.476       12.935332       1405.2272      -2.8469755       -2.8469755                           -0                          -0       2544.3546                                 98.378523          12.935332             1405.2272          12.337553                        23.4351                      396.15941                                587.06566                        8.8158603
              2       1270.3619      -152.77678      -48.517615       1.0419546     0.022720789      0.11931754     0.056375248       3.0442624      0.96572497       1.4532892      0.99781332      -152.77678       104.25917  -0.00083392596      0.30095609      0.69980145      0.81000716     0.047924319      0.25167312      0.81129687       13.685726       146.89042       68.854723    2.099454e-09       7.7935944       10.653218       1019.4882       11.172447       1405.8959      -2.3177688       -2.3177688                           -0                          -0       2545.3593                                 98.149562          11.172447             1405.8959          10.653218                      23.700903                      396.37982                                 590.7159                        8.6915553
              3       1270.2558      -189.91828      -48.184196        1.042033     0.022739407      0.11942918     0.052470361       3.0422199      0.96492804       1.4379951       1.0000803      -189.91828       141.73409   -0.0010366614      0.30076224      0.70019816      0.80946557     0.047888976      0.25151672      0.81049326       13.678421       146.84016       68.908342   2.0951703e-09        7.399826       10.554291       1021.3693       10.898421       1405.9413      -2.6697233       -2.6697233                           -0                          -0       2545.8511                                 97.087745          10.898421             1405.9413          10.554291                      23.936107                      395.85261                                592.89568                        8.6849374
              1       1270.1474      -190.95603      -48.249178       1.0420285     0.022738243      0.11943994     0.052474859       3.0422113      0.96489935       1.4381576       1.0001348      -190.95603       142.70685   -0.0010423259      0.30081868      0.70014737      0.80949772     0.047892292      0.25156968       0.8106015       13.678561       146.83861       68.904192   2.0951522e-09        7.400528       10.566693       1021.1381       10.919508       1405.9303      -2.6718812       -2.6718812                           -0                          -0       2545.6386                                 97.084034          10.919508             1405.9303          10.566693                      23.932112                      395.85261                                592.66608                         8.687261
              1       1269.9793       -157.9527      -79.120086       1.0421086     0.022684936      0.11992419     0.051925886       3.0428539      0.96222438       1.4719808       1.0012023       -157.9527       78.832617  -0.00086217851      0.29983544      0.70095095      0.81198498     0.047480578      0.25100665      0.81176224       13.652645       146.76958       69.121122    2.096499e-09       7.3626251       10.436221       1020.4962       9.8445232       1406.1337      -2.6459142       -2.6459142                           -0                          -0       2545.2504                                 98.339757          9.8445232             1406.1337          10.436221                      24.937763                      395.93811                                 590.8235                         8.796831
              2       1269.2322      -98.399077      -67.305412       1.0418936     0.022687979      0.11930246     0.050351092       3.0414783      0.96279699       1.4327746       1.0027837      -98.399077       31.093665  -0.00053710743      0.29950185      0.70095922      0.80852408     0.047639864      0.25050944      0.80785252       13.675334       146.92999       69.010099    2.093617e-09       7.1920624       10.333593       1018.9406       10.387733       1406.1871      -2.1935277       -2.1935277                           -0                          -0       2542.8514                                  97.00242          10.387733             1406.1871          10.333593                      24.394932                      395.81275                                590.08046                        8.6524194
              3       1271.0844      -30.018903      -72.247971       1.0421715     0.022693427      0.11928527     0.049195976       3.0429044       0.9660359       1.4732359       1.0040606      -30.018903      -42.229069  -0.00016385698      0.29878228      0.70130572        0.810175     0.047540733      0.24989214      0.80852905       13.667817       146.92844       69.090305   2.0966049e-09       7.0727386       10.377817       1019.3606       9.9938411       1406.3266      -1.4191505       -1.4191505                           -0                          -0       2545.0072                                 98.948284          9.9938411             1406.3266          10.377817                      23.718602                      395.88843                                 591.0053                        8.7482977
              2        1270.102      -40.708149      -76.517812       1.0421563     0.022704465      0.11890044     0.050826804       3.0422376      0.96807993       1.4737795       1.0027905      -40.708149      -35.809662  -0.00022220381      0.29599109      0.70415576      0.80940178     0.047243337      0.24740744      0.80397556       13.658578       147.01817       69.324278   2.0952074e-09       7.2327728       11.165731       1018.8404       8.8882949       1406.9511      -2.0861752       -2.0861752                           -0                          -0       2544.3763                                 98.530648          8.8882949             1406.9511          11.165731                       23.34203                      395.85396                                 590.8212                        8.8232512
              1       1273.0415      -97.117728      -69.395979       1.0423101     0.022757979      0.11867387     0.049576875       3.0421257      0.96816239       1.4600673       1.0035311      -97.117728       27.721749  -0.00053011323      0.29420436      0.70625077      0.80848892     0.047126169      0.24574434      0.80064132       13.648895       147.01912       69.492155   2.0949729e-09       7.0902863       12.078143       1023.5288       8.1349782       1407.3874       -1.586339        -1.586339                           -0                          -0       2549.2557                                 98.126402          8.1349782             1407.3874          12.078143                      23.423847                      395.86947                                595.44881                        8.7866287
              2       1272.2848      -97.117728      -69.395979       1.0423101     0.022757979      0.11867387     0.049576875       3.0421257      0.96816239       1.4202965       1.0030947      -97.117728       27.721749  -0.00053011323      0.29420436      0.70625077      0.80848892     0.047126169      0.24574434      0.80064132       13.648895       147.01912       69.492155   2.0949729e-09       7.0902863       12.078143       1025.8411       8.1349782       1407.3874      -1.8707255       -1.8707255                           -0                          -0       2548.3111                                 94.869418          8.1349782             1407.3874          12.078143                      23.490398                        395.867                                597.74374                        8.7399938
              3       1268.8898      -71.168554      -87.761874       1.0422128     0.022692208       0.1189609     0.050046583       3.0408038      0.96764403       1.4352316       1.0035363      -71.168554      -16.593319  -0.00038847071      0.29429431      0.70601926       0.8096163     0.046931253      0.24603088      0.80188031       13.641771       147.01561       69.535616   2.0922054e-09       7.1555634       12.741762       1017.9953       7.9453896       1407.3669      -1.7994742       -1.7994742                           -0                          -0       2541.3785                                 95.329201          7.9453896             1407.3669          12.741762                      23.599638                       395.8796                                  589.559                        8.9570774
              4       1268.4519      -56.618733      -74.653703       1.0421543     0.022723364      0.11862128     0.049199395       3.0393443      0.96780839       1.3999625       1.0038412      -56.618733      -18.034971  -0.00030905109      0.29443298      0.70580098      0.80710723     0.047119974       0.2459773      0.79958353       13.655304       147.07116        69.44385   2.0891539e-09       7.0572968       11.928819       1018.7192       8.3483197       1407.3244      -1.5733497       -1.5733497                           -0                          -0       2540.0505                                 93.729728          8.3483197             1407.3244          11.928819                      23.311924                      395.89989                                590.46223                        9.0451861
              1       1269.9936      -61.052503      -62.224379       1.0423366     0.022804895      0.11852839     0.053689378       3.0397462      0.96513105       1.3623987      0.99895757      -61.052503      -1.1718765  -0.00033325265      0.29450398      0.70575416      0.80544121     0.047304229      0.24586361      0.79802923       13.654518       147.00634         69.4327   2.0899938e-09       7.4966888       11.485983       1025.1882       8.3979569       1407.3032      -2.4374992       -2.4374992                           -0                          -0       2544.8621                                 92.486759          8.3979569             1407.3032          11.485983                      23.928793                      395.93427                                596.39098                        8.9341933
              5       1268.3524      -32.830289      -73.919461       1.0421009      0.02277321      0.11829745     0.052489963       3.0389415      0.96731329       1.3760895       1.0009755      -32.830289      -41.089172  -0.00017920282      0.29299437      0.70710997      0.80527699     0.047083457      0.24457917      0.79581899       13.653024       147.10238       69.546929   2.0883126e-09       7.3787689       12.638487        1020.926       7.8964061       1407.6758      -2.5460246       -2.5460246                           -0                          -0       2541.7968                                 92.660142          7.8964061             1407.6758          12.638487                      23.384069                      395.83955                                592.45368                        9.2486888
              7       1269.3425      -38.958869      -69.257497       1.0421378     0.022778694      0.11821823     0.052219085       3.0396744      0.96744975       1.3761919       1.0023172      -38.958869      -30.298628  -0.00021265543      0.29297003      0.70716773      0.80518523     0.047115394       0.2445223      0.79569525       13.655662       147.11735       69.531724   2.0898438e-09       7.3492889       12.504366       1022.0828       7.9622795       1407.6815      -2.1754832       -2.1754832                           -0                          -0        2543.036                                 92.805075          7.9622795             1407.6815          12.504366                      23.204366                      395.84866                                 593.5603                        9.4694751
              1       1268.5427      -43.783247      -70.377291       1.0422291     0.022760971      0.11841708      0.05222981       3.0400401      0.96794494       1.3919487       1.0017672      -43.783247      -26.594044   -0.0002389891      0.29364317      0.70652084      0.80639871     0.047126643      0.24518285       0.7978094       13.654165        147.0841       69.496372   2.0906081e-09       7.3570099       12.222198       1020.5839        8.116484        1407.514      -2.4016104       -2.4016104                           -0                          -0       2541.8886                                 93.451982           8.116484              1407.514          12.222198                      23.190176                      395.86151                                592.29935                        9.2328798
              1       1269.0504      -47.302743      -71.412873       1.0421906     0.022764271      0.11880386     0.050626896       3.0412685      0.96639035       1.4030813       1.0024242      -47.302743      -24.110131  -0.00025820013      0.29561018      0.70457275      0.80775206     0.047319057      0.24695218      0.80182047       13.655755       146.97786        69.35996   2.0931778e-09       7.1990814       11.146826        1021.397       8.7253878       1407.0396      -2.1635462       -2.1635462                           -0                          -0       2542.4279                                 94.119128          8.7253878             1407.0396          11.146826                      23.689591                      395.84992                                593.07594                        8.7815166
              2       1268.7269      -47.302743      -71.412873       1.0421906     0.022764271      0.11880386     0.050626896       3.0412685      0.96639035       1.3913804       1.0024137      -47.302743      -24.110131  -0.00025820013      0.29561018      0.70457275      0.80775206     0.047319057      0.24695218      0.80182047       13.655755       146.97786        69.35996   2.0931778e-09       7.1990814       11.146826       1021.4214       8.7253878       1407.0396      -2.1758028       -2.1758028                           -0                          -0       2541.8054                                  93.47215          8.7253878             1407.0396          11.146826                      23.691245                      395.84992                                 593.1002                        8.7800743
              1        1268.198      -90.696279      -65.348963       1.0421225     0.022631641      0.11999369     0.049082573       3.0393926      0.96107246       1.3788438       1.0016752      -90.696279       25.347315  -0.00049506201      0.30323975      0.69717867      0.80979262     0.047901434      0.25397495      0.81415342        13.68162       146.80962       68.735922   2.0892549e-09       7.0832672        11.13312       1019.9627        11.79171       1405.4559      -2.7609714       -2.7609714                           -0                          -0       2541.9179                                 93.574454           11.79171             1405.4559           11.13312                      24.852943                      395.86905                                590.49672                        8.7439957
              1       1267.6911      -144.65186      -69.748344        1.042066     0.022570829      0.11997352     0.047831772       3.0384057      0.96235823       1.3899743       1.0021108      -144.65186       74.903521  -0.00078957642      0.30237334      0.69833977      0.81035242     0.047663171      0.25334994      0.81355151       13.679004       146.88177        68.81487    2.087194e-09       6.9632416       10.682349       1018.8129       11.378323       1405.6272      -2.7349774       -2.7349774                           -0                          -0       2540.8522                                 94.351372          11.378323             1405.6272          10.682349                      24.722043                      395.95725                                589.28863                        8.8449976
              1       1267.6067      -144.65186      -69.748344        1.042066     0.022570829      0.11997352     0.047831772       3.0384057      0.96235823       1.3828444       1.0039527      -144.65186       74.903521  -0.00078957642      0.30237334      0.69833977      0.81035242     0.047663171      0.25334994      0.81355151       13.679004       146.88177        68.81487    2.087194e-09       6.9632416       10.682349       1016.8998       11.378323       1405.6272      -1.8453361       -1.8453361                           -0                          -0        2538.904                                 94.316285          11.378323             1405.6272          10.682349                      24.404326                      395.98021                                587.66967                        8.8456138
              4       1267.5536      -151.89924      -72.495073       1.0421105     0.022609001      0.11988128     0.048564894       3.0380757      0.96233223       1.3775223         1.00132      -151.89924       79.404165  -0.00082913591      0.30103639      0.69971659      0.80993819     0.047550634      0.25213103        0.811336       13.668974       146.86408       68.954487   2.0865053e-09       7.0313263       10.438124       1019.8273       10.665314       1405.8877      -2.8913523       -2.8913523                           -0                          -0       2540.8898                                 94.071369          10.665314             1405.8877          10.438124                      24.832425                       395.9417                                590.25623                        8.7969596
              1       1268.8801      -203.23398      -84.182219       1.0421408     0.022549425      0.12020782     0.048231542        3.036606      0.96326139       1.3999342       1.0003235      -203.23398       119.05176   -0.0011093446      0.30080088       0.7002325      0.81173322     0.047300011      0.25214972        0.812816       13.657212       146.84368       69.045776   2.0834411e-09       7.0123749       10.528898       1020.8736       10.211584        1405.948      -3.1092716       -3.1092716                           -0                          -0       2543.9787                                 96.416688          10.211584              1405.948          10.528898                      25.024961                      396.01672                                590.79627                        9.0356229
              1       1268.7882      -264.64459       -90.60765       1.0423611      0.02249514      0.12034835     0.048175534       3.0381724      0.96154196       1.4175687       1.0019328      -264.64459       174.03694   -0.0014445519      0.29948453      0.70188445      0.81329656     0.046951411      0.25118869      0.81259753        13.64269       146.86652       69.218156   2.0867071e-09       7.0193939       11.153614       1019.5066       9.3817031       1406.2314      -2.8717632       -2.8717632                           -0                          -0         2543.32                                 97.046716          9.3817031             1406.2314          11.153614                      25.707611                      396.06412                                588.68292                        9.0519251
              1       1270.7759      -267.01043      -102.03604       1.0422637     0.022494027      0.12032171     0.050039132       3.0392348      0.96297186        1.443984      0.99973237      -267.01043       164.97439   -0.0014574658      0.29801363      0.70336861      0.81452232     0.046727539      0.24994801      0.81182127       13.631403       146.87491       69.382054   2.0889253e-09       7.2131195       12.149949       1021.8165       8.6252733       1406.5516      -3.1345139       -3.1345139                           -0                          -0       2547.8208                                 98.677504          8.6252733             1406.5516          12.149949                      25.924114                      396.05999                                590.55239                        9.2800047
              1       1269.0247      -265.58366      -108.15234       1.0421592      0.02248582      0.12052977     0.049652639       3.0391161      0.96144837       1.4437454       1.0007919      -265.58366       157.43132   -0.0014496778      0.29868077      0.70269362      0.81488485      0.04674993      0.25059163      0.81309118       13.629631        146.8292       69.352781   2.0886773e-09       7.1773224       11.946108       1018.1534       8.7580436       1406.4084      -3.0987996       -3.0987996                           -0                          -0        2544.247                                  98.98107          8.7580436             1406.4084          11.946108                      26.407568                      396.04238                                586.45516                        9.2482545
              5       1268.5673      -213.72323      -111.56503       1.0421083     0.022498862      0.12038872      0.04979087       3.0395599      0.96200584       1.4474328       1.0010911      -213.72323       102.15819   -0.0011665997      0.29823299      0.70285837      0.81457104      0.04674857      0.25014602      0.81216856       13.630515       146.85193         69.3739   2.0896045e-09        7.187149       12.075387       1017.3786       8.6621551       1406.4961      -3.0349465       -3.0349465                           -0                          -0       2543.2045                                 98.592296          8.6621551             1406.4961          12.075387                      26.185944                      396.05428                                585.95317                        9.1851798
              2       1268.2646      -207.90811        -118.307       1.0420421     0.022442337      0.12034751     0.050116201       3.0390482      0.96255049       1.4555798       1.0012114      -207.90811       89.601114   -0.0011348581      0.29768358      0.70337613      0.81483875     0.046576934       0.2497698       0.8116868       13.630715       146.92512       69.414242   2.0885356e-09       7.2320709       12.749618       1015.3522       8.4804506       1406.6182      -3.0503561       -3.0503561                           -0                          -0         2542.63                                 99.429583          8.4804506             1406.6182          12.749618                      26.148262                      396.06089                                583.96221                         9.180812
              1       1266.5708      -64.186026      -103.89569       1.0417922     0.022501325      0.11969201     0.050736278       3.0353663      0.95978955       1.3633864      0.99864574      -64.186026      -39.709664  -0.00035035686      0.29855666      0.70171801      0.80848075     0.047031918      0.25017838      0.80653355       13.661647       147.03294       69.168395   2.0808598e-09        7.275589        11.01223       1018.5725       9.6176563       1406.3928      -3.0496577       -3.0496577                           -0                          -0       2539.2409                                 93.645619          9.6176563             1406.3928           11.01223                      26.008912                      395.95617                                587.87917                        8.7282973
              1       1266.9239      -52.393345      -102.89109       1.0417979     0.022473596      0.11986182     0.050471927       3.0357884      0.95881092       1.3655371      0.99866817      -52.393345      -50.497749  -0.00028598698      0.29993631      0.70027372      0.80893124     0.047144136      0.25144093      0.80884536       13.668172        147.0187       69.043444   2.0817385e-09       7.2566376        10.65761       1019.3845       10.223053       1406.1005       -3.081859        -3.081859                           -0                          -0       2540.0115                                 93.645848          10.223053             1406.1005           10.65761                      26.246433                      395.93907                                588.45205                        8.7469498
              1        1266.117      -72.607418      -96.754346       1.0416125     0.022529876      0.11946869     0.052184159       3.0362117      0.96121182       1.3618278      0.99931977      -72.607418      -24.146928  -0.00039632469      0.29859045      0.70173007      0.80796839     0.047161234      0.25008086      0.80606804       13.670265       147.06054       69.117309   2.0826197e-09        7.414566           10.73       1018.0713        9.862939       1406.3847      -3.1251162       -3.1251162                           -0                          -0       2538.4842                                 93.435241           9.862939             1406.3847              10.73                      25.147061                      395.99059                                588.13232                        8.8013349
              2       1267.6284      -50.472275      -104.93559        1.041715     0.022509694      0.11964722     0.052940383       3.0385252      0.96144878       1.3959131        1.000465      -50.472275      -54.463313  -0.00027550089      0.29854485      0.70165495      0.81000042      0.04705955      0.25013865      0.80803358       13.663104       147.03571       69.160944   2.0874436e-09       7.4980927       10.958368       1020.0011       9.6532379        1406.393      -3.1553051       -3.1553051                           -0                          -0       2541.5675                                 94.561874          9.6532379              1406.393          10.958368                      25.094932                      396.05834                                589.96354                        8.8842408
              2        1266.752       -50.82412      -104.38502       1.0417115     0.022509811      0.11968322     0.052850525       3.0385448      0.96136442       1.3960171       1.0001455       -50.82412      -53.560904  -0.00027742143      0.29882276       0.7013789       0.8100767     0.047091691       0.2503835      0.80848571       13.664073       147.02607       69.137518   2.0874843e-09       7.4896698       10.860463       1018.2937       9.7655396       1406.3334      -3.1707055       -3.1707055                           -0                          -0       2539.8454                                 94.592305          9.7655396             1406.3334          10.860463                      25.166788                      396.04988                                588.23511                         8.841905
              1       1268.1818       -50.82412      -104.38502       1.0417115     0.022509811      0.11968322     0.052850525       3.0385448      0.96136442       1.4643484      0.99989179       -50.82412      -53.560904  -0.00027742143      0.29882276       0.7013789       0.8100767     0.047091691       0.2503835      0.80848571       13.664073       147.02607       69.137518   2.0874843e-09       7.4896698       10.860463       1017.3881       9.7655396       1406.3334      -3.0904118       -3.0904118                           -0                          -0       2542.5444                                 98.196928          9.7655396             1406.3334          10.860463                      25.213677                      396.05631                                587.29606                          8.82204
              1       1267.3226      -124.85413       -71.26227       1.0420093     0.022564761      0.11940327     0.054401404        3.038695      0.96370331        1.442513      0.99723417      -124.85413       53.591863  -0.00068151129      0.29955498      0.70105047      0.80891407     0.047396981        0.250805      0.80831387       13.678283       147.03951        68.99856    2.087798e-09       7.6314545       10.400091       1015.6057       10.445029       1406.1825      -2.4375967       -2.4375967                           -0                          -0       2539.5203                                  96.88699          10.445029             1406.1825          10.400091                       24.30979                      396.15015                                586.36747                        8.7782693
              2       1267.1461      -229.92084      -74.685932       1.0421721     0.022564673      0.11964909     0.052779892       3.0387466      0.96444615       1.4642844      0.99959181      -229.92084        155.2349   -0.0012550137      0.29851056      0.70266878      0.81078654     0.047150302       0.2500143      0.80877134       13.659303       146.97452       69.178682   2.0879056e-09       7.4700165       10.804863       1016.0065       9.5686389       1406.4259      -3.0030903       -3.0030903                           -0                          -0       2540.2984                                 97.492465          9.5686389             1406.4259          10.804863                      24.227344                        395.961                                586.88535                        8.9328511
              1       1266.6336      -211.44343      -73.113305       1.0421397        0.022534      0.11953657     0.053732436       3.0373713      0.96447711       1.4498736      0.99818714      -211.44343       138.33012   -0.0011541555      0.29864984      0.70242854      0.80979939     0.047155446      0.25014645      0.80797506       13.666805       147.03818       69.127877   2.0850362e-09       7.5717926       10.721137       1015.2575       9.8119465       1406.3916      -2.8209928       -2.8209928                           -0                          -0       2538.9092                                 96.726999          9.8119465             1406.3916          10.721137                      24.126569                      396.05167                                586.10301                        8.9762807
              4       1267.0239      -250.58688      -59.454582       1.0422101     0.022497311      0.11966167     0.053216387       3.0380593      0.96235993       1.4350661      0.99873209      -250.58688        191.1323   -0.0013678185      0.30064432      0.70064726      0.80965701     0.047363735      0.25192449      0.81052602       13.681138        147.0456       68.919535   2.0864711e-09       7.5296783       10.418707       1016.2873       10.841647         1405.98       -3.019953        -3.019953                           -0                          -0       2540.0876                                 96.560009          10.841647               1405.98          10.418707                      24.458476                      396.00173                                586.95113                        8.8759192
              1       1267.4199      -168.30426       -56.12102       1.0422462     0.022471109      0.11879316      0.05224159       3.0382616      0.96286775       1.4121527       1.0007434      -168.30426       112.18324  -0.00091868206       0.2975414      0.70330136      0.80658078     0.047115497      0.24907533      0.80326888       13.690342       147.30466       69.060602   2.0868932e-09       7.4236908       10.724286       1017.1533       10.138827       1406.6186      -3.1549873       -3.1549873                           -0                          -0       2541.1497                                 96.514691          10.138827             1406.6186          10.724286                      24.165614                       395.8862                                588.03999                        9.0615297
              1       1267.7891      -169.16917      -58.463698       1.0422461     0.022468404      0.11880876     0.052234751       3.0382418      0.96267202       1.4135114       1.0010027      -169.16917       110.70547  -0.00092340314      0.29732058      0.70352696      0.80667688     0.047070588      0.24890055      0.80306642       13.687915       147.30351       69.089381   2.0868521e-09       7.4236908       10.843962       1017.7853        9.998337       1406.6688      -3.1198607       -3.1198607                           -0                          -0       2541.8179                                 96.521523           9.998337             1406.6688          10.843962                       24.20218                      395.88564                                588.58339                        9.1140588
              2       1266.7744      -242.92087      -43.919779       1.0421378     0.022469912      0.11866607     0.049015955       3.0357058      0.96301594       1.3809998       1.0022645      -242.92087       199.00109   -0.0013259738      0.29781451       0.7034354      0.80491467     0.047198901      0.24926257      0.80197741       13.699068       147.33951       68.997721   2.0815665e-09       7.0888824       10.517709        1016.952       10.449201       1406.5692      -2.8114717       -2.8114717                           -0                          -0       2539.1717                                 94.683559          10.449201             1406.5692          10.517709                      24.096433                      395.82602                                587.97233                        9.0572453
              2       1266.8109      -224.69482      -50.830446        1.042097     0.022435483      0.11908386     0.049218813       3.0368242      0.96241159       1.4056416       1.0017844      -224.69482       173.86438   -0.0012264877      0.29972437      0.70142577      0.80690027     0.047300904      0.25106543      0.80652951       13.700529       147.26668       68.870461   2.0838959e-09       7.1232758       10.372295       1016.2842       11.091661       1406.1598      -2.9770231       -2.9770231                           -0                          -0       2539.5758                                 95.667799          11.091661             1406.1598          10.372295                      24.352321                      395.81578                                587.30713                        8.8089717
              1       1267.3074      -233.73635      -56.566621       1.0421452     0.022428406       0.1191011     0.049134902       3.0369776      0.96278842       1.4168615       1.0016542      -233.73635       177.16973   -0.0012758405       0.2988343      0.70236543      0.80748917     0.047142191       0.2503382      0.80591882       13.692319       147.26994       68.975415   2.0842154e-09       7.1155548       10.531032       1017.1963       10.560424       1406.3507      -3.0069159       -3.0069159                           -0                          -0       2540.6287                                 95.990296          10.560424             1406.3507          10.531032                      24.419657                      395.83463                                588.14607                         8.795919
              1       1267.8415      -225.50787      -93.385441       1.0421068     0.022413587      0.11968034     0.051585174       3.0359433      0.95987284       1.4392299      0.99916988      -225.50787       132.12243   -0.0012309257      0.29728809      0.70386742      0.80966281     0.046681961      0.24926455      0.80599495       13.655922       147.13308       69.291688   2.0820609e-09       7.3801727       12.086227       1018.0049       9.0384061       1406.7009      -3.1525533       -3.1525533                           -0                          -0       2541.9881                                 96.157674          9.0384061             1406.7009          12.086227                      25.929845                      395.99794                                587.22827                        8.8488742
              4       1267.0795      -225.50787      -93.385441       1.0421068     0.022413587      0.11968034     0.051585174       3.0359433      0.95987284       1.3619845       0.9988639      -225.50787       132.12243   -0.0012309257      0.29728809      0.70386742      0.80966281     0.046681961      0.24926455      0.80599495       13.655922       147.13308       69.291688   2.0820609e-09       7.3801727       12.086227       1017.8807       9.0384061       1406.7009      -3.1622524       -3.1622524                           -0                          -0       2540.4835                                 94.777248          9.0384061             1406.7009          12.086227                      25.990265                      396.01563                                587.04812                        8.8267247
              1       1267.2246      -204.15159      -99.737758       1.0418471      0.02247316      0.11943135     0.052988286       3.0353547      0.96286919       1.3692997      0.99711001      -204.15159       104.41383   -0.0011143533      0.29578245      0.70525677      0.80922103     0.046630863      0.24781503      0.80351267       13.650378       147.13319       69.421716   2.0808358e-09       7.5058136       12.881983       1015.4148       8.4469995       1407.0447      -2.5550207       -2.5550207                           -0                          -0       2539.5593                                 95.770848          8.4469995             1407.0447          12.881983                      25.401444                      396.11518                                585.05065                        8.8474972
              1       1267.1069      -227.27876      -96.501487       1.0419859     0.022465213      0.11957266     0.052461517       3.0354376      0.96257501       1.3719303      0.99744605      -227.27876       130.77727    -0.001240592      0.29630247      0.70486293      0.80976759      0.04665268      0.24831213      0.80476188        13.64927       147.10454       69.393209   2.0810082e-09       7.4566803       12.621795       1015.5123       8.5749436       1406.9272      -2.7074902       -2.7074902                           -0                          -0       2539.6288                                 95.992511          8.5749436             1406.9272          12.621795                      25.450906                      396.05881                                585.13638                        8.8662529
              1       1265.7167      -237.11484      -80.761061       1.0419499     0.022459229      0.11921442     0.053430052       3.0360446      0.96259159        1.350505      0.99768588      -237.11484       156.35378   -0.0012942819      0.29654839      0.70467044       0.8081659     0.046798427      0.24840777      0.80350332       13.666661        147.2061       69.275839   2.0822718e-09       7.5514374       11.824595       1015.1253       9.1118556       1406.8666      -2.8093485       -2.8093485                           -0                          -0        2537.052                                 94.123743          9.1118556             1406.8666          11.824595                      24.906735                      396.05506                                585.28704                        8.8764186
              2       1265.2437      -167.65061      -61.147392       1.0418253     0.022449259        0.119573     0.050178366       3.0337568      0.96049306       1.3095759       0.9994404      -167.65061       106.50321  -0.00091511413      0.30251895      0.69831938      0.80657204     0.047602846      0.25355024      0.80995115       13.704544        147.1219       68.672767   2.0775133e-09       7.2271576       10.788426       1015.4985       12.127715       1405.6012      -3.2082164       -3.2082164                           -0                          -0       2536.9038                                 92.888005          12.127715             1405.6012          10.788426                      24.769071                      395.84096                                586.08222                        8.8062559
              1       1265.6476       -198.0536      -50.990322       1.0418396     0.022499918      0.11929586     0.049239182       3.0335641      0.96127643       1.2937132       1.0011888       -198.0536       147.06327   -0.0010810676       0.3016017       0.6994027      0.80533806     0.047641237      0.25259657      0.80748504       13.705344       147.13916       68.722501   2.0771131e-09       7.1148529        10.64175       1016.9353       11.862722       1405.7784      -3.0627677       -3.0627677                           -0                          -0       2537.4207                                 92.202509          11.862722             1405.7784           10.64175                      24.365136                      395.82868                                587.75381                        8.9877266
              2       1265.1603      -181.40933      -45.985714       1.0418902       0.0225183      0.11899686     0.050044876       3.0331082      0.96338803       1.2901537      0.99902157      -181.40933       135.42361  -0.00099021555      0.30059332      0.70032032      0.80449008     0.047614547      0.25161676      0.80528523       13.707525       147.19813       68.769834   2.0761663e-09       7.1906586       10.472856       1016.4511       11.613239       1405.9727      -3.0748109       -3.0748109                           -0                          -0       2536.4703                                 91.960409          11.613239             1405.9727          10.472856                      24.045137                      395.76552                                587.75975                        8.8806941
              1       1265.3513      -204.75018        -42.8471       1.0418647     0.022512532      0.11913085     0.050299697          3.0333      0.96399161       1.2974681      0.99876793      -204.75018       161.90308   -0.0011176207      0.30153377      0.69950711      0.80518454      0.04770825      0.25246048      0.80724019       13.710787         147.169       68.693466   2.0765647e-09       7.2201385       10.718682       1015.6713       12.017072       1405.7902      -3.0430073       -3.0430073                           -0                          -0       2536.7886                                 92.591341          12.017072             1405.7902          10.718682                      23.882703                      395.78834                                587.13696                        8.8633239
              2       1265.4151      -239.65672      -41.753023       1.0418426     0.022519133      0.11907492     0.050963764       3.0324045      0.96396734       1.2874083      0.99791485      -239.65672       197.90369   -0.0013081566      0.30094479      0.70028675       0.8046949     0.047645544      0.25193639      0.80596101       13.707969       147.17658       68.748731   2.0747059e-09       7.2861176       10.546397       1015.3456       11.724138        1405.912      -2.8000569       -2.8000569                           -0                          -0       2536.4304                                 92.902195          11.724138              1405.912          10.546397                      23.901039                      395.74903                                586.76362                        8.9319466
              1       1264.3091      -239.65672      -41.753023       1.0418426     0.022519133      0.11907492     0.050963764       3.0324045      0.96396734       1.2979703      0.99792437      -239.65672       197.90369   -0.0013081566      0.30094479      0.70028675       0.8046949     0.047645544      0.25193639      0.80596101       13.707969       147.17658       68.748731   2.0747059e-09       7.2861176       10.546397       1015.3234       11.724138        1405.912      -2.8121799       -2.8121799                           -0                          -0       2534.2425                                 90.736515          11.724138              1405.912          10.546397                      23.899497                      395.74903                                586.74116                        8.9337081
              4       1268.3326      -260.13051      -31.610121       1.0418486      0.02259892      0.11852809     0.052271528       3.0321581      0.96648023       1.2823159       0.9999175      -260.13051       228.52039    -0.001419912      0.29856077      0.70278289      0.80287843     0.047591851      0.24961241      0.80095024        13.70536       147.23357       68.909254   2.0741948e-09       7.3949127       10.293099        1023.542       10.893785       1406.4058      -3.0206089       -3.0206089                           -0                          -0       2542.7064                                  91.57181          10.893785             1406.4058          10.293099                      22.910949                      395.79689                                594.60239                        10.231723
              1       1265.4328       -256.8721      -31.785266       1.0418551      0.02260109      0.11851973     0.052213653       3.0320862      0.96637776       1.2808273      0.99874517       -256.8721       225.08684   -0.0014021261      0.29850319      0.70282268      0.80277868     0.047589318      0.24955757       0.8007735       13.705026       147.23338       68.914395   2.0740456e-09       7.3885956       10.291266       1017.5677       10.867696       1406.4176      -2.8897172       -2.8897172                           -0                          -0       2536.6451                                 91.500834          10.867696             1406.4176          10.291266                      23.104294                      395.77781                                588.92349                         9.762113
              1       1264.9992       -249.4245      -22.048524       1.0417945     0.022574871      0.11811808     0.052573714        3.032022      0.96674247       1.2624076      0.99781439       -249.4245       227.37598   -0.0013614737      0.29803656      0.70324855      0.80112162      0.04760348       0.2490748      0.79849573        13.71918       147.36934       68.864166   2.0739125e-09       7.4250946       10.287441       1016.8526        11.12394       1406.5138      -2.6577542       -2.6577542                           -0                          -0        2535.314                                 90.536207           11.12394             1406.5138          10.287441                      23.105684                      395.81373                                588.25613                        9.6770546
              3       1265.4562      -252.91995      -45.695706       1.0417293     0.022530958      0.11795146     0.052268852       3.0308037      0.96794043       1.2821263      0.99805955      -252.91995       207.22424   -0.0013805534      0.29449037      0.70681462      0.80152584     0.047015606      0.24613064      0.79413155       13.697453       147.46246       69.225932   2.0713873e-09       7.3991241       11.491074       1016.8483       9.3450985       1407.3435      -2.8264384       -2.8264384                           -0                          -0       2536.5652                                 91.537176          9.3450985             1407.3435          11.491074                       22.98109                      395.85634                                588.08224                        9.9286693
              1       1267.3107      -249.12807      -53.627694       1.0418503     0.022419994      0.11877142     0.051387457       3.0310857      0.96385489       1.2964235      0.99658737      -249.12807       195.50038   -0.0013598556      0.29818588      0.70309784      0.80404578     0.047134346      0.24969735      0.80161104       13.701968       147.36705       68.968218   2.0719716e-09       7.3450775       10.531047       1019.2629       10.596438       1406.4926      -2.3105288       -2.3105288                           -0                          -0       2539.2425                                  92.35955          10.596438             1406.4926          10.531047                       24.19455                      395.85305                                590.27774                        8.9375604
              5       1264.5842      -249.12807      -53.627694       1.0418503     0.022419994      0.11877142     0.051387457       3.0310857      0.96385489       1.2966758      0.99815996      -249.12807       195.50038   -0.0013598556      0.29818588      0.70309784      0.80404578     0.047134346      0.24969735      0.80161104       13.701968       147.36705       68.968218   2.0719716e-09       7.3450775       10.531047       1015.1458       10.596438       1406.4926      -2.9715548       -2.9715548                           -0                          -0       2535.1116                                 92.345747          10.596438             1406.4926          10.531047                      23.934615                      395.86042                                 586.0448                         9.305963
              3       1264.9445       -281.1836      -38.828576       1.0418671     0.022394716      0.11837199     0.052131847       3.0305679      0.96511394        1.277958      0.99812059       -281.1836       242.35502   -0.0015348294      0.29765684      0.70380177      0.80252843      0.04713882      0.24916217      0.79938819       13.715423       147.50164       68.926055   2.0708989e-09       7.4208832       10.489069       1016.1907        10.80864       1406.6101      -2.9530749       -2.9530749                           -0                          -0       2535.7952                                 91.696675           10.80864             1406.6101          10.489069                      23.418877                      395.83235                                587.14128                        9.7982399
              3       1266.7019       -297.9457      -43.533879        1.041876     0.022397935      0.11838981     0.052077129       3.0307053      0.96520194       1.2849901      0.99942185       -297.9457       254.41182   -0.0016263247       0.2968699      0.70468042      0.80293534     0.047013959      0.24850388      0.79873557       13.707666        147.4933       69.022483   2.0711834e-09        7.414566       10.796444       1019.8969       10.326421        1406.792      -3.2149473       -3.2149473                           -0                          -0       2539.8337                                 92.021901          10.326421              1406.792          10.796444                      23.295999                       395.8501                                590.50464                        10.246149
              6       1265.5671       -297.9457      -43.533879        1.041876     0.022397935      0.11838981     0.052077129       3.0307053      0.96520194       1.3210692      0.99916834       -297.9457       254.41182   -0.0016263247       0.2968699      0.70468042      0.80293534     0.047013959      0.24850388      0.79873557       13.707666        147.4933       69.022483   2.0711834e-09        7.414566       10.796444       1018.6755       10.326421        1406.792      -3.2114238       -3.2114238                           -0                          -0        2537.557                                 90.966661          10.326421              1406.792          10.796444                      23.334262                      395.84741                                589.35586                        10.137929
              2       1265.0503      -337.00264      -33.050148        1.042001     0.022447502       0.1183227     0.052500578       3.0305349      0.96661023       1.3164682       0.9967577      -337.00264       303.95249   -0.0018395154       0.2967037      0.70505984       0.8027307     0.047097466      0.24825476      0.79830846       13.706006        147.4561       69.037529   2.0708306e-09       7.4461517       10.713985       1015.9331        10.25217       1406.8344      -2.3973002       -2.3973002                           -0                          -0       2534.8952                                  91.16152           10.25217             1406.8344          10.713985                      23.289361                      395.84417                                587.20672                        9.5928726
              5       1265.1088      -288.73948      -43.697521       1.0420483     0.022386355      0.11863074     0.051844001        3.028381      0.96742973       1.3294948       0.9976228      -288.73948       245.04196   -0.0015760729      0.29781482      0.70368512      0.80367713       0.0470629      0.24939775      0.80074482        13.70593       147.44194       68.968749    2.066375e-09       7.3970184       10.610177       1016.0043       10.593779       1406.5785       -2.821316        -2.821316                           -0                          -0       2535.8603                                 92.073536          10.593779             1406.5785          10.610177                      22.912095                         395.83                                587.11204                        10.150133
